F3082	Sep 23 11:37 docs/knowledgeos/brainstorming/philosophical_questions/20260923-113749_hegel_upgrade_of_knowledgeos_mathematical_theory.md
F3083	Sep 23 17:32 docs/knowledgeos/brainstorming/philosophical_questions/20260923-173223_adding_deleuze_logic_of_sense_to_knowledgeos.md
F3084	Sep 23 17:32 docs/knowledgeos/brainstorming/philosophical_questions/20260923-173234_can_deleuze_contribute_to_knowledgeos_technique.md
F3085	Sep 23 17:46 docs/knowledgeos/brainstorming/philosophical_questions/20260923-174630_knowledgeos_philosophical_and_technical_review.md
F3086	Sep 23 18:13 docs/knowledgeos/brainstorming/philosophical_questions/20260923-181333_can_foundational_books_generate_replies_after_kernel_analysis.md
F3087	Sep 23 18:40 docs/knowledgeos/brainstorming/philosophical_questions/20260923-184059_expressing_corpus_in_mathematical_logic.md
F3088	Sep 24 15:51 docs/knowledgeos/brainstorming/philosophical_questions/20260924-155115_integrating_correct_parts_of_linux_ai_document.md
F3089	Sep 24 15:54 docs/knowledgeos/brainstorming/philosophical_questions/20260924-155423_knowledgeos_theory_rewritten_with_brainstorming_contributions.md
F3090	Sep 24 15:55 docs/knowledgeos/brainstorming/philosophical_questions/20260924-155524_is_hegel_logic_included_in_rewrite.md
F3091	Sep 24 16:18 docs/knowledgeos/brainstorming/philosophical_questions/20260924-161833_assessing_two_files_as_formal_scaffold_candidates.md
F3092	Sep 24 16:19 docs/knowledgeos/brainstorming/philosophical_questions/20260924-161927_step01_knowledgeos_theory_complete_derivation.md
F3093	Sep 24 16:25 docs/knowledgeos/brainstorming/philosophical_questions/20260924-162510_step02_knowledgeos_theory_continued_derivation_research_program.md
F3094	Sep 24 16:36 docs/knowledgeos/brainstorming/philosophical_questions/20260924-163643_comparison_of_derivation_with_gap_theory.md
F3095	Sep 24 16:36 docs/knowledgeos/brainstorming/philosophical_questions/20260924-163652_knowledgeos_theory_v2_mathematical_statistical_review.md
F3096	Sep 24 16:37 docs/knowledgeos/brainstorming/philosophical_questions/20260924-163705_five_fundamental_open_questions_of_knowledgeos.md
F3097	Sep 24 16:39 docs/knowledgeos/brainstorming/philosophical_questions/20260924-163958_what_remains_after_defining_sat_function.md
F3098	Sep 24 16:43 docs/knowledgeos/brainstorming/philosophical_questions/20260924-164310_other_philosophies_to_improve_open_questions.md
F3099	Sep 24 17:43 docs/knowledgeos/brainstorming/philosophical_questions/20260924-174354_theory_of_zero_in_knowledgeos.md
F3100	Sep 24 18:24 docs/knowledgeos/brainstorming/philosophical_questions/20260924-182449_review_of_theory_of_zero_document.md
F3101	Sep 24 18:25 docs/knowledgeos/brainstorming/philosophical_questions/20260924-182500_response_to_review_of_theory_of_zero.md
F3102	Sep 24 23:46 docs/knowledgeos/brainstorming/philosophical_questions/20260924-234610_rigvedic_conception_of_knowledge_integration.md
F3103	Sep 24 23:46 docs/knowledgeos/brainstorming/philosophical_questions/20260924-234626_rigvedic_theory_of_knowledge_review_and_integration.md
F3104	Sep 24 23:47 docs/knowledgeos/brainstorming/philosophical_questions/20260924-234751_review_of_rigvedic_theory_of_knowledge_integration.md
F3105	Sep 24 23:50 docs/knowledgeos/brainstorming/philosophical_questions/20260924-235031_integrating_rigvedic_theory_after_review.md
F3106	Sep 25 00:31 docs/knowledgeos/brainstorming/philosophical_questions/20260925-003121_review_of_knowledgeos_through_rigveda_as_metaphor.md
F3107	Sep 25 00:34 docs/knowledgeos/brainstorming/philosophical_questions/20260925-003405_rigvedic_philosophy_to_computer_program.md
F3108	Sep 25 00:35 docs/knowledgeos/brainstorming/philosophical_questions/20260925-003533_rigvedic_computational_model_finding_truth_in_corpus.md
F0109	Aug 22 10:18 docs/knowledgeos/brainstorming/20260822-101842-sakta-tantra-woodroffe-lens-extraction.md
F0181	Aug 24 00:41 docs/knowledgeos/brainstorming/kernel/20260824-004125-managing-memory-for-ai-agents-agent-memory-is-not-knowledgeos-duplicate.md
F0190	Aug 24 01:05 docs/knowledgeos/brainstorming/kernel/20260824-010537-knowledgeos-multi-lens-brainstorming-synthesis-dossier-duplicate.md
F0198	Aug 24 02:10 docs/knowledgeos/brainstorming/kernel/20260824-021011-chalmers-conscious-mind-research-extraction-protocol-rerun-duplicate.md
F0207	Aug 24 03:22 docs/knowledgeos/brainstorming/kernel/20260824-032219-eks-current-architecture-baseline-reconstruction.md
F0217	Aug 24 11:16 docs/knowledgeos/brainstorming/kernel/20260824-111611-knowledgeos-epistemic-architecture-synthesis-ddd-consolidation-duplicate.md
F0220	Aug 24 11:34 docs/knowledgeos/brainstorming/kernel/20260824-113404-knowledge-kernel-architecture-integrative-summary-seven-works-duplicate.md
F0236	Aug 24 15:13 docs/knowledgeos/brainstorming/kernel/20260824-151311-topological-extraction-of-astrom-stochastic-control-theory.md
F0246	Aug 24 15:51 docs/knowledgeos/brainstorming/kernel/20260824-155130-fraser-hidden-markov-models-and-dynamical-systems-extraction-duplicate.md
F0248	Aug 24 16:03 docs/knowledgeos/brainstorming/kernel/20260824-160339-knowledge-as-measurable-construct-not-true-information-duplicate.md
F0250	Aug 24 16:06 docs/knowledgeos/brainstorming/kernel/20260824-160645-knowledge-as-a-continuously-changing-body-of-facts-duplicate.md
F0290	Aug 25 14:59 docs/knowledgeos/brainstorming/kernel/20260825-145918-per-agent-projection-divergence-without-divergent-reality-duplicate.md
F0291	Aug 25 14:59 docs/knowledgeos/brainstorming/kernel/20260825-145948-shannon-weaver-information-is-not-meaning-is-not-knowledge-duplicate.md
F0292	Aug 25 15:00 docs/knowledgeos/brainstorming/kernel/20260825-150010-consciousness-architecture-as-analogy-for-knowledge-layers-duplicate.md
F0296	Aug 25 16:09 docs/knowledgeos/brainstorming/synthesis/identity/.gitkeep
F0297	Aug 25 16:09 docs/knowledgeos/brainstorming/synthesis/epistemic-state/.gitkeep
F0298	Aug 25 16:09 docs/knowledgeos/brainstorming/synthesis/evidence/.gitkeep
F0299	Aug 25 16:09 docs/knowledgeos/brainstorming/synthesis/boundary/.gitkeep
F0300	Aug 25 16:09 docs/knowledgeos/brainstorming/falsification/candidates/.gitkeep
F0301	Aug 25 16:09 docs/knowledgeos/brainstorming/falsification/attacks/.gitkeep
F0302	Aug 25 16:09 docs/knowledgeos/brainstorming/falsification/results/.gitkeep
F0303	Aug 25 16:09 docs/knowledgeos/brainstorming/kernel/corpus/original/.gitkeep
F0304	Aug 25 16:09 docs/knowledgeos/brainstorming/kernel/synthesis/identity/.gitkeep
F0305	Aug 25 16:09 docs/knowledgeos/brainstorming/kernel/synthesis/epistemic-state/.gitkeep
F0306	Aug 25 16:09 docs/knowledgeos/brainstorming/kernel/synthesis/evidence/.gitkeep
F0307	Aug 25 16:09 docs/knowledgeos/brainstorming/kernel/synthesis/boundary/.gitkeep
F0308	Aug 25 16:09 docs/knowledgeos/brainstorming/kernel/falsification/candidates/.gitkeep
F0309	Aug 25 16:09 docs/knowledgeos/brainstorming/kernel/falsification/attacks/.gitkeep
F0310	Aug 25 16:09 docs/knowledgeos/brainstorming/kernel/falsification/results/.gitkeep
F0344	Aug 25 19:29 docs/knowledgeos/brainstorming/kernel/20260825-192948-relational-logical-structure-as-core-mathematics-as-regimes-duplicate.md
F0352	Aug 25 21:54 docs/knowledgeos/brainstorming/phase_measure_theory/20260825-215434_knowledge-is-probably-not-the-kernel-object-duplicate.md
F0379	Aug 25 23:59 docs/knowledgeos/brainstorming/phase_measure_theory/20260825-235913_kernel-problem-minimum-substrate-for-conditional-determination-duplicate.md
F0387	Aug 26 00:21 docs/knowledgeos/brainstorming/phase_measure_theory/20260826-002116_example-exposes-flaw-in-the-previous-model-duplicate.md
F0388	Aug 26 00:25 docs/knowledgeos/brainstorming/phase_measure_theory/20260826-002517_example-exposes-flaw-in-the-previous-model-duplicate-2-ideal-state.md
F0394	Aug 26 00:51 docs/knowledgeos/brainstorming/phase_measure_theory/20260826-005108_important-correction-to-the-model-duplicate.md
F0404	Aug 26 10:40 docs/knowledgeos/brainstorming/phase_measure_theory/20260826-104002_state-of-knowledge-depends-on-its-known-dimensions-duplicate.md
F0412	Aug 26 11:25 docs/knowledgeos/brainstorming/phase_measure_theory/20260826-112545_zero-lens-as-foundational-epistemic-and-architectural-lens-duplicate.md
F0422	Aug 26 12:19 docs/knowledgeos/brainstorming/phase_measure_theory/20260826-121909_lord-lens-infinite-knowledge-space-and-knowledge-as-element-duplicate.md
F0432	Aug 26 14:30 docs/knowledgeos/brainstorming/phase_measure_theory/20260826-143046_validating-and-formalizing-the-principles-duplicate.md
F0442	Aug 26 15:55 docs/knowledgeos/brainstorming/phase_measure_theory/20260826-155520_krishna-lens-duplicate.md
F0448	Aug 26 16:15 docs/knowledgeos/brainstorming/phase_measure_theory/20260826-161551_knowledgeos-a-mathematical-architecture-for-epistemic-systems-duplicate.md
F0495	Aug 26 23:22 docs/knowledgeos/brainstorming/phase_measure_theory/20260826-232221_correction-chapter-3-is-not-primarily-an-epistemic-chapter-duplicate.md
F0502	Aug 27 09:01 docs/knowledgeos/brainstorming/phase_measure_theory/20260827-090130_atman-within-our-knowledgeos-theory-duplicate.md
F0512	Aug 27 09:40 docs/knowledgeos/brainstorming/kernel/20260827-094057_cavell-must-we-mean-what-we-say-lenses.md
F0515	Aug 27 09:42 docs/knowledgeos/brainstorming/phase_measure_theory/20260827-094244_then-your-model-becomes.md
F0517	Aug 27 09:43 docs/knowledgeos/brainstorming/phase_measure_theory/20260827-094318_correction-don-t-map-chakra-knowledge-layer.md
F0518	Aug 27 09:43 docs/knowledgeos/brainstorming/phase_measure_theory/20260827-094345_the-key-idea-consciousness-is-not-represented-as-a-database.md
F0520	Aug 27 09:44 docs/knowledgeos/brainstorming/phase_measure_theory/20260827-094428_knowledgeos-research-extraction-logitica.md
F0521	Aug 27 11:26 docs/knowledgeos/brainstorming/phase_measure_theory/20260827-112659_computational-realizability-verification-duplicate.md
F0523	Aug 27 11:33 docs/knowledgeos/brainstorming/phase_measure_theory/20260827-113310_knowledgeos-does-not-have-one-input-duplicate.md
F0524	Aug 27 11:34 docs/knowledgeos/brainstorming/phase_measure_theory/20260827-113443_knowledgeos-does-not-have-one-input-duplicate-2.md
F0542	Aug 27 14:07 docs/knowledgeos/brainstorming/phase_measure_theory/20260827-140705_evidence-identity-equivalence-and-dependency-calculus-duplicate.md
F0555	Aug 27 15:42 docs/knowledgeos/brainstorming/phase_measure_theory/20260827-154223_step-013-sufficiency-completeness-and-readiness-for-purpose-duplicate.md
F0559	Aug 27 16:02 docs/knowledgeos/brainstorming/phase_measure_theory/20260827-160217_step-016-temporal-knowledge-events-state-evolution-and-knowledge-versioning-duplicate.md
F0634	Aug 28 11:36 docs/knowledgeos/brainstorming/phase_measure_theory/20260828-113622_step-052-mathematical-kernel-to-ddd-bounded-context-mapping-duplicate.md
F0644	Aug 28 11:44 docs/knowledgeos/brainstorming/phase_measure_theory/20260828-114426_step-046-learning-stability-self-correction-feedback-safety-and-epistemic-control-duplicate.md
F0651	Aug 28 12:04 docs/knowledgeos/brainstorming/phase_measure_theory/20260828-120450_step-067-the-epistemic-type-system-duplicate.md
F0665	Aug 28 12:13 docs/knowledgeos/brainstorming/phase_measure_theory/20260828-121311_step-080-organizational-control-and-feedback-duplicate.md
F0720	Aug 28 12:56 docs/knowledgeos/brainstorming/phase_measure_theory/20260828-125635_step-133-repository-artifact-archaeology-duplicate.md
F0746	Aug 28 13:44 docs/knowledgeos/brainstorming/phase_measure_theory/20260828-134457_step-150-knowledgeos-runtime-architecture-duplicate.md
F0747	Aug 28 13:45 docs/knowledgeos/brainstorming/phase_measure_theory/20260828-134500_step-144-knowledgeos-evolution-roadmap-duplicate.md
F0748	Aug 28 13:45 docs/knowledgeos/brainstorming/phase_measure_theory/20260828-134504_step-129-knowledgeos-architecture-fitness-model-duplicate.md
F0749	Aug 28 13:50 docs/knowledgeos/brainstorming/phase_measure_theory/20260828-135017_step-155a-knowledgeos-epistemic-and-provenance-kernel-review-duplicate.md
F0754	Aug 28 14:07 docs/knowledgeos/brainstorming/phase_measure_theory/how_to_combine/20260828-140743_two-missing-distinctions-in-the-chapter-4-analysis-duplicate.md
F0757	Aug 28 14:48 docs/knowledgeos/brainstorming/phase_measure_theory/how_to_combine/20260828-144815_step_combine_combine-prompt-2.md
F0782	Aug 29 01:10 docs/knowledgeos/brainstorming/phase_measure_theory/20260829-011045_step_158_knowledgeos-architecture-conformance-audit-duplicate.md
F0786	Aug 29 01:13 docs/knowledgeos/brainstorming/phase_measure_theory/20260829-011356_step_159_knowledgeos-architecture-baseline-duplicate.md
F0873	Aug 30 11:05 docs/knowledgeos/brainstorming/phase_measure_theory/20260830-110559_step_245_constructing-an-actual-knowledge-state-k-0-duplicate.md
F0877	Aug 30 18:25 docs/knowledgeos/brainstorming/phase_measure_theory/20260830-182534_step_248_transformation-congruence-and-state-sufficiency-test-duplicate.md
F0899	Aug 30 20:29 docs/knowledgeos/brainstorming/phase_measure_theory/20260830-202934_step_269_policy-semantics-and-the-final-formal-blocker-duplicate.md
F0929	Aug 31 01:14 docs/knowledgeos/brainstorming/phase_measure_theory/20260831-011436_step_284_revised-post-step-283-roadmap.md
F0951	Aug 31 16:50 docs/knowledgeos/brainstorming/phase_measure_theory/external_research/20260831-165001_hpa-analysis-transformation-theory-in-the-bhagavad-gita-duplicate.md
F0952	Aug 31 16:50 docs/knowledgeos/brainstorming/phase_measure_theory/external_research/20260831-165053_hpa-analysis-gita-chapter-08-philosophical-contributions-duplicate.md
F1094	Sep 2 00:31 docs/knowledgeos/brainstorming/kernel/20260902-185000_review-yes12345.md
F1118	Sep 19 10:59 docs/knowledgeos/brainstorming/corpus/knowledgeos_r604_reference_calculus.py
F1119	Sep 19 11:00 docs/knowledgeos/brainstorming/corpus/knowledgeos_r604_reference_calculus_README.md
F1120	Sep 19 11:07 docs/knowledgeos/brainstorming/corpus/knowledgeos_r604_1_reference_calculus.py
F1121	Sep 19 11:12 docs/knowledgeos/brainstorming/corpus/knowledgeos_r604_2_reference_calculus.py
F1122	Sep 19 11:18 docs/knowledgeos/brainstorming/corpus/knowledgeos_r604_3_reference_calculus.py
F1123	Sep 19 11:25 docs/knowledgeos/brainstorming/corpus/knowledgeos_r604_5_reference_calculus.py
F1124	Sep 19 11:38 docs/knowledgeos/brainstorming/corpus/knowledgeos_r604_7_reference_calculus.py
F1125	Sep 19 11:44 docs/knowledgeos/brainstorming/corpus/knowledgeos_r604_8_reference_calculus.py
F1126	Sep 19 11:48 docs/knowledgeos/brainstorming/corpus/knowledgeos_r604_9_reference_calculus.py
F1127	Sep 19 11:58 docs/knowledgeos/brainstorming/corpus/knowledgeos_r548_active_information_acquisition.py
F1128	Sep 19 12:03 docs/knowledgeos/brainstorming/corpus/knowledgeos_r549_sequential_acquisition_benchmark.py
F1129	Sep 19 12:17 docs/knowledgeos/brainstorming/corpus/knowledgeos_r575_logical_regime_boundary_calculus.py
F1130	Sep 19 12:22 docs/knowledgeos/brainstorming/corpus/knowledgeos_r576_cross_regime_composition_calculus.py
F1131	Sep 19 12:40 docs/knowledgeos/brainstorming/corpus/knowledgeos_r580_certificate_lifecycle_revalidation.py
F1132	Sep 19 12:43 docs/knowledgeos/brainstorming/corpus/knowledgeos_r581_assessment_certificate_state_machine.py
F1133	Sep 19 12:46 docs/knowledgeos/brainstorming/corpus/knowledgeos_r582_selective_revalidation_impact.py
F1134	Sep 19 12:48 docs/knowledgeos/brainstorming/corpus/knowledgeos_r583_dependency_completeness_negative_impact.py
F1135	Sep 21 17:57 docs/knowledgeos/brainstorming/phase_measure_theory/knowledgeos_kernel/research/step-292/exec/__pycache__/t292_reiter_audit.cpython-313.pyc
F1138	Aug 26 09:15 docs/knowledgeos/brainstorming/Thinking
F1149	Aug 31 19:51 docs/knowledgeos/brainstorming/phase_measure_theory/20260831-195114_step_288_short-confirmation-of-equality-gap-position.md
F1151	Aug 31 19:57 docs/knowledgeos/brainstorming/phase_measure_theory/knowledgeos_kernel/prompts/20260831-195744_step_288_reviewer-b-evidence-freeze-and-d288-decision-procedure-closure-mandate-duplicate.md
F1154	Aug 31 20:08 docs/knowledgeos/brainstorming/phase_measure_theory/knowledgeos_kernel/prompts/20260831-200801_step_285_reviewer-a-knowledgeos-kernel-research-programme-steps-285-298.md
F1157	Aug 31 20:16 docs/knowledgeos/brainstorming/phase_measure_theory/knowledgeos_kernel/prompts/20260831-201654_step_288_reviewer-b-evidence-freeze-d288-mandate-duplicate-2.md
F1160	Aug 31 20:24 docs/knowledgeos/brainstorming/phase_measure_theory/knowledgeos_kernel/20260831-202404_step_286_cavell-must-we-mean-what-we-say-lenses-for-knowledgeos-kernel.md
F1161	Aug 31 20:24 docs/knowledgeos/brainstorming/phase_measure_theory/knowledgeos_kernel/prompts/20260831-202424_step_287_reviewer-step-287-invariants-as-research-only-derivability-audit-not-normative.md
F1174	Aug 31 22:19 docs/knowledgeos/brainstorming/phase_measure_theory/knowledgeos_kernel/prompts/20260831-221900_step_287_reviewer-step-287-invariants-research-only-derivability-audit-duplicate.md
F1184	Aug 31 23:40 docs/knowledgeos/brainstorming/phase_measure_theory/knowledgeos_kernel/prompts/20260831-234034_step_286_hpa-gita-chapter-05-karma-yoga-duplicate.md
F1188	Sep 1 00:00 docs/knowledgeos/brainstorming/phase_measure_theory/knowledgeos_kernel/prompts/20260901-000039_step_286_hpa-gita-chapter-06-dhyana-yoga-duplicate.md
F1191	Sep 1 00:11 docs/knowledgeos/brainstorming/phase_measure_theory/knowledgeos_kernel/prompts/20260901-001122_step_286_hpa-gita-chapter-06-kernel-as-mind-like-analogy-duplicate.md
F1198	Sep 1 00:48 docs/knowledgeos/brainstorming/phase_measure_theory/knowledgeos_kernel/prompts/20260901-004810_step_286_hpa-knowledge-state-time-indexed-duplicate.md
F1200	Sep 1 00:52 docs/knowledgeos/brainstorming/phase_measure_theory/knowledgeos_kernel/prompts/20260901-005211_step_286_hpa-gita-chapter-03-locus-duplicate.md
F1208	Sep 1 01:09 docs/knowledgeos/brainstorming/phase_measure_theory/knowledgeos_kernel/prompts/20260901-010904_step_286_sentence-vs-dimension-chapter-13-duplicate.md
F1217	Sep 1 01:28 docs/knowledgeos/brainstorming/phase_measure_theory/knowledgeos_kernel/prompts/20260901-012831_step_286_gita-chapters-10-15-kernel-reconstruction-duplicate.md
F1221	Sep 1 01:40 docs/knowledgeos/brainstorming/phase_measure_theory/knowledgeos_kernel/prompts/20260901-014043_step_286_refine-the-model-before-adding-chapters-duplicate.md
F1237	Sep 1 02:21 docs/knowledgeos/brainstorming/phase_measure_theory/knowledgeos_kernel/prompts/20260901-022150_step_286_kernel-state-at-eight-primitives-duplicate.md
F1252	Sep 1 02:55 docs/knowledgeos/brainstorming/phase_measure_theory/knowledgeos_kernel/prompts/20260901-025500_step_286_change-the-mathematical-foundation-duplicate.md
F1254	Sep 1 02:57 docs/knowledgeos/brainstorming/phase_measure_theory/knowledgeos_kernel/prompts/20260901-025719_step_286_controlled-refinement-mandate-duplicate.md
F1255	Sep 1 09:27 docs/knowledgeos/brainstorming/phase_measure_theory/20260901_0927_mathematical_theory_gita_inspired_knowelge-os-model.md
F1262	Sep 1 14:08 docs/knowledgeos/brainstorming/phase_measure_theory/knowledgeos_kernel/prompts/Yes.
F1263	Sep 2 09:07 docs/knowledgeos/brainstorming/phase_measure_theory/knowledgeos_kernel/prompts/step_290_Yes
F1264	Sep 3 21:48 docs/knowledgeos/brainstorming/phase_measure_theory/Yes.
F1265	Sep 11 19:06 docs/knowledgeos/brainstorming/phase_measure_theory/knowledgeos_kernel/prompts/I
F1266	Sep 11 20:08 docs/knowledgeos/brainstorming/phase_measure_theory/knowledgeos_kernel/prompts/This
F1267	Sep 11 20:08 docs/knowledgeos/brainstorming/phase_measure_theory/knowledgeos_kernel/prompts/I
F1268	Sep 11 20:12 docs/knowledgeos/brainstorming/phase_measure_theory/knowledgeos_kernel/prompts/Yes.
F1269	Sep 11 20:12 docs/knowledgeos/brainstorming/phase_measure_theory/knowledgeos_kernel/prompts/This
F1270	Sep 11 20:15 docs/knowledgeos/brainstorming/phase_measure_theory/knowledgeos_kernel/prompts/Yes.
F1274	Sep 1 20:12 docs/knowledgeos/brainstorming/mathematical_ideas_that_can_be_implemented/20260901-201200_whole-knowledge-theory-as-research-level-theory-duplicate.md
F1277	Sep 1 20:31 docs/knowledgeos/brainstorming/mathematical_ideas_that_can_be_implemented/20260901-203100_dretske-knowledge-and-the-flow-of-information-duplicate.md
F1300	Sep 1 22:57 docs/knowledgeos/brainstorming/mathematical_ideas_that_can_be_implemented/20260901-225712_the-missing-derivation-observation-to-atomic-propositions-to-kt.md
F1305	Sep 2 00:26 docs/knowledgeos/brainstorming/mathematical_ideas_that_can_be_implemented/20260902-002611_goswami-rao-measure-theory-candidate-mathematical-stack-duplicate.md
F1327	Sep 2 10:54 docs/knowledgeos/brainstorming/mathematical_ideas_that_can_be_implemented/20260902-105444_review-of-the-zero-document-non-collapse-and-boundary-duplicate.md
F1329	Sep 2 11:09 docs/knowledgeos/brainstorming/mathematical_ideas_that_can_be_implemented/20260902-110900_kr-zero-2026-09-02-h-boundary-separation-experiment.md
F1330	Sep 2 11:19 docs/knowledgeos/brainstorming/mathematical_ideas_that_can_be_implemented/20260902-111500_copy-of-artifact-i-zero-lens-and-gita-candidates.md
F1335	Sep 2 11:40 docs/knowledgeos/brainstorming/mathematical_ideas_that_can_be_implemented/20260902-114002_critique-metaphor-legitimate-but-category-errors-duplicate.md
F1338	Sep 2 12:11 docs/knowledgeos/brainstorming/mathematical_ideas_that_can_be_implemented/20260902-121158_persons-as-epistemic-agents-in-the-generative-field-duplicate.md
F1354	Sep 2 13:03 docs/knowledgeos/brainstorming/mathematical_ideas_that_can_be_implemented/20260902-130334_experiment-yoni-zero-lens-complete-epistemic-cycle-duplicate.md
F1361	Sep 2 13:30 docs/knowledgeos/brainstorming/mathematical_ideas_that_can_be_implemented/20260902-133035_lingas-millions-four-claims-rejected-duplicate.md
F1387	Sep 2 16:41 docs/knowledgeos/brainstorming/mathematical_ideas_that_can_be_implemented/20260902-162000_priest-non-classical-logic-extraction-second-copy.md
F1399	Sep 2 17:51 docs/knowledgeos/brainstorming/mathematical_ideas_that_can_be_implemented/20260902-175301_extraction-ziem-frames-of-understanding-duplicate.md
F1409	Sep 2 18:18 docs/knowledgeos/brainstorming/mathematical_ideas_that_can_be_implemented/20260902-180017_review-description-logic-handbook.md
F1427	Sep 2 19:16 docs/knowledgeos/brainstorming/mathematical_ideas_that_can_be_implemented/20260902-181003_perplexity-research-response-r-req-variant.md
F1444	Sep 2 20:02 docs/knowledgeos/brainstorming/mathematical_ideas_that_can_be_implemented/20260902-182015_ratification-assessment-final-closure-packages-variant.md
F1450	Sep 2 21:46 docs/knowledgeos/brainstorming/mathematical_ideas_that_can_be_implemented/20260902-182025_review-exceptionally-sharp-rigorous.md
F1470	Sep 3 21:45 docs/knowledgeos/brainstorming/mathematical_ideas_that_can_be_implemented/20260903-092002_agreed-sufficiently-constrained-variant.md
F1471	Sep 3 21:45 docs/knowledgeos/brainstorming/mathematical_ideas_that_can_be_implemented/20260903-092005_response-correct-procedurally-variant.md
F1476	Sep 3 21:49 docs/knowledgeos/brainstorming/mathematical_ideas_that_can_be_implemented/20260903-093502_close-to-mathematical-core.md
F1480	Sep 3 22:13 docs/knowledgeos/brainstorming/mathematical_ideas_that_can_be_implemented/20260903-094002_close-to-mathematical-core-variant-2.md
F1482	Sep 3 22:20 docs/knowledgeos/brainstorming/mathematical_ideas_that_can_be_implemented/20260903-094003_strong-protocol-with-modifications-variant.md
F1491	Sep 2 12:27 docs/knowledgeos/brainstorming/mathematical_ideas_that_can_be_implemented/20260902-122338_what-eleven-experiments-established-a-synthesis.md
F1520	Sep 4 02:10 docs/knowledgeos/brainstorming/mathematical_ideas_that_can_be_implemented/20260904-021025_review-478-line-proof-spec-stronger-but-not-freezable.md
F1524	Sep 4 02:23 docs/knowledgeos/brainstorming/mathematical_ideas_that_can_be_implemented/20260904-022323_knowledge-algebra-is-not-an-empty-field-literature-search-duplicate.md
F1555	Sep 4 15:48 docs/knowledgeos/brainstorming/mathematical_ideas_that_can_be_implemented/20260904-154857_kr-state-01-baseline-the-object-of-study-is-the-trajectory-duplicate.md
F1558	Sep 4 15:51 docs/knowledgeos/brainstorming/mathematical_ideas_that_can_be_implemented/20260904-155151_four-corrections-independent-is-too-strong-for-the-zeros-duplicate.md
F1559	Sep 4 15:52 docs/knowledgeos/brainstorming/mathematical_ideas_that_can_be_implemented/20260904-155219_knowledge-as-an-epistemic-probability-space-duplicate-2.md
F1560	Sep 4 15:52 docs/knowledgeos/brainstorming/mathematical_ideas_that_can_be_implemented/20260904-155240_knowledge-as-an-epistemic-probability-space-duplicate-3.md
F1561	Sep 4 15:54 docs/knowledgeos/brainstorming/mathematical_ideas_that_can_be_implemented/20260904-155412_nilakantha-metaphor-useful-direction-not-yet-an-algebraic-fact-duplicate-2.md
F1562	Sep 4 15:54 docs/knowledgeos/brainstorming/mathematical_ideas_that_can_be_implemented/20260904-155447_nilakantha-metaphor-useful-direction-not-yet-an-algebraic-fact-duplicate-3.md
F1570	Sep 4 16:00 docs/knowledgeos/brainstorming/mathematical_ideas_that_can_be_implemented/20260904-160019_atharva-veda-as-structural-inspiration-state-disturbance-restoration.md
F1572	Sep 4 16:01 docs/knowledgeos/brainstorming/mathematical_ideas_that_can_be_implemented/20260904-160150_purification-as-hypothesis-argument-plus-challenge-duplicate.md
F1575	Sep 4 16:03 docs/knowledgeos/brainstorming/mathematical_ideas_that_can_be_implemented/20260904-160323_vedic-critique-fits-but-misses-the-challenge-resolution-layer-variant-duplicate.md
F1680	Sep 7 14:37 docs/knowledgeos/brainstorming/mathematical_ideas_that_can_be_implemented/20260907-143706_kr-zero-algebra-results-zero-is-not-an-element-property.md
F1681	Sep 7 14:57 docs/knowledgeos/brainstorming/mathematical_ideas_that_can_be_implemented/20260907-145718_where-gang-of-four-patterns-are-genuinely-useful-and-where-not.md
F1682	Sep 8 13:36 docs/knowledgeos/brainstorming/where_we_are_now/Yes
F1683	Sep 8 23:02 docs/knowledgeos/brainstorming/mathematical_ideas_that_can_be_implemented/20260908-230213_kr-rep-reduction-2026-09-results.md
F1684	Sep 9 13:54 docs/knowledgeos/brainstorming/mathematical_ideas_that_can_be_implemented/20260909-135422_targeted-f4-evidence-audit.md
F1685	Sep 9 14:19 docs/knowledgeos/brainstorming/mathematical_ideas_that_can_be_implemented/20260909-141938_historical-evidence-recovery-report.md
F1686	Sep 9 14:20 docs/knowledgeos/brainstorming/mathematical_ideas_that_can_be_implemented/20260909-142005_historical-evidence-recovery-report.md
F1687	Sep 9 15:32 docs/knowledgeos/brainstorming/mathematical_ideas_that_can_be_implemented/20260909-153213_f4-handover-audit-post-md-059.md
F1688	Sep 9 15:37 docs/knowledgeos/brainstorming/mathematical_ideas_that_can_be_implemented/20260909-153724_f4-completeness-and-f3-f4-readiness-matrices-at-the-md-059-handover.md
F1689	Sep 9 15:44 docs/knowledgeos/brainstorming/mathematical_ideas_that_can_be_implemented/20260909-154457_historical-source-audit-what-the-corpus-actually-establishes.md
F1690	Sep 9 15:46 docs/knowledgeos/brainstorming/mathematical_ideas_that_can_be_implemented/20260909-154603_completion-audit-of-the-f4-model-b-semantic-backbone.md
F1691	Sep 9 15:46 docs/knowledgeos/brainstorming/mathematical_ideas_that_can_be_implemented/20260909-154659_targeted-completion-audit-historical-f4-model-b-semantic-backbone.md
F1692	Sep 9 15:47 docs/knowledgeos/brainstorming/mathematical_ideas_that_can_be_implemented/20260909-154743_targeted-completion-audit-f4-model-b-weighted-to-0901-0902-artifacts.md
F1693	Sep 9 16:47 docs/knowledgeos/brainstorming/mathematical_ideas_that_can_be_implemented/20260909-164701_corpus-native-meaning-of-sat-adequacy-not-component-membership.md
F1694	Sep 9 16:50 docs/knowledgeos/brainstorming/mathematical_ideas_that_can_be_implemented/20260909-165020_search-of-md-059-md-060-md-061-f4-model-b-reconstruction-work.md
F1695	Sep 9 17:10 docs/knowledgeos/brainstorming/mathematical_ideas_that_can_be_implemented/20260909-171000_accepting-the-gap-characterization-in-light-of-md-061-and-md-062.md
F1696	Sep 9 17:25 docs/knowledgeos/brainstorming/mathematical_ideas_that_can_be_implemented/20260909-172500_targeted-audit-against-model-b-primary-material-m0043-m0125-m0132.md
F1697	Sep 9 17:38 docs/knowledgeos/brainstorming/mathematical_ideas_that_can_be_implemented/20260909-173847_narrow-reconstruction-of-the-requirement-boundary-from-the-corpus.md
F1708	Sep 9 23:19 docs/knowledgeos/brainstorming/what_is_knowlegeos_theory/#
F1709	Sep 10 13:37 docs/knowledgeos/brainstorming/mathematical_ideas_that_can_be_implemented/20260910-133705_re-audit-of-the-missing-concepts-list-against-corpus-evidence.md
F1710	Sep 10 13:37 docs/knowledgeos/brainstorming/mathematical_ideas_that_can_be_implemented/20260910-133755_mathematical-closure-review-do-not-make-sat-do-everything.md
F1711	Sep 10 13:43 docs/knowledgeos/brainstorming/mathematical_ideas_that_can_be_implemented/20260910-134314_mathematical-closure-review-do-not-make-sat-do-everything-dup.md
F1713	Sep 11 14:26 docs/knowledgeos/brainstorming/knowledgeos_theory_research/scripts/README.md
F1714	Sep 11 14:27 docs/knowledgeos/brainstorming/knowledgeos_theory_research/20-objects/_STAGE.md
F1715	Sep 11 14:27 docs/knowledgeos/brainstorming/knowledgeos_theory_research/30-reconciliation/_STAGE.md
F1716	Sep 11 14:27 docs/knowledgeos/brainstorming/knowledgeos_theory_research/40-scope/_STAGE.md
F1717	Sep 11 14:27 docs/knowledgeos/brainstorming/knowledgeos_theory_research/50-validation/_STAGE.md
F1718	Sep 11 14:27 docs/knowledgeos/brainstorming/knowledgeos_theory_research/90-meta/_STAGE.md
F1719	Sep 11 15:09 docs/knowledgeos/brainstorming/knowledgeos_theory_research/00-CONVENTIONS.md
F1720	Sep 11 15:09 docs/knowledgeos/brainstorming/knowledgeos_theory_research/templates/TEMPLATE-session.md
F1721	Sep 11 15:09 docs/knowledgeos/brainstorming/knowledgeos_theory_research/templates/TEMPLATE-finding.md
F1722	Sep 11 15:09 docs/knowledgeos/brainstorming/knowledgeos_theory_research/templates/TEMPLATE-open-question.md
F1723	Sep 11 15:09 docs/knowledgeos/brainstorming/knowledgeos_theory_research/templates/TEMPLATE-decision.md
F1724	Sep 11 15:09 docs/knowledgeos/brainstorming/knowledgeos_theory_research/templates/TEMPLATE-topic.md
F1725	Sep 11 15:09 docs/knowledgeos/brainstorming/knowledgeos_theory_research/templates/TEMPLATE-synthesis.md
F1726	Sep 11 15:09 docs/knowledgeos/brainstorming/knowledgeos_theory_research/templates/TEMPLATE-record.md
F1727	Sep 11 15:09 docs/knowledgeos/brainstorming/knowledgeos_theory_research/templates/00-README.md
F1728	Sep 11 15:09 docs/knowledgeos/brainstorming/knowledgeos_theory_research/10-capture/_STAGE.md
F1729	Sep 11 15:10 docs/knowledgeos/brainstorming/knowledgeos_theory_research/60-governance/_STAGE.md
F1730	Sep 11 15:10 docs/knowledgeos/brainstorming/knowledgeos_theory_research/70-theory/_STAGE.md
F1731	Sep 11 15:10 docs/knowledgeos/brainstorming/knowledgeos_theory_research/ledger/README.md
F1732	Sep 11 15:10 docs/knowledgeos/brainstorming/knowledgeos_theory_research/00-CHARTER.md
F1733	Sep 11 15:10 docs/knowledgeos/brainstorming/knowledgeos_theory_research/10-capture/20260911-1508_bootstrap-session-corpus-purpose.md
F1734	Sep 11 15:10 docs/knowledgeos/brainstorming/knowledgeos_theory_research/10-capture/20260911-1508_f-01-provenance-defect.md
F1735	Sep 11 15:10 docs/knowledgeos/brainstorming/knowledgeos_theory_research/10-capture/20260911-1508_oq-01-source-form-vs-epistemic-role.md
F1736	Sep 11 15:10 docs/knowledgeos/brainstorming/knowledgeos_theory_research/90-meta/RUNS.md
F1737	Sep 11 15:11 docs/knowledgeos/brainstorming/knowledgeos_theory_research/10-capture/20260911-1508_oq-02-where-a-capture-decision-lives.md
F1738	Sep 11 15:11 docs/knowledgeos/brainstorming/knowledgeos_theory_research/00-INDEX.md
F1739	Sep 11 15:11 docs/knowledgeos/brainstorming/knowledgeos_theory_research/90-meta/CHANGELOG.md
F1740	Sep 11 15:14 docs/knowledgeos/brainstorming/knowledgeos_theory_research/prompts/20260911_1514_prompt.md
F1741	Sep 11 15:47 docs/knowledgeos/brainstorming/knowledgeos_theory_research/corpus/20260911-154728_linux-to-knowledgeos-candidate-principles-from-the-linus-ai-discussion.md
F1742	Sep 11 16:44 docs/knowledgeos/brainstorming/knowledgeos_theory_research/corpus/20260911-164444_define-the-kernel-by-problem-boundary-and-invariants.md
F1743	Sep 11 16:48 docs/knowledgeos/brainstorming/knowledgeos_theory_research/corpus/20260911-164807_defining-each-component-of-the-tuple-k-s-m-i-a.md
F1744	Sep 11 16:48 docs/knowledgeos/brainstorming/knowledgeos_theory_research/corpus/20260911-164810_define-the-abstract-state-space-s-before-its-contents.md
F1745	Sep 11 16:50 docs/knowledgeos/brainstorming/knowledgeos_theory_research/corpus/20260911-165002_redefining-rk-if-k-is-an-infinite-probabilistic-space.md
F1746	Sep 11 16:51 docs/knowledgeos/brainstorming/knowledgeos_theory_research/corpus/20260911-165106_missing-derivations-knowledge-is-not-itself-probabilistic.md
F1747	Sep 11 16:52 docs/knowledgeos/brainstorming/knowledgeos_theory_research/corpus/20260911-165200_note-on-which-uploaded-files-are-readable-in-conversation.md
F1748	Sep 11 16:55 docs/knowledgeos/brainstorming/knowledgeos_theory_research/corpus/20260911-165535_gap-should-not-be-defined-as-it-minus-kt.md
F1749	Sep 11 16:57 docs/knowledgeos/brainstorming/knowledgeos_theory_research/corpus/20260911-165758_knowledge-at-ideal-state-the-field-of-arguments.md
F1750	Sep 11 16:59 docs/knowledgeos/brainstorming/knowledgeos_theory_research/corpus/20260911-165920_gap-should-not-be-defined-as-it-minus-kt-dup.md
F1751	Sep 11 17:00 docs/knowledgeos/brainstorming/knowledgeos_theory_research/corpus/20260911-170005_satisfaction-defined-by-requirement-class-not-one-predicate.md
F1752	Sep 11 17:01 docs/knowledgeos/brainstorming/knowledgeos_theory_research/corpus/20260911-170131_zero-document-strong-correction-but-claims-ahead-of-experiments.md
F1753	Sep 11 17:02 docs/knowledgeos/brainstorming/knowledgeos_theory_research/corpus/20260911-170222_epistemic-closure-as-a-state-transition-event-not-zero-itself.md
F1754	Sep 11 17:03 docs/knowledgeos/brainstorming/knowledgeos_theory_research/corpus/20260911-170353_g-experiment-review-logical-and-reporting-issues-in-d-0.md
F1755	Sep 11 17:05 docs/knowledgeos/brainstorming/knowledgeos_theory_research/corpus/20260911-170533_sept2-corpus-0720-to-1045-the-gap-to-kernel-transition.md
F1756	Sep 11 17:07 docs/knowledgeos/brainstorming/knowledgeos_theory_research/corpus/20260911-170728_sept2-corpus-1106-to-1307-two-divergent-trajectories.md
F1757	Sep 11 17:09 docs/knowledgeos/brainstorming/knowledgeos_theory_research/corpus/20260911-170947_sept2-corpus-1307-development-history-methodological-maturation.md
F1758	Sep 11 17:19 docs/knowledgeos/brainstorming/knowledgeos_theory_research/corpus/20260911-171959_contradiction-evaluation-domain-zero-and-factivity-ordering.md
F1759	Sep 11 17:22 docs/knowledgeos/brainstorming/knowledgeos_theory_research/corpus/20260911-172256_sept2-corpus-from-1430-the-failure-of-the-attempted-closure.md
F1760	Sep 11 17:25 docs/knowledgeos/brainstorming/knowledgeos_theory_research/corpus/20260911-172530_the-repeated-cycle-of-premature-closure-audit-retraction.md
F1761	Sep 11 17:28 docs/knowledgeos/brainstorming/knowledgeos_theory_research/corpus/20260911-172853_the-v1-3-closure-was-explicitly-rejected-as-an-adopted-state.md
F1762	Sep 11 17:30 docs/knowledgeos/brainstorming/knowledgeos_theory_research/corpus/20260911-173035_kernel-folder-corpus-converged-172-files-read.md
F1763	Sep 11 17:33 docs/knowledgeos/brainstorming/knowledgeos_theory_research/corpus/20260911-173306_sept2-from-1700-the-v1-3-closure-attempt-and-its-failure.md
F1764	Sep 11 17:35 docs/knowledgeos/brainstorming/mathematical_ideas_that_can_be_implemented/20260911-173537_review-consolidation-as-senior-statistician-dup.md
F1765	Sep 11 17:37 docs/knowledgeos/brainstorming/mathematical_ideas_that_can_be_implemented/20260911-173745_priority-order-derive-the-mathematical-semantics-of-eval-first.md
F1766	Sep 11 17:40 docs/knowledgeos/brainstorming/mathematical_ideas_that_can_be_implemented/20260911-174009_candidate-derivation-does-not-yet-solve-eval-to-det.md
F1767	Sep 11 17:42 docs/knowledgeos/brainstorming/knowledgeos_theory_research/corpus/20260901-161624_next-prompt-repair-verify-freeze-checkpoint-0080-0094.md
F1768	Sep 11 17:46 docs/knowledgeos/brainstorming/mathematical_ideas_that_can_be_implemented/20260911-174632_fde-is-probably-not-the-foundation-three-corrections.md
F1769	Sep 11 17:49 docs/knowledgeos/brainstorming/mathematical_ideas_that_can_be_implemented/20260911-174914_knowledgeos-mathematical-theory-completion-derivation-programme.md
F1770	Sep 11 17:51 docs/knowledgeos/brainstorming/mathematical_ideas_that_can_be_implemented/20260911-175134_knowledgeos-mathematical-theory-completion-derivation-programme-dup.md
F1771	Sep 11 17:53 docs/knowledgeos/brainstorming/mathematical_ideas_that_can_be_implemented/20260911-175313_d1_mathematical-derivation-of-distinction.md
F1772	Sep 11 18:00 docs/knowledgeos/brainstorming/mathematical_ideas_that_can_be_implemented/20260911-180019_d2_formal-mathematical-derivation-of-preservation.md
F1773	Sep 11 18:00 docs/knowledgeos/brainstorming/mathematical_ideas_that_can_be_implemented/20260911-180021_d3_formal-derivation-of-minimal-polarity-and-epistemic-alternatives.md
F1774	Sep 11 18:17 docs/knowledgeos/brainstorming/knowledgeos_theory_research/corpus/20260911-181755_algebra-notes-read-with-d3-in-mind.md
F1775	Sep 11 18:18 docs/knowledgeos/brainstorming/knowledgeos_theory_research/corpus/20260911-181811_d3-minimal-representation-and-carrier-algebra-formal-closure.md
F1776	Sep 11 18:22 docs/knowledgeos/brainstorming/knowledgeos_theory_research/corpus/20260911-182249_d3-closure-evaluated-not-ratified-as-written.md
F1777	Sep 11 18:24 docs/knowledgeos/brainstorming/knowledgeos_theory_research/corpus/20260911-182439_epistemic-status-carrier-from-operational-distinguishability.md
F1778	Sep 11 18:28 docs/knowledgeos/brainstorming/knowledgeos_theory_research/corpus/20260911-182835_d4-quotient-driven-evaluation-factorization-framework.md
F1779	Sep 11 18:30 docs/knowledgeos/brainstorming/knowledgeos_theory_research/corpus/20260911-183008_d3-to-k-bridge-step-273-not-yet-proven.md
F1780	Sep 11 18:31 docs/knowledgeos/brainstorming/knowledgeos_theory_research/corpus/20260911-183154_d3-to-k-bridge-step-273-not-yet-proven-dup.md
F1781	Sep 11 18:34 docs/knowledgeos/brainstorming/knowledgeos_theory_research/corpus/20260911-183431_use-algebraic-structure-methodology-not-algebra-as-analogy.md
F1782	Sep 11 18:36 docs/knowledgeos/brainstorming/knowledgeos_theory_research/corpus/20260911-183640_d4-improved-but-not-formally-closed.md
F1783	Sep 11 18:40 docs/knowledgeos/brainstorming/knowledgeos_theory_research/corpus/20260911-184005_lang-an-explicit-algebraic-signature-is-what-knowledgeos-lacks.md
F1784	Sep 11 18:40 docs/knowledgeos/brainstorming/knowledgeos_theory_research/corpus/20260911-184058_d5-deriving-the-minimal-carrier-kmin.md
F1785	Sep 11 18:44 docs/knowledgeos/brainstorming/knowledgeos_theory_research/corpus/20260911-184449_d5-closes-several-things-not-yet-proved.md
F1786	Sep 11 18:45 docs/knowledgeos/brainstorming/knowledgeos_theory_research/corpus/20260911-184544_d5-revision-stronger-but-k-a-r-e-not-yet-established.md
F1787	Sep 11 18:53 docs/knowledgeos/brainstorming/knowledgeos_theory_research/corpus/20260911-185343_lang-ask-which-carrier-operations-equivalences-not-which-algebra.md
F1788	Sep 11 18:56 docs/knowledgeos/brainstorming/knowledgeos_theory_research/corpus/20260911-185642_two-controlled-research-artifacts-framework-closed-results-open.md
F1789	Sep 11 19:00 docs/knowledgeos/brainstorming/knowledgeos_theory_research/corpus/20260911-190022_kmin-candidate-definable-now-minimality-not-yet-provable.md
F1790	Sep 11 19:01 docs/knowledgeos/brainstorming/knowledgeos_theory_research/corpus/20260911-190123_gap-closure-strategy-is-historical-roadmap-not-current-state.md
F1791	Sep 11 19:08 docs/knowledgeos/brainstorming/knowledgeos_theory_research/corpus/20260911-190844_candidate-architecture-jumps-to-minimum-kernel-too-quickly.md
F1792	Sep 11 19:11 docs/knowledgeos/brainstorming/knowledgeos_theory_research/corpus/20260911-191142_is-the-kernel-the-minimal-invariant-preserving-foundation.md
F1793	Sep 11 19:12 docs/knowledgeos/brainstorming/knowledgeos_theory_research/corpus/20260911-191254_is-the-kernel-the-minimal-invariant-preserving-foundation-dup.md
F1794	Sep 11 19:13 docs/knowledgeos/brainstorming/knowledgeos_theory_research/corpus/20260911-191304_probability-as-candidate-semantics-above-the-kernel.md
F1795	Sep 11 19:14 docs/knowledgeos/brainstorming/knowledgeos_theory_research/corpus/20260911-191407_is-the-kernel-the-minimal-invariant-preserving-foundation-dup2.md
F1796	Sep 11 19:15 docs/knowledgeos/brainstorming/knowledgeos_theory_research/corpus/20260911-191553_protocol-memo-with-kmin-intersection-correction.md
F1797	Sep 11 19:17 docs/knowledgeos/brainstorming/knowledgeos_theory_research/corpus/20260911-191718_protocol-memo-with-kmin-intersection-correction-dup.md
F1798	Sep 11 19:21 docs/knowledgeos/brainstorming/knowledgeos_theory_research/corpus/20260911-192112_do-not-restart-from-p0-the-probabilistic-hypothesis-is-established.md
F1799	Sep 11 19:21 docs/knowledgeos/brainstorming/knowledgeos_theory_research/corpus/20260911-192148_kmin-det-vs-kmin-prob-as-a-direct-test-of-kernel-minimality.md
F1800	Sep 11 19:23 docs/knowledgeos/brainstorming/knowledgeos_theory_research/corpus/20260911-192319_p6-direction-with-two-mathematical-corrections.md
F1801	Sep 11 19:24 docs/knowledgeos/brainstorming/knowledgeos_theory_research/corpus/20260911-192429_tightened-p6-scaffold-fixing-the-collapse-to-dirac-error.md
F1802	Sep 11 19:25 docs/knowledgeos/brainstorming/knowledgeos_theory_research/corpus/20260911-192504_transition-embedding-fix-and-falsification-standard-for-kmin.md
F1803	Sep 11 19:26 docs/knowledgeos/brainstorming/knowledgeos_theory_research/corpus/20260911-192600_p6-direction-with-two-mathematical-corrections-extended.md
F1804	Sep 11 19:26 docs/knowledgeos/brainstorming/knowledgeos_theory_research/corpus/20260911-192608_p6-direction-with-two-mathematical-corrections-dup.md
F1805	Sep 11 19:32 docs/knowledgeos/brainstorming/knowledgeos_theory_research/corpus/20260911-193235_topological-vector-spaces-give-vocabulary-not-structure.md
F1806	Sep 11 19:41 docs/knowledgeos/brainstorming/knowledgeos_theory_research/corpus/20260911-194112_topological-vector-spaces-give-vocabulary-not-structure-extended.md
F1807	Sep 11 19:41 docs/knowledgeos/brainstorming/knowledgeos_theory_research/corpus/20260911-194142_topology-as-a-toolkit-to-derive-minimal-structure-from-observability.md
F1808	Sep 11 19:48 docs/knowledgeos/brainstorming/knowledgeos_theory_research/corpus/20260911-194830_rewrite-separating-source-terms-from-useful-structures.md
F1809	Sep 11 19:55 docs/knowledgeos/brainstorming/knowledgeos_theory_research/corpus/20260911-195546_rewrite-separating-source-terms-from-useful-structures-dup.md
F1810	Sep 11 19:56 docs/knowledgeos/brainstorming/knowledgeos_theory_research/corpus/20260911-195616_extract-primitive-mathematical-concepts-not-whole-structures.md
F1811	Sep 11 19:59 docs/knowledgeos/brainstorming/knowledgeos_theory_research/corpus/20260911-195912_d4-5-executable-but-the-specification-not-ratified-as-written.md
F1812	Sep 11 20:21 docs/knowledgeos/brainstorming/knowledgeos_theory_research/corpus/20260911-202142_bogachev-smolyanov-against-the-dimension-reduction-problem.md
F1813	Sep 11 20:22 docs/knowledgeos/brainstorming/knowledgeos_theory_research/corpus/20260911-202209_new-document-compatible-with-bogachev-but-not-the-same-theory.md
F1814	Sep 11 20:23 docs/knowledgeos/brainstorming/knowledgeos_theory_research/corpus/20260911-202313_second-document-matches-bogachev-do-not-identify-kt-with-the-quotient.md
F1815	Sep 11 20:24 docs/knowledgeos/brainstorming/knowledgeos_theory_research/corpus/20260911-202411_d7-purification-functional-and-epistemic-partial-ordering.md
F1816	Sep 11 20:41 docs/knowledgeos/brainstorming/knowledgeos_theory_research/corpus/20260911-204133_integrated-theory-review-mt-dimensional-probabilistic-formulation.md
F1817	Sep 11 20:43 docs/knowledgeos/brainstorming/knowledgeos_theory_research/corpus/20260911-204353_bogachev-smolyanov-against-the-dimension-reduction-problem-dup.md
F1818	Sep 11 20:44 docs/knowledgeos/brainstorming/knowledgeos_theory_research/corpus/20260911-204452_new-document-compatible-with-bogachev-but-not-the-same-theory-dup.md
F1819	Sep 11 20:45 docs/knowledgeos/brainstorming/knowledgeos_theory_research/corpus/20260911-204554_second-document-matches-bogachev-do-not-identify-kt-with-the-quotient-dup.md
F1820	Sep 11 20:46 docs/knowledgeos/brainstorming/knowledgeos_theory_research/corpus/20260911-204631_definition-audit-central-terms-still-informally-defined.md
F1821	Sep 11 20:47 docs/knowledgeos/brainstorming/knowledgeos_theory_research/corpus/20260911-204735_kt-as-mt-dimensional-probabilistic-space-closes-a-definition-gap.md
F1822	Sep 11 20:48 docs/knowledgeos/brainstorming/knowledgeos_theory_research/corpus/20260911-204802_core-kt-definition-now-close-to-closed.md
F1823	Sep 11 20:48 docs/knowledgeos/brainstorming/knowledgeos_theory_research/corpus/20260911-204820_observation-should-not-yet-be-defined-as-a-vector-or-tuple.md
F1824	Sep 11 20:48 docs/knowledgeos/brainstorming/knowledgeos_theory_research/corpus/20260911-204856_integrated-research-model-set-based-kt-no-longer-consistent.md
F1825	Sep 11 21:00 docs/knowledgeos/brainstorming/knowledgeos_theory_research/corpus/20260911-210024_bogachev-chapters-1-3-and-5-to-improve-the-architecture.md
F1826	Sep 11 21:19 docs/knowledgeos/brainstorming/knowledgeos_theory_research/corpus/20260911-211942_theory-lacks-a-specified-carrier-before-closure-can-be-claimed.md
F1828	Sep 11 21:46 docs/knowledgeos/brainstorming/knowledgeos_theory_research/corpus/20260911-214604_knowledgeos-as-typed-computational-epistemic-system-not-one-algebraic-space.md
F1829	Sep 11 22:21 docs/knowledgeos/brainstorming/knowledgeos_theory_research/corpus/20260911-222102_fredholm-theory-and-a-stronger-architectural-move.md
F1830	Sep 11 22:23 docs/knowledgeos/brainstorming/knowledgeos_theory_research/corpus/20260911-222359_question-1-the-general-epistemic-state-of-knowledgeos.md
F1831	Sep 11 22:27 docs/knowledgeos/brainstorming/knowledgeos_theory_research/corpus/20260911-222758_question-2-what-a-discriminative-dimension-is.md
F1832	Sep 11 22:31 docs/knowledgeos/brainstorming/knowledgeos_theory_research/corpus/20260911-223137_question-3-the-value-of-a-dimension-and-how-it-is-measured.md
F1833	Sep 11 22:35 docs/knowledgeos/brainstorming/knowledgeos_theory_research/corpus/20260911-223546_question-4-what-information-the-representation-collapses.md
F1834	Sep 11 22:42 docs/knowledgeos/brainstorming/knowledgeos_theory_research/corpus/20260911-224230_question-6-the-minimal-faithful-carrier.md
F1835	Sep 11 22:43 docs/knowledgeos/brainstorming/knowledgeos_theory_research/corpus/20260911-224331_question-7-transformations-that-preserve-faithfulness.md
F1836	Sep 13 17:43 docs/knowledgeos/brainstorming/knowledgeos_theory_research/corpus/20260913-174343_shannon-weaver-as-a-source-for-knowledgeos-theory.md
F1837	Sep 13 17:44 docs/knowledgeos/brainstorming/knowledgeos_theory_research/corpus/20260913-174427_shannon-weaver-as-a-source-for-knowledgeos-theory-dup.md
F1838	Sep 13 17:45 docs/knowledgeos/brainstorming/knowledgeos_theory_research/corpus/20260913-174503_reading-programme-eight-knowledge-areas-for-the-next-phase.md
F1839	Sep 13 17:46 docs/knowledgeos/brainstorming/knowledgeos_theory_research/corpus/20260913-174630_programme-must-change-mode-to-structural-synthesis-and-reduction.md
F1840	Sep 13 17:56 docs/knowledgeos/brainstorming/knowledgeos_theory_research/corpus/20260913-175602_gardenfors-knowledge-in-flux-against-q71-q72-and-valid-r.md
F1841	Sep 13 18:35 docs/knowledgeos/brainstorming/knowledgeos_theory_research/corpus/20260913-183505_shafer-gives-evidence-mathematics-gardenfors-gives-dynamics.md
F1842	Sep 13 18:50 docs/knowledgeos/brainstorming/knowledgeos_theory_research/corpus/20260913-185027_q73-shafer-evidential-support-versus-the-knowledgeos-state.md
F1843	Sep 13 19:02 docs/knowledgeos/brainstorming/knowledgeos_theory_research/corpus/20260913-190211_q73-as-four-artifacts-an-advance-with-one-correction.md
F1844	Sep 13 19:02 docs/knowledgeos/brainstorming/knowledgeos_theory_research/corpus/20260913-190259_q73-reviewed-as-four-reviewers-one-structural-mistake.md
F1845	Sep 13 19:28 docs/knowledgeos/brainstorming/knowledgeos_theory_research/corpus/20260913-192828_q74-state-sufficiency-after-the-q73-audit.md
F1846	Sep 13 19:42 docs/knowledgeos/brainstorming/knowledgeos_theory_research/corpus/20260913-194218_q74-1-what-makes-a-continuation-epistemically-admissible.md
F1847	Sep 13 19:59 docs/knowledgeos/brainstorming/knowledgeos_theory_research/corpus/20260913-195913_jaynes-gives-no-probability-layer-to-add-to-knowledgeos.md
F1848	Sep 13 20:47 docs/knowledgeos/brainstorming/knowledgeos_theory_research/corpus/20260913-204738_attachment-overextends-analogies-against-the-q72-q74-baseline.md
F1849	Sep 13 21:08 docs/knowledgeos/brainstorming/knowledgeos_theory_research/corpus/20260913-210820_rejecting-the-six-operation-nexus-minimal-set-claim.md
F1850	Sep 14 16:12 docs/knowledgeos/brainstorming/knowledgeos_theory_research/corpus/20260914-161223_siva-svarodaya-rai-edition-against-q-d4-5-12-b-operation-equivalence.md
F1851	Sep 14 16:13 docs/knowledgeos/brainstorming/knowledgeos_theory_research/corpus/20260914-161336_zero-as-epistemic-reference-ddd-theoretical-refinement.md
F1852	Sep 14 19:20 docs/knowledgeos/brainstorming/knowledgeos_theory_research/corpus/20260914-192012_extracting-khinchin-facts-for-knowledgeos.md
F1853	Sep 14 19:20 docs/knowledgeos/brainstorming/knowledgeos_theory_research/corpus/20260914-192032_extracting-abstract-algebra-debonis-for-knowledgeos.md
F1854	Sep 14 19:20 docs/knowledgeos/brainstorming/knowledgeos_theory_research/corpus/20260914-192057_review-and-rewrite-abstract-algebra-extraction.md
F1855	Sep 14 19:21 docs/knowledgeos/brainstorming/knowledgeos_theory_research/corpus/20260914-192110_analysis-of-q-d4-5-12-f-and-solution-path.md
F1856	Sep 14 19:21 docs/knowledgeos/brainstorming/knowledgeos_theory_research/corpus/20260914-192130_optimization-of-the-q-d4-5-12-g-prime-derivation.md
F1857	Sep 14 19:21 docs/knowledgeos/brainstorming/knowledgeos_theory_research/corpus/20260914-192148_extraction-from-matsumura-commutative-algebra.md
F1858	Sep 14 19:22 docs/knowledgeos/brainstorming/knowledgeos_theory_research/corpus/20260914-192209_q-d4-5-12-i-validation-and-premise-test.md
F1859	Sep 14 19:22 docs/knowledgeos/brainstorming/knowledgeos_theory_research/corpus/20260914-192243_q-d4-5-12-j-prime-the-minimal-additional-structure.md
F1860	Sep 14 19:22 docs/knowledgeos/brainstorming/knowledgeos_theory_research/corpus/20260914-192258_q-d4-5-12-k-prime-integration-of-zero.md
F1861	Sep 14 19:23 docs/knowledgeos/brainstorming/knowledgeos_theory_research/corpus/20260914-192339_mathematics-of-the-yoni-zero-framework.md
F1862	Sep 14 19:24 docs/knowledgeos/brainstorming/knowledgeos_theory_research/corpus/20260914-192411_zero-as-epistemic-reference-ddd-theoretical-refinement-dup.md
F1863	Sep 14 19:25 docs/knowledgeos/brainstorming/knowledgeos_theory_research/corpus/20260914-192511_records-and-order-statistics-book-is-not-a-direct-source.md
F1864	Sep 14 19:33 docs/knowledgeos/brainstorming/knowledgeos_theory_research/corpus/20260914-193317_d1-the-mathematical-object-of-distinction.md
F1865	Sep 14 19:33 docs/knowledgeos/brainstorming/knowledgeos_theory_research/corpus/20260914-193348_define-the-kernel-by-problem-boundary-and-invariants-extended.md
F1866	Sep 14 19:36 docs/knowledgeos/brainstorming/knowledgeos_theory_research/corpus/20260914-193656_verification-book-vs-optimized-formulation-over-attribution.md
F1867	Sep 14 19:37 docs/knowledgeos/brainstorming/knowledgeos_theory_research/corpus/20260914-193733_next-question-after-verifying-the-nevzorov-records-book.md
F1868	Sep 14 19:37 docs/knowledgeos/brainstorming/knowledgeos_theory_research/corpus/20260914-193754_q-d4-5-12-c-mean-operation-equivalence-congruence-composition.md
F1869	Sep 14 19:38 docs/knowledgeos/brainstorming/knowledgeos_theory_research/corpus/20260914-193821_q-d4-5-12-d-minimal-operation-basis-admissible-fragment.md
F1870	Sep 14 19:41 docs/knowledgeos/brainstorming/knowledgeos_theory_research/corpus/20260914-194103_no-book-needed-for-q-d4-5-12-e-nexus-minimal-generating-set.md
F1871	Sep 14 19:41 docs/knowledgeos/brainstorming/knowledgeos_theory_research/corpus/20260914-194135_q-d4-5-12-e-minimal-generating-set-nexus-admissible-fragment.md
F1872	Sep 14 19:42 docs/knowledgeos/brainstorming/knowledgeos_theory_research/corpus/20260914-194205_q-d4-5-12-f-minimal-representation-state-terms-derived-minimal-basis.md
F1873	Sep 14 19:42 docs/knowledgeos/brainstorming/knowledgeos_theory_research/corpus/20260914-194225_q-d4-5-12-g-ddd-aggregate-boundary-minimal-representation.md
F1874	Sep 14 19:42 docs/knowledgeos/brainstorming/knowledgeos_theory_research/corpus/20260914-194252_q-d4-5-12-h-kernel-tested-nexus-fragment.md
F1875	Sep 14 19:43 docs/knowledgeos/brainstorming/knowledgeos_theory_research/corpus/20260914-194309_q-d4-5-12-i-kernel-invariant-choice-minimal-basis.md
F1876	Sep 14 19:43 docs/knowledgeos/brainstorming/knowledgeos_theory_research/corpus/20260914-194326_q-d4-5-12-j-kernel-compositional-problem-specifications.md
F1877	Sep 14 19:43 docs/knowledgeos/brainstorming/knowledgeos_theory_research/corpus/20260914-194341_q-d4-5-12-k-universal-kernel-knowledgeos-domains.md
F1878	Sep 14 19:44 docs/knowledgeos/brainstorming/knowledgeos_theory_research/corpus/20260914-194404_q-d4-5-12-l-category-theory-contribute-knowledgeos-research-programme.md
F1879	Sep 14 19:44 docs/knowledgeos/brainstorming/knowledgeos_theory_research/corpus/20260914-194424_q-d4-5-12-l-left-adjoint-forgetful-functor.md
F1880	Sep 14 19:44 docs/knowledgeos/brainstorming/knowledgeos_theory_research/corpus/20260914-194443_q-d4-5-12-m-relationship-between-adjunction-yoneda-embedding.md
F1881	Sep 14 19:46 docs/knowledgeos/brainstorming/knowledgeos_theory_research/corpus/20260914-194637_q-d4-5-12-n-conditions-knowledgeos-yoneda-theorem-generalize-beyond-tested-nexus-fragment.md
F1882	Sep 14 19:46 docs/knowledgeos/brainstorming/knowledgeos_theory_research/corpus/20260914-194655_q-d4-5-12-o-ddd-aggregate-structure-induced-universal-yoneda-theorem.md
F1883	Sep 14 19:47 docs/knowledgeos/brainstorming/knowledgeos_theory_research/corpus/20260914-194718_q-d4-5-12-p-lattice-theory-contribute-knowledgeos-research-programme.md
F1884	Sep 14 19:48 docs/knowledgeos/brainstorming/knowledgeos_theory_research/corpus/20260914-194848_q-d4-5-12-q-knowledgeos-aggregate-distributive-lattice.md
F1885	Sep 14 19:49 docs/knowledgeos/brainstorming/knowledgeos_theory_research/corpus/20260914-194906_q-d4-5-12-r-explicit-boolean-structure-kernel.md
F1886	Sep 14 19:49 docs/knowledgeos/brainstorming/knowledgeos_theory_research/corpus/20260914-194924_q-d4-5-12-s-how-do-primitive-operations-relate-boolean-kernel-structure.md
F1887	Sep 14 19:49 docs/knowledgeos/brainstorming/knowledgeos_theory_research/corpus/20260914-194940_q-d4-5-12-t-universal-kernel-arbitrary-knowledgeos-domains-beyond-tested-fragment.md
F1888	Sep 14 19:49 docs/knowledgeos/brainstorming/knowledgeos_theory_research/corpus/20260914-194952_q-d4-5-12-u-how-do-regimes-extend-boolean-kernel-probabilistic-non-boolean-domains.md
F1889	Sep 14 19:50 docs/knowledgeos/brainstorming/knowledgeos_theory_research/corpus/20260914-195014_q-d4-5-12-v-how-do-multiple-regimes-integrate-into-single-kernel.md
F1890	Sep 14 19:50 docs/knowledgeos/brainstorming/knowledgeos_theory_research/corpus/20260914-195039_q-d4-5-12-w-categorical-structure-multi-regime-integration.md
F1891	Sep 14 19:50 docs/knowledgeos/brainstorming/knowledgeos_theory_research/corpus/20260914-195059_book-extraction-mac-lane-moerdijk-sheaves-and-next-question.md
F1892	Sep 14 19:51 docs/knowledgeos/brainstorming/knowledgeos_theory_research/corpus/20260914-195120_q-d4-5-12-v-are-points-universal-kernel.md
F1893	Sep 14 20:10 docs/knowledgeos/brainstorming/knowledgeos_theory_research/corpus/20260914-201011_bogachev-smolyanov-extraction-of-tvs-core-theory.md
F1894	Sep 14 20:10 docs/knowledgeos/brainstorming/knowledgeos_theory_research/corpus/20260914-201035_using-bogachev-smolyanov-dimension-reduction-problems.md
F1895	Sep 14 20:10 docs/knowledgeos/brainstorming/knowledgeos_theory_research/corpus/20260914-201058_knowledgeos-research-programme-baseline-audit-next-question-selection.md
F1896	Sep 14 20:11 docs/knowledgeos/brainstorming/knowledgeos_theory_research/corpus/20260914-201111_iteration-02-missing-architecture.md
F1897	Sep 14 20:11 docs/knowledgeos/brainstorming/knowledgeos_theory_research/corpus/20260914-201131_iteration-03-baseline-audit-post-q-b-with-geo-3-4.md
F1898	Sep 14 20:11 docs/knowledgeos/brainstorming/knowledgeos_theory_research/corpus/20260914-201147_iteration-04-identification-missing-architecture.md
F1899	Sep 14 20:12 docs/knowledgeos/brainstorming/knowledgeos_theory_research/corpus/20260914-201208_iteration-05-q-d2-correctly-placed.md
F1900	Sep 14 20:12 docs/knowledgeos/brainstorming/knowledgeos_theory_research/corpus/20260914-201239_iteration-06-q-c2-replay-certification-natural-transformation.md
F1901	Sep 14 20:13 docs/knowledgeos/brainstorming/knowledgeos_theory_research/corpus/20260914-201312_iteration-07-identification-missing-architecture.md
F1902	Sep 14 20:13 docs/knowledgeos/brainstorming/knowledgeos_theory_research/corpus/20260914-201327_iteration-08-identification-missing-architecture.md
F1903	Sep 14 20:13 docs/knowledgeos/brainstorming/knowledgeos_theory_research/corpus/20260914-201341_iteration-09-identification-missing-architecture.md
F1904	Sep 14 20:14 docs/knowledgeos/brainstorming/knowledgeos_theory_research/corpus/20260914-201401_iteration-10-right-question-discipline.md
F1905	Sep 14 20:14 docs/knowledgeos/brainstorming/knowledgeos_theory_research/corpus/20260914-201413_iteration-11-q-e4-right-question.md
F1906	Sep 14 20:14 docs/knowledgeos/brainstorming/knowledgeos_theory_research/corpus/20260914-201448_iteration-12-validation-q-e4-ii.md
F1907	Sep 14 20:15 docs/knowledgeos/brainstorming/knowledgeos_theory_research/corpus/20260914-201504_iteration-13-validation-q-e4-ii-next-question.md
F1908	Sep 14 20:15 docs/knowledgeos/brainstorming/knowledgeos_theory_research/corpus/20260914-201521_iteration-14-validation-next-question.md
F1909	Sep 14 20:15 docs/knowledgeos/brainstorming/knowledgeos_theory_research/corpus/20260914-201542_iteration-15-validation-q-l4-1.md
F1910	Sep 14 20:16 docs/knowledgeos/brainstorming/knowledgeos_theory_research/corpus/20260914-201600_iteration-16-validation-q-l4-1.md
F1911	Sep 14 20:16 docs/knowledgeos/brainstorming/knowledgeos_theory_research/corpus/20260914-201631_iteration-17-validation-q-l4-1.md
F1912	Sep 14 20:16 docs/knowledgeos/brainstorming/knowledgeos_theory_research/corpus/20260914-201647_iteration-18-validation-q-l4-1.md
F1913	Sep 14 20:16 docs/knowledgeos/brainstorming/knowledgeos_theory_research/corpus/20260914-201658_iteration-19-validation-q-zoom-2.md
F1914	Sep 14 20:17 docs/knowledgeos/brainstorming/knowledgeos_theory_research/corpus/20260914-201709_iteration-20-validation-q-zoom-2.md
F1915	Sep 14 20:17 docs/knowledgeos/brainstorming/knowledgeos_theory_research/corpus/20260914-201720_iteration-21-validation-q-zoom-2-vs-hypothesis-h.md
F1916	Sep 14 20:17 docs/knowledgeos/brainstorming/knowledgeos_theory_research/corpus/20260914-201739_iteration-22-validation-q-zoom-2.md
F1917	Sep 14 20:17 docs/knowledgeos/brainstorming/knowledgeos_theory_research/corpus/20260914-201757_iteration-23-validation-q-zoom-2.md
F1918	Sep 14 20:18 docs/knowledgeos/brainstorming/knowledgeos_theory_research/corpus/20260914-201812_iteration-24-validation-q-zoom-2.md
F1919	Sep 14 20:18 docs/knowledgeos/brainstorming/knowledgeos_theory_research/corpus/20260914-201831_iteration-25-validation-q-zoom-2.md
F1920	Sep 14 20:18 docs/knowledgeos/brainstorming/knowledgeos_theory_research/corpus/20260914-201848_iteration-26-validation-q-zoom-2-refined.md
F1921	Sep 14 20:19 docs/knowledgeos/brainstorming/knowledgeos_theory_research/corpus/20260914-201909_iteration-27-validation-q-zoom-2-refined.md
F1922	Sep 14 20:19 docs/knowledgeos/brainstorming/knowledgeos_theory_research/corpus/20260914-201922_iteration-28-validation-q-kernel-home.md
F1923	Sep 14 20:19 docs/knowledgeos/brainstorming/knowledgeos_theory_research/corpus/20260914-201941_iteration-29-validation-q-kernel-home.md
F1924	Sep 14 20:19 docs/knowledgeos/brainstorming/knowledgeos_theory_research/corpus/20260914-201956_iteration-30-validation-q-kernel-home.md
F1925	Sep 14 20:20 docs/knowledgeos/brainstorming/knowledgeos_theory_research/corpus/20260914-202011_iteration-31-validation-q-kernel-home.md
F1926	Sep 14 20:20 docs/knowledgeos/brainstorming/knowledgeos_theory_research/corpus/20260914-202025_iteration-32-validation-q-kernel-home-given-yoni-lens.md
F1927	Sep 14 20:20 docs/knowledgeos/brainstorming/knowledgeos_theory_research/corpus/20260914-202038_iteration-33-validation-q-kernel-home.md
F1928	Sep 14 20:20 docs/knowledgeos/brainstorming/knowledgeos_theory_research/corpus/20260914-202050_iteration-34-validation-q-kernel-home-given-zero-lens.md
F1929	Sep 14 20:21 docs/knowledgeos/brainstorming/knowledgeos_theory_research/corpus/20260914-202105_iteration-35-validation-q-kernel-home.md
F1930	Sep 14 20:21 docs/knowledgeos/brainstorming/knowledgeos_theory_research/corpus/20260914-202118_iteration-36-validation-q-kernel-home.md
F1931	Sep 14 20:21 docs/knowledgeos/brainstorming/knowledgeos_theory_research/corpus/20260914-202129_iteration-37-validation-q-kernel-home-refined.md
F1932	Sep 14 20:21 docs/knowledgeos/brainstorming/knowledgeos_theory_research/corpus/20260914-202146_iteration-38-meta-audit-and-q-terminal-execution.md
F1933	Sep 14 20:21 docs/knowledgeos/brainstorming/knowledgeos_theory_research/corpus/20260914-202157_iteration-39-final-audit-q-kernel-home-refined.md
F1934	Sep 14 20:22 docs/knowledgeos/brainstorming/knowledgeos_theory_research/corpus/20260914-202208_iteration-40-final-pre-execution-audit.md
F1935	Sep 14 20:22 docs/knowledgeos/brainstorming/knowledgeos_theory_research/corpus/20260914-202222_iteration-41-validation-q-hierarchy.md
F1936	Sep 14 20:22 docs/knowledgeos/brainstorming/knowledgeos_theory_research/corpus/20260914-202234_iteration-42-validation-q-hierarchy-redux.md
F1937	Sep 14 20:22 docs/knowledgeos/brainstorming/knowledgeos_theory_research/corpus/20260914-202253_iteration-43-validation-lord-lens-intervene.md
F1938	Sep 14 20:23 docs/knowledgeos/brainstorming/knowledgeos_theory_research/corpus/20260914-202306_iteration-44-validation-q-ddd-boundary.md
F1939	Sep 14 20:23 docs/knowledgeos/brainstorming/knowledgeos_theory_research/corpus/20260914-202318_iteration-45-validation-q-discriminative.md
F1940	Sep 14 20:23 docs/knowledgeos/brainstorming/knowledgeos_theory_research/corpus/20260914-202334_iteration-46-validation-q-l2-75-type.md
F1941	Sep 14 20:23 docs/knowledgeos/brainstorming/knowledgeos_theory_research/corpus/20260914-202347_iteration-47-validation-q-causal.md
F1942	Sep 14 20:24 docs/knowledgeos/brainstorming/knowledgeos_theory_research/corpus/20260914-202404_iteration-48-validation-q-consolidation.md
F1943	Sep 14 20:31 docs/knowledgeos/brainstorming/knowledgeos_theory_research/corpus/20260914-203118_review-of-the-eight-theorems-formal-specification.md
F1944	Sep 14 20:31 docs/knowledgeos/brainstorming/knowledgeos_theory_research/corpus/20260914-203133_refinement-where-the-theory-is-mathematically-under-specified.md
F1945	Sep 14 20:31 docs/knowledgeos/brainstorming/knowledgeos_theory_research/corpus/20260914-203146_synthesis-into-a-rigorous-mathematical-architecture.md
F1946	Sep 14 20:31 docs/knowledgeos/brainstorming/knowledgeos_theory_research/corpus/20260914-203158_validation-of-the-architecture-against-a-primary-source.md
F1947	Sep 14 20:32 docs/knowledgeos/brainstorming/knowledgeos_theory_research/corpus/20260914-203207_classification-of-chapter-3-concepts-validated-versus-new.md
F1948	Sep 14 20:32 docs/knowledgeos/brainstorming/knowledgeos_theory_research/corpus/20260914-203218_second-order-reflection-evidence-inference-over-construction.md
F1949	Sep 14 20:32 docs/knowledgeos/brainstorming/knowledgeos_theory_research/corpus/20260914-203229_knowledgeos-versus-rag-where-the-information-comes-from.md
F1950	Sep 14 20:32 docs/knowledgeos/brainstorming/knowledgeos_theory_research/corpus/20260914-203241_decision-option-3-the-two-level-observation-model.md
F1951	Sep 14 20:33 docs/knowledgeos/brainstorming/knowledgeos_theory_research/corpus/20260914-203302_decision-option-3-refinement.md
F1952	Sep 14 20:33 docs/knowledgeos/brainstorming/knowledgeos_theory_research/corpus/20260914-203313_decision-assertion-proven-truth.md
F1953	Sep 14 20:33 docs/knowledgeos/brainstorming/knowledgeos_theory_research/corpus/20260914-203325_computational-closure-3-evidence.md
F1954	Sep 14 20:33 docs/knowledgeos/brainstorming/knowledgeos_theory_research/corpus/20260914-203337_critique-strong-ontology-but-not-a-computationally-closed-system.md
F1955	Sep 14 20:33 docs/knowledgeos/brainstorming/knowledgeos_theory_research/corpus/20260914-203351_axioms-any-valid-assessevidence-function-must-satisfy.md
F1956	Sep 14 20:34 docs/knowledgeos/brainstorming/knowledgeos_theory_research/corpus/20260914-203451_what-to-adapt-from-a-build-an-llm-book-for-knowledgeos.md
F1957	Sep 14 20:36 docs/knowledgeos/brainstorming/knowledgeos_theory_research/corpus/20260914-203637_complete-c4-architecture-diagram-for-knowledgeos-plantuml.md
F1958	Sep 14 20:36 docs/knowledgeos/brainstorming/knowledgeos_theory_research/corpus/20260914-203648_can-application-distribution-theory-be-applied-to-knowledgeos.md
F1959	Sep 14 20:36 docs/knowledgeos/brainstorming/knowledgeos_theory_research/corpus/20260914-203659_hpa-ruling-gn-31.md
F1960	Sep 14 20:37 docs/knowledgeos/brainstorming/knowledgeos_theory_research/corpus/20260914-203715_distribution-theory-and-fourier-analysis-applied-to-knowledgeos.md
F1961	Sep 14 20:37 docs/knowledgeos/brainstorming/knowledgeos_theory_research/corpus/20260914-203730_knowledgeos-mathematical-derivation-bhagavad-g-t-chapter-4.md
F1962	Sep 14 20:37 docs/knowledgeos/brainstorming/knowledgeos_theory_research/corpus/20260914-203742_response-mathematical-audit-deepseek-s-g-t-analysis.md
F1963	Sep 14 20:37 docs/knowledgeos/brainstorming/knowledgeos_theory_research/corpus/20260914-203754_hpa-response-g-t-chapters-1-4-philosophical-test-framework.md
F1964	Sep 14 20:38 docs/knowledgeos/brainstorming/knowledgeos_theory_research/corpus/20260914-203805_hpa-response-step-272-canonical-observable-operation-universe.md
F1965	Sep 14 20:38 docs/knowledgeos/brainstorming/knowledgeos_theory_research/corpus/20260914-203824_step-276-foundational-gap-reconciliation-closure-audit.md
F1966	Sep 14 20:38 docs/knowledgeos/brainstorming/knowledgeos_theory_research/corpus/20260914-203839_hpa-response-step-276-revised-foundational-audit.md
F1967	Sep 14 20:38 docs/knowledgeos/brainstorming/knowledgeos_theory_research/corpus/20260914-203852_hpa-response-step-276-corrected-audit.md
F1968	Sep 14 20:39 docs/knowledgeos/brainstorming/knowledgeos_theory_research/corpus/20260914-203910_reading-step-273-sufficiency-and-step-274-algebra-and-closure.md
F1969	Sep 14 20:39 docs/knowledgeos/brainstorming/knowledgeos_theory_research/corpus/20260914-203928_hpa-assessment-complete-corpus-review.md
F1970	Sep 14 20:39 docs/knowledgeos/brainstorming/knowledgeos_theory_research/corpus/20260914-203944_hpa-response-independent-verdict-14.md
F1971	Sep 14 20:40 docs/knowledgeos/brainstorming/knowledgeos_theory_research/corpus/20260914-204003_hpa-ruling-gap-matrix-13-gap-matrix.md
F1972	Sep 14 20:40 docs/knowledgeos/brainstorming/knowledgeos_theory_research/corpus/20260914-204013_hpa-final-ruling-comprehete-corpus-review.md
F1973	Sep 14 20:40 docs/knowledgeos/brainstorming/knowledgeos_theory_research/corpus/20260914-204027_supervisory-oversight-gap-discovery-definition.md
F1974	Sep 14 20:40 docs/knowledgeos/brainstorming/knowledgeos_theory_research/corpus/20260914-204038_supervisory-ruling-step-272a-research-path-forward.md
F1975	Sep 14 20:40 docs/knowledgeos/brainstorming/knowledgeos_theory_research/corpus/20260914-204058_supervisory-review-step-278-policy-authority-integration.md
F1976	Sep 14 20:41 docs/knowledgeos/brainstorming/knowledgeos_theory_research/corpus/20260914-204111_supervisory-review-revised-step-278.md
F1977	Sep 14 20:41 docs/knowledgeos/brainstorming/knowledgeos_theory_research/corpus/20260914-204126_knowledgeos-complete-gap-filling-summary.md
F1978	Sep 14 20:41 docs/knowledgeos/brainstorming/knowledgeos_theory_research/corpus/20260914-204137_knowledgeos-mentor-investigation-complete.md
F1979	Sep 14 20:41 docs/knowledgeos/brainstorming/knowledgeos_theory_research/corpus/20260914-204155_hpa-review-step-278-final-policy-authority-integration.md
F1980	Sep 14 20:42 docs/knowledgeos/brainstorming/knowledgeos_theory_research/corpus/20260914-204209_supervisory-review-step-279-policy-authority-executable-implementation.md
F1981	Sep 14 20:42 docs/knowledgeos/brainstorming/knowledgeos_theory_research/corpus/20260914-204219_supervisory-analysis-second-order-session-review.md
F1982	Sep 14 20:42 docs/knowledgeos/brainstorming/knowledgeos_theory_research/corpus/20260914-204229_hpa-supervisory-ruling-step-272a-derivation-core-operation-universe.md
F1983	Sep 14 20:42 docs/knowledgeos/brainstorming/knowledgeos_theory_research/corpus/20260914-204238_supervisory-review-step-272a-derivation-minimum-epistemic-status-structure.md
F1984	Sep 14 20:42 docs/knowledgeos/brainstorming/knowledgeos_theory_research/corpus/20260914-204254_hpa-supervisory-ruling-continuation-step-279.md
F1985	Sep 14 20:43 docs/knowledgeos/brainstorming/knowledgeos_theory_research/corpus/20260914-204309_independent-review-second-order-package-gap-analysis-action-items.md
F1986	Sep 14 20:43 docs/knowledgeos/brainstorming/knowledgeos_theory_research/corpus/20260914-204328_supervisory-review-step-279-policy-authority-executable-implementation.md
F1987	Sep 14 20:43 docs/knowledgeos/brainstorming/knowledgeos_theory_research/corpus/20260914-204342_supervisory-review-step-279-revised-execution-specification.md
F1988	Sep 14 20:43 docs/knowledgeos/brainstorming/knowledgeos_theory_research/corpus/20260914-204352_supervisory-prompt-instructions-step-280-end-end-empirical-closure-test.md
F1989	Sep 14 20:44 docs/knowledgeos/brainstorming/knowledgeos_theory_research/corpus/20260914-204406_supervisory-review-step-280-end-end-empirical-closure-test.md
F1990	Sep 14 20:44 docs/knowledgeos/brainstorming/knowledgeos_theory_research/corpus/20260914-204418_hpa-supervisory-ruling-remaining-work-after-step-280.md
F1991	Sep 14 20:44 docs/knowledgeos/brainstorming/knowledgeos_theory_research/corpus/20260914-204428_hpa-final-ruling-step-280-execution-complete-ec-not-achieved.md
F1992	Sep 14 20:44 docs/knowledgeos/brainstorming/knowledgeos_theory_research/corpus/20260914-204448_supervisory-prompt-instructions-step-281-missingness-theory-revision-gap-closure-verification.md
F1993	Sep 14 20:45 docs/knowledgeos/brainstorming/knowledgeos_theory_research/corpus/20260914-204501_supervisory-review-step-281-missingness-theory-revision-gap-closure-verification.md
F1994	Sep 14 20:45 docs/knowledgeos/brainstorming/knowledgeos_theory_research/corpus/20260914-204514_supervisory-review-step-281-correction-missing-part.md
F1995	Sep 14 20:45 docs/knowledgeos/brainstorming/knowledgeos_theory_research/corpus/20260914-204529_prompt-instructions-step-281-execution-missingness-theory-revision.md
F1996	Sep 14 20:45 docs/knowledgeos/brainstorming/knowledgeos_theory_research/corpus/20260914-204550_supervisory-review-step-281-research-verdict-v1-2.md
F1997	Sep 14 20:46 docs/knowledgeos/brainstorming/knowledgeos_theory_research/corpus/20260914-204602_hpa-supervisory-review-kr-sim-2026-09-02-b-simulation-results.md
F1998	Sep 14 20:46 docs/knowledgeos/brainstorming/knowledgeos_theory_research/corpus/20260914-204612_supervisory-review-kr-sim-2026-09-02-c-d-e-factivity.md
F1999	Sep 14 20:46 docs/knowledgeos/brainstorming/knowledgeos_theory_research/corpus/20260914-204624_hpa-final-ruling-kr-sim-2026-09-02-complete-simulation-verdict.md
F2000	Sep 14 20:46 docs/knowledgeos/brainstorming/knowledgeos_theory_research/corpus/20260914-204636_hpa-supervisory-ruling-zero-lens-v1-2-breakthrough-formulation.md
F2001	Sep 14 20:47 docs/knowledgeos/brainstorming/knowledgeos_theory_research/corpus/20260914-204723_extraction-finding-zero-important-facts-knowledgeos-theorem.md
F2002	Sep 14 20:47 docs/knowledgeos/brainstorming/knowledgeos_theory_research/corpus/20260914-204735_zero-sexual-intercourse-philosophical-epistemological-analysis.md
F2003	Sep 14 20:47 docs/knowledgeos/brainstorming/knowledgeos_theory_research/corpus/20260914-204745_negative-numbers-sexual-zero-field-yoni.md
F2004	Sep 14 20:48 docs/knowledgeos/brainstorming/knowledgeos_theory_research/corpus/20260914-204800_knowledge-at-ideal-state-the-field-of-arguments-dup.md
F2005	Sep 14 20:48 docs/knowledgeos/brainstorming/knowledgeos_theory_research/corpus/20260914-204815_role-persons-sexual-field-epistemological-interpretation.md
F2006	Sep 14 20:48 docs/knowledgeos/brainstorming/knowledgeos_theory_research/corpus/20260914-204826_feelings-emotions-concentration-sexual-field-epistemological-interpretation.md
F2007	Sep 14 20:48 docs/knowledgeos/brainstorming/knowledgeos_theory_research/corpus/20260914-204836_multi-person-intercourse-epistemological-interpretation.md
F2008	Sep 14 20:48 docs/knowledgeos/brainstorming/knowledgeos_theory_research/corpus/20260914-204848_simulation-multiple-linga-one-yoni-polyphallic-inquiry.md
F2009	Sep 14 20:49 docs/knowledgeos/brainstorming/knowledgeos_theory_research/corpus/20260914-204903_knowledgeos-kernel-yoni-complete-interpretation.md
F2010	Sep 14 20:49 docs/knowledgeos/brainstorming/knowledgeos_theory_research/corpus/20260914-204915_feelings-emotions-polyphallic-field-3-linga-1-yoni.md
F2011	Sep 14 20:49 docs/knowledgeos/brainstorming/knowledgeos_theory_research/corpus/20260914-204926_simulation-1-linga-2-yoni-monophallic-polygynous-inquiry.md
F2012	Sep 14 20:49 docs/knowledgeos/brainstorming/knowledgeos_theory_research/corpus/20260914-204936_simulation-3-linga-2-yoni-polyphallic-polygynous-inquiry.md
F2013	Sep 14 20:49 docs/knowledgeos/brainstorming/knowledgeos_theory_research/corpus/20260914-204948_best-model-knowledgeos-theory-comparative-analysis.md
F2014	Sep 14 20:50 docs/knowledgeos/brainstorming/knowledgeos_theory_research/corpus/20260914-205000_yoni-lens-theory-specification-integration.md
F2015	Sep 14 20:50 docs/knowledgeos/brainstorming/knowledgeos_theory_research/corpus/20260914-205013_yoni-zero-lens-complete-epistemic-cycle.md
F2016	Sep 14 20:50 docs/knowledgeos/brainstorming/knowledgeos_theory_research/corpus/20260914-205023_linga-kernel-complementary-perspective.md
F2017	Sep 14 20:50 docs/knowledgeos/brainstorming/knowledgeos_theory_research/corpus/20260914-205033_hpa-supervisory-ruling-linga-yoni-hypothesis-complete-research-framework.md
F2018	Sep 14 20:50 docs/knowledgeos/brainstorming/knowledgeos_theory_research/corpus/20260914-205046_hpa-final-ruling-linga-yoni-experiment-complete-assessment.md
F2019	Sep 14 20:50 docs/knowledgeos/brainstorming/knowledgeos_theory_research/corpus/20260914-205057_linga-s-millions-deeper-epistemological-interpretation.md
F2020	Sep 14 20:51 docs/knowledgeos/brainstorming/knowledgeos_theory_research/corpus/20260914-205107_hpa-final-ruling-claude-s-proposed-optimized-model-comprehensive-assessment.md
F2021	Sep 14 20:51 docs/knowledgeos/brainstorming/knowledgeos_theory_research/corpus/20260914-205120_hpa-final-ruling-structure-first-framework-complete-research-path.md
F2022	Sep 14 20:51 docs/knowledgeos/brainstorming/knowledgeos_theory_research/corpus/20260914-205131_hpa-final-ruling-kr-m2o-experiment-complete-assessment.md
F2023	Sep 14 20:51 docs/knowledgeos/brainstorming/knowledgeos_theory_research/corpus/20260914-205143_probability-linga-yoni-model-complete-analysis.md
F2024	Sep 14 20:51 docs/knowledgeos/brainstorming/knowledgeos_theory_research/corpus/20260914-205155_complete-review-linga-yoni-sperms-ovum-offspring-probability-space-interpretation.md
F2025	Sep 14 20:52 docs/knowledgeos/brainstorming/knowledgeos_theory_research/corpus/20260914-205205_hilbert-space-mathematical-framework-knowledgeos.md
F2026	Sep 14 20:52 docs/knowledgeos/brainstorming/knowledgeos_theory_research/corpus/20260914-205215_hpa-supervisory-ruling-fr-001-freeze-approval.md
F2027	Sep 14 20:52 docs/knowledgeos/brainstorming/knowledgeos_theory_research/corpus/20260914-205226_hilbert-space-knowledgeos-complete-integration-assessment.md
F2028	Sep 14 20:52 docs/knowledgeos/brainstorming/knowledgeos_theory_research/corpus/20260914-205236_hpa-supervisory-review-kr-hilbert-2026-09-complete-assessment.md
F2029	Sep 14 20:52 docs/knowledgeos/brainstorming/knowledgeos_theory_research/corpus/20260914-205251_hpa-supervisory-ruling-post-hilbert-next-steps.md
F2030	Sep 14 20:53 docs/knowledgeos/brainstorming/knowledgeos_theory_research/corpus/20260914-205322_factivity-contr-three-remaining-foundational-problems.md
F2031	Sep 14 20:53 docs/knowledgeos/brainstorming/knowledgeos_theory_research/corpus/20260914-205336_knowledgeos-complete-todo-register.md
F2032	Sep 14 20:53 docs/knowledgeos/brainstorming/knowledgeos_theory_research/corpus/20260914-205353_knowledgeos-complete-todo-register-revised.md
F2033	Sep 14 20:54 docs/knowledgeos/brainstorming/knowledgeos_theory_research/corpus/20260914-205409_hpa-supervisory-ruling-lane-status-factivity-brief-next-gate.md
F2034	Sep 14 20:54 docs/knowledgeos/brainstorming/knowledgeos_theory_research/corpus/20260914-205422_hpa-supervisory-review-kr-contr-2026-09-prompt-instructions.md
F2035	Sep 14 20:54 docs/knowledgeos/brainstorming/knowledgeos_theory_research/corpus/20260914-205432_hpa-final-ruling-hilbert-space-knowledgeos-complete-decision.md
F2036	Sep 14 20:54 docs/knowledgeos/brainstorming/knowledgeos_theory_research/corpus/20260914-205442_hpa-supervisory-ruling-priest-s-non-classical-logic-extraction-integration.md
F2037	Sep 14 20:54 docs/knowledgeos/brainstorming/knowledgeos_theory_research/corpus/20260914-205452_hpa-supervisory-ruling-kr-contr-fde-2026-09-implementation-protocol.md
F2038	Sep 14 20:55 docs/knowledgeos/brainstorming/knowledgeos_theory_research/corpus/20260914-205504_knowledgeos-complete-knowledge-transfer-document-next-session.md
F2039	Sep 14 20:55 docs/knowledgeos/brainstorming/knowledgeos_theory_research/corpus/20260914-205520_hpa-supervisory-review-observational-separation-quotient-extraction.md
F2040	Sep 17 16:53 docs/knowledgeos/brainstorming/knowledgeos_theory_research/corpus/knowledge_os_with_lina_puran/20260917-165352_275-h_status-factorization-deletion-reconstruction-minimality.md
F2041	Sep 17 16:56 docs/knowledgeos/brainstorming/knowledgeos_theory_research/corpus/knowledge_os_with_lina_puran/20260917-165655_step-276_mathematical-foundation-triangulation.md
F2042	Sep 17 16:58 docs/knowledgeos/brainstorming/knowledgeos_theory_research/corpus/knowledge_os_with_lina_puran/20260917-165832_step-277_logic-gate-foundation-knowledgeos-kernel.md
F2043	Sep 17 16:59 docs/knowledgeos/brainstorming/knowledgeos_theory_research/corpus/knowledge_os_with_lina_puran/20260917-165935_step-278_typed-universal-epistemic-computation.md
F2044	Sep 17 17:00 docs/knowledgeos/brainstorming/knowledgeos_theory_research/corpus/knowledge_os_with_lina_puran/20260917-170054_step-279_kernel-irreducibility-second-order-reduction.md
F2045	Sep 17 17:01 docs/knowledgeos/brainstorming/knowledgeos_theory_research/corpus/knowledge_os_with_lina_puran/20260917-170154_step-280_event-algebra-completeness-test.md
F2046	Sep 17 17:03 docs/knowledgeos/brainstorming/knowledgeos_theory_research/corpus/knowledge_os_with_lina_puran/20260917-170345_step-281_epistemic-distinguishability-irreducibility-test.md
F2047	Sep 17 17:05 docs/knowledgeos/brainstorming/knowledgeos_theory_research/corpus/knowledge_os_with_lina_puran/20260917-170502_step-282_representation-theorem-experiment.md
F2048	Sep 17 17:07 docs/knowledgeos/brainstorming/knowledgeos_theory_research/corpus/knowledge_os_with_lina_puran/20260917-170713_step-283_type-system-irreducibility.md
F2049	Sep 17 17:08 docs/knowledgeos/brainstorming/knowledgeos_theory_research/corpus/knowledge_os_with_lina_puran/20260917-170840_step-284_epistemic-universality-test.md
F2050	Sep 17 17:10 docs/knowledgeos/brainstorming/knowledgeos_theory_research/corpus/knowledge_os_with_lina_puran/20260917-171055_step-285_relation-only-reduction-test.md
F2051	Sep 17 17:11 docs/knowledgeos/brainstorming/knowledgeos_theory_research/corpus/knowledge_os_with_lina_puran/20260917-171147_step-508_executable-satisfaction-calculus-first-knowledgeos-validation-harness.md
F2052	Sep 17 17:13 docs/knowledgeos/brainstorming/knowledgeos_theory_research/corpus/knowledge_os_with_lina_puran/20260917-171352_step-509_knowledgeos-satisfaction-benchmark-falsification-suite.md
F2053	Sep 17 17:15 docs/knowledgeos/brainstorming/knowledgeos_theory_research/corpus/knowledge_os_with_lina_puran/20260917-171538_step-286_state-event-irreducibility-test.md
F2054	Sep 17 17:16 docs/knowledgeos/brainstorming/knowledgeos_theory_research/corpus/knowledge_os_with_lina_puran/20260917-171639_step-287_law-system-irreducibility.md
F2055	Sep 17 17:18 docs/knowledgeos/brainstorming/knowledgeos_theory_research/corpus/knowledge_os_with_lina_puran/20260917-171848_step-288_semantic-contract-irreducibility.md
F2056	Sep 17 17:19 docs/knowledgeos/brainstorming/knowledgeos_theory_research/corpus/knowledge_os_with_lina_puran/20260917-171940_step-289_computational-core-irreducibility.md
F2057	Sep 17 17:25 docs/knowledgeos/brainstorming/knowledgeos_theory_research/corpus/knowledge_os_with_lina_puran/20260917-172502_step-510_judgment-calculus.md
F2058	Sep 17 17:29 docs/knowledgeos/brainstorming/knowledgeos_theory_research/corpus/knowledge_os_with_lina_puran/20260917-172933_step-290_minimal-kernel-candidate-irreducibility-matrix.md
F2059	Sep 17 18:09 docs/knowledgeos/brainstorming/knowledgeos_theory_research/corpus/knowledge_os_with_lina_puran/20260917-180953_step-511_contract-calculus-contract-irreducibility.md
F2060	Sep 17 18:26 docs/knowledgeos/brainstorming/knowledgeos_theory_research/corpus/knowledge_os_with_lina_puran/20260917-182626_step-512_requirement-discovery-completeness-boundary-unknown-unknowns.md
F2061	Sep 17 18:33 docs/knowledgeos/brainstorming/knowledgeos_theory_research/corpus/knowledge_os_with_lina_puran/20260917-183325_step-513_epistemic-completeness-assessment-falsification.md
F2062	Sep 17 18:51 docs/knowledgeos/brainstorming/knowledgeos_theory_research/corpus/knowledge_os_with_lina_puran/20260917-185125_step-450_metacognition-self-modeling-epistemic-self-awareness-introspection-self-diagnosis.md
F2063	Sep 17 18:54 docs/knowledgeos/brainstorming/knowledgeos_theory_research/corpus/knowledge_os_with_lina_puran/20260917-185415_step-451_values-preferences-utility-normative-goals-moral-uncertainty-value-alignment.md
F2064	Sep 17 18:56 docs/knowledgeos/brainstorming/knowledgeos_theory_research/corpus/knowledge_os_with_lina_puran/20260917-185642_step-452_strategic-information-incentives-signaling-deception-withholding-information-asymmetry-mechanism.md
F2065	Sep 17 18:58 docs/knowledgeos/brainstorming/knowledgeos_theory_research/corpus/knowledge_os_with_lina_puran/20260917-185826_step-453_identity-uncertainty-authentication-attribution-impersonation-sybil-resistance-entity-resolution.md
F2066	Sep 17 18:59 docs/knowledgeos/brainstorming/knowledgeos_theory_research/corpus/knowledge_os_with_lina_puran/20260917-185944_step-454_observation-fusion-sensor-fusion-measurement-theory-multi-modal-evidence.md
F2067	Sep 17 19:01 docs/knowledgeos/brainstorming/knowledgeos_theory_research/corpus/knowledge_os_with_lina_puran/20260917-190105_step-455_entity-correspondence-event-coreference-record-linkage-schema-matching-ontology.md
F2068	Sep 17 19:02 docs/knowledgeos/brainstorming/knowledgeos_theory_research/corpus/knowledge_os_with_lina_puran/20260917-190253_step-456_persistence-individuation-identity-through-change.md
F2069	Sep 17 19:17 docs/knowledgeos/brainstorming/knowledgeos_theory_research/corpus/knowledge_os_with_lina_puran/20260917-191747_step-462_knowledgeos-step-462.md
F2070	Sep 17 19:24 docs/knowledgeos/brainstorming/knowledgeos_theory_research/corpus/knowledge_os_with_lina_puran/20260917-192455_step-465_performative-prediction-endogenous-data-strategic-adaptation-goodhart-campbell-effects.md
F2071	Sep 17 19:26 docs/knowledgeos/brainstorming/knowledgeos_theory_research/corpus/knowledge_os_with_lina_puran/20260917-192630_step-466_reflexivity-self-observation-recursive-modeling-meta-models-self-modification.md
F2072	Sep 17 19:42 docs/knowledgeos/brainstorming/knowledgeos_theory_research/corpus/knowledge_os_with_lina_puran/20260917-194240_step-467_observer-perspective-subject-object-structure-measurement-context-observer-dependence.md
F2073	Sep 17 19:44 docs/knowledgeos/brainstorming/knowledgeos_theory_research/corpus/knowledge_os_with_lina_puran/20260917-194424_step-468_interpretation-meaning-semantics-context-reference-sense-ambiguity-polysemy-concept.md
F2074	Sep 17 19:46 docs/knowledgeos/brainstorming/knowledgeos_theory_research/corpus/knowledge_os_with_lina_puran/20260917-194617_step-469_type-classification-category-concept-instance-taxonomy-ontology-prototype-foundations.md
F2075	Sep 17 19:48 docs/knowledgeos/brainstorming/knowledgeos_theory_research/corpus/knowledge_os_with_lina_puran/20260917-194823_step-470_property-attribute-value-predicate-function-constraint-condition-invariant-rule.md
F2076	Sep 17 19:50 docs/knowledgeos/brainstorming/knowledgeos_theory_research/corpus/knowledge_os_with_lina_puran/20260917-195016_step-471_relation-n-ary-relation-tuple-argument-role-signature-domain.md
F2077	Sep 17 19:51 docs/knowledgeos/brainstorming/knowledgeos_theory_research/corpus/knowledge_os_with_lina_puran/20260917-195143_step-472_semantic-equivalence-meaning-identity-interpretation-equivalence-observational-equivalence-bisimulation.md
F2078	Sep 17 19:54 docs/knowledgeos/brainstorming/knowledgeos_theory_research/corpus/knowledge_os_with_lina_puran/20260917-195404_step-474_domain-universe-boundary-scope-ontological-commitment-open-closed-world.md
F2079	Sep 17 19:55 docs/knowledgeos/brainstorming/knowledgeos_theory_research/corpus/knowledge_os_with_lina_puran/20260917-195552_step-473_context-scope-perspective-environment-frame-world-situation-state-regime.md
F2080	Sep 17 19:58 docs/knowledgeos/brainstorming/knowledgeos_theory_research/corpus/knowledge_os_with_lina_puran/20260917-195828_step-475_relevance-materiality-salience-attention-accessibility-observability-search-space-candidate.md
F2081	Sep 17 19:59 docs/knowledgeos/brainstorming/knowledgeos_theory_research/corpus/knowledge_os_with_lina_puran/20260917-195950_step-476_measurement-quantification-scale-units-metrics-indicators-features-latent-variables.md
F2082	Sep 17 20:01 docs/knowledgeos/brainstorming/knowledgeos_theory_research/corpus/knowledge_os_with_lina_puran/20260917-200125_step-477_state-world-state-system-state-configuration-snapshot-event-transition.md
F2083	Sep 17 20:03 docs/knowledgeos/brainstorming/knowledgeos_theory_research/corpus/knowledge_os_with_lina_puran/20260917-200304_step-478_dynamics-change-transition-validity-invariants-constraints-conservation-process-semantics.md
F2084	Sep 17 20:06 docs/knowledgeos/brainstorming/knowledgeos_theory_research/corpus/knowledge_os_with_lina_puran/20260917-200611_step-479_time-order-sequence-concurrency-duration-interval-clock-temporal-logic.md
F2085	Sep 17 20:08 docs/knowledgeos/brainstorming/knowledgeos_theory_research/corpus/knowledge_os_with_lina_puran/20260917-200820_step-480_action-actor-agent-capability-intention-goal-intervention-control-influence.md
F2086	Sep 17 20:09 docs/knowledgeos/brainstorming/knowledgeos_theory_research/corpus/knowledge_os_with_lina_puran/20260917-200946_step-481_communication-message-signal-information-exchange-interaction-coordination-cooperation-competition.md
F2087	Sep 17 20:11 docs/knowledgeos/brainstorming/knowledgeos_theory_research/corpus/knowledge_os_with_lina_puran/20260917-201136_step-482_language-dialogue-speech-acts-assertions-questions-commands-promises-commitments.md
F2088	Sep 17 20:12 docs/knowledgeos/brainstorming/knowledgeos_theory_research/corpus/knowledge_os_with_lina_puran/20260917-201248_step-483_reference-naming-denotation-coreference-deixis-entity-linking-grounding-symbol.md
F2089	Sep 17 20:14 docs/knowledgeos/brainstorming/knowledgeos_theory_research/corpus/knowledge_os_with_lina_puran/20260917-201403_step-484_truth-factivity-truth-conditions-world-state-truth-makers-correspondence.md
F2090	Sep 17 20:15 docs/knowledgeos/brainstorming/knowledgeos_theory_research/corpus/knowledge_os_with_lina_puran/20260917-201521_step-485_existence-nonexistence-possibility-necessity-actuality-potentiality-modality-counterfactuality-possible.md
F2091	Sep 17 20:17 docs/knowledgeos/brainstorming/knowledgeos_theory_research/corpus/knowledge_os_with_lina_puran/20260917-201701_step-486_space-location-geography-topology-distance-geometry-regions-boundaries-coordinates.md
F2092	Sep 17 20:20 docs/knowledgeos/brainstorming/knowledgeos_theory_research/corpus/knowledge_os_with_lina_puran/20260917-202052_step-487_measurement-quantity-unit-dimension-magnitude-calibration-accuracy-precision-error.md
F2093	Sep 17 20:22 docs/knowledgeos/brainstorming/knowledgeos_theory_research/corpus/knowledge_os_with_lina_puran/20260917-202207_step-488_value-utility-preference-goal-benefit-cost-risk-loss-reward.md
F2094	Sep 17 20:24 docs/knowledgeos/brainstorming/knowledgeos_theory_research/corpus/knowledge_os_with_lina_puran/20260917-202443_step-489_classification-type-category-taxonomy-ontology-membership-clustering-similarity-problem.md
F2095	Sep 17 20:26 docs/knowledgeos/brainstorming/knowledgeos_theory_research/corpus/knowledge_os_with_lina_puran/20260917-202649_step-490_state-property-attribute-configuration-condition-status-snapshot-change-event.md
F2096	Sep 17 20:31 docs/knowledgeos/brainstorming/knowledgeos_theory_research/corpus/knowledge_os_with_lina_puran/20260917-203111_step-492_composition-aggregation-mereology-part-whole-containment-decomposition-assembly-dependency.md
F2097	Sep 17 20:33 docs/knowledgeos/brainstorming/knowledgeos_theory_research/corpus/knowledge_os_with_lina_puran/20260917-203304_step-491_state-equivalence-refinement-abstraction-observational-equivalence-similarity-distance-ordering.md
F2098	Sep 17 20:35 docs/knowledgeos/brainstorming/knowledgeos_theory_research/corpus/knowledge_os_with_lina_puran/20260917-203555_step-493_context-scope-domain-perspective-frame-view-boundary-environment-abstraction.md
F2099	Sep 17 20:39 docs/knowledgeos/brainstorming/knowledgeos_theory_research/corpus/knowledge_os_with_lina_puran/20260917-203917_step-493_context-scope-domain-perspective-frame-view-boundary-environment-abstraction-dup.md
F2100	Sep 17 20:39 docs/knowledgeos/brainstorming/knowledgeos_theory_research/corpus/knowledge_os_with_lina_puran/20260917-203957_step-494_step-494-representation-encoding-serialization-schema-syntax-language-mapping-translation.md
F2101	Sep 17 20:44 docs/knowledgeos/brainstorming/knowledgeos_theory_research/corpus/knowledge_os_with_lina_puran/20260917-204440_step-494_representation-encoding-serialization-schema-syntax-language-mapping-translation-canonicalization.md
F2102	Sep 17 20:47 docs/knowledgeos/brainstorming/knowledgeos_theory_research/corpus/knowledge_os_with_lina_puran/20260917-204747_step-495_proposition-assertion-claim-fact-belief-truth-factivity-entailment-inference.md
F2103	Sep 17 20:49 docs/knowledgeos/brainstorming/knowledgeos_theory_research/corpus/knowledge_os_with_lina_puran/20260917-204959_step-496_relevance-materiality-salience-applicability-scope-priority-attention-retrieval-ranking.md
F2104	Sep 17 20:54 docs/knowledgeos/brainstorming/knowledgeos_theory_research/corpus/knowledge_os_with_lina_puran/20260917-205451_step-497_sufficiency-completeness-coverage-saturation-closure-construction.md
F2105	Sep 17 20:56 docs/knowledgeos/brainstorming/knowledgeos_theory_research/corpus/knowledge_os_with_lina_puran/20260917-205625_step-498_compositional-soundness-satisfaction.md
F2106	Sep 17 20:57 docs/knowledgeos/brainstorming/knowledgeos_theory_research/corpus/knowledge_os_with_lina_puran/20260917-205749_step-499_quantification-sets-scope-population-universal-existential-claims-zero-boundary.md
F2107	Sep 17 20:59 docs/knowledgeos/brainstorming/knowledgeos_theory_research/corpus/knowledge_os_with_lina_puran/20260917-205916_step-500_epistemically-governed-inference.md
F2108	Sep 17 21:01 docs/knowledgeos/brainstorming/knowledgeos_theory_research/corpus/knowledge_os_with_lina_puran/20260917-210137_step-501_knowledgeos-transformation-calculus.md
F2109	Sep 17 21:02 docs/knowledgeos/brainstorming/knowledgeos_theory_research/corpus/knowledge_os_with_lina_puran/20260917-210246_step-502_cross-regime-semantics-structure-preserving-translation-interoperability.md
F2110	Sep 17 21:06 docs/knowledgeos/brainstorming/knowledgeos_theory_research/corpus/knowledge_os_with_lina_puran/20260917-210639_step-503_version-revision-mutation-identity-preservation-semantic-continuity-successor-fork.md
F2111	Sep 17 21:08 docs/knowledgeos/brainstorming/knowledgeos_theory_research/corpus/knowledge_os_with_lina_puran/20260917-210815_step-504_causality-state-transition-causal-mechanism-intervention-causal-history.md
F2112	Sep 17 21:09 docs/knowledgeos/brainstorming/knowledgeos_theory_research/corpus/knowledge_os_with_lina_puran/20260917-210915_step-504_causality-state-transition-causal-mechanism-intervention-causal-history-dup.md
F2113	Sep 17 21:10 docs/knowledgeos/brainstorming/knowledgeos_theory_research/corpus/knowledge_os_with_lina_puran/20260917-211037_step-505_possibility-modality-actuality-scenario-simulation-counterfactual-worlds.md
F2114	Sep 17 21:12 docs/knowledgeos/brainstorming/knowledgeos_theory_research/corpus/knowledge_os_with_lina_puran/20260917-211220_step-506_constraint-feasibility-admissibility-reachability-impossibility-resource-bounded-reality.md
F2115	Sep 17 21:14 docs/knowledgeos/brainstorming/knowledgeos_theory_research/corpus/knowledge_os_with_lina_puran/20260917-211429_step-507_satisfaction-constraint-satisfaction-requirement-satisfaction-truth-satisfaction-epistemic-satisfaction.md
F2116	Sep 17 21:19 docs/knowledgeos/brainstorming/knowledgeos_theory_research/corpus/knowledge_os_with_lina_puran/20260917-211925_step-465_performative-prediction-endogenous-data-strategic-adaptation-feedback-between-decisions.md
F2117	Sep 17 21:31 docs/knowledgeos/brainstorming/knowledgeos_theory_research/corpus/knowledge_os_with_lina_puran/20260917-213107_step-514_cross-method-requirement-discovery-experiment.md
F2118	Sep 17 21:38 docs/knowledgeos/brainstorming/knowledgeos_theory_research/corpus/knowledge_os_with_lina_puran/20260917-213815_step-515_requirement-discovery-benchmark-controlled-ablation.md
F2119	Sep 17 21:41 docs/knowledgeos/brainstorming/knowledgeos_theory_research/corpus/knowledge_os_with_lina_puran/20260917-214128_step-516_controlled-real-world-execution-nexus-requirement-benchmark.md
F2120	Sep 17 21:49 docs/knowledgeos/brainstorming/knowledgeos_theory_research/corpus/knowledge_os_with_lina_puran/20260917-214947_step-518_knowledgeos-input-compiler-semantic-front-end.md
F2121	Sep 17 22:00 docs/knowledgeos/brainstorming/knowledgeos_theory_research/corpus/knowledge_os_with_lina_puran/20260917-220012_step-519_knowledgeos-compiler-conformance-multi-representation-equivalence.md
F2122	Sep 17 22:02 docs/knowledgeos/brainstorming/knowledgeos_theory_research/corpus/knowledge_os_with_lina_puran/20260917-220222_step-520_minimal-executable-knowledgeos-semantic-compiler.md
F2123	Sep 17 22:06 docs/knowledgeos/brainstorming/knowledgeos_theory_research/corpus/knowledge_os_with_lina_puran/20260917-220608_step-521_knowledgeos-compiler-laboratory-specification-falsifiable-execution.md
F2124	Sep 17 22:11 docs/knowledgeos/brainstorming/knowledgeos_theory_research/corpus/knowledge_os_with_lina_puran/20260917-221103_step-522_first-executable-knowledgeos-compiler-experiment.md
F2125	Sep 17 22:17 docs/knowledgeos/brainstorming/knowledgeos_theory_research/corpus/knowledge_os_with_lina_puran/20260917-221722_step-523_semantic-candidate-resolution-reference-resolution.md
F2126	Sep 17 22:23 docs/knowledgeos/brainstorming/knowledgeos_theory_research/corpus/knowledge_os_with_lina_puran/20260917-222301_step-524_semantic-resolution-benchmark-conformance-laboratory-knowledgeos-compiler-contract.md
F2127	Sep 17 22:27 docs/knowledgeos/brainstorming/knowledgeos_theory_research/corpus/knowledge_os_with_lina_puran/20260917-222740_step-525_knowledgeos-semantic-compiler-specification-v0-1.md
F2128	Sep 17 22:31 docs/knowledgeos/brainstorming/knowledgeos_theory_research/corpus/knowledge_os_with_lina_puran/20260917-223154_step-525_knowledgeos-semantic-compiler-specification-v0-1-dup.md
F2129	Sep 17 22:32 docs/knowledgeos/brainstorming/knowledgeos_theory_research/corpus/knowledge_os_with_lina_puran/20260917-223222_step-526_implementable-knowledgeos-kernel-kast-kir-v0-1-conformance-suite.md
F2130	Sep 17 22:35 docs/knowledgeos/brainstorming/knowledgeos_theory_research/corpus/knowledge_os_with_lina_puran/20260917-223528_step-527_executable-knowledgeos-compiler-core-v0-1.md
F2131	Sep 17 22:38 docs/knowledgeos/brainstorming/knowledgeos_theory_research/corpus/knowledge_os_with_lina_puran/20260917-223816_step-528_executable-knowledgeos-compiler-first-falsification-design.md
F2132	Sep 17 22:40 docs/knowledgeos/brainstorming/knowledgeos_theory_research/corpus/knowledge_os_with_lina_puran/20260917-224052_step-529_knowledgeos-benchmark-corpus-reference-semantics.md
F2133	Sep 18 07:09 docs/knowledgeos/brainstorming/knowledgeos_theory_research/corpus/knowledge_os_with_lina_puran/20260918-070909_step-530_minimal-executable-knowledgeos-compiler.md
F2134	Sep 18 07:27 docs/knowledgeos/brainstorming/knowledgeos_theory_research/corpus/knowledge_os_with_lina_puran/20260918-072723_step-531_first-executable-conformance-test-prototype-taught-us.md
F2135	Sep 18 07:33 docs/knowledgeos/brainstorming/knowledgeos_theory_research/corpus/knowledge_os_with_lina_puran/20260918-073348_step-516_controlled-real-world-execution-nexus-requirement-benchmark-dup.md
F2136	Sep 18 07:38 docs/knowledgeos/brainstorming/knowledgeos_theory_research/corpus/knowledge_os_with_lina_puran/20260918-073830_step-532_property-based-metamorphic-semantic-conformance.md
F2137	Sep 18 07:41 docs/knowledgeos/brainstorming/knowledgeos_theory_research/corpus/knowledge_os_with_lina_puran/20260918-074144_step-533_automated-property-metamorphic-conformance-engine.md
F2138	Sep 18 07:56 docs/knowledgeos/brainstorming/knowledgeos_theory_research/corpus/knowledge_os_with_lina_puran/20260918-075656_step-534_semantic-fuzzing-counterexample-discovery.md
F2139	Sep 18 07:58 docs/knowledgeos/brainstorming/knowledgeos_theory_research/corpus/knowledge_os_with_lina_puran/20260918-075840_step-456_persistence-individuation-identity-through-change-dup.md
F2140	Sep 18 08:13 docs/knowledgeos/brainstorming/knowledgeos_theory_research/corpus/knowledge_os_with_lina_puran/20260918-081324_step-535_semantic-equivalence-observational-equivalence-bisimulation-limits-testing.md
F2141	Sep 18 08:18 docs/knowledgeos/brainstorming/knowledgeos_theory_research/corpus/knowledge_os_with_lina_puran/20260918-081813_step-536_semantic-observability-query-completeness-abstraction-adequacy-equivalence-blind-spots.md
F2142	Sep 18 08:20 docs/knowledgeos/brainstorming/knowledgeos_theory_research/corpus/knowledge_os_with_lina_puran/20260918-082052_step-536_semantic-observability-query-completeness-abstraction-adequacy-equivalence-blind-spots-dup.md
F2143	Sep 18 08:31 docs/knowledgeos/brainstorming/knowledgeos_theory_research/corpus/knowledge_os_with_lina_puran/20260918-083126_step-537_relevance-materiality-salience-importance-urgency-priority-value-information.md
F2144	Sep 18 08:45 docs/knowledgeos/brainstorming/knowledgeos_theory_research/corpus/knowledge_os_with_lina_puran/20260918-084538_step-478_dynamics-change-transition-validity-invariants-constraints-conservation-process-semantics-dup.md
F2145	Sep 18 08:46 docs/knowledgeos/brainstorming/knowledgeos_theory_research/corpus/knowledge_os_with_lina_puran/20260918-084605_step-538_materiality-uncertainty-nonlinearity-interaction-robustness-future-option-value.md
F2146	Sep 18 08:53 docs/knowledgeos/brainstorming/knowledgeos_theory_research/corpus/knowledge_os_with_lina_puran/20260918-085342_step-539_evidence-composition-synergy-redundancy-dependence-double-counting-joint-determination.md
F2147	Sep 18 09:59 docs/knowledgeos/brainstorming/knowledgeos_theory_research/corpus/knowledge_os_with_lina_puran/20260918-095925_step-540_determination-robustness-epistemic-fragility-counterfactual-stability.md
F2148	Sep 18 10:07 docs/knowledgeos/brainstorming/knowledgeos_theory_research/corpus/knowledge_os_with_lina_puran/20260918-100731_step-541_correlated-robustness-common-mode-epistemic-failure-false-robustness.md
F2149	Sep 18 10:09 docs/knowledgeos/brainstorming/knowledgeos_theory_research/corpus/knowledge_os_with_lina_puran/20260918-100957_step-542_common-mode-failure-benchmark-false-robustness-detection.md
F2150	Sep 18 10:11 docs/knowledgeos/brainstorming/knowledgeos_theory_research/corpus/knowledge_os_with_lina_puran/20260918-101113_step-543_critical-falsification-step-542-architecture-review.md
F2151	Sep 18 10:14 docs/knowledgeos/brainstorming/knowledgeos_theory_research/corpus/knowledge_os_with_lina_puran/20260918-101421_step-544_executable-dependency-model-axiom-gated-benchmark.md
F2152	Sep 18 10:29 docs/knowledgeos/brainstorming/knowledgeos_theory_research/corpus/knowledge_os_with_lina_puran/20260918-102945_step-545_executing-synthetic-dependency-benchmark.md
F2153	Sep 18 10:32 docs/knowledgeos/brainstorming/knowledgeos_theory_research/corpus/knowledge_os_with_lina_puran/20260918-103245_step-546_hidden-noisy-adversarial-dependency-discovery.md
F2154	Sep 18 10:39 docs/knowledgeos/brainstorming/knowledgeos_theory_research/corpus/knowledge_os_with_lina_puran/20260918-103911_step-546_quantitative-ml-dependency-benchmark.md
F2155	Sep 18 10:41 docs/knowledgeos/brainstorming/knowledgeos_theory_research/corpus/knowledge_os_with_lina_puran/20260918-104124_step-546_quantitative-ml-dependency-benchmark-dup.md
F2156	Sep 18 10:48 docs/knowledgeos/brainstorming/knowledgeos_theory_research/corpus/knowledge_os_with_lina_puran/20260918-104835_step-547_distribution-shift-adversarial-generalization-dependency-firewall.md
F2157	Sep 18 10:58 docs/knowledgeos/brainstorming/knowledgeos_theory_research/corpus/knowledge_os_with_lina_puran/20260918-105838_step-548_identifiability-gated-active-dependency-acquisition.md
F2158	Sep 18 11:19 docs/knowledgeos/brainstorming/knowledgeos_theory_research/corpus/knowledge_os_with_lina_puran/20260918-111907_step-551_identifiability-metric-audit-separation-state-information-structural-identification.md
F2159	Sep 18 11:19 docs/knowledgeos/brainstorming/knowledgeos_theory_research/corpus/knowledge_os_with_lina_puran/20260918-111922_step-550_b-executable-formal-benchmark-semantics-oracle-separation-first-statistical.md
F2160	Sep 18 13:58 docs/knowledgeos/brainstorming/knowledgeos_theory_research/corpus/knowledge_os_with_lina_puran/20260918-135807_step-551_identifiability-metric-audit-separation-state-information-structural-identification-dup.md
F2161	Sep 18 15:10 docs/knowledgeos/brainstorming/knowledgeos_theory_research/corpus/knowledge_os_with_lina_puran/20260918-151015_step-554_stability-oracle-executable-semantics-determination-sufficiency-stability-retraction.md
F2162	Sep 18 15:11 docs/knowledgeos/brainstorming/knowledgeos_theory_research/corpus/knowledge_os_with_lina_puran/20260918-151117_step-552_determination-preserving-active-acquisition-dup2.md
F2163	Sep 18 15:26 docs/knowledgeos/brainstorming/knowledgeos_theory_research/corpus/knowledge_os_with_lina_puran/20260918-152633_step-555_determination-mapping-stability-preserving-active-acquisition.md
F2164	Sep 18 15:53 docs/knowledgeos/brainstorming/knowledgeos_theory_research/corpus/knowledge_os_with_lina_puran/20260918-155341_step-555_determination-mapping-stability-preserving-active-acquisition.md
F2165	Sep 18 15:57 docs/knowledgeos/brainstorming/knowledgeos_theory_research/corpus/knowledge_os_with_lina_puran/20260918-155739_step-255_have-reviewed-attached-step-555-determination-mapping-stability-preserving-active.md
F2166	Sep 18 16:02 docs/knowledgeos/brainstorming/knowledgeos_theory_research/corpus/knowledge_os_with_lina_puran/20260918-160200_step-556_review-step-555-sequential-epistemic-acquisition-oracle.md
F2167	Sep 18 16:03 docs/knowledgeos/brainstorming/knowledgeos_theory_research/corpus/knowledge_os_with_lina_puran/20260918-160312_step-556_sequential-epistemic-acquisition-optimal-stopping-oracle.md
F2168	Sep 18 16:17 docs/knowledgeos/brainstorming/knowledgeos_theory_research/corpus/knowledge_os_with_lina_puran/20260918-161715_review-consolidated-step-556-theory.md
F2169	Sep 18 16:21 docs/knowledgeos/brainstorming/knowledgeos_theory_research/corpus/knowledge_os_with_lina_puran/20260918-162136_step-557_sequential-planner-robustness-model-error-epistemic-regret.md
F2170	Sep 18 16:40 docs/knowledgeos/brainstorming/knowledgeos_theory_research/corpus/knowledge_os_with_lina_puran/20260918-164006_step-558_model-uncertainty-aware-sequential-planning.md
F2171	Sep 18 16:45 docs/knowledgeos/brainstorming/knowledgeos_theory_research/corpus/knowledge_os_with_lina_puran/20260918-164510_step-558_r-review-vagueness-extraction-correction-overextensions-diagnosis-first-framework.md
F2172	Sep 18 16:46 docs/knowledgeos/brainstorming/knowledgeos_theory_research/corpus/knowledge_os_with_lina_puran/20260918-164632_step-559_joint-world-model-parameter-sequential-planning.md
F2173	Sep 18 17:03 docs/knowledgeos/brainstorming/knowledgeos_theory_research/corpus/knowledge_os_with_lina_puran/20260918-170326_step-558_r-senior-review-empirical-challenge.md
F2174	Sep 18 17:04 docs/knowledgeos/brainstorming/knowledgeos_theory_research/corpus/knowledge_os_with_lina_puran/20260918-170428_step-558_have-reviewed-attached-step-559-joint-world-model-parameter-sequential.md
F2175	Sep 18 17:05 docs/knowledgeos/brainstorming/knowledgeos_theory_research/corpus/knowledge_os_with_lina_puran/20260918-170550_step-558_r-senior-review-empirical-challenge-dup.md
F2176	Sep 18 17:23 docs/knowledgeos/brainstorming/knowledgeos_theory_research/corpus/knowledge_os_with_lina_puran/20260918-172330_step-560_general-acquisition-value-unification-without-semantic-collapse.md
F2177	Sep 18 17:25 docs/knowledgeos/brainstorming/knowledgeos_theory_research/corpus/knowledge_os_with_lina_puran/20260918-172528_step-561_acquisition-evaluation-profile-pareto-utility-semantic-preservation.md
F2178	Sep 18 17:32 docs/knowledgeos/brainstorming/knowledgeos_theory_research/corpus/knowledge_os_with_lina_puran/20260918-173207_step-562_truth-ontology-epistemic-authority.md
F2179	Sep 18 17:33 docs/knowledgeos/brainstorming/knowledgeos_theory_research/corpus/knowledge_os_with_lina_puran/20260918-173325_review-step-558-r-vagueness-extraction-overextension-correction-diagnosis-first.md
F2180	Sep 18 17:43 docs/knowledgeos/brainstorming/knowledgeos_theory_research/corpus/knowledge_os_with_lina_puran/20260918-174306_step-562_truth-ontology-epistemic-authority-dup.md
F2181	Sep 18 17:51 docs/knowledgeos/brainstorming/knowledgeos_theory_research/corpus/knowledge_os_with_lina_puran/20260918-175153_step-563_meaning-verification-entitlement-inference-oracle.md
F2182	Sep 18 17:54 docs/knowledgeos/brainstorming/knowledgeos_theory_research/corpus/knowledge_os_with_lina_puran/20260918-175445_step-559_integration-bishop-s-constructive-analysis-knowledgeos-architecture.md
F2183	Sep 18 18:02 docs/knowledgeos/brainstorming/knowledgeos_theory_research/corpus/knowledge_os_with_lina_puran/20260918-180250_step-564_constructive-epistemic-computation-identifiability.md
F2184	Sep 18 18:12 docs/knowledgeos/brainstorming/knowledgeos_theory_research/corpus/knowledge_os_with_lina_puran/20260918-181253_step-565_constructive-epistemic-closure-finite-approximation-benchmark.md
F2185	Sep 18 18:17 docs/knowledgeos/brainstorming/knowledgeos_theory_research/corpus/knowledge_os_with_lina_puran/20260918-181750_have-moved-substantially-closer-coherent-knowledgeos-theory-but-important-distinction.md
F2186	Sep 18 18:19 docs/knowledgeos/brainstorming/knowledgeos_theory_research/corpus/knowledge_os_with_lina_puran/20260918-181942_step-566_constructive-entitlement-proof-carrying-evidence-epistemic-promotion.md
F2187	Sep 18 18:24 docs/knowledgeos/brainstorming/knowledgeos_theory_research/corpus/knowledge_os_with_lina_puran/20260918-182404_step-560_diagnostic-identifiability-diagnosis-directed-acquisition.md
F2188	Sep 18 18:24 docs/knowledgeos/brainstorming/knowledgeos_theory_research/corpus/knowledge_os_with_lina_puran/20260918-182433_round-559_knowledgeos-state-space-consolidation.md
F2189	Sep 18 18:28 docs/knowledgeos/brainstorming/knowledgeos_theory_research/corpus/knowledge_os_with_lina_puran/20260918-182805_step-567_epistemic-promotion-contradiction-revision-distributed-evidence.md
F2190	Sep 18 18:29 docs/knowledgeos/brainstorming/knowledgeos_theory_research/corpus/knowledge_os_with_lina_puran/20260918-182938_senior-review-step-567-epistemic-promotion-contradiction-revision-distributed-evidence.md
F2191	Sep 18 19:55 docs/knowledgeos/brainstorming/knowledgeos_theory_research/corpus/knowledge_os_with_lina_puran/20260918-195519_extraction-knowledge-limits-williamson-2000.md
F2192	Sep 18 19:55 docs/knowledgeos/brainstorming/knowledgeos_theory_research/corpus/knowledge_os_with_lina_puran/20260918-195525_knowledgeos-complete-knowledge-transfer-document-next-session.md
F2193	Sep 18 19:55 docs/knowledgeos/brainstorming/knowledgeos_theory_research/corpus/knowledge_os_with_lina_puran/20260918-195539_final-verdict-kr-sim-2026-09-02-b-theory-v1.md
F2194	Sep 18 20:42 docs/knowledgeos/brainstorming/knowledgeos_theory_research/corpus/knowledge_os_with_lina_puran/20260918-204215_review-take-home-knowledgeos-lens-system.md
F2195	Sep 18 20:55 docs/knowledgeos/brainstorming/knowledgeos_theory_research/corpus/knowledge_os_with_lina_puran/20260918-205550_knowledgeos-research-programme-round-571-dup.md
F2196	Sep 18 22:24 docs/knowledgeos/brainstorming/knowledgeos_theory_research/corpus/knowledge_os_with_lina_puran/20260918-222401_round-577_r-review-frame-relativity-correction-residual-issues-frame-calculus.md
F2197	Sep 19 00:52 docs/knowledgeos/brainstorming/knowledgeos_theory_research/corpus/knowledge_os_with_lina_puran/20260919-005250_round-587_review-williamson-s-vagueness-knowledgeos.md
F2198	Sep 19 00:55 docs/knowledgeos/brainstorming/knowledgeos_theory_research/corpus/knowledge_os_with_lina_puran/20260919-005515_round-588_epistemic-neighborhood-margin-higher-order-knowledge-indiscriminability.md
F2199	Sep 19 01:03 docs/knowledgeos/brainstorming/knowledgeos_theory_research/corpus/knowledge_os_with_lina_puran/20260919-010334_round-589_contextual-epistemic-state-multi-layer-validity.md
F2200	Sep 19 01:04 docs/knowledgeos/brainstorming/knowledgeos_theory_research/corpus/knowledge_os_with_lina_puran/20260919-010457_round-588_review-epistemic-neighborhood-margin-higher-order-knowledge-indiscriminability.md
F2201	Sep 19 01:08 docs/knowledgeos/brainstorming/knowledgeos_theory_research/corpus/knowledge_os_with_lina_puran/20260919-010840_round-589_review-contextual-epistemic-state-multi-layer-validity.md
F2202	Sep 19 01:13 docs/knowledgeos/brainstorming/knowledgeos_theory_research/corpus/knowledge_os_with_lina_puran/20260919-011307_round-590_knowledgeos-meta-semantic-calculus.md
F2203	Sep 19 01:13 docs/knowledgeos/brainstorming/knowledgeos_theory_research/corpus/knowledge_os_with_lina_puran/20260919-011343_round-589_review-contextual-epistemic-state-multi-layer-validity.md
F2204	Sep 19 01:18 docs/knowledgeos/brainstorming/knowledgeos_theory_research/corpus/knowledge_os_with_lina_puran/20260919-011815_round-590_review-knowledgeos-meta-semantic-calculus.md
F2205	Sep 19 01:19 docs/knowledgeos/brainstorming/knowledgeos_theory_research/corpus/knowledge_os_with_lina_puran/20260919-011957_round-588_have-read-attached-round-587-williamson-s-vagueness-knowledgeos-completely.md
F2206	Sep 19 01:21 docs/knowledgeos/brainstorming/knowledgeos_theory_research/corpus/knowledge_os_with_lina_puran/20260919-012106_round-591_knowledgeos-closure-counterexample-program.md
F2207	Sep 19 01:25 docs/knowledgeos/brainstorming/knowledgeos_theory_research/corpus/knowledge_os_with_lina_puran/20260919-012549_round-591_review-knowledgeos-closure-counterexample-program.md
F2208	Sep 19 01:27 docs/knowledgeos/brainstorming/knowledgeos_theory_research/corpus/knowledge_os_with_lina_puran/20260919-012707_round-591_review-knowledgeos-closure-counterexample-program-dup.md
F2209	Sep 19 01:31 docs/knowledgeos/brainstorming/knowledgeos_theory_research/corpus/knowledge_os_with_lina_puran/20260919-013117_round-591_review-knowledgeos-closure-counterexample-program.md
F2210	Sep 19 01:33 docs/knowledgeos/brainstorming/knowledgeos_theory_research/corpus/knowledge_os_with_lina_puran/20260919-013306_round-593_knowledge-attribution-calculus.md
F2211	Sep 19 01:36 docs/knowledgeos/brainstorming/knowledgeos_theory_research/corpus/knowledge_os_with_lina_puran/20260919-013656_round-593_review-knowledge-attribution-calculus.md
F2212	Sep 19 01:38 docs/knowledgeos/brainstorming/knowledgeos_theory_research/corpus/knowledge_os_with_lina_puran/20260919-013827_round-594_global-composition-knowledge-attribution-interaction.md
F2213	Sep 19 01:40 docs/knowledgeos/brainstorming/knowledgeos_theory_research/corpus/knowledge_os_with_lina_puran/20260919-014017_round-594_review-global-composition-knowledge-attribution-interaction.md
F2214	Sep 19 01:43 docs/knowledgeos/brainstorming/knowledgeos_theory_research/corpus/knowledge_os_with_lina_puran/20260919-014316_round-595_temporal-knowledge-revision-calculus.md
F2215	Sep 19 01:44 docs/knowledgeos/brainstorming/knowledgeos_theory_research/corpus/knowledge_os_with_lina_puran/20260919-014449_round-591_strong-methodological-advance-but-has-discovered-deeper-problem-than.md
F2216	Sep 19 01:45 docs/knowledgeos/brainstorming/knowledgeos_theory_research/corpus/knowledge_os_with_lina_puran/20260919-014528_round-595_review-temporal-knowledge-revision-calculus.md
F2217	Sep 19 01:48 docs/knowledgeos/brainstorming/knowledgeos_theory_research/corpus/knowledge_os_with_lina_puran/20260919-014806_round-596_knowledgeos-round-596.md
F2218	Sep 19 01:53 docs/knowledgeos/brainstorming/knowledgeos_theory_research/corpus/knowledge_os_with_lina_puran/20260919-015300_round-597_knowledgeos-round-597.md
F2219	Sep 19 01:53 docs/knowledgeos/brainstorming/knowledgeos_theory_research/corpus/knowledge_os_with_lina_puran/20260919-015326_round-596_review-cross-regime-translation-calculus.md
F2220	Sep 19 01:56 docs/knowledgeos/brainstorming/knowledgeos_theory_research/corpus/knowledge_os_with_lina_puran/20260919-015604_round-597_review-global-composition-algebra-non-commutativity.md
F2221	Sep 19 01:59 docs/knowledgeos/brainstorming/knowledgeos_theory_research/corpus/knowledge_os_with_lina_puran/20260919-015930_round-598_knowledgeos-round-598.md
F2222	Sep 19 02:00 docs/knowledgeos/brainstorming/knowledgeos_theory_research/corpus/knowledge_os_with_lina_puran/20260919-020007_round-597_review-global-composition-algebra-non-commutativity-dup.md
F2223	Sep 19 02:08 docs/knowledgeos/brainstorming/knowledgeos_theory_research/corpus/knowledge_os_with_lina_puran/20260919-020819_round-599_independent-audit-round-587.md
F2224	Sep 19 02:10 docs/knowledgeos/brainstorming/knowledgeos_theory_research/corpus/knowledge_os_with_lina_puran/20260919-021058_round-598_review-executable-reference-calculus.md
F2225	Sep 19 02:12 docs/knowledgeos/brainstorming/knowledgeos_theory_research/corpus/knowledge_os_with_lina_puran/20260919-021243_round-599_review-independent-audit-round-587.md
F2226	Sep 19 02:13 docs/knowledgeos/brainstorming/knowledgeos_theory_research/corpus/knowledge_os_with_lina_puran/20260919-021317_round-600_cross-regime-reference-calculus-invariant-verification.md
F2227	Sep 19 02:16 docs/knowledgeos/brainstorming/knowledgeos_theory_research/corpus/knowledge_os_with_lina_puran/20260919-021612_round-600_review-cross-regime-reference-calculus-invariant-verification.md
F2228	Sep 19 02:17 docs/knowledgeos/brainstorming/knowledgeos_theory_research/corpus/knowledge_os_with_lina_puran/20260919-021736_round-599_have-read-attached-round-591-knowledgeos-closure-counterexample-program-completely.md
F2229	Sep 19 02:21 docs/knowledgeos/brainstorming/knowledgeos_theory_research/corpus/knowledge_os_with_lina_puran/20260919-022117_round-600_cross-regime-reference-calculus-invariant-verification.md
F2230	Sep 19 08:05 docs/knowledgeos/brainstorming/knowledgeos_theory_research/corpus/knowledge_os_with_lina_puran/20260919-080501_round-601_global-knowledgeos-invariant-calculus.md
F2231	Sep 19 09:34 docs/knowledgeos/brainstorming/knowledgeos_theory_research/corpus/knowledge_os_with_lina_puran/20260919-093427_round-601_global-knowledgeos-invariant-calculus-dup.md
F2232	Sep 19 09:37 docs/knowledgeos/brainstorming/knowledgeos_theory_research/corpus/knowledge_os_with_lina_puran/20260919-093741_round-602_round-602-executable-invariant-engine-finite-verification-move-defining-invariant.md
F2233	Sep 19 09:38 docs/knowledgeos/brainstorming/knowledgeos_theory_research/corpus/knowledge_os_with_lina_puran/20260919-093812_round-601_review-global-knowledgeos-invariant-calculus.md
F2234	Sep 19 09:47 docs/knowledgeos/brainstorming/knowledgeos_theory_research/corpus/knowledge_os_with_lina_puran/20260919-094725_round-602_round-602-executable-invariant-engine-finite-verification-move-defining-invariants.md
F2235	Sep 19 09:53 docs/knowledgeos/brainstorming/knowledgeos_theory_research/corpus/knowledge_os_with_lina_puran/20260919-095310_round-602_round-602-executable-invariant-engine-finite-conformance-testing-move-defining.md
F2236	Sep 19 09:53 docs/knowledgeos/brainstorming/knowledgeos_theory_research/corpus/knowledge_os_with_lina_puran/20260919-095356_round-602_review-executable-invariant-engine-finite-verification.md
F2237	Sep 19 09:54 docs/knowledgeos/brainstorming/knowledgeos_theory_research/corpus/knowledge_os_with_lina_puran/20260919-095440_round-602_review-executable-invariant-engine-finite-conformance-testing.md
F2238	Sep 19 09:54 docs/knowledgeos/brainstorming/knowledgeos_theory_research/corpus/knowledge_os_with_lina_puran/20260919-095453_round-601_review-global-knowledgeos-invariant-calculus-dup.md
F2239	Sep 19 10:00 docs/knowledgeos/brainstorming/knowledgeos_theory_research/corpus/knowledge_os_with_lina_puran/20260919-100044_knowledgeos-theory-knowledge-transfer-document.md
F2240	Sep 19 10:21 docs/knowledgeos/brainstorming/knowledgeos_theory_research/corpus/knowledge_os_with_lina_puran/20260919-102120_round-602_executable-invariant-engine.md
F2241	Sep 19 10:29 docs/knowledgeos/brainstorming/knowledgeos_theory_research/corpus/knowledge_os_with_lina_puran/20260919-102945_round-602_executable-invariant-engine-step-1.md
F2242	Sep 19 10:33 docs/knowledgeos/brainstorming/knowledgeos_theory_research/corpus/knowledge_os_with_lina_puran/20260919-103333_round-602_review-terms-worked-examples-architecture-optimization.md
F2243	Sep 19 10:34 docs/knowledgeos/brainstorming/knowledgeos_theory_research/corpus/knowledge_os_with_lina_puran/20260919-103440_round-602_have-reviewed-attached-round-602-document-mathematician-statistician-ddd-architect.md
F2244	Sep 19 10:37 docs/knowledgeos/brainstorming/knowledgeos_theory_research/corpus/knowledge_os_with_lina_puran/20260919-103704_r602-3_canonical-operation-algebra-specification.md
F2245	Sep 19 10:38 docs/knowledgeos/brainstorming/knowledgeos_theory_research/corpus/knowledge_os_with_lina_puran/20260919-103836_review-r602-3-operation-algebra-specification.md
F2246	Sep 19 10:42 docs/knowledgeos/brainstorming/knowledgeos_theory_research/corpus/knowledge_os_with_lina_puran/20260919-104246_round-602_have-read-review-r602-3-attached-file-strong-review-importantly.md
F2247	Sep 19 10:48 docs/knowledgeos/brainstorming/knowledgeos_theory_research/corpus/knowledge_os_with_lina_puran/20260919-104811_r602_3a-operation-algebra-consistency-closure.md
F2248	Sep 19 10:53 docs/knowledgeos/brainstorming/knowledgeos_theory_research/corpus/knowledge_os_with_lina_puran/20260919-105319_round-602_review-r602-3a-operation-algebra-consistency-closure.md
F2249	Sep 19 10:54 docs/knowledgeos/brainstorming/knowledgeos_theory_research/corpus/knowledge_os_with_lina_puran/20260919-105433_r602-4_executable-reference-calculus.md
F2250	Sep 19 10:59 docs/knowledgeos/brainstorming/knowledgeos_theory_research/corpus/knowledge_os_with_lina_puran/20260919-105914_r602-4_first-executable-reference-calculus.md
F2251	Sep 19 11:00 docs/knowledgeos/brainstorming/knowledgeos_theory_research/corpus/knowledge_os_with_lina_puran/20260919-110056_round-602_review-r602-4-executable-reference-calculus.md
F2252	Sep 19 11:05 docs/knowledgeos/brainstorming/knowledgeos_theory_research/corpus/knowledge_os_with_lina_puran/20260919-110546_r604-1_contextualized-reference-calculus.md
F2253	Sep 19 11:06 docs/knowledgeos/brainstorming/knowledgeos_theory_research/corpus/knowledge_os_with_lina_puran/20260919-110639_round-602_review-r602-4-first-executable-reference-calculus.md
F2254	Sep 19 11:11 docs/knowledgeos/brainstorming/knowledgeos_theory_research/corpus/knowledge_os_with_lina_puran/20260919-111109_r604-2_composition-associativity.md
F2255	Sep 19 11:12 docs/knowledgeos/brainstorming/knowledgeos_theory_research/corpus/knowledge_os_with_lina_puran/20260919-111255_round-602_review-r602-4-first-executable-reference-calculus-dup.md
F2256	Sep 19 11:18 docs/knowledgeos/brainstorming/knowledgeos_theory_research/corpus/knowledge_os_with_lina_puran/20260919-111801_r604-3_composition-law-matrix-associativity-non-commutativity.md
F2257	Sep 19 11:20 docs/knowledgeos/brainstorming/knowledgeos_theory_research/corpus/knowledge_os_with_lina_puran/20260919-112001_round-604_review-r604-2-composition-associativity.md
F2258	Sep 19 11:22 docs/knowledgeos/brainstorming/knowledgeos_theory_research/corpus/knowledge_os_with_lina_puran/20260919-112229_r604-4_preservation-composition.md
F2259	Sep 19 11:23 docs/knowledgeos/brainstorming/knowledgeos_theory_research/corpus/knowledge_os_with_lina_puran/20260919-112303_r604-3_composition-law-matrix-non-commutativity.md
F2260	Sep 19 11:26 docs/knowledgeos/brainstorming/knowledgeos_theory_research/corpus/knowledge_os_with_lina_puran/20260919-112605_r604-5_loss-tpp-recoverability.md
F2261	Sep 19 11:29 docs/knowledgeos/brainstorming/knowledgeos_theory_research/corpus/knowledge_os_with_lina_puran/20260919-112956_r604-5_loss-tpp-recoverability-dup.md
F2262	Sep 19 11:35 docs/knowledgeos/brainstorming/knowledgeos_theory_research/corpus/knowledge_os_with_lina_puran/20260919-113512_r604-6_provenance-history-composition-dup.md
F2263	Sep 19 11:38 docs/knowledgeos/brainstorming/knowledgeos_theory_research/corpus/knowledge_os_with_lina_puran/20260919-113821_r604-7_continued-r604-6-read-attached-knowledgeos-r604-6-reference-calculus.md
F2264	Sep 19 11:38 docs/knowledgeos/brainstorming/knowledgeos_theory_research/corpus/knowledge_os_with_lina_puran/20260919-113854_round-604_review-r604-6-provenance-history-composition.md
F2265	Sep 19 11:44 docs/knowledgeos/brainstorming/knowledgeos_theory_research/corpus/knowledge_os_with_lina_puran/20260919-114425_r604-8_multi-factor-dependency.md
F2266	Sep 19 11:45 docs/knowledgeos/brainstorming/knowledgeos_theory_research/corpus/knowledge_os_with_lina_puran/20260919-114519_round-604_review-r604-7-dependency-target-scope-regime-relative-relation.md
F2267	Sep 19 11:53 docs/knowledgeos/brainstorming/knowledgeos_theory_research/corpus/knowledge_os_with_lina_puran/20260919-115303_r604-9_dependency-counterexample-minimality-stress-test.md
F2268	Sep 19 11:53 docs/knowledgeos/brainstorming/knowledgeos_theory_research/corpus/knowledge_os_with_lina_puran/20260919-115350_round-604_review-r604-8-multi-factor-dependency-intervention-algebra.md
F2269	Sep 19 11:58 docs/knowledgeos/brainstorming/knowledgeos_theory_research/corpus/knowledge_os_with_lina_puran/20260919-115824_r548_active-dependency-information-acquisition.md
F2270	Sep 19 12:00 docs/knowledgeos/brainstorming/knowledgeos_theory_research/corpus/knowledge_os_with_lina_puran/20260919-120035_r548_active-dependency-information-acquisition-dup.md
F2271	Sep 19 12:00 docs/knowledgeos/brainstorming/knowledgeos_theory_research/corpus/knowledge_os_with_lina_puran/20260919-120058_round-604_independent-review-r604-9-dependency-counterexample-minimality-stress-test.md
F2272	Sep 19 12:04 docs/knowledgeos/brainstorming/knowledgeos_theory_research/corpus/knowledge_os_with_lina_puran/20260919-120442_r549_sequential-active-acquisition.md
F2273	Sep 19 12:08 docs/knowledgeos/brainstorming/knowledgeos_theory_research/corpus/knowledge_os_with_lina_puran/20260919-120810_round-574_knowledgeos-r574.md
F2274	Sep 19 12:16 docs/knowledgeos/brainstorming/knowledgeos_theory_research/corpus/knowledge_os_with_lina_puran/20260919-121657_r575_logical-regime-boundary-conflict-calculus.md
F2275	Sep 19 12:17 docs/knowledgeos/brainstorming/knowledgeos_theory_research/corpus/knowledge_os_with_lina_puran/20260919-121742_r574-1_executable-regime-admission-calculus.md
F2276	Sep 19 12:23 docs/knowledgeos/brainstorming/knowledgeos_theory_research/corpus/knowledge_os_with_lina_puran/20260919-122329_independent-review-r575-logical-regime-boundary-conflict-calculus.md
F2277	Sep 19 12:25 docs/knowledgeos/brainstorming/knowledgeos_theory_research/corpus/knowledge_os_with_lina_puran/20260919-122527_independent-review-r576-cross-regime-translation-composition.md
F2278	Sep 19 12:30 docs/knowledgeos/brainstorming/knowledgeos_theory_research/corpus/knowledge_os_with_lina_puran/20260919-123035_r578_global-compositional-closure.md
F2279	Sep 19 12:39 docs/knowledgeos/brainstorming/knowledgeos_theory_research/corpus/knowledge_os_with_lina_puran/20260919-123919_r580_certificate-lifecycle-selective-revalidation.md
F2280	Sep 19 12:39 docs/knowledgeos/brainstorming/knowledgeos_theory_research/corpus/knowledge_os_with_lina_puran/20260919-123950_r579_independent-review-r579-dependency-acquisition-revision-composition.md
F2281	Sep 19 12:44 docs/knowledgeos/brainstorming/knowledgeos_theory_research/corpus/knowledge_os_with_lina_puran/20260919-124404_r581_formal-assessment-certificate-lifecycle-state-machine.md
F2282	Sep 19 12:44 docs/knowledgeos/brainstorming/knowledgeos_theory_research/corpus/knowledge_os_with_lina_puran/20260919-124427_r580_independent-review-r580-certificate-lifecycle-selective-revalidation.md
F2283	Sep 19 12:47 docs/knowledgeos/brainstorming/knowledgeos_theory_research/corpus/knowledge_os_with_lina_puran/20260919-124723_r582_selective-revalidation-impact-closure.md
F2284	Sep 19 12:47 docs/knowledgeos/brainstorming/knowledgeos_theory_research/corpus/knowledge_os_with_lina_puran/20260919-124752_r581_independent-review-r581-assessment-certificate-lifecycle-state-machine.md
F2285	Sep 19 12:49 docs/knowledgeos/brainstorming/knowledgeos_theory_research/corpus/knowledge_os_with_lina_puran/20260919-124922_r583_dependency-completeness-negative-impact-proof.md
F2286	Sep 19 12:49 docs/knowledgeos/brainstorming/knowledgeos_theory_research/corpus/knowledge_os_with_lina_puran/20260919-124951_r582_independent-review-r582-selective-revalidation-impact-closure.md
F2287	Sep 19 12:58 docs/knowledgeos/brainstorming/knowledgeos_theory_research/corpus/knowledge_os_with_lina_puran/20260919-125825_r584_completeness-basis-negative-impact-assurance.md
F2288	Sep 19 12:58 docs/knowledgeos/brainstorming/knowledgeos_theory_research/corpus/knowledge_os_with_lina_puran/20260919-125842_independent-review-r583-dependency-completeness-negative-impact-proof.md
F2289	Sep 19 13:01 docs/knowledgeos/brainstorming/knowledgeos_theory_research/corpus/knowledge_os_with_lina_puran/20260919-130121_independent-review-r584-completeness-basis-negative-impact-assurance.md
F2290	Sep 19 13:02 docs/knowledgeos/brainstorming/knowledgeos_theory_research/corpus/knowledge_os_with_lina_puran/20260919-130208_r585_completeness-verification-counterexample-calculus.md
F2291	Sep 19 13:08 docs/knowledgeos/brainstorming/knowledgeos_theory_research/corpus/knowledge_os_with_lina_puran/20260919-130818_independent-review-r586-adversarial-completeness-benchmark.md
F2292	Sep 19 13:09 docs/knowledgeos/brainstorming/knowledgeos_theory_research/corpus/knowledge_os_with_lina_puran/20260919-130902_independent-review-r586-adversarial-completeness-benchmark.md
F2293	Sep 19 13:09 docs/knowledgeos/brainstorming/knowledgeos_theory_research/corpus/knowledge_os_with_lina_puran/20260919-130951_r587_completeness-certificate-soundness.md
F2294	Sep 19 13:11 docs/knowledgeos/brainstorming/knowledgeos_theory_research/corpus/knowledge_os_with_lina_puran/20260919-131132_r587_completeness-certificate-soundness-dup.md
F2295	Sep 19 13:13 docs/knowledgeos/brainstorming/knowledgeos_theory_research/corpus/knowledge_os_with_lina_puran/20260919-131323_r588_universe-closure-calculus.md
F2296	Sep 19 13:13 docs/knowledgeos/brainstorming/knowledgeos_theory_research/corpus/knowledge_os_with_lina_puran/20260919-131336_independent-review-r587-completeness-certificate-soundness.md
F2297	Sep 19 13:15 docs/knowledgeos/brainstorming/knowledgeos_theory_research/corpus/knowledge_os_with_lina_puran/20260919-131531_r589_compositional-universe-closure.md
F2298	Sep 19 13:17 docs/knowledgeos/brainstorming/knowledgeos_theory_research/corpus/knowledge_os_with_lina_puran/20260919-131721_independent-review-r589-compositional-universe-closure.md
F2299	Sep 19 13:30 docs/knowledgeos/brainstorming/knowledgeos_theory_research/corpus/knowledge_os_with_lina_puran/20260919-133022_r594_minimal-support-hypergraph-semantic-equivalence.md
F2300	Sep 19 13:35 docs/knowledgeos/brainstorming/knowledgeos_theory_research/corpus/knowledge_os_with_lina_puran/20260919-133556_r596_cross-semantic-dependency-composition.md
F2301	Sep 19 13:43 docs/knowledgeos/brainstorming/knowledgeos_theory_research/corpus/knowledge_os_with_lina_puran/20260919-134315_r598_sufficient-conditions-semantic-associativity.md
F2302	Sep 19 13:45 docs/knowledgeos/brainstorming/knowledgeos_theory_research/corpus/knowledge_os_with_lina_puran/20260919-134501_r599_identity-semantic-equivalence-category-closure.md
F2303	Sep 19 16:02 docs/knowledgeos/brainstorming/knowledgeos_theory_research/corpus/knowledge_os_with_lina_puran/20260919-160220_independent-review-import-smith-s-logic-laws-truth-knowledgeos.md
F2304	Sep 19 19:50 docs/knowledgeos/brainstorming/knowledgeos_theory_research/corpus/knowledge_os_with_lina_puran/20260919-195034_round-600_new-base-10-base-5-base-2-analysis-adds-genuinely.md
F2305	Sep 19 19:52 docs/knowledgeos/brainstorming/knowledgeos_theory_research/corpus/knowledge_os_with_lina_puran/20260919-195209_round-600_r-review-representation-invariant-calculus-correction-residual-issues-invariant.md
F2306	Sep 19 19:52 docs/knowledgeos/brainstorming/knowledgeos_theory_research/corpus/knowledge_os_with_lina_puran/20260919-195253_round-600_r-review-representation-invariant-calculus-correction-residual-issues-invariant-dup.md
F2307	Sep 19 19:55 docs/knowledgeos/brainstorming/knowledgeos_theory_research/corpus/knowledge_os_with_lina_puran/20260919-195535_round-600_r2-review-representation-invariant-tightening-residual-corrections-executable-reference.md
F2308	Sep 19 20:04 docs/knowledgeos/brainstorming/knowledgeos_theory_research/corpus/knowledge_os_with_lina_puran/20260919-200450_round-601_review-palmistry-extraction-corrections-first-executable-interpretive-calculus.md
F2309	Sep 19 20:11 docs/knowledgeos/brainstorming/knowledgeos_theory_research/corpus/knowledge_os_with_lina_puran/20260919-201137_round-602_review-algorithmic-reasoning-extraction-corrections-executable-reference-kernel-v0.md
F2310	Sep 19 20:12 docs/knowledgeos/brainstorming/knowledgeos_theory_research/corpus/knowledge_os_with_lina_puran/20260919-201212_central-problem-knowledgeos-theory.md
F2311	Sep 19 20:18 docs/knowledgeos/brainstorming/knowledgeos_theory_research/corpus/knowledge_os_with_lina_puran/20260919-201846_round-602_round-602-executable-knowledgeos-reasoning-kernel-attached-material-gives-us.md
F2312	Sep 19 20:28 docs/knowledgeos/brainstorming/knowledgeos_theory_research/corpus/knowledge_os_with_lina_puran/20260919-202804_r603_executable-reasoning-reference-kernel.md
F2313	Sep 19 20:41 docs/knowledgeos/brainstorming/knowledgeos_theory_research/corpus/knowledge_os_with_lina_puran/20260919-204116_r604_dependency-aware-bayesian-reasoning.md
F2314	Sep 19 22:13 docs/knowledgeos/brainstorming/knowledgeos_theory_research/corpus/knowledge_os_with_lina_puran/20260919-221328_round-604_round-603-adaptive-multiresolution-epistemic-zoom-calculus-have-reviewed-attached.md
F2315	Sep 20 09:32 docs/knowledgeos/brainstorming/knowledgeos_theory_research/corpus/knowledge_os_with_lina_puran/20260920-093245_ablation-actually.md
F2316	Sep 20 09:35 docs/knowledgeos/brainstorming/knowledgeos_theory_research/corpus/knowledge_os_with_lina_puran/20260920-093557_professional-analysis-knowledgeos-work-ablation-means.md
F2317	Sep 20 09:38 docs/knowledgeos/brainstorming/knowledgeos_theory_research/corpus/knowledge_os_with_lina_puran/20260920-093835_how-linear-algebra-algebraic-topology-can-used-knowledgeos.md
F2318	Sep 20 09:49 docs/knowledgeos/brainstorming/knowledgeos_theory_research/corpus/knowledge_os_with_lina_puran/20260920-094919_comparative-analysis-zero-lens-vs-yoni-lens-how-improve-both.md
F2319	Sep 20 09:54 docs/knowledgeos/brainstorming/knowledgeos_theory_research/corpus/knowledge_os_with_lina_puran/20260920-095420_comparative-analysis-zero-lens-vs-yoni-lens-how-improve-both-dup.md
F2320	Sep 20 09:54 docs/knowledgeos/brainstorming/knowledgeos_theory_research/corpus/knowledge_os_with_lina_puran/20260920-095442_reviewing-algebraic-process-knowledgeos-kernel-through-ablation-zero-lens-yoni.md
F2321	Sep 20 09:57 docs/knowledgeos/brainstorming/knowledgeos_theory_research/corpus/knowledge_os_with_lina_puran/20260920-095711_reviewing-whole-knowledge-algebra-through-ablation-zero-lens-yoni-lens.md
F2322	Sep 20 09:58 docs/knowledgeos/brainstorming/knowledgeos_theory_research/corpus/knowledge_os_with_lina_puran/20260920-095809_complete-knowledgeos-lens-architecture-ablation-zero-yoni-lord-kernel-yoni.md
F2323	Sep 20 10:00 docs/knowledgeos/brainstorming/knowledgeos_theory_research/corpus/knowledge_os_with_lina_puran/20260920-100028_knowledgeos-critical-review-formal-reconstruction-knowledge-algebra.md
F2324	Sep 20 10:05 docs/knowledgeos/brainstorming/knowledgeos_theory_research/corpus/knowledge_os_with_lina_puran/20260920-100536_knowledgeos-step-545-executable-specification-empirical-gate-implementation-roadmap.md
F2325	Sep 20 10:24 docs/knowledgeos/brainstorming/knowledgeos_theory_research/corpus/knowledge_os_with_lina_puran/20260920-102409_implementing-sheaves-manifolds-knowledgeos-algebra.md
F2326	Sep 20 10:26 docs/knowledgeos/brainstorming/knowledgeos_theory_research/corpus/knowledge_os_with_lina_puran/20260920-102643_extraction-important-facts-categories-sheaves-kashiwara-schapira-2006.md
F2327	Sep 20 10:33 docs/knowledgeos/brainstorming/knowledgeos_theory_research/corpus/knowledge_os_with_lina_puran/20260920-103327_step-561_extraction-kashiwara-schapira-s-categories-sheaves-knowledgeos.md
F2328	Sep 20 11:03 docs/knowledgeos/brainstorming/knowledgeos_theory_research/corpus/knowledge_os_with_lina_puran/20260920-110358_continued-next-step-used-attached-document-research-basis-also-executed.md
F2329	Sep 20 11:28 docs/knowledgeos/brainstorming/knowledgeos_theory_research/corpus/knowledge_os_with_lina_puran/20260920-112846_would-continue-corrected-s1-2-formulation-rather-than-starting-another-dup.md
F2330	Sep 20 13:30 docs/knowledgeos/brainstorming/knowledgeos_theory_research/corpus/knowledge_os_with_lina_puran/20260920-133005_seeing-knowledgeos-lens-architecture-through-five-lenses.md
F2331	Sep 20 13:30 docs/knowledgeos/brainstorming/knowledgeos_theory_research/corpus/knowledge_os_with_lina_puran/20260920-133014_extraction-ad-mek-rosick-vitale-algebraic-theories-categorical-introduction-general.md
F2332	Sep 20 13:31 docs/knowledgeos/brainstorming/knowledgeos_theory_research/corpus/knowledge_os_with_lina_puran/20260920-133102_using-five-lenses-ablation-zero-yoni-lord-kernel-yoni-ablation.md
F2333	Sep 20 13:32 docs/knowledgeos/brainstorming/knowledgeos_theory_research/corpus/knowledge_os_with_lina_puran/20260920-133227_applying-five-lenses-kashiwara-schapira-extraction.md
F2334	Sep 20 14:48 docs/knowledgeos/brainstorming/knowledgeos_theory_research/corpus/knowledge_os_with_lina_puran/20260920-144852_continued-next-step-used-attached-document-research-basis-also-executed-dup2.md
F2335	Sep 20 15:36 docs/knowledgeos/brainstorming/knowledgeos_theory_research/corpus/knowledge_os_with_lina_puran/20260920-153640_s1-2b-exact-cellular-knowledgeos-validation-dup3.md
F2336	Sep 20 15:38 docs/knowledgeos/brainstorming/knowledgeos_theory_research/corpus/knowledge_os_with_lina_puran/20260920-153857_b0-evidence-count-baseline.md
F2337	Sep 20 15:40 docs/knowledgeos/brainstorming/knowledgeos_theory_research/corpus/knowledge_os_with_lina_puran/20260920-154002_next-step-prove-whether-local-global-reasoning-adds-capability.md
F2338	Sep 20 15:40 docs/knowledgeos/brainstorming/knowledgeos_theory_research/corpus/knowledge_os_with_lina_puran/20260920-154049_step-001_execute-first-scalable-local-global-benchmark.md
F2339	Sep 20 15:50 docs/knowledgeos/brainstorming/knowledgeos_theory_research/corpus/knowledge_os_with_lina_puran/20260920-155007_step-lg-05-knowledgeos-ablation-causal-reasoning-protocol.md
F2340	Sep 15 20:08 docs/knowledgeos/brainstorming/knowledgeos_theory_research/corpus/knowledge_os_with_lina_puran/20260915-200845_have-linga-purana-you-uploaded-bibek-debroy-dipavali-debroy-translation.md
F2341	Sep 15 20:09 docs/knowledgeos/brainstorming/knowledgeos_theory_research/corpus/knowledge_os_with_lina_puran/20260915-200948_think-much-more-interesting-direction-than-treating-linga-purana-only.md
F2342	Sep 15 20:11 docs/knowledgeos/brainstorming/knowledgeos_theory_research/corpus/knowledge_os_with_lina_puran/20260915-201117_if-take-linga-not-merely-object-but-symbol-unbounded-infinite.md
F2343	Sep 15 20:13 docs/knowledgeos/brainstorming/knowledgeos_theory_research/corpus/knowledge_os_with_lina_puran/20260915-201309_have-examined-relevant-parts-deborah-adele-s-yamas-niyamas-exploring.md
F2344	Sep 15 20:15 docs/knowledgeos/brainstorming/knowledgeos_theory_research/corpus/knowledge_os_with_lina_puran/20260915-201510_knowledgeos-formal-definition-zero.md
F2345	Sep 15 20:16 docs/knowledgeos/brainstorming/knowledgeos_theory_research/corpus/knowledge_os_with_lina_puran/20260915-201646_clarification-changes-how-would-review-operational-architecture-knowledgeos-your-actual.md
F2346	Sep 15 20:17 docs/knowledgeos/brainstorming/knowledgeos_theory_research/corpus/knowledge_os_with_lina_puran/20260915-201755_think-garuda-purana-gives-us-much-better-metaphor-actual-knowledgeos.md
F2347	Sep 15 20:19 docs/knowledgeos/brainstorming/knowledgeos_theory_research/corpus/knowledge_os_with_lina_puran/20260915-201917_where-would-deliberately-slow-down-not-formalize-too-early-have.md
F2348	Sep 15 20:23 docs/knowledgeos/brainstorming/knowledgeos_theory_research/corpus/knowledge_os_with_lina_puran/20260915-202340_knowledgeos-theory.md
F2349	Sep 15 20:26 docs/knowledgeos/brainstorming/knowledgeos_theory_research/corpus/knowledge_os_with_lina_puran/20260915-202606_would-make-much-more-precise-important-ddd-insight-smallest-must.md
F2350	Sep 15 20:28 docs/knowledgeos/brainstorming/knowledgeos_theory_research/corpus/knowledge_os_with_lina_puran/20260915-202845_after-reviewing-existing-derivation-record-would-make-important-correction-previous.md
F2351	Sep 15 20:31 docs/knowledgeos/brainstorming/knowledgeos_theory_research/corpus/knowledge_os_with_lina_puran/20260915-203115_very-important-direction-test-if-seriously-consider-boxed-text-knowledge.md
F2352	Sep 15 20:32 docs/knowledgeos/brainstorming/knowledgeos_theory_research/corpus/knowledge_os_with_lina_puran/20260915-203237_think-can-take-formal-research-hypothesis-rather-than-merely-analogy.md
F2353	Sep 15 20:33 docs/knowledgeos/brainstorming/knowledgeos_theory_research/corpus/knowledge_os_with_lina_puran/20260915-203354_experiment-k-1-can-infinite-probability-space-itself-preserve-knowledgeos.md
F2354	Sep 15 20:36 docs/knowledgeos/brainstorming/knowledgeos_theory_research/corpus/knowledge_os_with_lina_puran/20260915-203606_k-2_research-question.md
F2355	Sep 15 20:37 docs/knowledgeos/brainstorming/knowledgeos_theory_research/corpus/knowledge_os_with_lina_puran/20260915-203750_k2-c_same-probability-space-different-histories.md
F2356	Sep 15 20:39 docs/knowledgeos/brainstorming/knowledgeos_theory_research/corpus/knowledge_os_with_lina_puran/20260915-203919_would-change-research-strategy-previous-k3-plan-remove-one-one.md
F2357	Sep 15 20:40 docs/knowledgeos/brainstorming/knowledgeos_theory_research/corpus/knowledge_os_with_lina_puran/20260915-204031_k3-zero-guided-irreducibility-research.md
F2358	Sep 15 20:41 docs/knowledgeos/brainstorming/knowledgeos_theory_research/corpus/20260915-204109_vedic-math-genius-evaluation-operational-tricks-vs-structural-invariants.md
F2359	Sep 15 20:42 docs/knowledgeos/brainstorming/knowledgeos_theory_research/corpus/knowledge_os_with_lina_puran/20260915-204219_k3-r_representation-replacement.md
F2360	Sep 15 20:45 docs/knowledgeos/brainstorming/knowledgeos_theory_research/corpus/knowledge_os_with_lina_puran/20260915-204518_k4-a_capability-reduction-delegability.md
F2361	Sep 15 20:46 docs/knowledgeos/brainstorming/knowledgeos_theory_research/corpus/knowledge_os_with_lina_puran/20260915-204626_k4-b_delegation-boundary-anchoring.md
F2362	Sep 15 20:48 docs/knowledgeos/brainstorming/knowledgeos_theory_research/corpus/knowledge_os_with_lina_puran/20260915-204823_k4-c_anchor-compression-independence.md
F2363	Sep 15 20:51 docs/knowledgeos/brainstorming/knowledgeos_theory_research/corpus/knowledge_os_with_lina_puran/20260915-205122_k4-d_anchor-independence-counterexamples.md
F2364	Sep 15 20:55 docs/knowledgeos/brainstorming/knowledgeos_theory_research/corpus/knowledge_os_with_lina_puran/20260915-205516_k4-e_joint-reduction-synergy-analysis.md
F2365	Sep 15 20:56 docs/knowledgeos/brainstorming/knowledgeos_theory_research/corpus/knowledge_os_with_lina_puran/20260915-205630_k4-f_inquiry-completeness-discriminating-inquiry-set.md
F2366	Sep 15 20:59 docs/knowledgeos/brainstorming/knowledgeos_theory_research/corpus/knowledge_os_with_lina_puran/20260915-205907_k4-g_invariant-coverage.md
F2367	Sep 15 21:00 docs/knowledgeos/brainstorming/knowledgeos_theory_research/corpus/knowledge_os_with_lina_puran/20260915-210019_k4-h_coverage-minimality-separating-power.md
F2368	Sep 15 21:07 docs/knowledgeos/brainstorming/knowledgeos_theory_research/corpus/knowledge_os_with_lina_puran/20260915-210714_k5-c_history-provenance-transition.md
F2369	Sep 15 21:08 docs/knowledgeos/brainstorming/knowledgeos_theory_research/corpus/knowledge_os_with_lina_puran/20260915-210853_k5-b_dependency-graph-minimal-generating-set.md
F2370	Sep 15 21:12 docs/knowledgeos/brainstorming/knowledgeos_theory_research/corpus/knowledge_os_with_lina_puran/20260915-211251_k5-a_systematic-kernel-ablation.md
F2371	Sep 15 21:14 docs/knowledgeos/brainstorming/knowledgeos_theory_research/corpus/knowledge_os_with_lina_puran/20260915-211442_k4-h_coverage-minimality-separating-power-dup.md
F2372	Sep 15 21:19 docs/knowledgeos/brainstorming/knowledgeos_theory_research/corpus/knowledge_os_with_lina_puran/20260915-211951_k5-c_prime-state-event-provenance-factorization.md
F2373	Sep 15 21:21 docs/knowledgeos/brainstorming/knowledgeos_theory_research/corpus/knowledge_os_with_lina_puran/20260915-212122_k5-c_temporal-history-transition-provenance.md
F2374	Sep 15 21:23 docs/knowledgeos/brainstorming/knowledgeos_theory_research/corpus/knowledge_os_with_lina_puran/20260915-212358_k5-d_attribution-frame-joint-reduction.md
F2375	Sep 17 16:26 docs/knowledgeos/brainstorming/knowledgeos_theory_research/corpus/knowledge_os_with_lina_puran/20260917-162602_k5-d_prime-epistemic-relation-stress-test.md
F2376	Sep 17 16:28 docs/knowledgeos/brainstorming/knowledgeos_theory_research/corpus/knowledge_os_with_lina_puran/20260917-162809_k5-e_global-configuration-reduction.md
F2377	Sep 17 16:29 docs/knowledgeos/brainstorming/knowledgeos_theory_research/corpus/knowledge_os_with_lina_puran/20260917-162916_k5-f_global-conformance-missing-capability-search.md
F2378	Sep 17 16:30 docs/knowledgeos/brainstorming/knowledgeos_theory_research/corpus/knowledge_os_with_lina_puran/20260917-163043_k5-g_cross-generator-reconstruction-anchor-compression.md
F2379	Sep 17 16:38 docs/knowledgeos/brainstorming/knowledgeos_theory_research/corpus/knowledge_os_with_lina_puran/20260917-163806_k5-h_anchor-sufficiency-external-delegation.md
F2380	Sep 17 16:39 docs/knowledgeos/brainstorming/knowledgeos_theory_research/corpus/knowledge_os_with_lina_puran/20260917-163921_k5-i_anchor-completeness-terminality.md
F2381	Sep 17 16:43 docs/knowledgeos/brainstorming/knowledgeos_theory_research/corpus/knowledge_os_with_lina_puran/20260917-164344_step-025i_knowledge-identity-algebra.md
F2382	Sep 17 16:44 docs/knowledgeos/brainstorming/knowledgeos_theory_research/corpus/knowledge_os_with_lina_puran/20260917-164451_step-025l_distributed-knowledge-merge-convergence-consistency.md
F2383	Sep 17 16:48 docs/knowledgeos/brainstorming/knowledgeos_theory_research/corpus/knowledge_os_with_lina_puran/20260917-164806_have-read-uploaded-step-274-canonical-knowledge-state-algebra-closure.md
F2384	Sep 17 16:51 docs/knowledgeos/brainstorming/knowledgeos_theory_research/corpus/knowledge_os_with_lina_puran/20260917-165123_step-275_canonical-epistemic-status-algebra.md
F2385	Sep 17 16:55 docs/knowledgeos/brainstorming/knowledgeos_theory_research/corpus/knowledge_os_with_lina_puran/20260917-165521_think-actually-stronger-direction-but-one-important-qualification-can-define.md
F2386	Sep 17 17:27 docs/knowledgeos/brainstorming/knowledgeos_theory_research/corpus/knowledge_os_with_lina_puran/20260917-172745_step-291_representation-independence-alternative-basis-test.md
F2387	Sep 17 18:12 docs/knowledgeos/brainstorming/knowledgeos_theory_research/corpus/knowledge_os_with_lina_puran/20260917-181222_step-291_representation-independence-alternative-basis-test.md
F2388	Sep 17 18:15 docs/knowledgeos/brainstorming/knowledgeos_theory_research/corpus/knowledge_os_with_lina_puran/20260917-181554_step-292_semantic-basis-separation-test.md
F2389	Sep 17 18:16 docs/knowledgeos/brainstorming/knowledgeos_theory_research/corpus/knowledge_os_with_lina_puran/20260917-181613_step-293_law-bearing-relation-basis-reduction.md
F2390	Sep 17 18:17 docs/knowledgeos/brainstorming/knowledgeos_theory_research/corpus/knowledge_os_with_lina_puran/20260917-181735_step-294_epistemic-capability-reconstruction.md
F2391	Sep 17 18:19 docs/knowledgeos/brainstorming/knowledgeos_theory_research/corpus/knowledge_os_with_lina_puran/20260917-181912_step-295_minimal-structural-requirements.md
F2392	Sep 17 18:33 docs/knowledgeos/brainstorming/knowledgeos_theory_research/corpus/knowledge_os_with_lina_puran/20260917-183320_step-296_law-system-minimality.md
F2393	Sep 17 18:34 docs/knowledgeos/brainstorming/knowledgeos_theory_research/corpus/knowledge_os_with_lina_puran/20260917-183438_step-297_semantic-contract-expressiveness.md
F2394	Sep 17 18:35 docs/knowledgeos/brainstorming/knowledgeos_theory_research/corpus/knowledge_os_with_lina_puran/20260917-183439_step-298_law-algebra-irreducibility.md
F2395	Sep 17 19:07 docs/knowledgeos/brainstorming/knowledgeos_theory_research/corpus/knowledge_os_with_lina_puran/20260917-190719_step-457_knowledgeos-step-457.md
F2396	Sep 17 19:09 docs/knowledgeos/brainstorming/knowledgeos_theory_research/corpus/knowledge_os_with_lina_puran/20260917-190920_step-458_knowledgeos-step-458.md
F2397	Sep 17 19:11 docs/knowledgeos/brainstorming/knowledgeos_theory_research/corpus/knowledge_os_with_lina_puran/20260917-191105_step-459_knowledgeos-step-459.md
F2398	Sep 17 19:13 docs/knowledgeos/brainstorming/knowledgeos_theory_research/corpus/knowledge_os_with_lina_puran/20260917-191315_step-460_knowledgeos-step-460.md
F2399	Sep 17 19:15 docs/knowledgeos/brainstorming/knowledgeos_theory_research/corpus/knowledge_os_with_lina_puran/20260917-191528_step-461_knowledgeos-step-461.md
F2400	Sep 17 19:22 docs/knowledgeos/brainstorming/knowledgeos_theory_research/corpus/knowledge_os_with_lina_puran/20260917-192208_step-463_knowledgeos-step-463.md
F2401	Sep 17 19:23 docs/knowledgeos/brainstorming/knowledgeos_theory_research/corpus/knowledge_os_with_lina_puran/20260917-192332_step-464_knowledgeos-step-464.md
F2402	Sep 17 21:17 docs/knowledgeos/brainstorming/knowledgeos_theory_research/corpus/knowledge_os_with_lina_puran/20260917-211759_step-464_knowledgeos-step-464-dup.md
F2403	Sep 17 21:25 docs/knowledgeos/brainstorming/knowledgeos_theory_research/corpus/knowledge_os_with_lina_puran/20260917-183439_step-299_continue-step-299-three-layer-law-irreducibility-test-current-candidate.md
F2404	Sep 17 21:26 docs/knowledgeos/brainstorming/knowledgeos_theory_research/corpus/knowledge_os_with_lina_puran/20260917-183439_step-300_unified-typed-semantic-calculus.md
F2405	Sep 17 21:28 docs/knowledgeos/brainstorming/knowledgeos_theory_research/corpus/knowledge_os_with_lina_puran/20260917-183439_step-301_environment-context-irreducibility.md
F2406	Sep 18 07:17 docs/knowledgeos/brainstorming/knowledgeos_theory_research/corpus/knowledge_os_with_lina_puran/20260917-183439_step-302_kernel-environment-separation.md
F2407	Sep 18 07:18 docs/knowledgeos/brainstorming/knowledgeos_theory_research/corpus/knowledge_os_with_lina_puran/20260917-183439_step-303_semantic-identity-stability.md
F2408	Sep 18 07:20 docs/knowledgeos/brainstorming/knowledgeos_theory_research/corpus/knowledge_os_with_lina_puran/20260917-183439_step-304_identity-algebra-congruence-test.md
F2409	Sep 18 07:21 docs/knowledgeos/brainstorming/knowledgeos_theory_research/corpus/knowledge_os_with_lina_puran/20260917-183439_step-305_identity-law-irreducibility-test.md
F2410	Sep 18 07:22 docs/knowledgeos/brainstorming/knowledgeos_theory_research/corpus/knowledge_os_with_lina_puran/20260917-183439_step-306_continue-step-306-law-bearing-relation-expressiveness-boundary-test-critical.md
F2411	Sep 18 07:30 docs/knowledgeos/brainstorming/knowledgeos_theory_research/corpus/knowledge_os_with_lina_puran/20260917-183439_step-307_dependency-reification-kernel-closure.md
F2412	Sep 18 07:30 docs/knowledgeos/brainstorming/knowledgeos_theory_research/corpus/knowledge_os_with_lina_puran/20260917-183439_step-308_continue-step-308-identity-irreducibility-referential-closure-test-critical-reduction.md
F2413	Sep 18 07:32 docs/knowledgeos/brainstorming/knowledgeos_theory_research/corpus/knowledge_os_with_lina_puran/20260917-183439_step-309_continue-step-309-relation-irreducibility-argument-semantics-test-correct-next.md
F2414	Sep 18 07:33 docs/knowledgeos/brainstorming/knowledgeos_theory_research/corpus/knowledge_os_with_lina_puran/20260917-183439_step-310_continue-step-310-law-interpreter-irreducibility-test-potentially-last-major.md
F2415	Sep 18 07:43 docs/knowledgeos/brainstorming/knowledgeos_theory_research/corpus/knowledge_os_with_lina_puran/20260917-183439_step-311_continue-step-311-computational-closure-test-decisive-stage-have-reduced.md
F2416	Sep 18 07:44 docs/knowledgeos/brainstorming/knowledgeos_theory_research/corpus/knowledge_os_with_lina_puran/20260917-183439_step-312_kernel-interpretation-vs-epistemic-interpretation.md
F2417	Sep 18 07:45 docs/knowledgeos/brainstorming/knowledgeos_theory_research/corpus/knowledge_os_with_lina_puran/20260917-183439_step-313_continue-step-313-minimal-kernel-semantic-language-test-objective-sharper.md
F2418	Sep 18 07:47 docs/knowledgeos/brainstorming/knowledgeos_theory_research/corpus/knowledge_os_with_lina_puran/20260917-183439_step-314_continue-step-314-minimal-kernel-semantic-contract-language-objective-attack.md
F2419	Sep 18 07:48 docs/knowledgeos/brainstorming/knowledgeos_theory_research/corpus/knowledge_os_with_lina_puran/20260917-183439_step-315_semantic-contract-composition-closure.md
F2420	Sep 18 07:50 docs/knowledgeos/brainstorming/knowledgeos_theory_research/corpus/knowledge_os_with_lina_puran/20260917-183439_step-316_semantic-self-reference-stratification-test.md
F2421	Sep 18 07:52 docs/knowledgeos/brainstorming/knowledgeos_theory_research/corpus/knowledge_os_with_lina_puran/20260917-183439_step-317_semantic-contract-soundness-invariant-preservation.md
F2422	Sep 18 07:53 docs/knowledgeos/brainstorming/knowledgeos_theory_research/corpus/knowledge_os_with_lina_puran/20260917-183439_step-318_semantic-contract-verifiability.md
F2423	Sep 18 07:54 docs/knowledgeos/brainstorming/knowledgeos_theory_research/corpus/knowledge_os_with_lina_puran/20260917-183439_step-319_completeness-kernel-semantic-contract-language.md
F2424	Sep 18 07:55 docs/knowledgeos/brainstorming/knowledgeos_theory_research/corpus/knowledge_os_with_lina_puran/20260917-183439_step-320_global-kernel-minimality-closure.md
F2425	Sep 18 08:05 docs/knowledgeos/brainstorming/knowledgeos_theory_research/corpus/knowledge_os_with_lina_puran/20260917-183439_step-321_minimality-semantic-equivalence.md
F2426	Sep 18 08:07 docs/knowledgeos/brainstorming/knowledgeos_theory_research/corpus/knowledge_os_with_lina_puran/20260917-183439_step-322_construction-representation-independent-semantic-equivalence.md
F2427	Sep 18 08:09 docs/knowledgeos/brainstorming/knowledgeos_theory_research/corpus/knowledge_os_with_lina_puran/20260917-183439_step-323_observation-completeness-hidden-dimension-attack.md
F2428	Sep 18 08:25 docs/knowledgeos/brainstorming/knowledgeos_theory_research/corpus/knowledge_os_with_lina_puran/20260917-183439_step-325_formalization-knowledgeos-kernel-calculus.md
F2429	Sep 18 08:27 docs/knowledgeos/brainstorming/knowledgeos_theory_research/corpus/knowledge_os_with_lina_puran/20260917-183439_step-326_inference-rules-knowledgeos-kernel-calculus.md
F2430	Sep 18 08:28 docs/knowledgeos/brainstorming/knowledgeos_theory_research/corpus/knowledge_os_with_lina_puran/20260917-183439_step-327_type-preservation-theorem.md
F2431	Sep 18 08:29 docs/knowledgeos/brainstorming/knowledgeos_theory_research/corpus/knowledge_os_with_lina_puran/20260917-183439_step-328_referential-preservation-theorem.md
F2432	Sep 18 08:32 docs/knowledgeos/brainstorming/knowledgeos_theory_research/corpus/knowledge_os_with_lina_puran/20260917-183439_step-325_formalization-knowledgeos-kernel-calculus-dup.md
F2433	Sep 18 08:34 docs/knowledgeos/brainstorming/knowledgeos_theory_research/corpus/knowledge_os_with_lina_puran/20260917-183439_step-329_integrated-kernel-invariant-preservation-irreducibility.md
F2434	Sep 18 08:35 docs/knowledgeos/brainstorming/knowledgeos_theory_research/corpus/knowledge_os_with_lina_puran/20260917-183439_step-330_kernel-soundness-theorem.md
F2435	Sep 18 08:42 docs/knowledgeos/brainstorming/knowledgeos_theory_research/corpus/knowledge_os_with_lina_puran/20260917-183439_step-331_invariant-basis-reduction.md
F2436	Sep 18 08:50 docs/knowledgeos/brainstorming/knowledgeos_theory_research/corpus/knowledge_os_with_lina_puran/20260917-183439_step-332_state-well-formedness-calculus.md
F2437	Sep 18 08:55 docs/knowledgeos/brainstorming/knowledgeos_theory_research/corpus/knowledge_os_with_lina_puran/20260917-183439_step-333_referential-structure-identity-preservation.md
F2438	Sep 18 08:56 docs/knowledgeos/brainstorming/knowledgeos_theory_research/corpus/knowledge_os_with_lina_puran/20260917-183439_step-334_referential-morphism-calculus.md
F2439	Sep 18 08:57 docs/knowledgeos/brainstorming/knowledgeos_theory_research/corpus/knowledge_os_with_lina_puran/20260917-183439_step-335_semantic-morphism-vs-observational-equivalence.md
F2440	Sep 18 11:03 docs/knowledgeos/brainstorming/knowledgeos_theory_research/corpus/knowledge_os_with_lina_puran/20260918-110337_step-549_sequential-active-acquisition-value-information.md
F2441	Sep 18 11:09 docs/knowledgeos/brainstorming/knowledgeos_theory_research/corpus/knowledge_os_with_lina_puran/20260918-110911_step-549_knowledgeos-revised-mathematical-derivation.md
F2442	Sep 18 11:16 docs/knowledgeos/brainstorming/knowledgeos_theory_research/corpus/knowledge_os_with_lina_puran/20260918-111625_step-550_formal-benchmark-semantics-oracle-separation.md
F2443	Sep 18 13:27 docs/knowledgeos/brainstorming/knowledgeos_theory_research/corpus/knowledge_os_with_lina_puran/20260917-183439_step-336_behavioral-equivalence-bisimulation-test.md
F2444	Sep 18 13:29 docs/knowledgeos/brainstorming/knowledgeos_theory_research/corpus/knowledge_os_with_lina_puran/20260917-183439_step-337_behavioral-irreducibility-test.md
F2445	Sep 18 13:30 docs/knowledgeos/brainstorming/knowledgeos_theory_research/corpus/knowledge_os_with_lina_puran/20260917-183439_step-337_behavioral-irreducibility-test-dup.md
F2446	Sep 18 13:30 docs/knowledgeos/brainstorming/knowledgeos_theory_research/corpus/knowledge_os_with_lina_puran/20260917-183439_step-338_behavioral-full-abstraction-test.md
F2447	Sep 18 13:31 docs/knowledgeos/brainstorming/knowledgeos_theory_research/corpus/knowledge_os_with_lina_puran/20260917-183439_step-339_kernel-operation-separating-family.md
F2448	Sep 18 13:33 docs/knowledgeos/brainstorming/knowledgeos_theory_research/corpus/knowledge_os_with_lina_puran/20260917-183439_step-340_transition-semantics-irreducibility.md
F2449	Sep 18 13:34 docs/knowledgeos/brainstorming/knowledgeos_theory_research/corpus/knowledge_os_with_lina_puran/20260917-183439_step-341_trace-semantics-reduction-test.md
F2450	Sep 18 13:35 docs/knowledgeos/brainstorming/knowledgeos_theory_research/corpus/knowledge_os_with_lina_puran/20260917-183439_step-342_semantic-contract-dependency-fibered-structure-test.md
F2451	Sep 18 13:37 docs/knowledgeos/brainstorming/knowledgeos_theory_research/corpus/knowledge_os_with_lina_puran/20260917-183439_step-342_semantic-contract-dependency-fibered-structure-test-dup.md
F2452	Sep 18 13:37 docs/knowledgeos/brainstorming/knowledgeos_theory_research/corpus/knowledge_os_with_lina_puran/20260917-183439_step-343_semantic-contract-fiber-calculus.md
F2453	Sep 18 13:41 docs/knowledgeos/brainstorming/knowledgeos_theory_research/corpus/knowledge_os_with_lina_puran/20260917-183439_step-344_refinement-congruence-contract-algebra.md
F2454	Sep 18 13:42 docs/knowledgeos/brainstorming/knowledgeos_theory_research/corpus/knowledge_os_with_lina_puran/20260917-183439_step-345_contract-algebra-completion-attack.md
F2455	Sep 18 13:43 docs/knowledgeos/brainstorming/knowledgeos_theory_research/corpus/knowledge_os_with_lina_puran/20260917-183439_step-346_mutual-refinement-vs-semantic-equivalence.md
F2456	Sep 18 13:44 docs/knowledgeos/brainstorming/knowledgeos_theory_research/corpus/knowledge_os_with_lina_puran/20260917-183439_step-347_full-abstraction-attack-semantic-contract-calculus.md
F2457	Sep 18 13:46 docs/knowledgeos/brainstorming/knowledgeos_theory_research/corpus/knowledge_os_with_lina_puran/20260917-183439_step-348_full-abstraction-theorem-attack.md
F2458	Sep 18 13:49 docs/knowledgeos/brainstorming/knowledgeos_theory_research/corpus/knowledge_os_with_lina_puran/20260917-183439_step-349_access-distinguishability-formalization.md
F2459	Sep 18 13:51 docs/knowledgeos/brainstorming/knowledgeos_theory_research/corpus/knowledge_os_with_lina_puran/20260917-183439_step-346_mutual-refinement-vs-semantic-equivalence-dup.md
F2460	Sep 18 13:55 docs/knowledgeos/brainstorming/knowledgeos_theory_research/corpus/knowledge_os_with_lina_puran/20260917-183439_step-349_step-349-access-distinguishability-formalization-continue-step-348-question-deliberately.md
F2461	Sep 18 13:57 docs/knowledgeos/brainstorming/knowledgeos_theory_research/corpus/knowledge_os_with_lina_puran/20260917-183439_step-350_infinite-access-representation-cardinality-attack.md
F2462	Sep 18 14:16 docs/knowledgeos/brainstorming/knowledgeos_theory_research/corpus/knowledge_os_with_lina_puran/20260918-141640_step-552_determination-preserving-active-acquisition.md
F2463	Sep 18 14:17 docs/knowledgeos/brainstorming/knowledgeos_theory_research/corpus/knowledge_os_with_lina_puran/20260918-141741_step-552_determination-preserving-active-acquisition-dup.md
F2464	Sep 18 14:50 docs/knowledgeos/brainstorming/knowledgeos_theory_research/corpus/knowledge_os_with_lina_puran/20260918-145046_step-553_assessment-relative-determination-retraction-cross-regime-validation.md
F2465	Sep 18 14:51 docs/knowledgeos/brainstorming/knowledgeos_theory_research/corpus/knowledge_os_with_lina_puran/20260918-145113_step-552_have-read-attached-step-552-material-substantial-improvement-over-step.md
F2466	Sep 18 14:52 docs/knowledgeos/brainstorming/knowledgeos_theory_research/corpus/knowledge_os_with_lina_puran/20260918-145245_have-read-attached-step-552-material-substantial-improvement-over-step-dup.md
F2467	Sep 18 15:00 docs/knowledgeos/brainstorming/knowledgeos_theory_research/corpus/knowledge_os_with_lina_puran/20260918-150049_step-554_context-assessment-regime-stable-knowledge.md
F2468	Sep 18 15:08 docs/knowledgeos/brainstorming/knowledgeos_theory_research/corpus/knowledge_os_with_lina_puran/20260918-150856_step-553_determination-separability-assessment-stability-retraction.md
F2469	Sep 18 15:13 docs/knowledgeos/brainstorming/knowledgeos_theory_research/corpus/knowledge_os_with_lina_puran/20260918-151300_yes-clean-negative-methodological-result-agree-degeneracy-has-lead-interpretation.md
F2470	Sep 18 15:13 docs/knowledgeos/brainstorming/knowledgeos_theory_research/corpus/knowledge_os_with_lina_puran/20260918-151314_methodological-verification-writing-formal-structure-presented-kr-biocomm-zero-01.md
F2471	Sep 18 15:21 docs/knowledgeos/brainstorming/knowledgeos_theory_research/corpus/knowledge_os_with_lina_puran/20260918-152148_step-554_have-reviewed-both-attached-step-554-artifacts-source-material-they.md
F2472	Sep 18 16:15 docs/knowledgeos/brainstorming/knowledgeos_theory_research/corpus/knowledge_os_with_lina_puran/20260918-161531_step-556_knowledgeos-consolidated-theory-sequential-epistemic-acquisition.md
F2473	Sep 18 16:32 docs/knowledgeos/brainstorming/knowledgeos_theory_research/corpus/knowledge_os_with_lina_puran/20260918-163259_step-557_have-reviewed-attached-step-557-sequential-planner-robustness-model-error.md
F2474	Sep 18 16:44 docs/knowledgeos/brainstorming/knowledgeos_theory_research/corpus/knowledge_os_with_lina_puran/20260918-164457_but-want-make-one-distinction-very-clear-have-not-independently.md
F2475	Sep 18 17:39 docs/knowledgeos/brainstorming/knowledgeos_theory_research/corpus/knowledge_os_with_lina_puran/20260918-173921_step-554_context-assessment-regime-stability-executable-falsification.md
F2476	Sep 18 17:41 docs/knowledgeos/brainstorming/knowledgeos_theory_research/corpus/knowledge_os_with_lina_puran/20260918-174132_step-561_have-reviewed-both-attached-analysis-actual-dummett-book-logical-basis.md
F2477	Sep 18 18:01 docs/knowledgeos/brainstorming/knowledgeos_theory_research/corpus/knowledge_os_with_lina_puran/20260918-180139_step-561_mathematical-meaning.md
F2478	Sep 18 18:48 docs/knowledgeos/brainstorming/knowledgeos_theory_research/corpus/knowledge_os_with_lina_puran/20260918-184823_step-559_knowledgeos-state-space-consolidation.md
F2479	Sep 18 19:33 docs/knowledgeos/brainstorming/knowledgeos_theory_research/corpus/knowledge_os_with_lina_puran/20260918-193346_round-560_non-circularity-definition-dependency-audit.md
F2480	Sep 18 19:35 docs/knowledgeos/brainstorming/knowledgeos_theory_research/corpus/knowledge_os_with_lina_puran/20260918-193541_round-560_non-circularity-definition-dependency-audit-dup.md
F2481	Sep 18 19:36 docs/knowledgeos/brainstorming/knowledgeos_theory_research/corpus/knowledge_os_with_lina_puran/20260918-193639_round-561_factivity-formalization.md
F2482	Sep 18 19:43 docs/knowledgeos/brainstorming/knowledgeos_theory_research/corpus/knowledge_os_with_lina_puran/20260918-194305_round-562_contr-conflict-algebra.md
F2483	Sep 18 19:50 docs/knowledgeos/brainstorming/knowledgeos_theory_research/corpus/knowledge_os_with_lina_puran/20260918-195014_round-563_ordering-selection-semantics.md
F2484	Sep 18 19:53 docs/knowledgeos/brainstorming/knowledgeos_theory_research/corpus/knowledge_os_with_lina_puran/20260918-195353_read-analyse-attached-which-claude-wrote-write-prompt-instructions-senior.md
F2485	Sep 18 19:55 docs/knowledgeos/brainstorming/knowledgeos_theory_research/corpus/knowledge_os_with_lina_puran/20260918-195508_person-decision-process-owner-their-task-1-define-problem-decision.md
F2486	Sep 18 19:55 docs/knowledgeos/brainstorming/knowledgeos_theory_research/corpus/knowledge_os_with_lina_puran/20260918-195514_at-point-kernel-minimality-not-defined-fewest-cells-operators-current.md
F2487	Sep 18 19:55 docs/knowledgeos/brainstorming/knowledgeos_theory_research/corpus/knowledge_os_with_lina_puran/20260918-195530_re-read-attached-document-state-research-next-steps-document-rather.md
F2488	Sep 18 19:55 docs/knowledgeos/brainstorming/knowledgeos_theory_research/corpus/knowledge_os_with_lina_puran/20260918-195546_my-senior-statistician-assessment.md
F2489	Sep 18 19:55 docs/knowledgeos/brainstorming/knowledgeos_theory_research/corpus/knowledge_os_with_lina_puran/20260918-195550_step-284_step-284-gap-analysis-governance-gate-step-285-canonical-k.md
F2490	Sep 18 19:55 docs/knowledgeos/brainstorming/knowledgeos_theory_research/corpus/knowledge_os_with_lina_puran/20260918-195557_after-reading-08-gap-analysis-verdict-07-minimum-implementable-knowledgeos.md
F2491	Sep 18 19:56 docs/knowledgeos/brainstorming/knowledgeos_theory_research/corpus/knowledge_os_with_lina_puran/20260918-195608_knowledgeos-216-step-end-end-theory-verification.md
F2492	Sep 18 20:15 docs/knowledgeos/brainstorming/knowledgeos_theory_research/corpus/knowledge_os_with_lina_puran/20260918-201517_round-564_semantic-equivalence.md
F2493	Sep 18 20:18 docs/knowledgeos/brainstorming/knowledgeos_theory_research/corpus/knowledge_os_with_lina_puran/20260918-201838_round-565_projection-invariants.md
F2494	Sep 18 20:24 docs/knowledgeos/brainstorming/knowledgeos_theory_research/corpus/knowledge_os_with_lina_puran/20260918-202401_step-567_knowledgeos-research-programme-round-566.md
F2495	Sep 18 20:28 docs/knowledgeos/brainstorming/knowledgeos_theory_research/corpus/knowledge_os_with_lina_puran/20260918-202844_step-567_knowledgeos-research-programme-round-567.md
F2496	Sep 18 20:35 docs/knowledgeos/brainstorming/knowledgeos_theory_research/corpus/knowledge_os_with_lina_puran/20260918-203526_step-567_knowledgeos-research-programme-round-568.md
F2497	Sep 18 20:39 docs/knowledgeos/brainstorming/knowledgeos_theory_research/corpus/knowledge_os_with_lina_puran/20260918-203935_step-567_knowledgeos-research-programme-round-569.md
F2498	Sep 18 20:49 docs/knowledgeos/brainstorming/knowledgeos_theory_research/corpus/knowledge_os_with_lina_puran/20260918-204922_step-567_knowledgeos-research-programme-round-570.md
F2499	Sep 18 20:53 docs/knowledgeos/brainstorming/knowledgeos_theory_research/corpus/knowledge_os_with_lina_puran/20260918-205324_step-567_reviewed-attached-round-568-reduction-inquiry-preserving-state-compression-mathematical.md
F2500	Sep 18 20:55 docs/knowledgeos/brainstorming/knowledgeos_theory_research/corpus/knowledge_os_with_lina_puran/20260918-205538_step-567_knowledgeos-research-programme-round-571.md
F2501	Sep 18 21:00 docs/knowledgeos/brainstorming/knowledgeos_theory_research/corpus/knowledge_os_with_lina_puran/20260918-210019_step-567_knowledgeos-round-572.md
F2502	Sep 18 21:22 docs/knowledgeos/brainstorming/knowledgeos_theory_research/corpus/knowledge_os_with_lina_puran/20260918-212249_step-567_knowledgeos-round-573.md
F2503	Sep 18 21:32 docs/knowledgeos/brainstorming/knowledgeos_theory_research/corpus/knowledge_os_with_lina_puran/20260918-213223_step-567_knowledgeos-round-574.md
F2504	Sep 18 21:41 docs/knowledgeos/brainstorming/knowledgeos_theory_research/corpus/knowledge_os_with_lina_puran/20260918-214149_round-575_logical-regime-calculus.md
F2505	Sep 18 21:49 docs/knowledgeos/brainstorming/knowledgeos_theory_research/corpus/knowledge_os_with_lina_puran/20260918-214909_round-576_semantic-calculus-meaning-contract.md
F2506	Sep 18 21:54 docs/knowledgeos/brainstorming/knowledgeos_theory_research/corpus/knowledge_os_with_lina_puran/20260918-215438_round-577_radical-knowledge-frame-relativity-performance-based-epistemology.md
F2507	Sep 18 22:08 docs/knowledgeos/brainstorming/knowledgeos_theory_research/corpus/knowledge_os_with_lina_puran/20260918-220848_round-578_review-formal-frame-calculus-validation.md
F2508	Sep 18 22:13 docs/knowledgeos/brainstorming/knowledgeos_theory_research/corpus/knowledge_os_with_lina_puran/20260918-221304_round-578_review-formal-frame-calculus-validation-critical-analysis.md
F2509	Sep 18 22:19 docs/knowledgeos/brainstorming/knowledgeos_theory_research/corpus/knowledge_os_with_lina_puran/20260918-221904_round-578_executable-target-coverage-frame-calculus.md
F2510	Sep 18 22:26 docs/knowledgeos/brainstorming/knowledgeos_theory_research/corpus/knowledge_os_with_lina_puran/20260918-222647_round-579_critical-review-executable-ontology-assessment.md
F2511	Sep 18 22:32 docs/knowledgeos/brainstorming/knowledgeos_theory_research/corpus/knowledge_os_with_lina_puran/20260918-223207_round-579_review-critical-analysis-ontology-assessment-integration.md
F2512	Sep 18 22:34 docs/knowledgeos/brainstorming/knowledgeos_theory_research/corpus/knowledge_os_with_lina_puran/20260918-223411_round-580_ontology-assessment-reduction-executable-validation.md
F2513	Sep 18 22:42 docs/knowledgeos/brainstorming/knowledgeos_theory_research/corpus/knowledge_os_with_lina_puran/20260918-224228_round-581_assumption-relative-identifiability.md
F2514	Sep 18 22:43 docs/knowledgeos/brainstorming/knowledgeos_theory_research/corpus/knowledge_os_with_lina_puran/20260918-224329_round-581_review-assumption-relative-identifiability-critical-analysis.md
F2515	Sep 18 22:50 docs/knowledgeos/brainstorming/knowledgeos_theory_research/corpus/knowledge_os_with_lina_puran/20260918-225005_round-581_review-assumption-relative-identifiability-critical-analysis-dup.md
F2516	Sep 18 23:13 docs/knowledgeos/brainstorming/knowledgeos_theory_research/corpus/knowledge_os_with_lina_puran/20260918-231307_step-568_have-read-complete-241-page-pdf-vagueness-context-stewart-shapiro.md
F2517	Sep 18 23:18 docs/knowledgeos/brainstorming/knowledgeos_theory_research/corpus/knowledge_os_with_lina_puran/20260918-231815_step-584_knowledgeos-round-583-formal-semantic-closure-implementability.md
F2518	Sep 18 23:20 docs/knowledgeos/brainstorming/knowledgeos_theory_research/corpus/knowledge_os_with_lina_puran/20260918-232044_round-583_review-formal-semantic-closure-implementability.md
F2519	Sep 18 23:23 docs/knowledgeos/brainstorming/knowledgeos_theory_research/corpus/knowledge_os_with_lina_puran/20260918-232303_round-584_semantic-regime-independence.md
F2520	Sep 18 23:25 docs/knowledgeos/brainstorming/knowledgeos_theory_research/corpus/knowledge_os_with_lina_puran/20260918-232535_round-584_review-semantic-regime-independence-critical-analysis.md
F2521	Sep 18 23:28 docs/knowledgeos/brainstorming/knowledgeos_theory_research/corpus/knowledge_os_with_lina_puran/20260917-183439_step-351_access-contract-algebra-epistemic-partition-semantics.md
F2522	Sep 18 23:30 docs/knowledgeos/brainstorming/knowledgeos_theory_research/corpus/knowledge_os_with_lina_puran/20260917-183439_step-352_cross-domain-semantic-contract-completeness-attack.md
F2523	Sep 18 23:31 docs/knowledgeos/brainstorming/knowledgeos_theory_research/corpus/knowledge_os_with_lina_puran/20260917-183439_step-353_semantic-contract-algebra-normal-form.md
F2524	Sep 18 23:34 docs/knowledgeos/brainstorming/knowledgeos_theory_research/corpus/knowledge_os_with_lina_puran/20260917-183439_step-354_compositional-soundness-attack.md
F2525	Sep 18 23:36 docs/knowledgeos/brainstorming/knowledgeos_theory_research/corpus/knowledge_os_with_lina_puran/20260917-183439_step-355_concurrent-semantic-contracts-invariant-preserving-concurrency.md
F2526	Sep 18 23:37 docs/knowledgeos/brainstorming/knowledgeos_theory_research/corpus/knowledge_os_with_lina_puran/20260917-183439_step-356_history-irreducibility-attack.md
F2527	Sep 18 23:41 docs/knowledgeos/brainstorming/knowledgeos_theory_research/corpus/knowledge_os_with_lina_puran/20260917-183439_step-357_temporal-semantics-irreducibility-attack.md
F2528	Sep 18 23:41 docs/knowledgeos/brainstorming/knowledgeos_theory_research/corpus/knowledge_os_with_lina_puran/20260917-183439_step-358_context-irreducibility-attack.md
F2529	Sep 18 23:42 docs/knowledgeos/brainstorming/knowledgeos_theory_research/corpus/knowledge_os_with_lina_puran/20260917-183439_step-359_agent-participant-irreducibility-attack.md
F2530	Sep 18 23:49 docs/knowledgeos/brainstorming/knowledgeos_theory_research/corpus/knowledge_os_with_lina_puran/20260917-183439_step-360_proposition-content-irreducibility-attack.md
F2531	Sep 18 23:54 docs/knowledgeos/brainstorming/knowledgeos_theory_research/corpus/knowledge_os_with_lina_puran/20260917-183439_step-361_term-value-expression-semantic-object-irreducibility-attack.md
F2532	Sep 18 23:55 docs/knowledgeos/brainstorming/knowledgeos_theory_research/corpus/knowledge_os_with_lina_puran/20260917-183439_step-362_transition-semantics-irreducibility-attack.md
F2533	Sep 18 23:56 docs/knowledgeos/brainstorming/knowledgeos_theory_research/corpus/knowledge_os_with_lina_puran/20260917-183439_step-363_semantic-contract-recursion-self-reference-irreducibility-attack.md
F2534	Sep 18 23:57 docs/knowledgeos/brainstorming/knowledgeos_theory_research/corpus/knowledge_os_with_lina_puran/20260917-183439_step-364_event-assertion-fact-state-observation-relation-instance-irreducibility-attack.md
F2535	Sep 18 23:59 docs/knowledgeos/brainstorming/knowledgeos_theory_research/corpus/knowledge_os_with_lina_puran/20260917-183439_step-365_relation-instance-irreducibility-attack.md
F2536	Sep 19 00:01 docs/knowledgeos/brainstorming/knowledgeos_theory_research/corpus/knowledge_os_with_lina_puran/20260917-183439_step-366_state-irreducibility-attack.md
F2537	Sep 19 00:02 docs/knowledgeos/brainstorming/knowledgeos_theory_research/corpus/knowledge_os_with_lina_puran/20260917-183439_step-367_currentness-snapshot-configuration-irreducibility-attack.md
F2538	Sep 19 00:04 docs/knowledgeos/brainstorming/knowledgeos_theory_research/corpus/knowledge_os_with_lina_puran/20260917-183439_step-368_step-368-environment-regime-semantic-context-irreducibility-attack-attack-much.md
F2539	Sep 19 00:05 docs/knowledgeos/brainstorming/knowledgeos_theory_research/corpus/knowledge_os_with_lina_puran/20260917-183439_step-369_satisfaction-irreducibility-attack.md
F2540	Sep 19 00:07 docs/knowledgeos/brainstorming/knowledgeos_theory_research/corpus/knowledge_os_with_lina_puran/20260917-183439_step-370_requirement-criterion-constraint-goal-irreducibility-attack.md
F2541	Sep 19 00:09 docs/knowledgeos/brainstorming/knowledgeos_theory_research/corpus/knowledge_os_with_lina_puran/20260917-183439_step-371_evaluation-result-judgment-evidence-justification-irreducibility-attack.md
F2542	Sep 19 00:10 docs/knowledgeos/brainstorming/knowledgeos_theory_research/corpus/knowledge_os_with_lina_puran/20260919-001012_round-585_cross-regime-translation-target-preservation.md
F2543	Sep 19 00:22 docs/knowledgeos/brainstorming/knowledgeos_theory_research/corpus/knowledge_os_with_lina_puran/20260919-002206_step-584_knowledgeos-round-586.md
F2544	Sep 19 00:50 docs/knowledgeos/brainstorming/knowledgeos_theory_research/corpus/knowledge_os_with_lina_puran/20260919-005030_step-586_have-studied-attached-timothy-williamson-vagueness-focusing-not-only-headline.md
F2545	Sep 19 10:14 docs/knowledgeos/brainstorming/knowledgeos_theory_research/corpus/knowledge_os_with_lina_puran/20260919-101450_round-602_round-602-executable-invariant-engine-have-read-new-master-prompt.md
F2546	Sep 19 10:43 docs/knowledgeos/brainstorming/knowledgeos_theory_research/corpus/knowledge_os_with_lina_puran/20260919-104326_you-continuing-long-running-multi-session-research-program-called-knowledgeos.md
F2547	Sep 19 11:31 docs/knowledgeos/brainstorming/knowledgeos_theory_research/corpus/knowledge_os_with_lina_puran/20260919-113146_r604-6_provenance-history-composition.md
F2548	Sep 19 12:05 docs/knowledgeos/brainstorming/knowledgeos_theory_research/corpus/knowledge_os_with_lina_puran/20260919-120518_independent-review-step-548-identifiability-gated-active-dependency-acquisition.md
F2549	Sep 19 12:05 docs/knowledgeos/brainstorming/knowledgeos_theory_research/corpus/knowledge_os_with_lina_puran/20260919-120542_round-549_independent-review-r549-sequential-active-acquisition.md
F2550	Sep 19 12:18 docs/knowledgeos/brainstorming/knowledgeos_theory_research/corpus/knowledge_os_with_lina_puran/20260919-121819_independent-review-r574-mathematical-admission-regime-closure.md
F2551	Sep 19 12:21 docs/knowledgeos/brainstorming/knowledgeos_theory_research/corpus/knowledge_os_with_lina_puran/20260919-122142_r576_cross-regime-translation-composition.md
F2552	Sep 19 12:27 docs/knowledgeos/brainstorming/knowledgeos_theory_research/corpus/knowledge_os_with_lina_puran/20260919-122718_r577_target-preserving-composition-theorem.md
F2553	Sep 19 12:30 docs/knowledgeos/brainstorming/knowledgeos_theory_research/corpus/knowledge_os_with_lina_puran/20260919-123052_r577_independent-review-r577-target-preserving-composition-theorem.md
F2554	Sep 19 12:32 docs/knowledgeos/brainstorming/knowledgeos_theory_research/corpus/knowledge_os_with_lina_puran/20260919-123249_r578_independent-review-r578-global-compositional-closure.md
F2555	Sep 19 12:34 docs/knowledgeos/brainstorming/knowledgeos_theory_research/corpus/knowledge_os_with_lina_puran/20260919-123402_r579_dependency-acquisition-revision-composition.md
F2556	Sep 19 12:57 docs/knowledgeos/brainstorming/knowledgeos_theory_research/corpus/knowledge_os_with_lina_puran/20260919-125739_r584_completeness-basis.py
F2557	Sep 19 13:01 docs/knowledgeos/brainstorming/knowledgeos_theory_research/corpus/knowledge_os_with_lina_puran/20260919-130152_r585_completeness-verification.py
F2558	Sep 19 13:04 docs/knowledgeos/brainstorming/knowledgeos_theory_research/corpus/knowledge_os_with_lina_puran/20260919-130414_r586_adversarial-completeness-benchmark.py
F2559	Sep 19 13:04 docs/knowledgeos/brainstorming/knowledgeos_theory_research/corpus/knowledge_os_with_lina_puran/20260919-130437_r586_adversarial-completeness-benchmark-dup.py
F2560	Sep 19 13:05 docs/knowledgeos/brainstorming/knowledgeos_theory_research/corpus/knowledge_os_with_lina_puran/20260919-130532_r586_adversarial-completeness-benchmark.md
F2561	Sep 19 13:05 docs/knowledgeos/brainstorming/knowledgeos_theory_research/corpus/knowledge_os_with_lina_puran/20260919-130545_r586_adversarial-completeness-benchmark-dup2.py
F2562	Sep 19 13:10 docs/knowledgeos/brainstorming/knowledgeos_theory_research/corpus/knowledge_os_with_lina_puran/20260919-131006_r587_completeness-certificate-soundness.py
F2563	Sep 19 13:11 docs/knowledgeos/brainstorming/knowledgeos_theory_research/corpus/knowledge_os_with_lina_puran/20260919-131106_r587_completeness-certificate-soundness-dup.py
F2564	Sep 19 13:12 docs/knowledgeos/brainstorming/knowledgeos_theory_research/corpus/knowledge_os_with_lina_puran/20260919-131251_r588_universe-closure-calculus.py
F2565	Sep 19 13:15 docs/knowledgeos/brainstorming/knowledgeos_theory_research/corpus/knowledge_os_with_lina_puran/20260919-131501_r589_compositional-universe-closure.py
F2566	Sep 19 13:16 docs/knowledgeos/brainstorming/knowledgeos_theory_research/corpus/knowledge_os_with_lina_puran/20260919-131645_r590_higher-order-universe-closure.py
F2567	Sep 19 13:17 docs/knowledgeos/brainstorming/knowledgeos_theory_research/corpus/knowledge_os_with_lina_puran/20260919-131706_r590_higher-order-compositional-universe-closure.md
F2568	Sep 19 13:21 docs/knowledgeos/brainstorming/knowledgeos_theory_research/corpus/knowledge_os_with_lina_puran/20260919-132120_r591_higher-order-closure-interaction-completeness.md
F2569	Sep 19 13:21 docs/knowledgeos/brainstorming/knowledgeos_theory_research/corpus/knowledge_os_with_lina_puran/20260919-132132_r591_higher-order-closure-interaction.py
F2570	Sep 19 13:23 docs/knowledgeos/brainstorming/knowledgeos_theory_research/corpus/knowledge_os_with_lina_puran/20260919-132332_r592_dependency-order-bound-soundness.py
F2571	Sep 19 13:24 docs/knowledgeos/brainstorming/knowledgeos_theory_research/corpus/knowledge_os_with_lina_puran/20260919-132425_r592_dependency-order-bound-soundness.md
F2572	Sep 19 13:27 docs/knowledgeos/brainstorming/knowledgeos_theory_research/corpus/knowledge_os_with_lina_puran/20260919-132719_r593_minimal-support-dependency-order.py
F2573	Sep 19 13:27 docs/knowledgeos/brainstorming/knowledgeos_theory_research/corpus/knowledge_os_with_lina_puran/20260919-132748_r593_minimal-support-dependency-order.md
F2574	Sep 19 13:29 docs/knowledgeos/brainstorming/knowledgeos_theory_research/corpus/knowledge_os_with_lina_puran/20260919-132952_r594_minimal-support-hypergraph-semantics.py
F2575	Sep 19 13:33 docs/knowledgeos/brainstorming/knowledgeos_theory_research/corpus/knowledge_os_with_lina_puran/20260919-133311_r595_dependency-semantics.py
F2576	Sep 19 13:33 docs/knowledgeos/brainstorming/knowledgeos_theory_research/corpus/knowledge_os_with_lina_puran/20260919-133332_r595_dependency-semantics-beyond-deterministic-sufficiency.md
F2577	Sep 19 13:35 docs/knowledgeos/brainstorming/knowledgeos_theory_research/corpus/knowledge_os_with_lina_puran/20260919-133514_r596_cross-semantic-dependency-composition.py
F2578	Sep 19 13:39 docs/knowledgeos/brainstorming/knowledgeos_theory_research/corpus/knowledge_os_with_lina_puran/20260919-133947_r597_semantic-associativity.py
F2579	Sep 19 13:40 docs/knowledgeos/brainstorming/knowledgeos_theory_research/corpus/knowledge_os_with_lina_puran/20260919-134034_r597_semantic-associativity-knowledgeos-composition.md
F2580	Sep 19 13:42 docs/knowledgeos/brainstorming/knowledgeos_theory_research/corpus/knowledge_os_with_lina_puran/20260919-134229_r598_associativity-conditions.py
F2581	Sep 19 13:44 docs/knowledgeos/brainstorming/knowledgeos_theory_research/corpus/knowledge_os_with_lina_puran/20260919-134419_r599_identity-category-closure.py
F2582	Sep 19 13:46 docs/knowledgeos/brainstorming/knowledgeos_theory_research/corpus/knowledge_os_with_lina_puran/20260919-134629_r600_well-defined-composition-semantic-equivalence-classes.md
F2583	Sep 19 14:56 docs/knowledgeos/brainstorming/knowledgeos_theory_research/corpus/knowledge_os_with_lina_puran/20260919-145604_r603_adversarial-validation-knowledgeos-invariant-engine.md
F2584	Sep 19 16:00 docs/knowledgeos/brainstorming/knowledgeos_theory_research/corpus/knowledge_os_with_lina_puran/20260919-160048_r604_formal-logic-conformance-benchmark.md
F2585	Sep 19 16:04 docs/knowledgeos/brainstorming/knowledgeos_theory_research/corpus/knowledge_os_with_lina_puran/20260917-183439_step-372_observation-information-evidence-irreducibility-attack.md
F2586	Sep 19 16:06 docs/knowledgeos/brainstorming/knowledgeos_theory_research/corpus/knowledge_os_with_lina_puran/20260917-183439_step-373_hypothesis-belief-claim-assertion-irreducibility-attack.md
F2587	Sep 19 16:07 docs/knowledgeos/brainstorming/knowledgeos_theory_research/corpus/knowledge_os_with_lina_puran/20260917-183439_step-374_constructive-epistemic-composition-completeness-attack.md
F2588	Sep 19 16:09 docs/knowledgeos/brainstorming/knowledgeos_theory_research/corpus/knowledge_os_with_lina_puran/20260917-183439_step-375_epistemic-update-belief-revision-irreducibility-attack.md
F2589	Sep 19 16:11 docs/knowledgeos/brainstorming/knowledgeos_theory_research/corpus/knowledge_os_with_lina_puran/20260917-183439_step-376_satisfaction-revision-monotonicity-attack.md
F2590	Sep 19 16:13 docs/knowledgeos/brainstorming/knowledgeos_theory_research/corpus/knowledge_os_with_lina_puran/20260917-183439_step-377_evidence-sufficiency-satisfaction-closure-irreducibility-attack.md
F2591	Sep 19 16:14 docs/knowledgeos/brainstorming/knowledgeos_theory_research/corpus/knowledge_os_with_lina_puran/20260917-183439_step-378_inquiry-completeness-unknown-unknown-zero-closure-attack.md
F2592	Sep 19 16:15 docs/knowledgeos/brainstorming/knowledgeos_theory_research/corpus/knowledge_os_with_lina_puran/20260917-183439_step-379_requirement-universe-requirement-discovery-completeness-irreducibility-attack.md
F2593	Sep 19 16:17 docs/knowledgeos/brainstorming/knowledgeos_theory_research/corpus/knowledge_os_with_lina_puran/20260917-183439_step-380_zero-metazero-irreducibility-attack.md
F2594	Sep 19 16:18 docs/knowledgeos/brainstorming/knowledgeos_theory_research/corpus/knowledge_os_with_lina_puran/20260917-183439_step-381_boundary-semantics-unknown-underdetermined-insufficient-evidence-conflict-uninterpreted.md
F2595	Sep 19 16:19 docs/knowledgeos/brainstorming/knowledgeos_theory_research/corpus/knowledge_os_with_lina_puran/20260917-183439_step-382_boundary-finding-irreducibility-attack.md
F2596	Sep 19 16:20 docs/knowledgeos/brainstorming/knowledgeos_theory_research/corpus/knowledge_os_with_lina_puran/20260917-183439_step-383_boundary-classification-completeness-attack.md
F2597	Sep 19 16:21 docs/knowledgeos/brainstorming/knowledgeos_theory_research/corpus/knowledge_os_with_lina_puran/20260917-183439_step-384_boundary-composition-orthogonality-attack.md
F2598	Sep 19 16:22 docs/knowledgeos/brainstorming/knowledgeos_theory_research/corpus/knowledge_os_with_lina_puran/20260917-183439_step-385_boundary-dependency-causality-irreducibility-attack.md
F2599	Sep 19 16:23 docs/knowledgeos/brainstorming/knowledgeos_theory_research/corpus/knowledge_os_with_lina_puran/20260917-183439_step-386_dependency-closure-circularity-attack.md
F2600	Sep 19 16:24 docs/knowledgeos/brainstorming/knowledgeos_theory_research/corpus/knowledge_os_with_lina_puran/20260917-183439_step-387_closure-algebra-unification-attack.md
F2601	Sep 19 16:25 docs/knowledgeos/brainstorming/knowledgeos_theory_research/corpus/knowledge_os_with_lina_puran/20260917-183439_step-388_knowledge-order-information-knowledge-monotonicity-attack.md
F2602	Sep 19 16:26 docs/knowledgeos/brainstorming/knowledgeos_theory_research/corpus/knowledge_os_with_lina_puran/20260917-183439_step-389_knowledge-state-vs-knowledge-attribution-irreducibility-attack.md
F2603	Sep 19 16:29 docs/knowledgeos/brainstorming/knowledgeos_theory_research/corpus/knowledge_os_with_lina_puran/20260917-183439_step-390_knowledge-attribution-factivity-truth-access-attack.md
F2604	Sep 19 16:30 docs/knowledgeos/brainstorming/knowledgeos_theory_research/corpus/knowledge_os_with_lina_puran/20260917-183439_step-391_knowledge-attribution-identity-continuity-attack.md
F2605	Sep 19 16:31 docs/knowledgeos/brainstorming/knowledgeos_theory_research/corpus/knowledge_os_with_lina_puran/20260917-183439_step-392_knowledge-attribution-composition-closure-attack.md
F2606	Sep 19 16:33 docs/knowledgeos/brainstorming/knowledgeos_theory_research/corpus/knowledge_os_with_lina_puran/20260917-183439_step-393_knowledge-attribution-modal-relational-semantics-attack.md
F2607	Sep 19 16:34 docs/knowledgeos/brainstorming/knowledgeos_theory_research/corpus/knowledge_os_with_lina_puran/20260917-183439_step-394_epistemic-accessibility-information-partition-irreducibility-attack.md
F2608	Sep 19 16:36 docs/knowledgeos/brainstorming/knowledgeos_theory_research/corpus/knowledge_os_with_lina_puran/20260917-183439_step-395_epistemic-information-order-refinement-irreducibility-attack.md
F2609	Sep 19 16:38 docs/knowledgeos/brainstorming/knowledgeos_theory_research/corpus/knowledge_os_with_lina_puran/20260917-183439_step-396_epistemic-approximation-limit-convergence-attack.md
F2610	Sep 19 16:39 docs/knowledgeos/brainstorming/knowledgeos_theory_research/corpus/knowledge_os_with_lina_puran/20260917-183439_step-397_epistemic-revision-non-monotonicity-algebra-attack.md
F2611	Sep 19 16:41 docs/knowledgeos/brainstorming/knowledgeos_theory_research/corpus/knowledge_os_with_lina_puran/20260917-183439_step-398_branching-alternatives-choice-epistemic-possibility-attack.md
F2612	Sep 19 16:42 docs/knowledgeos/brainstorming/knowledgeos_theory_research/corpus/knowledge_os_with_lina_puran/20260917-183439_step-399_alternative-selection-ranking-preference-ordering-attack.md
F2613	Sep 19 16:44 docs/knowledgeos/brainstorming/knowledgeos_theory_research/corpus/knowledge_os_with_lina_puran/20260917-183439_step-400_collective-knowledge-evidence-fusion-emergent-intelligence-attack.md
F2614	Sep 19 16:45 docs/knowledgeos/brainstorming/knowledgeos_theory_research/corpus/knowledge_os_with_lina_puran/20260917-183439_step-401_learning-feedback-adaptation-epistemic-memory-attack.md
F2615	Sep 19 16:46 docs/knowledgeos/brainstorming/knowledgeos_theory_research/corpus/knowledge_os_with_lina_puran/20260917-183439_step-402_causal-learning-experimentation-intervention-attack.md
F2616	Sep 19 16:47 docs/knowledgeos/brainstorming/knowledgeos_theory_research/corpus/knowledge_os_with_lina_puran/20260917-183439_step-403_active-information-acquisition-experiment-selection-epistemic-value-attack.md
F2617	Sep 19 16:51 docs/knowledgeos/brainstorming/knowledgeos_theory_research/corpus/knowledge_os_with_lina_puran/20260917-183439_step-404_uncertainty-calibration-confidence-risk-attack.md
F2618	Sep 19 16:51 docs/knowledgeos/brainstorming/knowledgeos_theory_research/corpus/knowledge_os_with_lina_puran/20260917-183439_step-405_robustness-distribution-shift-adversarial-inputs-safe-failure-attack.md
F2619	Sep 19 16:52 docs/knowledgeos/brainstorming/knowledgeos_theory_research/corpus/knowledge_os_with_lina_puran/20260917-183439_step-406_verification-validation-testing-certification-epistemic-assurance-attack.md
F2620	Sep 19 16:53 docs/knowledgeos/brainstorming/knowledgeos_theory_research/corpus/knowledge_os_with_lina_puran/20260917-183439_step-407_evidence-aggregation-dependency-correlation-double-counting-determination-composition-attack.md
F2621	Sep 19 16:54 docs/knowledgeos/brainstorming/knowledgeos_theory_research/corpus/knowledge_os_with_lina_puran/20260917-183439_step-408_multi-source-uncertainty-belief-functions-credal-sets-possibility-fuzzy.md
F2622	Sep 19 16:56 docs/knowledgeos/brainstorming/knowledgeos_theory_research/corpus/knowledge_os_with_lina_puran/20260917-183439_step-409_cross-regime-composition-translation-interoperability-semantic-preservation-attack.md
F2623	Sep 19 16:57 docs/knowledgeos/brainstorming/knowledgeos_theory_research/corpus/knowledge_os_with_lina_puran/20260917-183439_step-410_model-disagreement-model-uncertainty-robust-decision-multi-model-epistemic.md
F2624	Sep 19 16:59 docs/knowledgeos/brainstorming/knowledgeos_theory_research/corpus/knowledge_os_with_lina_puran/20260917-183439_step-411_temporal-validity-freshness-staleness-revalidation-time-dependent-decision-correctness.md
F2625	Sep 19 17:00 docs/knowledgeos/brainstorming/knowledgeos_theory_research/corpus/knowledge_os_with_lina_puran/20260917-183439_step-412_epistemic-integrity-authenticity-tamper-evidence-provenance-integrity-attack.md
F2626	Sep 19 17:05 docs/knowledgeos/brainstorming/knowledgeos_theory_research/corpus/knowledge_os_with_lina_puran/20260917-183439_step-413_entity-resolution-semantic-identity-record-linkage-event-identity-attack.md
F2627	Sep 19 17:05 docs/knowledgeos/brainstorming/knowledgeos_theory_research/corpus/knowledge_os_with_lina_puran/20260917-183439_step-414_semantic-equivalence-content-equivalence-logical-equivalence-meaning-preservation-attack.md
F2628	Sep 19 17:16 docs/knowledgeos/brainstorming/knowledgeos_theory_research/corpus/knowledge_os_with_lina_puran/20260919-171653_r605_syntactic-resolution.py
F2629	Sep 19 17:17 docs/knowledgeos/brainstorming/knowledgeos_theory_research/corpus/knowledge_os_with_lina_puran/20260919-171711_r605_syntactic-proof-conformance.md
F2630	Sep 19 17:34 docs/knowledgeos/brainstorming/knowledgeos_theory_research/corpus/knowledge_os_with_lina_puran/20260919-173423_r606_exact-ntp-vs-logical-validity.md
F2631	Sep 19 17:51 docs/knowledgeos/brainstorming/knowledgeos_theory_research/corpus/knowledge_os_with_lina_puran/20260917-183439_step-415_semantic-composition-entailment-quantification-compositional-reasoning-attack.md
F2632	Sep 19 17:53 docs/knowledgeos/brainstorming/knowledgeos_theory_research/corpus/knowledge_os_with_lina_puran/20260917-183439_step-416_reasoning-soundness-completeness-counterexamples-proof-certificates-epistemic-validity-attack.md
F2633	Sep 19 17:55 docs/knowledgeos/brainstorming/knowledgeos_theory_research/corpus/knowledge_os_with_lina_puran/20260917-183439_step-417_explanation-interpretability-faithfulness-causal-explanation-human-understandable-decision-traceability.md
F2634	Sep 19 17:56 docs/knowledgeos/brainstorming/knowledgeos_theory_research/corpus/knowledge_os_with_lina_puran/20260917-183439_step-418_human-machine-epistemic-interaction-trust-calibration-delegation-authority-override.md
F2635	Sep 19 17:57 docs/knowledgeos/brainstorming/knowledgeos_theory_research/corpus/knowledge_os_with_lina_puran/20260917-183439_step-419_temporal-validity-freshness-staleness-expiration-revalidation-time-dependent-knowledge.md
F2636	Sep 19 17:59 docs/knowledgeos/brainstorming/knowledgeos_theory_research/corpus/knowledge_os_with_lina_puran/20260917-183439_step-420_knowledgeos-research-programme-step-420.md
F2637	Sep 19 18:01 docs/knowledgeos/brainstorming/knowledgeos_theory_research/corpus/knowledge_os_with_lina_puran/20260917-183439_step-420_knowledgeos-research-programme-step-421.md
F2638	Sep 19 18:03 docs/knowledgeos/brainstorming/knowledgeos_theory_research/corpus/knowledge_os_with_lina_puran/20260917-183439_step-421_knowledgeos-research-programme-step-421-dup.md
F2639	Sep 19 18:05 docs/knowledgeos/brainstorming/knowledgeos_theory_research/corpus/knowledge_os_with_lina_puran/20260917-183439_step-422_knowledgeos-research-programme-step-422.md
F2640	Sep 19 18:07 docs/knowledgeos/brainstorming/knowledgeos_theory_research/corpus/knowledge_os_with_lina_puran/20260917-183439_step-423_knowledgeos-research-programme-step-423.md
F2641	Sep 19 18:10 docs/knowledgeos/brainstorming/knowledgeos_theory_research/corpus/knowledge_os_with_lina_puran/20260917-183439_step-424_knowledgeos-research-programme-step-424.md
F2642	Sep 19 18:11 docs/knowledgeos/brainstorming/knowledgeos_theory_research/corpus/knowledge_os_with_lina_puran/20260917-183439_step-425_knowledgeos-research-programme-step-425.md
F2643	Sep 19 18:14 docs/knowledgeos/brainstorming/knowledgeos_theory_research/corpus/knowledge_os_with_lina_puran/20260917-183439_step-426_knowledgeos-research-programme-step-426.md
F2644	Sep 19 18:17 docs/knowledgeos/brainstorming/knowledgeos_theory_research/corpus/knowledge_os_with_lina_puran/20260917-183439_step-427_knowledgeos-research-programme-step-427.md
F2645	Sep 19 18:19 docs/knowledgeos/brainstorming/knowledgeos_theory_research/corpus/knowledge_os_with_lina_puran/20260917-183439_step-428_knowledgeos-research-programme-step-428.md
F2646	Sep 19 18:22 docs/knowledgeos/brainstorming/knowledgeos_theory_research/corpus/knowledge_os_with_lina_puran/20260917-183439_step-429_knowledgeos-research-programme-step-429.md
F2647	Sep 19 18:24 docs/knowledgeos/brainstorming/knowledgeos_theory_research/corpus/knowledge_os_with_lina_puran/20260917-183439_step-430_normative-closure-rule-derivation-deontic-inference-policy-composition-constraint.md
F2648	Sep 19 18:32 docs/knowledgeos/brainstorming/knowledgeos_theory_research/corpus/knowledge_os_with_lina_puran/20260917-183439_step-431_governance-conflict-normative-inconsistency-paraconsistent-governance-precedence-cycles-exception.md
F2649	Sep 19 18:33 docs/knowledgeos/brainstorming/knowledgeos_theory_research/corpus/knowledge_os_with_lina_puran/20260917-183439_step-432_decision-governance-inconsistency-conditional-admissibility-temporary-governance-emergency-governance.md
F2650	Sep 19 18:36 docs/knowledgeos/brainstorming/knowledgeos_theory_research/corpus/knowledge_os_with_lina_puran/20260917-183439_step-433_accountability-responsibility-liability-causal-attribution-decision-ownership-auditability-human.md
F2651	Sep 19 18:38 docs/knowledgeos/brainstorming/knowledgeos_theory_research/corpus/knowledge_os_with_lina_puran/20260917-183439_step-434_collective-responsibility-distributed-agency-multi-agent-causation-shared-accountability.md
F2652	Sep 19 18:41 docs/knowledgeos/brainstorming/knowledgeos_theory_research/corpus/knowledge_os_with_lina_puran/20260917-183439_step-435_negotiation-bargaining-strategic-behaviour-incentives-coalition-formation-mechanism-design.md
F2653	Sep 19 19:04 docs/knowledgeos/brainstorming/knowledgeos_theory_research/corpus/knowledge_os_with_lina_puran/20260917-183439_step-436_decision-mechanism-integrity-formal-nexus-decision-problem.md
F2654	Sep 19 19:08 docs/knowledgeos/brainstorming/knowledgeos_theory_research/corpus/knowledge_os_with_lina_puran/20260917-183439_step-437_decision-mechanism-manipulation-bias-fairness-adversarial-evaluation.md
F2655	Sep 19 19:10 docs/knowledgeos/brainstorming/knowledgeos_theory_research/corpus/knowledge_os_with_lina_puran/20260917-183439_step-438_decision-governance-evolution-drift-feedback-loops-decision-regret-self.md
F2656	Sep 19 19:12 docs/knowledgeos/brainstorming/knowledgeos_theory_research/corpus/knowledge_os_with_lina_puran/20260917-183439_step-439_adaptive-closed-loop-knowledgeos-control-stability-self-correction-safe.md
F2657	Sep 19 19:13 docs/knowledgeos/brainstorming/knowledgeos_theory_research/corpus/knowledge_os_with_lina_puran/20260917-183439_step-440_multi-agent-knowledgeos-coordination-distributed-knowledge-negotiation-collective-decision.md
F2658	Sep 19 19:15 docs/knowledgeos/brainstorming/knowledgeos_theory_research/corpus/knowledge_os_with_lina_puran/20260917-183439_step-441_collective-epistemic-state-shared-belief-common-knowledge-distributed-knowledge.md
F2659	Sep 19 19:17 docs/knowledgeos/brainstorming/knowledgeos_theory_research/corpus/knowledge_os_with_lina_puran/20260917-183439_step-442_epistemic-game-theory-strategic-information-signaling-deception-incentives-truth.md
F2660	Sep 19 19:18 docs/knowledgeos/brainstorming/knowledgeos_theory_research/corpus/knowledge_os_with_lina_puran/20260917-183439_step-443_strategic-experimentation-incentive-compatible-knowledge-acquisition-multi-agent-active.md
F2661	Sep 19 19:20 docs/knowledgeos/brainstorming/knowledgeos_theory_research/corpus/knowledge_os_with_lina_puran/20260917-183439_step-444_agency-autonomy-control-action-selection-bounded-autonomy-safe-exploration.md
F2662	Sep 19 19:22 docs/knowledgeos/brainstorming/knowledgeos_theory_research/corpus/knowledge_os_with_lina_puran/20260917-183439_step-448_autonomous-action-planning-execution-control-real-world-intervention-safety.md
F2663	Sep 19 19:23 docs/knowledgeos/brainstorming/knowledgeos_theory_research/corpus/knowledge_os_with_lina_puran/20260917-183439_step-449_recursive-self-improvement-self-modification-meta-learning-capability-growth.md
F2664	Sep 19 19:25 docs/knowledgeos/brainstorming/knowledgeos_theory_research/corpus/knowledge_os_with_lina_puran/20260917-183439_step-445_self-modeling-metacognition-self-assessment-recursive-reasoning-capability-discovery.md
F2665	Sep 19 19:27 docs/knowledgeos/brainstorming/knowledgeos_theory_research/corpus/knowledge_os_with_lina_puran/20260917-183439_step-446_self-identity-continuity-persistence-versioning-forking-cloning-migration-replacement.md
F2666	Sep 19 19:30 docs/knowledgeos/brainstorming/knowledgeos_theory_research/corpus/knowledge_os_with_lina_puran/20260917-183439_step-447_multi-agent-knowledgeos-communication-trust-delegation-negotiation-coordination-cooperation.md
F2667	Sep 19 19:47 docs/knowledgeos/brainstorming/knowledgeos_theory_research/corpus/knowledge_os_with_lina_puran/20260919-194728_knowledgeos-structural-reasoning-principle.md
F2668	Sep 19 19:54 docs/knowledgeos/brainstorming/knowledgeos_theory_research/corpus/knowledge_os_with_lina_puran/20260919-195456_have-reviewed-uploaded-knowledgeos-text-current-working-baseline-main-conclusion.md
F2669	Sep 19 20:03 docs/knowledgeos/brainstorming/knowledgeos_theory_research/corpus/knowledge_os_with_lina_puran/20260919-200350_book-much-more-useful-knowledgeos-than-first-appears-but-not.md
F2670	Sep 19 20:11 docs/knowledgeos/brainstorming/knowledgeos_theory_research/corpus/knowledge_os_with_lina_puran/20260919-201112_have-reviewed-new-book-thinking-algorithms-albert-rutherford-against-current.md
F2671	Sep 19 20:26 docs/knowledgeos/brainstorming/knowledgeos_theory_research/corpus/knowledge_os_with_lina_puran/20260919-202607_r603_reasoning-reference-kernel.py
F2672	Sep 19 20:37 docs/knowledgeos/brainstorming/knowledgeos_theory_research/corpus/knowledge_os_with_lina_puran/20260919-203728_r604_bayesian-dependency.py
F2673	Sep 19 20:49 docs/knowledgeos/brainstorming/knowledgeos_theory_research/corpus/knowledge_os_with_lina_puran/20260919-204902_r605_dependency-semantics-bayesian-model-validation.md
F2674	Sep 19 21:13 docs/knowledgeos/brainstorming/knowledgeos_theory_research/corpus/knowledge_os_with_lina_puran/20260919-211325_after-reviewing-perspective-software-architecture-formal-logic-algebra-knowledgeos-think.md
F2675	Sep 19 21:20 docs/knowledgeos/brainstorming/knowledgeos_theory_research/corpus/knowledge_os_with_lina_puran/20260919-212033_can-extract-most-expected-paragraph.md
F2676	Sep 19 21:24 docs/knowledgeos/brainstorming/knowledgeos_theory_research/corpus/knowledge_os_with_lina_puran/20260919-212430_if-completely-remove-astrological-interpretation-technical-mathematics-vedic-astrology-material.md
F2677	Sep 19 21:37 docs/knowledgeos/brainstorming/knowledgeos_theory_research/corpus/knowledge_os_with_lina_puran/20260919-213734_ound-602-fuzzy-knowledgeos-benchmark-semantic-grade-calculus-attached-document.md
F2678	Sep 19 21:37 docs/knowledgeos/brainstorming/knowledgeos_theory_research/corpus/knowledge_os_with_lina_puran/20260919-213745_fuzzy-logic-could-quite-useful-knowledgeos-but-would-use-very.md
F2679	Sep 19 21:43 docs/knowledgeos/brainstorming/knowledgeos_theory_research/corpus/knowledge_os_with_lina_puran/20260919-214345_have-read-attached-round-602-document-strong-continuation-knowledgeos-architecture.md
F2680	Sep 19 21:56 docs/knowledgeos/brainstorming/knowledgeos_theory_research/corpus/knowledge_os_with_lina_puran/20260919-215639_think-you-describing-something-more-fundamental-than-ordinary-dimensionality-reduction.md
F2681	Sep 19 22:09 docs/knowledgeos/brainstorming/knowledgeos_theory_research/corpus/knowledge_os_with_lina_puran/20260919-220924_would-stop-adding-new-mathematical-ideas-temporarily-perform-hostile-architectural.md
F2682	Sep 19 22:15 docs/knowledgeos/brainstorming/knowledgeos_theory_research/corpus/knowledge_os_with_lina_puran/20260919-221510_clarifies-your-idea-considerably-you-not-proposing-zooming-merely-selecting.md
F2683	Sep 19 22:25 docs/knowledgeos/brainstorming/knowledgeos_theory_research/corpus/knowledge_os_with_lina_puran/20260919-222511_have-read-attached-lord-lens-infinite-knowledge-space-knowledge-element.md
F2684	Sep 19 22:35 docs/knowledgeos/brainstorming/knowledgeos_theory_research/corpus/knowledge_os_with_lina_puran/20260919-223501_have-reviewed-attached-step-276-mathematical-foundation-triangulation-important-step.md
F2685	Sep 19 22:42 docs/knowledgeos/brainstorming/knowledgeos_theory_research/corpus/knowledge_os_with_lina_puran/20260919-224217_exactly-distinction-need-make-two-expressions-not-same-thing-should.md
F2686	Sep 20 08:12 docs/knowledgeos/brainstorming/knowledgeos_theory_research/corpus/knowledge_os_with_lina_puran/20260920-081228_have-treated-two-kernel-definitions-competing-mathematical-hypotheses-rather-than.md
F2687	Sep 20 08:27 docs/knowledgeos/brainstorming/knowledgeos_theory_research/corpus/knowledge_os_with_lina_puran/20260920-082725_conceptually-think-tma-can-knowledgeos-kernel-but-should-make-one.md
F2688	Sep 20 08:28 docs/knowledgeos/brainstorming/knowledgeos_theory_research/corpus/knowledge_os_with_lina_puran/20260920-082815_step-277r_kernel-transformation-reconciliation-executable-minimality-test.md
F2689	Sep 20 08:39 docs/knowledgeos/brainstorming/knowledgeos_theory_research/corpus/knowledge_os_with_lina_puran/20260920-083920_reformulation-stronger-but-would-make-one-important-correction-invariant-not.md
F2690	Sep 20 08:55 docs/knowledgeos/brainstorming/knowledgeos_theory_research/corpus/knowledge_os_with_lina_puran/20260920-085500_after-putting-three-formulations-side-side-think-can-resolve-apparent.md
F2691	Sep 20 09:11 docs/knowledgeos/brainstorming/knowledgeos_theory_research/corpus/knowledge_os_with_lina_puran/20260920-091122_step-025i_r-knowledge-unit-tma-identity-minimal-kernel.md
F2692	Sep 20 09:19 docs/knowledgeos/brainstorming/knowledgeos_theory_research/corpus/knowledge_os_with_lina_puran/20260920-091959_step-025i_r-computational-validation.md
F2693	Sep 20 09:35 docs/knowledgeos/brainstorming/knowledgeos_theory_research/corpus/knowledge_os_with_lina_puran/20260920-093515_semantic-kernel-ablation.md
F2694	Sep 20 09:44 docs/knowledgeos/brainstorming/knowledgeos_theory_research/corpus/20260920-094457_improving-zero-lens-defining-zero-algebra-knowledge.md
F2695	Sep 20 09:45 docs/knowledgeos/brainstorming/knowledgeos_theory_research/corpus/20260920-094516_difference-between-zero-aczel-s-book-zero-lens.md
F2696	Sep 20 09:45 docs/knowledgeos/brainstorming/knowledgeos_theory_research/corpus/20260920-094534_professional-mathematical-analysis-finding-zero-amir-d-aczel.md
F2697	Sep 20 10:23 docs/knowledgeos/brainstorming/knowledgeos_theory_research/corpus/knowledge_os_with_lina_puran/20260920-102316_course-have-read-analyzed-provided-file-which-excerpt-foundational-mathematics.md
F2698	Sep 20 10:29 docs/knowledgeos/brainstorming/knowledgeos_theory_research/corpus/knowledge_os_with_lina_puran/20260920-102912_step-277r_have-reviewed-both-newly-attached-documents-they-directly-relevant-but.md
F2699	Sep 20 10:37 docs/knowledgeos/brainstorming/knowledgeos_theory_research/corpus/knowledge_os_with_lina_puran/20260920-103727_have-studied-attached-kashiwara-schapira-categories-sheaves-also-checked-attached.md
F2700	Sep 20 10:44 docs/knowledgeos/brainstorming/knowledgeos_theory_research/corpus/knowledge_os_with_lina_puran/20260920-104449_step-277r_continued-previous-step-treated-kashiwara-schapira-categories-sheaves-primary-mathematical.md
F2701	Sep 20 10:51 docs/knowledgeos/brainstorming/knowledgeos_theory_research/corpus/knowledge_os_with_lina_puran/20260920-105131_step-001_have-reviewed-attached-implementing-sheaves-manifolds-knowledgeos-algebra-document-full.md
F2702	Sep 20 10:56 docs/knowledgeos/brainstorming/knowledgeos_theory_research/corpus/knowledge_os_with_lina_puran/20260920-105607_step-002_continued-previous-step-treated-attached-sheaf-proposal-specification-tested-rather.md
F2703	Sep 20 11:00 docs/knowledgeos/brainstorming/knowledgeos_theory_research/corpus/knowledge_os_with_lina_puran/20260920-110044_ablation-study.md
F2704	Sep 20 11:10 docs/knowledgeos/brainstorming/knowledgeos_theory_research/corpus/knowledge_os_with_lina_puran/20260920-111028_step-004i_continued-s1-1-work-found-more-important-mathematical-refinement-should.md
F2705	Sep 20 11:14 docs/knowledgeos/brainstorming/knowledgeos_theory_research/corpus/knowledge_os_with_lina_puran/20260920-111444_step-005i_read-attached-proposal-implementing-sheaves-manifolds-knowledgeos-algebra-full-proposal.md
F2706	Sep 20 11:16 docs/knowledgeos/brainstorming/knowledgeos_theory_research/corpus/knowledge_os_with_lina_puran/20260920-111655_would-continue-corrected-s1-2-formulation-rather-than-starting-another.md
F2707	Sep 20 11:28 docs/knowledgeos/brainstorming/knowledgeos_theory_research/corpus/knowledge_os_with_lina_puran/20260920-112807_would-continue-corrected-s1-2-formulation-rather-than-starting-another.md
F2708	Sep 20 11:32 docs/knowledgeos/brainstorming/knowledgeos_theory_research/corpus/knowledge_os_with_lina_puran/20260920-113246_step-007_s1-2b-exact-cellular-knowledgeos-validation.md
F2709	Sep 20 14:36 docs/knowledgeos/brainstorming/knowledgeos_theory_research/corpus/knowledge_os_with_lina_puran/20260920-143646_would-continue-corrected-s1-2-formulation-rather-than-starting-another-dup2.md
F2710	Sep 20 14:39 docs/knowledgeos/brainstorming/knowledgeos_theory_research/corpus/knowledge_os_with_lina_puran/20260920-143931_s1-2b-exact-cellular-knowledgeos-validation-dup.md
F2711	Sep 20 14:40 docs/knowledgeos/brainstorming/knowledgeos_theory_research/corpus/knowledge_os_with_lina_puran/20260920-144043_read-attached-proposal-implementing-sheaves-manifolds-knowledgeos-algebra-full-proposal-dup.md
F2712	Sep 20 14:41 docs/knowledgeos/brainstorming/knowledgeos_theory_research/corpus/knowledge_os_with_lina_puran/20260920-144157_continued-next-step-used-attached-document-research-basis-also-executed-dup.md
F2713	Sep 20 14:43 docs/knowledgeos/brainstorming/knowledgeos_theory_research/corpus/knowledge_os_with_lina_puran/20260920-144333_step-277r_have-reviewed-both-newly-attached-documents-they-directly-relevant-but-dup.md
F2714	Sep 20 14:44 docs/knowledgeos/brainstorming/knowledgeos_theory_research/corpus/knowledge_os_with_lina_puran/20260920-144430_have-studied-attached-kashiwara-schapira-categories-sheaves-also-checked-attached-dup.md
F2715	Sep 20 14:45 docs/knowledgeos/brainstorming/knowledgeos_theory_research/corpus/knowledge_os_with_lina_puran/20260920-144525_step-277r_continued-previous-step-treated-kashiwara-schapira-categories-sheaves-primary-mathematical-dup.md
F2716	Sep 20 14:46 docs/knowledgeos/brainstorming/knowledgeos_theory_research/corpus/knowledge_os_with_lina_puran/20260920-144618_step-277r_next-step-should-not-another-broad-survey-category-theory-have.md
F2717	Sep 20 14:47 docs/knowledgeos/brainstorming/knowledgeos_theory_research/corpus/knowledge_os_with_lina_puran/20260920-144705_have-reviewed-attached-implementing-sheaves-manifolds-knowledgeos-algebra-document-full-dup.md
F2718	Sep 20 14:48 docs/knowledgeos/brainstorming/knowledgeos_theory_research/corpus/knowledge_os_with_lina_puran/20260920-144803_continued-previous-step-treated-attached-sheaf-proposal-specification-tested-rather-dup.md
F2719	Sep 20 14:49 docs/knowledgeos/brainstorming/knowledgeos_theory_research/corpus/knowledge_os_with_lina_puran/20260920-144937_continued-s1-1-work-found-more-important-mathematical-refinement-should-dup.md
F2720	Sep 20 14:54 docs/knowledgeos/brainstorming/knowledgeos_theory_research/corpus/knowledge_os_with_lina_puran/20260920-145412_would-continue-corrected-s1-2-formulation-rather-than-starting-another-dup3.md
F2721	Sep 20 14:54 docs/knowledgeos/brainstorming/knowledgeos_theory_research/corpus/knowledge_os_with_lina_puran/20260920-145456_s1-2b-exact-cellular-knowledgeos-validation-dup2.md
F2722	Sep 20 14:55 docs/knowledgeos/brainstorming/knowledgeos_theory_research/corpus/knowledge_os_with_lina_puran/20260920-145522_have-read-attached-proposal-implementing-sheaves-manifolds-knowledgeos-algebra-full.md
F2723	Sep 20 15:09 docs/knowledgeos/brainstorming/knowledgeos_theory_research/corpus/knowledge_os_with_lina_puran/20260920-150943_have-treated-two-kernel-definitions-competing-mathematical-hypotheses-rather-than-dup.md
F2724	Sep 20 15:12 docs/knowledgeos/brainstorming/knowledgeos_theory_research/corpus/knowledge_os_with_lina_puran/20260920-151246_reformulated-question-20.md
F2725	Sep 20 15:13 docs/knowledgeos/brainstorming/knowledgeos_theory_research/corpus/knowledge_os_with_lina_puran/20260920-151333_have-read-step-25i-knowledge-tma-algebra-identity-continuity-transformation.md
F2726	Sep 20 15:14 docs/knowledgeos/brainstorming/knowledgeos_theory_research/corpus/knowledge_os_with_lina_puran/20260920-151458_after-putting-three-formulations-side-side-think-can-resolve-apparent-dup.md
F2727	Sep 20 15:16 docs/knowledgeos/brainstorming/knowledgeos_theory_research/corpus/knowledge_os_with_lina_puran/20260920-151638_step-025i_r-knowledge-unit-tma-identity-minimal-kernel-dup.md
F2728	Sep 20 15:18 docs/knowledgeos/brainstorming/knowledgeos_theory_research/corpus/knowledge_os_with_lina_puran/20260920-151829_step-025i_r-computational-validation-dup.md
F2729	Sep 20 15:18 docs/knowledgeos/brainstorming/knowledgeos_theory_research/corpus/knowledge_os_with_lina_puran/20260920-151841_step-277r_kernel-transformation-reconciliation-executable-minimality-test-dup.md
F2730	Sep 20 15:18 docs/knowledgeos/brainstorming/knowledgeos_theory_research/corpus/knowledge_os_with_lina_puran/20260920-151845_read-attached-proposal-implementing-sheaves-manifolds-knowledgeos-algebra-full-proposal-dup2.md
F2731	Sep 20 15:18 docs/knowledgeos/brainstorming/knowledgeos_theory_research/corpus/knowledge_os_with_lina_puran/20260920-151849_ablation-study-dup.md
F2732	Sep 20 15:19 docs/knowledgeos/brainstorming/knowledgeos_theory_research/corpus/knowledge_os_with_lina_puran/20260920-151938_step-277r_knowledge-identity-distinction-kernel-minimality.md
F2733	Sep 20 15:20 docs/knowledgeos/brainstorming/knowledgeos_theory_research/corpus/knowledge_os_with_lina_puran/20260920-152028_semantic-kernel-ablation-dup.md
F2734	Sep 20 15:21 docs/knowledgeos/brainstorming/knowledgeos_theory_research/corpus/knowledge_os_with_lina_puran/20260920-152127_step-277r_let-s-continue-actual-implementation-ablation-experiment-rather-than-introducing.md
F2735	Sep 20 15:26 docs/knowledgeos/brainstorming/knowledgeos_theory_research/corpus/knowledge_os_with_lina_puran/20260920-152602_step-277r_continued-previous-step-treated-kashiwara-schapira-categories-sheaves-primary-mathematical-dup2.md
F2736	Sep 20 15:27 docs/knowledgeos/brainstorming/knowledgeos_theory_research/corpus/knowledge_os_with_lina_puran/20260920-152758_step-277r_next-step-should-not-another-broad-survey-category-theory-have-dup.md
F2737	Sep 20 15:29 docs/knowledgeos/brainstorming/knowledgeos_theory_research/corpus/knowledge_os_with_lina_puran/20260920-152912_have-reviewed-attached-implementing-sheaves-manifolds-knowledgeos-algebra-document-full-dup2.md
F2738	Sep 20 15:32 docs/knowledgeos/brainstorming/knowledgeos_theory_research/corpus/knowledge_os_with_lina_puran/20260920-153253_continued-s1-1-work-found-more-important-mathematical-refinement-should-dup2.md
F2739	Sep 20 15:34 docs/knowledgeos/brainstorming/knowledgeos_theory_research/corpus/knowledge_os_with_lina_puran/20260920-153419_read-attached-proposal-implementing-sheaves-manifolds-knowledgeos-algebra-full-proposal-dup3.md
F2740	Sep 20 15:35 docs/knowledgeos/brainstorming/knowledgeos_theory_research/corpus/knowledge_os_with_lina_puran/20260920-153527_would-continue-corrected-s1-2-formulation-rather-than-starting-another-dup4.md
F2741	Sep 20 15:38 docs/knowledgeos/brainstorming/knowledgeos_theory_research/corpus/knowledge_os_with_lina_puran/20260920-153803_have-read-attached-proposal-implementing-sheaves-manifolds-knowledgeos-algebra-full-dup.md
F2742	Sep 20 15:41 docs/knowledgeos/brainstorming/knowledgeos_theory_research/corpus/knowledge_os_with_lina_puran/20260920-154134_continued-work-last-validated-state-treated-previously-attached-knowledgeos-ks.md
F2743	Sep 20 15:46 docs/knowledgeos/brainstorming/knowledgeos_theory_research/corpus/knowledge_os_with_lina_puran/20260920-154601_continued-work-last-validated-state-treated-previously-attached-knowledgeos-ks-dup.md
F2744	Sep 20 15:46 docs/knowledgeos/brainstorming/knowledgeos_theory_research/corpus/knowledge_os_with_lina_puran/20260920-154655_step-lg-02-global-solver-vs-cohomological-reasoning.md
F2745	Sep 20 15:49 docs/knowledgeos/brainstorming/knowledgeos_theory_research/corpus/knowledge_os_with_lina_puran/20260920-154906_step-lg-03-higher-order-topology-benchmark.md
F2746	Sep 20 15:52 docs/knowledgeos/brainstorming/knowledgeos_theory_research/corpus/knowledge_os_with_lina_puran/20260920-155205_next-step-lg-05a-information-matched-factorial-ablation.md
F2747	Sep 20 16:03 docs/knowledgeos/brainstorming/knowledgeos_theory_research/corpus/knowledge_os_with_lina_puran/20260920-160318_lg-05b_information-matched-explainable-solver.md
F2748	Sep 20 16:04 docs/knowledgeos/brainstorming/knowledgeos_theory_research/corpus/knowledge_os_with_lina_puran/20260920-160415_lg-05b_information-matched-explainable-solver-dup.md
F2749	Sep 20 16:06 docs/knowledgeos/brainstorming/knowledgeos_theory_research/corpus/knowledge_os_with_lina_puran/20260920-160642_lg-05b_first-executable-result-information-matched-solver.md
F2750	Sep 20 16:07 docs/knowledgeos/brainstorming/knowledgeos_theory_research/corpus/knowledge_os_with_lina_puran/20260920-160722_lg-05c_obstruction-equivalence-necessary-correction-sheaf-proposal.md
F2751	Sep 20 16:08 docs/knowledgeos/brainstorming/knowledgeos_theory_research/corpus/knowledge_os_with_lina_puran/20260920-160813_lg-05c_structural-equivalence-benchmark.md
F2752	Sep 20 16:09 docs/knowledgeos/brainstorming/knowledgeos_theory_research/corpus/knowledge_os_with_lina_puran/20260920-160901_lg-06_regime-relative-structural-equivalence.md
F2753	Sep 20 16:23 docs/knowledgeos/brainstorming/knowledgeos_theory_research/corpus/knowledge_os_with_lina_puran/20260920-162342_lg-06_regime-relative-structural-equivalence-executable-benchmark-refinement.md
F2754	Sep 20 16:25 docs/knowledgeos/brainstorming/knowledgeos_theory_research/corpus/knowledge_os_with_lina_puran/20260920-162500_lg-06b_adversarial-unseen-topology-structural-equivalence-benchmark.md
F2755	Sep 20 16:26 docs/knowledgeos/brainstorming/knowledgeos_theory_research/corpus/knowledge_os_with_lina_puran/20260920-162633_lg-06c_unseen-topology-structural-generalization.md
F2756	Sep 20 16:27 docs/knowledgeos/brainstorming/knowledgeos_theory_research/corpus/knowledge_os_with_lina_puran/20260920-162734_audit-of-attached-proposal-against-knowledgeos-architecture.md
F2757	Sep 20 16:28 docs/knowledgeos/brainstorming/knowledgeos_theory_research/corpus/knowledge_os_with_lina_puran/20260920-162850_lg-07_information-matched-benchmark.md
F2758	Sep 20 16:29 docs/knowledgeos/brainstorming/knowledgeos_theory_research/corpus/knowledge_os_with_lina_puran/20260920-162942_lg-07a_obstruction-compression-canonicality.md
F2759	Sep 20 16:32 docs/knowledgeos/brainstorming/knowledgeos_theory_research/corpus/knowledge_os_with_lina_puran/20260920-163259_lg-07b_obstruction-representation-equivalence.md
F2760	Sep 20 16:36 docs/knowledgeos/brainstorming/knowledgeos_theory_research/corpus/knowledge_os_with_lina_puran/20260920-163624_lg-07c_certificate-size-verification-cost-independent-verification.md
F2761	Sep 20 16:37 docs/knowledgeos/brainstorming/knowledgeos_theory_research/corpus/knowledge_os_with_lina_puran/20260920-163757_lg-07e_adversarial-ml-structural-equivalence.md
F2762	Sep 20 16:43 docs/knowledgeos/brainstorming/knowledgeos_theory_research/corpus/knowledge_os_with_lina_puran/20260920-164323_lg-07d_compositional-local-global-reasoning.md
F2763	Sep 20 16:45 docs/knowledgeos/brainstorming/knowledgeos_theory_research/corpus/knowledge_os_with_lina_puran/20260920-164548_lg-07f_unseen-topology-structural-generalization.md
F2764	Sep 20 16:48 docs/knowledgeos/brainstorming/knowledgeos_theory_research/corpus/knowledge_os_with_lina_puran/20260920-164853_lg-07g_representation-collision-knowledge-collapse.md
F2765	Sep 20 16:49 docs/knowledgeos/brainstorming/knowledgeos_theory_research/corpus/knowledge_os_with_lina_puran/20260920-164948_lg-07h_certificate-fault-injection-independent-verification.md
F2766	Sep 20 16:51 docs/knowledgeos/brainstorming/knowledgeos_theory_research/corpus/knowledge_os_with_lina_puran/20260920-165105_lg-07i_materiality-weighted-knowledge-collapse.md
F2767	Sep 20 16:52 docs/knowledgeos/brainstorming/knowledgeos_theory_research/corpus/knowledge_os_with_lina_puran/20260920-165205_lg-07j_materiality-dependency-interaction.md
F2768	Sep 20 16:53 docs/knowledgeos/brainstorming/knowledgeos_theory_research/corpus/knowledge_os_with_lina_puran/20260920-165326_lg-07k_higher-order-dependency-materiality.md
F2769	Sep 20 16:54 docs/knowledgeos/brainstorming/knowledgeos_theory_research/corpus/knowledge_os_with_lina_puran/20260920-165450_11-critical-questions-as-a-meta-methodology-for-ablation-falsification.md
F2770	Sep 20 16:57 docs/knowledgeos/brainstorming/knowledgeos_theory_research/corpus/knowledge_os_with_lina_puran/20260920-165707_11-critical-questions-as-a-meta-methodology-for-ablation-falsification-dup.md
F2771	Sep 20 16:58 docs/knowledgeos/brainstorming/knowledgeos_theory_research/corpus/knowledge_os_with_lina_puran/20260920-165839_lg-07l_higher-order-interaction-executed-exact-benchmark.md
F2772	Sep 20 17:00 docs/knowledgeos/brainstorming/knowledgeos_theory_research/corpus/knowledge_os_with_lina_puran/20260920-170058_lg-07m_scalable-compositional-higher-order-interaction-discovery.md
F2773	Sep 20 17:03 docs/knowledgeos/brainstorming/knowledgeos_theory_research/corpus/knowledge_os_with_lina_puran/20260920-170315_lg-07n_mixed-type-interaction-benchmark.md
F2774	Sep 20 17:04 docs/knowledgeos/brainstorming/knowledgeos_theory_research/corpus/knowledge_os_with_lina_puran/20260920-170405_ks-01b_real-knowledgeos-transformation-algebra-category-admissibility-test.md
F2775	Sep 20 17:05 docs/knowledgeos/brainstorming/knowledgeos_theory_research/corpus/knowledge_os_with_lina_puran/20260920-170505_ks-01a-4_can-enriched-knowledgeos-representation-reconstruct-required-categorical-structure.md
F2776	Sep 20 17:05 docs/knowledgeos/brainstorming/knowledgeos_theory_research/corpus/knowledge_os_with_lina_puran/20260920-170547_ks-01a-3_exhaustive-finite-categorical-atlas-exact-yoneda-reconstruction-test.md
F2777	Sep 20 17:06 docs/knowledgeos/brainstorming/knowledgeos_theory_research/corpus/knowledge_os_with_lina_puran/20260920-170636_ks-01a-2_finite-knowledgeos-categorical-atlas.md
F2778	Sep 20 17:07 docs/knowledgeos/brainstorming/knowledgeos_theory_research/corpus/knowledge_os_with_lina_puran/20260920-170730_ks-01a_yoneda-sufficiency-test.md
F2779	Sep 20 17:09 docs/knowledgeos/brainstorming/knowledgeos_theory_research/corpus/knowledge_os_with_lina_puran/20260920-170908_next-step-ks-01-ks-interpretation-executable-knowledgeos-capability-test.md
F2780	Sep 20 17:10 docs/knowledgeos/brainstorming/knowledgeos_theory_research/corpus/knowledge_os_with_lina_puran/20260920-171057_next-step-ks-01-ks-interpretation-executable-knowledgeos-capability-test-dup.md
F2781	Sep 20 17:12 docs/knowledgeos/brainstorming/knowledgeos_theory_research/corpus/knowledge_os_with_lina_puran/20260920-170315_lg-07t_noisy-observation-statistical-sufficiency-representation-robustness.md
F2782	Sep 20 17:15 docs/knowledgeos/brainstorming/knowledgeos_theory_research/corpus/knowledge_os_with_lina_puran/20260920-170315_lg-07s_non-unique-minimal-representations-information-substitution.md
F2783	Sep 20 17:17 docs/knowledgeos/brainstorming/knowledgeos_theory_research/corpus/knowledge_os_with_lina_puran/20260920-170315_lg-07r_refinement-lattice-minimal-information-acquisition.md
F2784	Sep 20 17:18 docs/knowledgeos/brainstorming/knowledgeos_theory_research/corpus/knowledge_os_with_lina_puran/20260920-170315_lg-07q_representation-refinement-new-dimensions-knowledge-recalculation.md
F2785	Sep 20 17:20 docs/knowledgeos/brainstorming/knowledgeos_theory_research/corpus/knowledge_os_with_lina_puran/20260920-170315_lg-07p_representation-invariance-entire-knowledgeos-pipeline.md
F2786	Sep 20 17:21 docs/knowledgeos/brainstorming/knowledgeos_theory_research/corpus/knowledge_os_with_lina_puran/20260920-170315_lg-07o_representation-invariant-interaction.md
F2787	Sep 20 17:28 docs/knowledgeos/brainstorming/knowledgeos_theory_research/corpus/knowledge_os_with_lina_puran/20260920-172801_ks-01b_real-knowledgeos-transformation-algebra-category-admissibility-test-dup.md
F2788	Sep 20 17:29 docs/knowledgeos/brainstorming/knowledgeos_theory_research/corpus/knowledge_os_with_lina_puran/20260920-172933_ks-01a-4_can-enriched-knowledgeos-representation-reconstruct-required-categorical-structure-dup.md
F2789	Sep 20 17:30 docs/knowledgeos/brainstorming/knowledgeos_theory_research/corpus/knowledge_os_with_lina_puran/20260920-173016_ks-01a-3_exhaustive-finite-categorical-atlas-exact-yoneda-reconstruction-test-dup.md
F2790	Sep 20 17:31 docs/knowledgeos/brainstorming/knowledgeos_theory_research/corpus/knowledge_os_with_lina_puran/20260920-173140_ks-01a-2_finite-knowledgeos-categorical-atlas-dup.md
F2791	Sep 20 17:32 docs/knowledgeos/brainstorming/knowledgeos_theory_research/corpus/knowledge_os_with_lina_puran/20260920-173226_ks-01a_yoneda-sufficiency-test-dup.md
F2792	Sep 20 17:34 docs/knowledgeos/brainstorming/knowledgeos_theory_research/corpus/knowledge_os_with_lina_puran/20260920-173415_next-step-ks-01-ks-interpretation-executable-knowledgeos-capability-test-dup2.md
F2793	Sep 20 17:38 docs/knowledgeos/brainstorming/knowledgeos_theory_research/corpus/knowledge_os_with_lina_puran/20260920-173836_lg-07u_provenance-authority-time-dependency-noisy-representation.md
F2794	Sep 20 17:44 docs/knowledgeos/brainstorming/knowledgeos_theory_research/corpus/knowledge_os_with_lina_puran/20260920-174438_audit-of-attached-proposal-against-knowledgeos-architecture-dup.md
F2795	Sep 20 19:30 docs/knowledgeos/brainstorming/knowledgeos_theory_research/corpus/knowledge_os_with_lina_puran/#
F2796	Sep 20 19:43 docs/knowledgeos/brainstorming/knowledgeos_theory_research/corpus/knowledge_os_with_lina_puran/heute
F2797	Sep 20 19:53 docs/knowledgeos/brainstorming/knowledgeos_theory_research/corpus/knowledge_os_with_lina_puran/Round
F2798	Sep 20 20:29 docs/knowledgeos/brainstorming/knowledgeos_theory_research/corpus/knowledge_os_with_lina_puran/Round
F2799	Sep 20 20:42 docs/knowledgeos/brainstorming/knowledgeos_theory_research/corpus/knowledge_os_with_lina_puran/how_to_reconstruct_theory.md
F2800	Sep 21 14:32 docs/knowledgeos/brainstorming/knowledgeos_theory_research/corpus/knowledge_os_with_lina_puran/20260831-104505_analyse-review-attached-file-senior-mathematician-statistician-ddd-architect-expert.md
F2801	Aug 16 21:10 docs/knowledgeos/backlog/EKS-01-governed-knowledge-distribution.md
F2802	Aug 16 21:11 docs/knowledgeos/backlog/EKS-03-historical-document-relocation.md
F2803	Aug 16 21:24 docs/knowledgeos/backlog/EKS-04-lifecycle-handoff-ambiguity.md
F2805	Aug 17 23:08 docs/knowledgeos/backlog/EKS-02-subject-derived-placement-enforcement.md
F2807	Aug 18 16:29 docs/knowledgeos/architecture/README
F2819	Aug 19 21:45 docs/knowledgeos/backlog/EKS-05-knowledge-evidence-boundary.md
F2822	Aug 21 14:35 docs/knowledgeos/backlog/EKS-06-reference-register-identifier-families.md
F2832	Aug 21 20:33 docs/knowledgeos/architecture/20260821_2032_EKS
F2836	Aug 22 00:56 docs/knowledgeos/backlog/EKS-08-representation-semantics-separation.md
F2858	Aug 24 03:08 docs/knowledgeos/backlog/EKS-09-activation-write-atomicity.md
F2859	Aug 24 03:08 docs/knowledgeos/backlog/EKS-10-activation-failure-path-coverage.md
F2860	Aug 24 03:08 docs/knowledgeos/backlog/EKS-11-sole-writer-environment-override.md
F2862	Sep 7 17:03 docs/knowledgeos/theory-extraction/01-BOUNDARY-WITH-THREE-MODEL-CONVERGENCE.md
F2863	Sep 7 17:07 docs/knowledgeos/theory-extraction/00-CHARTER.md
F2864	Sep 7 19:33 docs/knowledgeos/theory-extraction/03-STRESS-TEST-REPORT.md
F2865	Sep 7 19:39 docs/knowledgeos/theory-extraction/05-VALIDATION-REPORT-v2.md
F2866	Sep 7 19:44 docs/knowledgeos/theory-extraction/06-PROPOSAL-TO-3MC-MISATTRIBUTION.md
F2867	Sep 7 19:52 docs/knowledgeos/theory-extraction/07-STRESS-REPORT-2.md
F2868	Sep 7 19:53 docs/knowledgeos/theory-extraction/02-ELEMENT-INDEX.md
F2869	Sep 7 19:57 docs/knowledgeos/theory-extraction/elements/KOS-T-0001-K.md
F2870	Sep 7 19:57 docs/knowledgeos/theory-extraction/elements/KOS-T-0002-delta.md
F2871	Sep 7 19:57 docs/knowledgeos/theory-extraction/elements/KOS-T-0003-eq-sem.md
F2872	Sep 7 19:57 docs/knowledgeos/theory-extraction/elements/KOS-T-0004-Qualify.md
F2873	Sep 7 19:57 docs/knowledgeos/theory-extraction/elements/KOS-T-0007-Sigma.md
F2874	Sep 7 19:57 docs/knowledgeos/theory-extraction/elements/KOS-T-0008-Pi.md
F2875	Sep 7 19:57 docs/knowledgeos/theory-extraction/elements/KOS-T-0011-I-register.md
F2876	Sep 7 19:57 docs/knowledgeos/theory-extraction/elements/KOS-T-0009-Zero.md
F2877	Sep 7 19:59 docs/knowledgeos/theory-extraction/04-SCHEMA-v2-AND-AMENDMENT.md
F2878	Sep 7 19:59 docs/knowledgeos/theory-extraction/09-B6-VALIDATION.md
F2879	Sep 7 20:04 docs/knowledgeos/theory-extraction/10-EXTRACTION-UNIT-ANALYSIS.md
F2880	Sep 7 20:12 docs/knowledgeos/theory-extraction/11-P06-DECISION-DOSSIER.md
F2881	Sep 7 20:13 docs/knowledgeos/theory-extraction/12-PHASE-R-PROPOSAL.md
F2882	Sep 7 20:14 docs/knowledgeos/theory-extraction/08-CONCEPTUAL-PROPOSAL-REGISTER.md
F2883	Sep 7 20:22 docs/knowledgeos/theory-extraction/13-ABCD-EVALUATION.md
F2884	Sep 7 20:27 docs/knowledgeos/theory-extraction/14-P06-FOUR-QUESTIONS.md
F2885	Sep 7 20:33 docs/knowledgeos/theory-extraction/15-P06-SEMANTIC-ONTOLOGY.md
F2886	Sep 7 20:41 docs/knowledgeos/theory-extraction/16-P06-PERSISTENCE-IDENTITY-DERIVATION.md
F2887	Sep 7 20:59 docs/knowledgeos/theory-extraction/17-P07-IDENTITY-ADDRESSING-CONTINUITY-DERIVATION.md
F2888	Sep 7 21:10 docs/knowledgeos/theory-extraction/18-P08-MINIMUM-PERSISTENCE-OBLIGATIONS-DERIVATION.md
F2889	Sep 7 21:19 docs/knowledgeos/theory-extraction/19-P09-KERNEL-STABILITY-PRECONDITIONS-DERIVATION.md
F2890	Sep 7 21:29 docs/knowledgeos/theory-extraction/20-CROSS-LANE-CONCURRENCY-RECONCILIATION.md
F2891	Sep 7 21:30 docs/knowledgeos/theory-extraction/21-P09.1-TRANSITION-CLASS-COMPLETENESS-DERIVATION.md
F2892	Sep 7 21:36 docs/knowledgeos/theory-extraction/20a-CROSS-LANE-HANDOVER-RECORDS-T-TO-M.md
F2893	Sep 7 21:38 docs/knowledgeos/theory-extraction/22-P09.2-K4-CAPABILITY-INDEPENDENCE-DERIVATION.md
F2894	Sep 7 21:48 docs/knowledgeos/theory-extraction/23-P09.3-PERSISTENCE-KERNEL-CLOSURE-DERIVATION.md
F2895	Sep 7 21:58 docs/knowledgeos/theory-extraction/24-P10-PERSISTENCE-KERNEL-CLOSURE-BOUNDARY-AND-CROSS-LANE-RESOLUTION.md
F2896	Sep 7 22:39 docs/knowledgeos/theory-extraction/25-INTAKE-001-MD018-MONOTONICITY-RULING-AND-BRANCH-R0-RESOLUTION.md
F2897	Sep 7 22:45 docs/knowledgeos/theory-extraction/26-P11-POST-RULING-KERNEL-RECONCILIATION-AND-RESIDUAL-CLOSURE.md
F2898	Sep 7 22:50 docs/knowledgeos/theory-extraction/27-P12-CROSS-LANE-KERNEL-RESOLUTION-AND-ADMISSION-PREPARATION.md
F2899	Sep 7 22:57 docs/knowledgeos/theory-extraction/28-PROPOSAL-Q1-IDENTITY-RETIREMENT-CANDIDATE-RULING.md
F2900	Sep 7 23:02 docs/knowledgeos/theory-extraction/29-INTAKE-002-IDENTITY-RETIREMENT-ADMITTED-Q1A-Q1B-SEPARATED.md
F2901	Sep 7 23:08 docs/knowledgeos/theory-extraction/30-P13-W6-CAPABILITY-VS-MECHANISM-DERIVATION.md
F2902	Sep 7 23:16 docs/knowledgeos/theory-extraction/31-P14-SEMANTIC-REINTERPRETATION-IDENTITY-ADJUDICATION.md
F2903	Sep 8 09:18 docs/knowledgeos/theory-extraction/32-P15-MODEL-REPLACEMENT-TRANSITION-AND-K2-DERIVATION.md
F2904	Sep 8 09:33 docs/knowledgeos/theory-extraction/33-P16-THIRD-AXIS-AND-TRANSITION-CLOSURE-AUDIT.md
F2905	Sep 8 09:43 docs/knowledgeos/theory-extraction/34-P17-TWO-AXIS-STRUCTURAL-CLAIM-AUDIT.md
F2906	Sep 8 10:23 docs/knowledgeos/theory-extraction/35-P18-KERNEL-IRREDUCIBILITY-AND-INDEPENDENCE-AUDIT.md
F2907	Sep 8 10:39 docs/knowledgeos/theory-extraction/36-P19-KERNEL-DERIVATION-ASSUMPTION-CIRCULARITY-BOUNDARY-AUDIT.md
F2908	Sep 8 10:47 docs/knowledgeos/theory-extraction/37-P20-GROUND-STRATIFICATION-AND-KERNEL-CARDINALITY-AUDIT.md
F2909	Sep 8 11:01 docs/knowledgeos/theory-extraction/38-P21-WITHDRAWAL-VS-SUPERSESSION-TRANSITION-IDENTITY-AUDIT.md
F2910	Sep 8 11:09 docs/knowledgeos/theory-extraction/39-P22-ASSERTION-SUBJECT-HOLDER-CARDINALITY-AND-SCOPE-AUDIT.md
F2911	Sep 8 11:24 docs/knowledgeos/theory-extraction/40-P23-ESTATE-BOUNDARY-REGISTER-SCOPE-AND-DELETION-INVARIANT-AUDIT.md
F2912	Sep 8 11:35 docs/knowledgeos/theory-extraction/41-P24-PROCESS-SUBJECT-ATTRIBUTION-AGENCY-AND-CURRENTNESS-AUDIT.md
F2913	Sep 8 11:48 docs/knowledgeos/theory-extraction/42-P25-RECORD-ATTRIBUTION-AND-PERSISTENCE-OBLIGATION-AUDIT.md
F2914	Sep 8 11:57 docs/knowledgeos/theory-extraction/43-P26-PROVENANCE-CHAIN-UNBROKENNESS-AND-K5-SCOPE-AUDIT.md
F2915	Sep 8 12:09 docs/knowledgeos/theory-extraction/44-P26.1-PROVENANCE-CHAIN-STRUCTURE-AND-UNBROKENNESS-SEMANTICS-AUDIT.md
F2916	Sep 8 13:24 docs/knowledgeos/theory-extraction/45-P27-TG02-INDEPENDENCE-ADMISSIBILITY-VS-PERSISTENCE-AUDIT.md
F2917	Sep 8 13:47 docs/knowledgeos/theory-extraction/46-P28-POLICY-RHO-PERSISTENCE-AND-HISTORICAL-RE-EVALUATION-AUDIT.md
F2918	Sep 8 13:56 docs/knowledgeos/theory-extraction/47-P29-EFFECTIVE-POLICY-REFERENCE-NECESSITY-AUDIT.md
F2919	Sep 8 15:06 docs/knowledgeos/theory-extraction/48-P30-ACCEPTANCE-STATE-PREDICATE-AND-TRANSITION-SEMANTICS-AUDIT.md
F2920	Sep 8 19:27 docs/knowledgeos/theory-extraction/49-P31-PARTIAL-TRANSITION-DOMAIN-REFUSAL-AND-NON-EVENT-PERSISTENCE-AUDIT.md
F2921	Sep 8 19:28 docs/knowledgeos/theory-extraction/P31-COMMISSION-BRIEF-REFUSED-TRANSITION-AND-PARTIALITY-AUDIT.md
F2922	Sep 8 19:34 docs/knowledgeos/theory-extraction/50-P32-GT004-EXPLICIT-UNKNOWN-REASON-AND-K5-SCOPE-AUDIT.md
F2923	Sep 8 19:48 docs/knowledgeos/theory-extraction/51-P33-PROPOSITION-WARRANT-BOUNDARY-AND-KERNEL-INDEPENDENCE-AUDIT.md
F2924	Sep 8 19:56 docs/knowledgeos/theory-extraction/52-P34-ASSERTION-IDENTITY-CORROBORATION-AND-K1-INDEPENDENCE-AUDIT.md
F2925	Sep 8 20:11 docs/knowledgeos/theory-extraction/53-P35-K1-IDENTITY-TARGET-MEANING-VS-RECORD-AUDIT.md
F2926	Sep 8 20:45 docs/knowledgeos/theory-extraction/54-P36-IDENTITY-RESOLUTION-CARDINALITY-AND-K1-PERSISTENCE-NECESSITY-AUDIT.md
F2927	Sep 8 20:58 docs/knowledgeos/theory-extraction/55-P37-OPEN-WORLD-CLOSED-WORLD-IDENTITY-SEMANTICS-AUDIT.md
F2928	Sep 8 21:20 docs/knowledgeos/theory-extraction/56-P38-K1-PAYLOAD-ADJUDICATION-MAPPING-AND-CONTINUITY-AUDIT.md
F2929	Sep 8 21:30 docs/knowledgeos/theory-extraction/57-P39-PERSISTENCE-KERNEL-SCOPE-THEORY-REGISTER-VS-DOMAIN-TRANSFER-AUDIT.md
F2930	Sep 8 21:39 docs/knowledgeos/theory-extraction/58-P40-LEVEL-S-PERSISTENCE-OBLIGATION-DERIVATION-AUDIT.md
F2931	Sep 8 21:54 docs/knowledgeos/theory-extraction/59-P41-RECONSTRUCTIBILITY-VS-RETAINED-HISTORY-T9-P08-COMPATIBILITY-AUDIT.md
F2932	Sep 8 22:02 docs/knowledgeos/theory-extraction/60-P42-LEVEL-S-NORMATIVE-ADOPTION-AND-AUTHORITY-AUDIT.md
F2933	Sep 8 22:08 docs/knowledgeos/theory-extraction/61-P43-R-KERNEL-NORMATIVE-FORCE-ADOPTION-AND-INCORPORATION-AUDIT.md
F2934	Sep 8 22:16 docs/knowledgeos/theory-extraction/62-P44-R-KERNEL-ADOPTABILITY-AND-ARTIFACT-BOUNDARY-AUDIT.md
F2935	Sep 8 22:26 docs/knowledgeos/theory-extraction/63-P45-KNOWLEDGEOS-THEORY-GOVERNANCE-AUTHORITY-AND-SCOPE-AUDIT.md
F2936	Sep 8 22:34 docs/knowledgeos/theory-extraction/64-P46-THEORY-BOUNDARY-INTENTIONAL-DESIGN-OR-GOVERNANCE-GAP-AUDIT.md
F2937	Sep 8 22:35 docs/knowledgeos/backlog/EKS-12-theory-governance-scope-gap.md
F2938	Sep 8 22:43 docs/knowledgeos/theory-extraction/65-P47-PERSISTENCE-KERNEL-MINIMALITY-AND-IRREDUCIBILITY-PROOF-AUDIT.md
F2939	Sep 8 22:44 docs/knowledgeos/backlog/EKS-13-cross-lane-dependency-without-change-notification.md
F2940	Sep 8 22:59 docs/knowledgeos/theory-extraction/66-P48-KERNEL-AXIS-DETERMINACY-AUDIT.md
F2941	Sep 8 23:07 docs/knowledgeos/theory-extraction/67-P49-REPRESENTATION-ALGEBRA-AND-COMPLEXITY-ADMISSIBILITY-AUDIT.md
F2942	Sep 8 23:15 docs/knowledgeos/theory-extraction/68-P50-PERSISTENCE-KERNEL-OBJECT-TYPE-AND-ADEQUACY-AUDIT.md
F2943	Sep 8 23:16 docs/knowledgeos/backlog/EKS-15-out-of-root-evidence-admission-mechanism.md
F2944	Sep 8 23:20 docs/knowledgeos/theory-extraction/69-P51-WITNESS-SET-COMPLETENESS-AUDIT.md
F2945	Sep 8 23:26 docs/knowledgeos/theory-extraction/70-P52-MINIMALITY-CORPUS-ARCHAEOLOGY-AND-ARTIFACT-LIFECYCLE-SCOPE-AUDIT.md
F2946	Sep 8 23:33 docs/knowledgeos/theory-extraction/71-P53-MINKER-SEMANTIC-TRANSFER-AND-ADMISSIBILITY-AUDIT.md
F2947	Sep 8 23:50 docs/knowledgeos/theory-extraction/72-P54-CAPABILITY-GRANULARITY-RESOLUTION-ARCHAEOLOGY-AUDIT.md
F2948	Sep 9 00:06 docs/knowledgeos/theory-extraction/73-P55-PART-XIX-P08-PERSISTENCE-CRITERION-COMPATIBILITY-AUDIT.md
F2949	Sep 9 00:07 docs/knowledgeos/backlog/EKS-17-duplicate-research-roots-split-one-programme.md
F2950	Sep 9 00:16 docs/knowledgeos/theory-extraction/74-P56-LEVEL-S-R-BRIDGE-ARCHAEOLOGY-AND-TYPE-COMPATIBILITY-AUDIT.md
F2951	Sep 9 00:17 docs/knowledgeos/backlog/EKS-19-no-registry-of-already-spoken-for-directories.md
F2952	Sep 9 00:33 docs/knowledgeos/backlog/EKS-20-derivations-that-do-not-record-their-sources.md
F2953	Sep 9 00:33 docs/knowledgeos/theory-extraction/75-P57-BRAINSTORMING-ARCHAEOLOGY-GATE-SCOPE-EXECUTION-AND-SOURCE-OVERLAP-AUDIT.md
F2954	Sep 9 00:39 docs/knowledgeos/backlog/EKS-07-multi-process-coordination.md
F2955	Sep 9 00:43 docs/knowledgeos/theory-extraction/76-P58-FA7-CAPABILITY-LEVEL-TRACEABILITY-AUDIT.md
F2956	Sep 9 00:58 docs/knowledgeos/theory-extraction/77-P59-TRACE-WITNESSABILITY-AND-CAPABILITY-ORDERING-AUDIT.md
F2957	Sep 9 01:07 docs/knowledgeos/theory-extraction/78-P60-RETENTION-OBLIGATION-CAPABILITY-TYPING-AND-REALIZATION-AUDIT.md
F2958	Sep 9 07:33 docs/knowledgeos/theory-extraction/79-P61-WHICH-FORMAL-PROGRAMME-DOES-THE-KERNEL-ANSWER-TO-AUDIT.md
F2959	Sep 9 07:45 docs/knowledgeos/theory-extraction/80-P62-S3-LINEAGE-SUCCESSION-AND-ABANDONMENT-AUDIT.md
F2960	Sep 9 07:46 docs/knowledgeos/backlog/EKS-23-two-independent-capability-vocabularies-never-reconciled.md
F2961	Sep 9 07:46 docs/knowledgeos/backlog/EKS-22-a-large-body-of-theory-with-no-status-and-no-anchor.md
F2962	Sep 9 07:54 docs/knowledgeos/theory-extraction/81-P63-S0-FALSIFICATION-IMPACT-ON-S3-INHERITED-CONTENT-AUDIT.md
F2963	Sep 9 08:01 docs/knowledgeos/theory-extraction/82-P64-BREAKTHROUGH-CLAIM-ARCHAEOLOGY-AND-DERIVATION-IDENTITY-AUDIT.md
F2964	Sep 9 08:08 docs/knowledgeos/theory-extraction/83-P65-PSTAR-THEOREM-VS-ANALYTIC-DEFINITION-AUDIT.md
F2965	Sep 9 08:18 docs/knowledgeos/theory-extraction/84-P66-SUFFICIENCY-AUDIT-OF-THE-11-CELL-KERNEL.md
F2966	Sep 9 08:18 docs/knowledgeos/backlog/EKS-18-open-questions-register-with-no-route-to-the-work.md
F2967	Sep 9 08:24 docs/knowledgeos/theory-extraction/85-P67-OPEN-WORLD-CLOSED-WORLD-READING-FOR-K3-AUDIT.md
F2968	Sep 9 08:37 docs/knowledgeos/theory-extraction/86-P68-TK1-TK2-INTAKE-AND-K0-MATHEMATICAL-KERNEL-DISCOVERY.md
F2969	Sep 9 08:41 docs/knowledgeos/theory-extraction/87-P69-WHAT-POSITIVE-WITNESS-DOES-K3-NAME.md
F2970	Sep 9 08:44 docs/knowledgeos/theory-extraction/88-P70-SEVEN-WITNESSES-ARTIFACT-INSIDE-OMEGA-AUDIT.md
F2971	Sep 9 08:50 docs/knowledgeos/theory-extraction/89-P71-FORWARD-READ-OF-THE-S1-THREAD-AND-ITS-DISPOSITION.md
F2972	Sep 9 09:26 docs/knowledgeos/theory-extraction/90-P72-DO-K0-FRAMES-DISCHARGE-STEPS-1-TO-4-AUDIT.md
F2973	Sep 9 09:27 docs/knowledgeos/backlog/EKS-25-a-commissioned-programme-stopped-awaiting-a-review-that-has-not-come.md
F2974	Sep 9 11:56 docs/knowledgeos/theory-extraction/91-P73-TIMESTAMP-THREAD-METHOD-ADOPTION-AND-THE-ETA-THREAD.md
F2975	Sep 9 12:01 docs/knowledgeos/theory-extraction/92-P74-IS-STEP-161-A-FOURTH-CONTRACT-NOTION.md
F2976	Sep 9 12:02 docs/knowledgeos/backlog/EKS-14-research-construct-named-as-a-product-component.md
F2977	Sep 9 12:10 docs/knowledgeos/theory-extraction/93-P75-PROVENANCE-AUDIT-STEP-167-168-TO-GN-46.md
F2978	Sep 9 12:10 docs/knowledgeos/backlog/EKS-26-completed-coverage-claims-decay-silently-as-the-corpus-grows.md
F2979	Sep 9 12:10 docs/knowledgeos/backlog/EKS-24-thread-conclusions-live-in-files-no-search-ranks.md
F2980	Sep 9 12:20 docs/knowledgeos/theory-extraction/94-P76-DO-THE-88-TVF-FINDINGS-BEAR-ON-K1-K11.md
F2981	Sep 9 12:29 docs/knowledgeos/theory-extraction/95-P77-S-R-TRANSITION-BRIDGE-AUDIT.md
F2982	Sep 9 12:30 docs/knowledgeos/backlog/EKS-21-negative-findings-have-no-positive-control.md
F2983	Sep 9 12:33 docs/knowledgeos/backlog/EKS-27-the-same-mathematical-symbol-means-two-different-things.md
F2984	Sep 9 12:34 docs/knowledgeos/theory-extraction/96-P78-COMPLETE-READ-OF-A3W-NO-SINGLE-SYSTEM-STATE.md
F2985	Sep 9 12:36 docs/knowledgeos/backlog/EKS-28-two-governance-commissions-on-sibling-kernel-questions-never-cross-reference.md
F2986	Sep 9 12:54 docs/knowledgeos/backlog/EKS-29-a-construct-is-credited-to-the-wrong-document.md
F2987	Sep 9 12:54 docs/knowledgeos/theory-extraction/97-P79-LAYER-PROVENANCE-AUDIT-OF-K1-K11.md
F2988	Sep 9 13:05 docs/knowledgeos/theory-extraction/98-P80-COMPLETE-DERIVATION-AUDIT-OF-THE-P09.3-DECOMPOSITION.md
F2989	Sep 9 13:33 docs/knowledgeos/theory-extraction/99-P81-THIRD-INDIVIDUATION-AXIS-AUDIT.md
F2990	Sep 9 13:34 docs/knowledgeos/backlog/EKS-16-derivation-without-consulting-existing-theory.md
F2991	Sep 9 13:35 docs/knowledgeos/backlog/EKS-30-no-register-of-a-lanes-own-settled-questions.md
F2992	Sep 9 13:57 docs/knowledgeos/theory-extraction/100-P82-R0-GOVERNANCE-AND-SCOPE-AUDIT.md
F2993	Sep 9 13:59 docs/knowledgeos/backlog/EKS-32-a-ruling-that-fixes-the-kernel-size-is-in-no-governance-register.md
F2994	Sep 9 14:31 docs/knowledgeos/theory-extraction/101-P83-CORRECTION-VS-REGRESSION-DISCRIMINATOR-AUDIT.md
F2995	Sep 9 15:28 docs/knowledgeos/theory-extraction/102-P84-MD018-STATUS-CHAIN-OBJECT-IDENTIFICATION.md
F2996	Sep 9 15:29 docs/knowledgeos/backlog/EKS-33-a-binding-ruling-governs-a-register-that-cannot-carry-it.md
F2997	Sep 9 15:40 docs/knowledgeos/theory-extraction/103-P85-F4-SEMANTIC-BACKBONE-RECOVERY-REACH-AND-FAMILY-COLLISION.md
F2998	Sep 9 15:41 docs/knowledgeos/backlog/EKS-34-a-naming-collision-split-across-an-information-barrier.md
F2999	Sep 9 15:50 docs/knowledgeos/theory-extraction/104-READ-RECORD-NINE-F4-FILES-AND-CORRECTIONS-TO-P85.md
F3000	Sep 9 15:59 docs/knowledgeos/theory-extraction/105-READ-RECORD-2026-09-02-SAT-THREAD-AND-THE-APPROVED-TODO-REGISTER.md
F3001	Sep 9 16:06 docs/knowledgeos/theory-extraction/106-READ-RECORD-2026-09-04-EQUIV-SEM-MINKER-AND-A-REVERSED-BLOCK.md
F3002	Sep 9 16:07 docs/knowledgeos/backlog/EKS-35-file-timestamps-do-not-encode-argument-order.md
F3003	Sep 9 16:42 docs/knowledgeos/backlog/EKS-36-two-same-day-research-threads-on-sibling-evaluation-questions-never-cross-reference.md
F3004	Sep 9 16:47 docs/knowledgeos/theory-extraction/107-P86-CONTRADICTION-CONTR-PREREQUISITE-AUDIT.md
F3005	Sep 9 16:58 docs/knowledgeos/theory-extraction/108-P87-R-REQ-REQUIRED-DISTINCTIONS-AUDIT.md
F3006	Sep 9 16:59 docs/knowledgeos/backlog/EKS-31-externally-authored-analysis-files-enter-the-primary-corpus-without-provenance-markers.md
F3007	Sep 9 17:05 docs/knowledgeos/theory-extraction/109-P88-IS-T-ENUMERABLE-FROM-THE-CORPUS.md
F3008	Sep 9 17:18 docs/knowledgeos/theory-extraction/110-P89-N4-GOVERNANCE-ADOPTION-AUDIT.md
F3009	Sep 9 17:19 docs/knowledgeos/backlog/EKS-38-two-decision-registers-share-one-id-space.md
F3010	Sep 9 17:27 docs/knowledgeos/theory-extraction/111-P90-EKS38-GOVERNANCE-CONTROL-AUDIT.md
F3011	Sep 9 17:27 docs/knowledgeos/backlog/EKS-37-the-highest-leverage-item-is-typed-as-both-a-derivation-and-a-decision.md
F3012	Sep 9 17:37 docs/knowledgeos/theory-extraction/112-P91-R-REQ-HISTORICAL-RECONSTRUCTION.md
F3013	Sep 9 17:38 docs/knowledgeos/backlog/EKS-39-a-research-object-silently-changed-from-a-test-into-a-list.md
F3014	Sep 9 17:55 docs/knowledgeos/theory-extraction/113-P92-THE-R-REQ-DEFINITION-DOCUMENT.md
F3015	Sep 9 17:59 docs/knowledgeos/theory-extraction/114-P93-THE-182011-182017-182019-READ.md
F3016	Sep 9 18:00 docs/knowledgeos/backlog/EKS-40-one-batch-gives-contradictory-dispositions-of-the-same-item.md
F3017	Sep 9 18:08 docs/knowledgeos/theory-extraction/115-P94-CHRONOLOGICAL-LINEAGE-TRACE.md
F3018	Sep 9 18:47 docs/knowledgeos/theory-extraction/116-P95-COMPLETED-CHRONOLOGICAL-READ-270-TO-272A.md
F3019	Sep 9 19:02 docs/knowledgeos/backlog/EKS-42-two-documents-share-one-section-numbering-space.md
F3020	Sep 9 19:08 docs/knowledgeos/theory-extraction/117-P96-QUEUE-DRIVEN-CHRONOLOGICAL-READ.md
F3021	Sep 9 19:23 docs/knowledgeos/theory-extraction/reconstruction/census.py
F3022	Sep 9 19:23 docs/knowledgeos/theory-extraction/reconstruction/01-CORPUS-CENSUS.tsv
F3023	Sep 9 19:23 docs/knowledgeos/theory-extraction/reconstruction/01-CENSUS-SUMMARY.json
F3024	Sep 9 19:24 docs/knowledgeos/theory-extraction/reconstruction/extract.py
F3025	Sep 9 19:24 docs/knowledgeos/theory-extraction/reconstruction/02-DOC-RECORDS.jsonl
F3026	Sep 9 19:24 docs/knowledgeos/theory-extraction/reconstruction/02-SYMBOL-INDEX.jsonl
F3027	Sep 9 19:25 docs/knowledgeos/theory-extraction/reconstruction/timeline.py
F3028	Sep 9 19:25 docs/knowledgeos/theory-extraction/reconstruction/03-BIRTH-POINTS.tsv
F3029	Sep 9 19:25 docs/knowledgeos/theory-extraction/reconstruction/03-THEORY-TIMELINE.tsv
F3030	Sep 9 19:25 docs/knowledgeos/theory-extraction/reconstruction/03-FORM-CHANGES.jsonl
F3031	Sep 9 19:28 docs/knowledgeos/theory-extraction/reconstruction/.gitignore
F3032	Sep 9 19:38 docs/knowledgeos/theory-extraction/118-P97-TRUE-BIRTH-OF-SAT-AND-REQUIREMENTS.md
F3033	Sep 9 19:38 docs/knowledgeos/backlog/EKS-43-a-sanskrit-word-and-a-core-formal-operator-share-one-name.md
F3034	Sep 9 19:39 docs/knowledgeos/backlog/EKS-41-req-req-symbol-denotes-two-unrelated-formal-objects.md
F3035	Sep 9 20:22 docs/knowledgeos/backlog/EKS-44-the-satisfaction-definition-is-typed-but-never-computed-even-in-its-own-example.md
F3036	Sep 9 20:33 docs/knowledgeos/backlog/EKS-45-two-independently-reconstructed-delta-t-freezes-cite-the-same-source-but-were-never-compared.md
F3037	Sep 9 22:53 docs/knowledgeos/backlog/EKS-46-a-qualified-result-becomes-an-unqualified-one-three-minutes-later.md
F3038	Sep 9 22:54 docs/knowledgeos/backlog/EKS-47-gamma-has-no-definition-anywhere-and-EC-is-never-instantiated.md
F3039	Sep 9 23:18 docs/knowledgeos/backlog/EKS-48-no-authorized-route-to-construct-missing-sat-chain-semantics.md
F3040	Sep 10 08:51 docs/knowledgeos/theory-extraction/reconstruction/09-EVIDENCE-LOG.md
F3041	Sep 10 10:13 docs/knowledgeos/backlog/EKS-50-a-third-independent-classification-governance-pipeline-was-found-unintegrated.md
F3042	Sep 10 10:13 docs/knowledgeos/backlog/00_index.md
F3043	Sep 10 10:53 docs/knowledgeos/backlog/EKS-51-one-symbol-was-reused-for-a-different-concept-43-minutes-later.md
F3044	Sep 10 10:53 docs/knowledgeos/backlog/EKS-49-a-commissioning-lane-and-an-executing-lane-never-tell-each-other.md
F3045	Sep 10 11:16 docs/knowledgeos/backlog/EKS-52-lanes-do-not-enumerate-each-other-so-the-same-work-is-done-repeatedly.md
F3046	Sep 10 11:33 docs/knowledgeos/backlog/EKS-54-a-single-theory-rewrite-defines-its-own-core-symbols-six-different-ways.md
F3047	Sep 10 11:41 docs/knowledgeos/backlog/EKS-53-a-deliberate-restart-replaced-a-finished-definition-with-an-unfinished-one.md
F3048	Sep 10 11:58 docs/knowledgeos/backlog/EKS-55-a-tested-superior-evaluator-existed-before-det-r-and-was-never-consulted.md
F3049	Sep 10 16:35 docs/knowledgeos/backlog/EKS-56-two-workstreams-gave-one-issue-number-to-two-different-issues-and-one-was-already-closed.md
F3050	Sep 10 17:22 docs/knowledgeos/theory-extraction/reconstruction/08-COVERAGE-LEDGER.md
F3051	Sep 10 18:47 docs/knowledgeos/theory-extraction/reconstruction/commission/00-COMMISSION-REGISTER.md
F3052	Sep 10 23:20 docs/knowledgeos/theory-extraction/reconstruction/07-THEORYSTATE-CHRONICLE.md
F3053	Sep 10 23:43 docs/knowledgeos/theory-extraction/reconstruction/governance/00-GOVERNANCE-EVIDENCE-REGISTER.md
F3054	Sep 11 00:04 docs/knowledgeos/theory-extraction/reconstruction/lineage/00-BIRTH-POINT-ANALYSIS.md
F3055	Sep 11 00:33 docs/knowledgeos/theory-extraction/reconstruction/05-DEFINITION-EVOLUTION-REGISTRY.tsv
F3056	Sep 11 00:33 docs/knowledgeos/theory-extraction/reconstruction/04-LINEAGE-EDGES.tsv
F3057	Sep 11 00:34 docs/knowledgeos/theory-extraction/reconstruction/06-GAP-REGISTER.md
F3058	Sep 11 00:40 docs/knowledgeos/theory-extraction/reconstruction/reconciliation/01-ZERO-RECONCILIATION.md
F3059	Sep 11 00:55 docs/knowledgeos/theory-extraction/reconstruction/reconciliation/02-SAT-RECONCILIATION.md
F3060	Sep 11 00:57 docs/knowledgeos/theory-extraction/reconstruction/reconciliation/03-DELTA-RECONCILIATION.md
F3061	Sep 11 00:59 docs/knowledgeos/theory-extraction/reconstruction/reconciliation/04-GAMMA-RECONCILIATION.md
F3062	Sep 11 01:03 docs/knowledgeos/theory-extraction/reconstruction/reconciliation/05-DEPENDENCY-CLOSURE.md
F3063	Sep 11 01:06 docs/knowledgeos/theory-extraction/reconstruction/reconciliation/06-V12-MEMBERSHIP.md
F3064	Sep 11 01:08 docs/knowledgeos/theory-extraction/reconstruction/reconciliation/07-REMAINING-FOUR.md
F3065	Sep 11 01:10 docs/knowledgeos/theory-extraction/reconstruction/reconciliation/08-CLOSURE-MATRIX-AND-VERDICT.md
F3066	Sep 11 01:11 docs/knowledgeos/theory-extraction/reconstruction/00-PROTOCOL-AND-CHECKPOINT.md
F3067	Sep 11 01:24 docs/knowledgeos/theory-extraction/reconstruction/resolution/01-V12-BASELINE-IDENTITY-AUDIT.md
F3068	Sep 11 01:27 docs/knowledgeos/theory-extraction/reconstruction/resolution/02-GAMMA-RESOLUTION.md
F3069	Sep 11 01:30 docs/knowledgeos/theory-extraction/reconstruction/resolution/03-OCORE-RESOLUTION.md
F3070	Sep 11 01:32 docs/knowledgeos/theory-extraction/reconstruction/resolution/04-SEMEQ-RESOLUTION.md
F3071	Sep 11 01:34 docs/knowledgeos/theory-extraction/reconstruction/resolution/05-QUALIFY-RESOLUTION.md
F3072	Sep 11 01:36 docs/knowledgeos/theory-extraction/reconstruction/resolution/06-SAT-RESOLUTION.md
F3073	Sep 11 01:39 docs/knowledgeos/theory-extraction/reconstruction/resolution/07-DELTA-RESOLUTION.md
F3074	Sep 11 01:43 docs/knowledgeos/theory-extraction/reconstruction/resolution/08-ZERO-RESOLUTION.md
F3075	Sep 11 01:45 docs/knowledgeos/theory-extraction/reconstruction/resolution/09-RREQ-PC-RESOLUTION.md
F3076	Sep 11 01:47 docs/knowledgeos/theory-extraction/reconstruction/resolution/10-KT-DELTA-OMEGA-EVAL-DET.md
F3077	Sep 11 01:50 docs/knowledgeos/theory-extraction/reconstruction/resolution/11-CYCLE-REAUDIT.md
F3078	Sep 11 01:52 docs/knowledgeos/theory-extraction/reconstruction/resolution/12-FINAL-V12-CLOSURE-MATRIX.md
F3079	Sep 11 01:54 docs/knowledgeos/theory-extraction/reconstruction/resolution/13-EQUALITY-GATE-AND-CYCLE-RECONCILIATION.md
F3080	Sep 11 01:57 docs/knowledgeos/theory-extraction/reconstruction/resolution/14-R6-VERIFICATION-AND-LAST-TWO-POINTS.md
F3081	Sep 22 01:58 docs/knowledgeos/list_of_files_to_read.log
