F0001	Aug 5 15:44 docs/knowledgeos/2026-08-02-knowledgeos-architecture-baseline.md
F0002	Aug 5 15:44 docs/knowledgeos/KnowledgeOS_Architecture_Validation_Matrix.md
F0003	Aug 5 15:44 docs/knowledgeos/KnowledgeOS_Architecture_Synthesis_Matrix.md
F0004	Aug 5 15:44 docs/knowledgeos/KnowledgeOS_Architecture_Health_Dashboard.md
F0005	Aug 5 15:44 docs/knowledgeos/KnowledgeOS_Architecture_Fitness_Assessment.md
F0006	Aug 5 15:44 docs/knowledgeos/KnowledgeOS_ARB_Decision_Docket.md
F0007	Aug 5 15:44 docs/knowledgeos/AI_Workflow_Observation_Log.md
F0008	Aug 5 15:44 docs/knowledgeos/2026-08-02-mvk-bootstrap-validation-report.md
F0009	Aug 5 15:44 docs/knowledgeos/2026-08-02-knowledgeos-strategic-domain-discovery.md
F0010	Aug 5 15:44 docs/knowledgeos/2026-08-02-knowledgeos-strategic-boundary-consolidation.md
F0011	Aug 5 15:44 docs/knowledgeos/2026-08-02-knowledgeos-product-boundary-discovery.md
F0012	Aug 5 15:44 docs/knowledgeos/2026-08-02-knowledgeos-architecture-consolidation.md
F0013	Aug 5 15:44 docs/knowledgeos/KnowledgeOS_Meta_Model.md
F0014	Aug 5 15:44 docs/knowledgeos/KnowledgeOS_Lifecycle_Gap_Analysis.md
F0015	Aug 5 15:44 docs/knowledgeos/KnowledgeOS_Independent_Review_Phase_B.md
F0016	Aug 5 15:44 docs/knowledgeos/KnowledgeOS_Governed_Retrieval_Positioning_Validation.md
F0017	Aug 5 15:44 docs/knowledgeos/KnowledgeOS_External_Positioning_Comparison_Matrix.md
F0018	Aug 5 15:44 docs/knowledgeos/KnowledgeOS_Engineering_Progression_Model.md
F0019	Aug 5 15:44 docs/knowledgeos/KnowledgeOS_Engineering_Knowledge_Landscape.md
F0020	Aug 5 15:44 docs/knowledgeos/KnowledgeOS_Engineering_Knowledge_Domain_Model.md
F0021	Aug 5 15:44 docs/knowledgeos/KnowledgeOS_Engineering_Improvement_Cycle.md
F0022	Aug 5 15:44 docs/knowledgeos/KnowledgeOS_Engineering_Decision_Model_Validation.md
F0023	Aug 5 15:44 docs/knowledgeos/KnowledgeOS_Engineering_Decision_Model_Discovery.md
F0024	Aug 5 15:44 docs/knowledgeos/KnowledgeOS_Domain_Model_Falsification_Report.md
F0025	Aug 5 15:44 docs/knowledgeos/KnowledgeOS_Deferred_Architecture_Register.md
F0026	Aug 5 15:44 docs/knowledgeos/KnowledgeOS_Relationship_Validation_Matrix.md
F0027	Aug 5 15:44 docs/knowledgeos/KnowledgeOS_Relationship_Ontology.md
F0028	Aug 5 15:44 docs/knowledgeos/KnowledgeOS_Recommendation_Lifecycle_Discovery.md
F0029	Aug 5 15:44 docs/knowledgeos/KnowledgeOS_Platform_Discovery_Coverage_Map.md
F0030	Aug 5 15:44 docs/knowledgeos/KnowledgeOS_Platform_Capability_Model.md
F0031	Aug 5 15:44 docs/knowledgeos/KnowledgeOS_Phase_B_Evidence_Reconciliation.md
F0032	Aug 5 15:44 docs/knowledgeos/KnowledgeOS_Operational_Validation_Report.md
F0033	Aug 5 15:44 docs/knowledgeos/KnowledgeOS_Operational_Knowledge_Principles.md
F0034	Aug 5 15:44 docs/knowledgeos/KnowledgeOS_Operational_Evidence_Register.md
F0035	Aug 5 15:44 docs/knowledgeos/KnowledgeOS_Ontology_Discovery.md
F0036	Aug 5 15:44 docs/knowledgeos/KnowledgeOS_Ontology_Cross_Product_Validation.md
F0037	Aug 5 15:44 docs/knowledgeos/KnowledgeOS_Ontology_Architecture_Classification.md
F0038	Aug 5 15:44 docs/knowledgeos/KnowledgeOS_Mission_Discovery.md
F0039	Aug 5 15:44 docs/knowledgeos/KnowledgeOS_Meta_Model_Discovery.md
F0040	Aug 5 15:44 docs/knowledgeos/README.md
F0041	Aug 5 15:44 docs/knowledgeos/OKF_KnowledgeOS_Architecture_Synthesis.md
F0042	Aug 5 15:44 docs/knowledgeos/KnowledgeOS_Vision_Mission_Clarification.md
F0043	Aug 5 15:44 docs/knowledgeos/KnowledgeOS_Viewpoint_Ownership_Discovery.md
F0044	Aug 5 15:44 docs/knowledgeos/KnowledgeOS_Strategic_Architecture_Discovery.md
F0045	Aug 5 15:44 docs/knowledgeos/KnowledgeOS_Semantic_Architecture_Reconciliation.md
F0046	Aug 5 15:44 docs/knowledgeos/KnowledgeOS_Research_Backlog.md
F0047	Aug 19 10:47 docs/knowledgeos/brainstorming/20260819-104748-ai-engineering-lifecycle-five-responsibilities-governance.md
F0048	Aug 21 15:08 docs/knowledgeos/brainstorming/_misc/20260821-150830-diagram.png
F0049	Aug 21 17:34 docs/knowledgeos/brainstorming/20260816-204714-track2-eks-semantic-discovery.md
F0050	Aug 21 17:34 docs/knowledgeos/brainstorming/20260817-145153-ai-engineering-platform-6-role-model.md
F0051	Aug 21 17:34 docs/knowledgeos/brainstorming/20260818-213516-lcom4-multi-language-binding.md
F0052	Aug 21 17:34 docs/knowledgeos/brainstorming/20260819-092449-research-on-role-separation.md
F0053	Aug 21 17:34 docs/knowledgeos/brainstorming/20260819-104802-delegation-map-domain-owners.md
F0054	Aug 21 17:34 docs/knowledgeos/brainstorming/20260819-104804-voting-election-outcome-refinement.md
F0055	Aug 21 17:34 docs/knowledgeos/brainstorming/20260819-104823-four-session-role-model-refinement.md
F0056	Aug 21 17:34 docs/knowledgeos/brainstorming/20260819-104830-election-only-mode-readiness.md
F0057	Aug 21 17:34 docs/knowledgeos/brainstorming/20260819-204018-kos-product-architecture-v2.md
F0058	Aug 21 17:34 docs/knowledgeos/brainstorming/20260819-204431-kos-ddd-architecture-review-v3.md
F0059	Aug 21 17:34 docs/knowledgeos/brainstorming/20260819-205541-kos-ddd-architecture-v3-duplicate.md
F0060	Aug 21 17:34 docs/knowledgeos/brainstorming/20260819-205757-ddd-correction-verification-verdict.md
F0061	Aug 21 17:34 docs/knowledgeos/brainstorming/20260819-220806-kos-3-0-state-durability-ddd-boundary.md
F0062	Aug 21 17:34 docs/knowledgeos/brainstorming/20260819-220924-spring-di-principle-for-kos.md
F0063	Aug 21 17:34 docs/knowledgeos/brainstorming/20260820-115444-poa-vs-ddd-decision-hierarchy.md
F0064	Aug 21 17:34 docs/knowledgeos/brainstorming/20260820-123902-kos-design-patterns.md
F0065	Aug 21 17:34 docs/knowledgeos/brainstorming/20260820-231930-event-driven-architecture-refinement.md
F0066	Aug 21 17:34 docs/knowledgeos/brainstorming/20260821-120633-kos-state-durability-assurance-integration.md
F0067	Aug 21 17:34 docs/knowledgeos/brainstorming/20260821-120810-kos-governance-role-cost-optimization.md
F0068	Aug 21 17:34 docs/knowledgeos/brainstorming/20260821-121929-business-translator-capability.md
F0069	Aug 21 17:34 docs/knowledgeos/brainstorming/20260821-142748-event-driven-domain-loop-positioning.md
F0070	Aug 21 17:34 docs/knowledgeos/brainstorming/_misc/20260819-221159-digitalization-robot-vision.md
F0071	Aug 21 17:34 docs/knowledgeos/brainstorming/_misc/20260819-224159-linux-analogy-kernel-os-model.md
F0072	Aug 21 17:34 docs/knowledgeos/brainstorming/_misc/20260819-225329-ip-protection-secrecy-strategy.md
F0073	Aug 21 17:34 docs/knowledgeos/brainstorming/_misc/20260819-225332-kos-ipo-stock-market-variant.md
F0074	Aug 21 17:34 docs/knowledgeos/brainstorming/_misc/20260819-225858-kos-ipo-stock-market-path.md
F0075	Aug 21 20:37 docs/knowledgeos/brainstorming/20260821-2032-how-to-change-eks-into-knowledgeos-kernel.md
F0076	Aug 21 20:40 docs/knowledgeos/brainstorming/20260821-2033-what-eks-is-today.md
F0077	Aug 21 20:51 docs/knowledgeos/brainstorming/20260801-1231-eks-current-architecture-baseline.md
F0078	Aug 21 21:09 docs/knowledgeos/brainstorming/20260821-2108-how-to-integrate-current-eks-into-knowledgeos-kernel.md
F0079	Aug 21 23:25 docs/knowledgeos/brainstorming/20260821-2325-complex-numbers-in-knowledgeos-modeling-tool.md
F0080	Aug 21 23:51 docs/knowledgeos/brainstorming/20260821-2351-independent-external-research-review-organizational-knowledge-systems.md
F0081	Aug 21 23:53 docs/knowledgeos/brainstorming/_misc/20260821-2353-deepseek-investigation-eks-pks-aip-current-architecture.md
F0082	Aug 22 00:21 docs/knowledgeos/brainstorming/20260822-0021-mathematical-models-for-knowledgeos-where-mathematics-belongs.md
F0083	Aug 22 01:13 docs/knowledgeos/brainstorming/20260822-0113-research-review-expression-meaning-invariance.md
F0084	Aug 22 01:21 docs/knowledgeos/brainstorming/20260822-0121-knowledgeos-zero-concept-research-extraction-prompt.md
F0085	Aug 22 01:23 docs/knowledgeos/brainstorming/20260822-0123-knowledgeos-consolidation-review-kernel-boundary-filter.md
F0086	Aug 22 01:35 docs/knowledgeos/brainstorming/20260822-0135-knowledgeos-conceptual-foundation-relationship-invariant-preservation.md
F0087	Aug 22 01:46 docs/knowledgeos/brainstorming/20260822-0146-knowledgeos-epistemic-pipeline-veda-vedanta-analysis.md
F0088	Aug 22 01:59 docs/knowledgeos/brainstorming/20260822-0159-epistemic-operating-system-research-foundations.md
F0089	Aug 22 02:00 docs/knowledgeos/brainstorming/20260822-0200-knowledgeos-vs-epistemic-os-layer-separation-review.md
F0090	Aug 22 02:03 docs/knowledgeos/brainstorming/20260822-0203-truth-seeking-machine-knowledgeos-core-question-refinement.md
F0091	Aug 22 02:07 docs/knowledgeos/brainstorming/20260822-0207-knowledgeos-character-definition-strategic-synthesis.md
F0092	Aug 22 02:18 docs/knowledgeos/brainstorming/20260822-0218-tarka-shastra-nyaya-epistemology-research-extraction.md
F0093	Aug 22 02:22 docs/knowledgeos/brainstorming/20260822-0222-knowledgeos-reasoning-character-after-tarka-analysis.md
F0094	Aug 22 02:25 docs/knowledgeos/brainstorming/20260822-0225-knowledgeos-extraction-navya-nyaya-relations-context.md
F0095	Aug 22 02:32 docs/knowledgeos/brainstorming/20260822-0232-knowledgeos-extraction-tarka-nyaya-reasoning-lifecycle.md
F0096	Aug 22 02:34 docs/knowledgeos/brainstorming/20260822-0234-knowledgeos-vyapti-inference-warranting-relation-layer.md
F0097	Aug 22 02:39 docs/knowledgeos/brainstorming/20260822-0239-knowledgeos-pramana-registry-nyaya-sutra-extraction.md
F0098	Aug 22 02:41 docs/knowledgeos/brainstorming/20260822-0241-knowledgeos-semantic-kernel-matilal-word-and-world.md
F0099	Aug 22 02:43 docs/knowledgeos/brainstorming/20260822-0243-knowledgeos-hetvabhasa-reasoning-anti-corruption-layer.md
F0100	Aug 22 02:49 docs/knowledgeos/brainstorming/20260822-0249-knowledgeos-tarka-sangraha-ontology-pramana-reasoning.md
F0101	Aug 22 02:52 docs/knowledgeos/brainstorming/20260822-0252-knowledgeos-keith-indian-logic-atomism-ontology-epistemology.md
F0102	Aug 22 02:54 docs/knowledgeos/brainstorming/20260822-0254-knowledgeos-chakra-architecture-transformation-pipeline.md
F0103	Aug 22 02:57 docs/knowledgeos/brainstorming/20260822-0257-knowledgeos-cognitive-epistemology-architecture-yoga-sutra.md
F0104	Aug 22 02:58 docs/knowledgeos/brainstorming/20260822-0258-knowledgeos-abhava-absence-structured-knowledge-lens.md
F0105	Aug 22 03:02 docs/knowledgeos/brainstorming/20260822-0302-knowledgeos-final-character-synthesis.md
F0106	Aug 22 09:15 docs/knowledgeos/brainstorming/20260822-0915-knowledgeos-p4-constitutional-invariant-map-launch-prompt.md
F0107	Aug 22 10:16 docs/knowledgeos/brainstorming/20260822-101651-sakta-tantra-woodroffe-lens-extraction-duplicate.md
F0108	Aug 22 10:17 docs/knowledgeos/brainstorming/20260822-101729-kashmiri-shaivism-prakasa-vimarsa-lens.md
F0109	Aug 22 10:18 docs/knowledgeos/brainstorming/20260822-101842-sakta-tantra-woodroffe-lens-extraction.md
F0110	Aug 22 10:36 docs/knowledgeos/brainstorming/20260822-103624-aip-s5-review-lane-instruction-vedic-zero-lens.md
F0111	Aug 22 10:57 docs/knowledgeos/brainstorming/20260822-105719-quranic-epistemology-lens-al-haqq-isnad.md
F0112	Aug 22 10:59 docs/knowledgeos/brainstorming/20260822-105921-negative-epistemology-what-knowledgeos-is-not.md
F0113	Aug 22 11:02 docs/knowledgeos/brainstorming/20260822-110210-biblical-explanation-architecture-lens.md
F0114	Aug 22 11:08 docs/knowledgeos/brainstorming/20260822-110850-moksha-lens-state-transformation-of-knower.md
F0115	Aug 22 11:14 docs/knowledgeos/brainstorming/20260822-111434-shiva-shakti-unity-through-manifestation-convergence.md
F0116	Aug 22 11:16 docs/knowledgeos/brainstorming/20260822-111626-leonardo-contextual-completeness-lens.md
F0117	Aug 22 11:24 docs/knowledgeos/brainstorming/20260822-112442-bala-ganesha-wisdom-engine-lens.md
F0118	Aug 22 11:28 docs/knowledgeos/brainstorming/20260822-112804-knowledgeos-consolidation-review-character-synthesis.md
F0119	Aug 22 11:39 docs/knowledgeos/brainstorming/20260822-113910-ganesha-wisdom-integration-layer-review.md
F0120	Aug 22 11:45 docs/knowledgeos/brainstorming/20260822-114551-wisdom-transformation-epistemic-humility-research-extraction.md
F0121	Aug 22 11:47 docs/knowledgeos/brainstorming/20260822-114753-ganesha-wisdom-architecture-core-components.md
F0122	Aug 22 11:51 docs/knowledgeos/brainstorming/20260822-115144-godel-truth-provability-boundary-lens.md
F0123	Aug 22 11:58 docs/knowledgeos/brainstorming/20260822-115830-godel-numbering-knowledge-identity-numbers-reflection.md
F0124	Aug 22 12:06 docs/knowledgeos/brainstorming/20260822-120635-math-music-hofstadter-fourier-harmonics-of-meaning.md
F0125	Aug 22 12:06 docs/knowledgeos/brainstorming/20260822-120638-knowledgeos-math-music-lens-extraction-harmonic-knowledge.md
F0126	Aug 22 12:25 docs/knowledgeos/brainstorming/20260822-122523-godel-not-architecture-formal-justification-boundaries.md
F0127	Aug 22 12:25 docs/knowledgeos/brainstorming/20260822-122537-logic-in-classical-indian-philosophy-review-nyaya-trirupa.md
F0128	Aug 22 12:29 docs/knowledgeos/brainstorming/20260822-122927-logic-in-classical-indian-philosophy-sep-source.md
F0129	Aug 22 12:29 docs/knowledgeos/brainstorming/20260822-122930-escher-invariant-transformation-lens.md
F0130	Aug 22 12:50 docs/knowledgeos/brainstorming/20260822-125015-vedic-sanskrit-grammar-v2-word-order-semantic-normal-form.md
F0131	Aug 22 12:58 docs/knowledgeos/brainstorming/20260822-125831-sanskrit-inspired-semantic-language-artha-research-extraction.md
F0132	Aug 22 13:45 docs/knowledgeos/brainstorming/20260822-124229-sanskrit-grammar-v1-dhatu-transformation-lens.md
F0133	Aug 22 13:52 docs/knowledgeos/brainstorming/20260822-135214-po-arb-acceptance-decision-support-option-1-recommendation.md
F0134	Aug 22 14:04 docs/knowledgeos/brainstorming/20260822-140426-research-phase-closure-ddd-refinement-review-prompt.md
F0135	Aug 22 14:06 docs/knowledgeos/brainstorming/20260822-140622-paninian-grammar-compiler-architecture-parallel.md
F0136	Aug 22 14:09 docs/knowledgeos/brainstorming/20260822-140939-knowledgeos-semantic-compiler-architecture-research-extraction.md
F0137	Aug 22 14:15 docs/knowledgeos/brainstorming/20260822-141513-semantic-compiler-cpu-prototype-benchmark-first-run.md
F0138	Aug 22 14:32 docs/knowledgeos/brainstorming/20260822-143217-benchmark-verification-reinterpreted-knowledgeos-v1-1-layers.md
F0139	Aug 22 14:34 docs/knowledgeos/brainstorming/20260822-143421-semantic-compiler-kernel-boundary-refinement-kos-ev.md
F0140	Aug 22 14:38 docs/knowledgeos/brainstorming/20260822-143844-next-steps-architecture-first-then-semantic-compiler-experiment.md
F0141	Aug 22 15:49 docs/knowledgeos/brainstorming/20260822-154923-snf-measurement-framework-mathematical-review.md
F0142	Aug 22 16:19 docs/knowledgeos/brainstorming/kernel/20260822-161933-snf-formula-research-review-and-measurement-framework.md
F0143	Aug 23 10:32 docs/knowledgeos/brainstorming/20260823-103255-candidate-set-architecture-ah6-interpretation-execution-separation.md
F0144	Aug 23 10:36 docs/knowledgeos/brainstorming/20260823-103606-kernel-eight-capacities-k1-k8-and-minimum-kernel.md
F0145	Aug 23 10:41 docs/knowledgeos/brainstorming/20260823-104148-constitutional-knowledge-engine-six-pillars-and-state-machine.md
F0146	Aug 23 10:42 docs/knowledgeos/brainstorming/20260823-104251-constitutional-dsl-intent-vocabulary-and-evidence-weighting-model.md
F0147	Aug 23 10:52 docs/knowledgeos/brainstorming/20260823-105200-ddd-interrogation-intent-vs-command-and-evidence-weighting-red-flag.md
F0148	Aug 23 11:02 docs/knowledgeos/brainstorming/kernel/20260823-110248-kernel-ddd-critical-review-god-object-conflations.md
F0149	Aug 23 11:03 docs/knowledgeos/brainstorming/kernel/20260823-110305-f1-f5-closes-domain-discovery-gap-duplicate.md
F0150	Aug 23 11:09 docs/knowledgeos/brainstorming/kernel/20260823-110950-kernel-domain-level-brainstorming-admission-hypotheses.md
F0151	Aug 23 11:16 docs/knowledgeos/brainstorming/kernel/20260823-111647-epistemic-lifecycle-domain-discovery-admission-as-first-transition.md
F0152	Aug 23 11:21 docs/knowledgeos/brainstorming/kernel/20260823-112155-perplexity-kernel-domain-responsibility-brainstorming.md
F0153	Aug 23 11:28 docs/knowledgeos/brainstorming/kernel/20260823-112855-kimi-kernel-epistemic-accountability-core-ganesha-shiva-shakti.md
F0154	Aug 23 11:34 docs/knowledgeos/brainstorming/kernel/20260823-113410-perplexity-smallest-consistency-boundary-investigation.md
F0155	Aug 23 11:36 docs/knowledgeos/brainstorming/kernel/20260823-113645-deepseek-consistency-boundary-domain-discovery.md
F0156	Aug 23 11:43 docs/knowledgeos/brainstorming/kernel/20260823-114358-deepseek-kernel-twelve-fundamental-questions.md
F0157	Aug 23 11:45 docs/knowledgeos/brainstorming/kernel/20260823-114530-aggregate-hypothesis-falsification-atomicity-vs-relatedness.md
F0158	Aug 23 12:36 docs/knowledgeos/brainstorming/kernel/20260823-123619-kernel-domain-discovery-twelve-questions-across-all-lenses.md
F0159	Aug 23 12:36 docs/knowledgeos/brainstorming/kernel/20260823-123630-kernel-brainstorming-phase-consolidated-summary.md
F0160	Aug 23 12:39 docs/knowledgeos/brainstorming/20260823_1239_working_state.md
F0161	Aug 23 20:57 docs/knowledgeos/brainstorming/20260823-205735-knowledgeos-lens-system-twenty-six-lenses-consolidated.md
F0162	Aug 23 21:00 docs/knowledgeos/brainstorming/20260823-210001-topological-lens-boundaries-connectedness-and-failure-modes.md
F0163	Aug 23 22:15 docs/knowledgeos/brainstorming/00_INDEX.md
F0164	Aug 23 22:50 docs/knowledgeos/brainstorming/kernel/20260823-225038-knowledgeos-kernel-multi-lens-domain-discovery.md
F0165	Aug 23 22:54 docs/knowledgeos/brainstorming/kernel/20260823-225443-lens-system-read-through-ddd-separation-of-concerns.md
F0166	Aug 23 23:01 docs/knowledgeos/brainstorming/kernel/20260823-230117-chinese-philosophical-lenses-value-assessment-for-kernel-finding.md
F0167	Aug 23 23:21 docs/knowledgeos/brainstorming/kernel/20260823-232146-adr-kos-kernel-001-kernel-scope-and-boundary-proposal.md
F0168	Aug 23 23:28 docs/knowledgeos/brainstorming/kernel/20260823-232815-kimi-adversarial-stress-test-compared-with-deepseek-and-perplexity.md
F0169	Aug 23 23:30 docs/knowledgeos/brainstorming/kernel/20260823-233040-research-commission-chinese-philosophical-lenses-for-knowledge-kernel.md
F0170	Aug 23 23:47 docs/knowledgeos/brainstorming/kernel/20260823-234750-tarka-sangraha-nyaya-lens-nine-attack-families-for-kernel.md
F0171	Aug 23 23:53 docs/knowledgeos/brainstorming/kernel/20260823-235306-williamson-knowledge-and-its-limits-extraction.md
F0172	Aug 23 23:58 docs/knowledgeos/brainstorming/kernel/20260823-235825-audi-epistemology-three-kinds-of-grounding-extraction.md
F0173	Aug 24 00:04 docs/knowledgeos/brainstorming/kernel/20260824-000400-shieber-external-epistemic-lens-knowledge-is-not-one-thing.md
F0174	Aug 24 00:10 docs/knowledgeos/brainstorming/kernel/20260824-001005-critical-thinking-source-inquiry-and-question-primitive.md
F0175	Aug 24 00:11 docs/knowledgeos/brainstorming/kernel/20260824-001108-knowledge-kernel-philosophical-lenses-integration-chinese-tarka-audi.md
F0176	Aug 24 00:16 docs/knowledgeos/brainstorming/kernel/20260824-001634-decision-power-model-aims-information-evaluation-decision.md
F0177	Aug 24 00:20 docs/knowledgeos/brainstorming/kernel/20260824-002008-nyaya-sutra-lenses-critical-extraction.md
F0178	Aug 24 00:25 docs/knowledgeos/brainstorming/kernel/20260824-002503-quine-word-and-object-stress-test-of-multi-lens-method.md
F0179	Aug 24 00:27 docs/knowledgeos/brainstorming/kernel/20260824-002740-tractatus-logico-philosophicus-lenses-for-kernel.md
F0180	Aug 24 00:33 docs/knowledgeos/brainstorming/kernel/20260824-003307-managing-memory-for-ai-agents-agent-memory-is-not-knowledgeos.md
F0181	Aug 24 00:41 docs/knowledgeos/brainstorming/kernel/20260824-004125-managing-memory-for-ai-agents-agent-memory-is-not-knowledgeos-duplicate.md
F0182	Aug 24 00:43 docs/knowledgeos/brainstorming/kernel/20260824-004343-review-of-deepseek-tractatus-extraction-entity-claim-status-distinction.md
F0183	Aug 24 00:51 docs/knowledgeos/brainstorming/kernel/20260824-005129-inquiry-and-question-layer-refinement.md
F0184	Aug 24 00:54 docs/knowledgeos/brainstorming/kernel/20260824-005427-cavell-must-we-mean-what-we-say-knowing-versus-acknowledging.md
F0185	Aug 24 00:58 docs/knowledgeos/brainstorming/kernel/20260824-005813-davidson-lens-interpretation-must-not-become-admission-reaktion-2.md
F0186	Aug 24 00:58 docs/knowledgeos/brainstorming/kernel/20260824-005850-davidson-lens-truth-interpretation-and-epistemic-accountability.md
F0187	Aug 24 01:03 docs/knowledgeos/brainstorming/kernel/20260824-010352-brainstorming-phase-closure-recommendation-and-synthesis-dossier.md
F0188	Aug 24 01:04 docs/knowledgeos/brainstorming/kernel/20260824-010419-knowledgeos-multi-lens-brainstorming-synthesis-dossier.md
F0189	Aug 24 01:05 docs/knowledgeos/brainstorming/kernel/20260824-010504-knowledgeos-multi-lens-brainstorming-synthesis-dossier.docx
F0190	Aug 24 01:05 docs/knowledgeos/brainstorming/kernel/20260824-010537-knowledgeos-multi-lens-brainstorming-synthesis-dossier-duplicate.md
F0191	Aug 24 01:08 docs/knowledgeos/brainstorming/kernel/20260824-010840-research-extraction-agent-prompt-for-book-knowledge-extraction.md
F0192	Aug 24 01:15 docs/knowledgeos/brainstorming/20260824-011536-quine-review-assessment-eight-findings-for-kernel-work.md
F0193	Aug 24 01:31 docs/knowledgeos/brainstorming/kernel/20260824-013116-logitica-extraction-preserve-reasoning-structure-not-solutions.md
F0194	Aug 24 01:37 docs/knowledgeos/brainstorming/kernel/20260824-013721-philosophy-of-complex-systems-situated-model-mediated-knowledge.md
F0195	Aug 24 01:46 docs/knowledgeos/brainstorming/kernel/20260824-014614-chalmers-conscious-mind-conceptual-distinction-before-functional-modeling.md
F0196	Aug 24 02:06 docs/knowledgeos/brainstorming/kernel/20260824-020611-wave-1-kernel-extent-versus-contents-adjudication-status.md
F0197	Aug 24 02:09 docs/knowledgeos/brainstorming/kernel/20260824-020936-chalmers-conscious-mind-research-extraction-protocol-rerun.md
F0198	Aug 24 02:10 docs/knowledgeos/brainstorming/kernel/20260824-021011-chalmers-conscious-mind-research-extraction-protocol-rerun-duplicate.md
F0199	Aug 24 02:15 docs/knowledgeos/brainstorming/kernel/20260824-021526-williamson-modal-logic-as-metaphysics-extraction.md
F0200	Aug 24 02:20 docs/knowledgeos/brainstorming/kernel/20260824-022039-research-direction-formal-model-before-technical-scenario-testing.md
F0201	Aug 24 02:31 docs/knowledgeos/brainstorming/kernel/20260824-023136-nyaya-vaisesika-indian-logic-and-atomism-extraction.md
F0202	Aug 24 02:41 docs/knowledgeos/brainstorming/kernel/20260824-024119-architecture-patterns-with-python-technical-pattern-set-extraction.md
F0203	Aug 24 02:47 docs/knowledgeos/brainstorming/kernel/20260824-024726-rag-as-controlled-knowledge-access-layer-not-knowledge-model.md
F0204	Aug 24 02:52 docs/knowledgeos/brainstorming/kernel/20260824-025232-human-ai-collaboration-layer-outside-the-kernel.md
F0205	Aug 24 03:03 docs/knowledgeos/brainstorming/kernel/20260824-030300-freedman-statistical-models-no-inference-without-explicit-basis.md
F0206	Aug 24 03:22 docs/knowledgeos/brainstorming/kernel/20260824-032208-pattern-recognition-twelve-knowledgeos-statistical-techniques.md
F0207	Aug 24 03:22 docs/knowledgeos/brainstorming/kernel/20260824-032219-eks-current-architecture-baseline-reconstruction.md
F0208	Aug 24 03:26 docs/knowledgeos/brainstorming/kernel/20260824-032635-causal-inference-what-if-association-versus-intervention.md
F0209	Aug 24 03:29 docs/knowledgeos/brainstorming/kernel/20260824-032927-causal-inference-through-zero-ddd-and-wisdom-lenses.md
F0210	Aug 24 03:34 docs/knowledgeos/brainstorming/kernel/20260824-033419-book-of-evidence-evidence-acquisition-is-its-own-domain.md
F0211	Aug 24 03:36 docs/knowledgeos/brainstorming/kernel/20260824-033614-zero-and-chinese-lenses-on-minimum-structure-before-evidence.md
F0212	Aug 24 09:44 docs/knowledgeos/brainstorming/kernel/20260824-094406-chivers-everything-is-predictable-uncertainty-and-belief-revision.md
F0213	Aug 24 09:45 docs/knowledgeos/brainstorming/kernel/20260824-094545-seven-pillars-of-statistical-wisdom-lenses-for-kernel.md
F0214	Aug 24 09:46 docs/knowledgeos/brainstorming/kernel/20260824-094638-daoist-ziran-challenge-to-the-kernel-identity-invariant.md
F0215	Aug 24 11:11 docs/knowledgeos/brainstorming/kernel/20260824-111102-stigler-seven-pillars-observations-into-defensible-knowledge.md
F0216	Aug 24 11:13 docs/knowledgeos/brainstorming/kernel/20260824-111317-knowledgeos-epistemic-architecture-synthesis-ddd-consolidation.md
F0217	Aug 24 11:16 docs/knowledgeos/brainstorming/kernel/20260824-111611-knowledgeos-epistemic-architecture-synthesis-ddd-consolidation-duplicate.md
F0218	Aug 24 11:17 docs/knowledgeos/brainstorming/kernel/20260824-111730-knowledge-aggregate-too-large-correction-and-synthesis-handover.md
F0219	Aug 24 11:20 docs/knowledgeos/brainstorming/kernel/20260824-112051-knowledge-kernel-architecture-integrative-summary-seven-works.md
F0220	Aug 24 11:34 docs/knowledgeos/brainstorming/kernel/20260824-113404-knowledge-kernel-architecture-integrative-summary-seven-works-duplicate.md
F0221	Aug 24 11:50 docs/knowledgeos/brainstorming/kernel/20260824-115021-ammerman-singer-belief-knowledge-and-truth-anthology-extraction.md
F0222	Aug 24 12:02 docs/knowledgeos/brainstorming/kernel/20260824-120203-shieber-theories-of-knowledge-what-must-stay-outside-the-kernel.md
F0223	Aug 24 12:18 docs/knowledgeos/brainstorming/kernel/20260824-121835-rescorla-bayesian-models-of-the-mind-pluggable-reasoning-mechanisms.md
F0224	Aug 24 12:28 docs/knowledgeos/brainstorming/kernel/20260824-122855-mathematical-modelling-typed-mathematical-epistemic-model.md
F0225	Aug 24 12:45 docs/knowledgeos/brainstorming/kernel/20260824-124529-hidden-semi-markov-models-hidden-epistemic-state-layer.md
F0226	Aug 24 13:11 docs/knowledgeos/brainstorming/kernel/20260824-131125-hybrid-evidence-gated-temporal-inference-architecture.md
F0227	Aug 24 13:53 docs/knowledgeos/brainstorming/kernel/20260824-135335-kernel-as-ai-efficiency-adaptive-inference-use-case.md
F0228	Aug 24 14:03 docs/knowledgeos/brainstorming/kernel/20260824-140348-statistical-learning-first-pass-ddd-assessment-of-reasoning-patterns.md
F0229	Aug 24 14:06 docs/knowledgeos/brainstorming/kernel/20260824-140628-zero-and-leonardo-lenses-on-the-adaptive-inference-kernel.md
F0230	Aug 24 14:12 docs/knowledgeos/brainstorming/kernel/20260824-141231-bishop-prml-adaptive-inference-fabric-beyond-hmm-hsmm-hybrid.md
F0231	Aug 24 14:19 docs/knowledgeos/brainstorming/kernel/20260824-141924-elements-of-statistical-learning-source-versus-interpretation.md
F0232	Aug 24 14:26 docs/knowledgeos/brainstorming/kernel/20260824-142630-session-handover-package-for-book-extraction-and-ddd-analysis.md
F0233	Aug 24 14:28 docs/knowledgeos/brainstorming/kernel/20260824-142848-astrom-stochastic-control-theory-initial-assessment.md
F0234	Aug 24 14:52 docs/knowledgeos/brainstorming/kernel/20260824-145220-ten-statistical-capability-families-for-knowledge-state-assessment.md
F0235	Aug 24 14:56 docs/knowledgeos/brainstorming/20260824-145631-topological-extraction-of-astrom-stochastic-control-theory-duplicate.md
F0236	Aug 24 15:13 docs/knowledgeos/brainstorming/kernel/20260824-151311-topological-extraction-of-astrom-stochastic-control-theory.md
F0237	Aug 24 15:13 docs/knowledgeos/brainstorming/kernel/20260824-151337-sankshipt-ganit-shabdkosh-multi-lens-extraction-knowledge-ontology.md
F0238	Aug 24 15:19 docs/knowledgeos/brainstorming/kernel/20260824-151951-sanskrit-paninian-lens-as-semantic-instrument-not-fifth-arb-lens.md
F0239	Aug 24 15:22 docs/knowledgeos/brainstorming/kernel/20260824-152254-swar-gyan-orthographic-decomposition-pipeline-for-dhatu-extraction.md
F0240	Aug 24 15:24 docs/knowledgeos/brainstorming/kernel/20260824-152415-zero-lens-definition-structure-recoverable-from-source-alone.md
F0241	Aug 24 15:27 docs/knowledgeos/brainstorming/kernel/20260824-152751-solution-mindset-decomposition-of-problem-solving-operations.md
F0242	Aug 24 15:29 docs/knowledgeos/brainstorming/kernel/20260824-152955-statistical-learning-as-quantitative-companion-to-solution-mindset.md
F0243	Aug 24 15:31 docs/knowledgeos/brainstorming/kernel/20260824-153124-prml-probabilistic-representation-of-hidden-structure.md
F0244	Aug 24 15:42 docs/knowledgeos/brainstorming/kernel/20260824-154254-inverse-approach-define-not-knowledge-and-infer-residual-structure.md
F0245	Aug 24 15:42 docs/knowledgeos/brainstorming/kernel/20260824-154256-fraser-hidden-markov-models-and-dynamical-systems-extraction.md
F0246	Aug 24 15:51 docs/knowledgeos/brainstorming/kernel/20260824-155130-fraser-hidden-markov-models-and-dynamical-systems-extraction-duplicate.md
F0247	Aug 24 16:00 docs/knowledgeos/brainstorming/kernel/20260824-160023-knowledge-as-measurable-construct-not-true-information.md
F0248	Aug 24 16:03 docs/knowledgeos/brainstorming/kernel/20260824-160339-knowledge-as-measurable-construct-not-true-information-duplicate.md
F0249	Aug 24 16:06 docs/knowledgeos/brainstorming/kernel/20260824-160637-knowledge-as-a-continuously-changing-body-of-facts.md
F0250	Aug 24 16:06 docs/knowledgeos/brainstorming/kernel/20260824-160645-knowledge-as-a-continuously-changing-body-of-facts-duplicate.md
F0251	Aug 24 16:09 docs/knowledgeos/brainstorming/kernel/20260824-160927-paul-elder-elements-of-thought-as-knowledge-state-extraction.md
F0252	Aug 24 16:19 docs/knowledgeos/brainstorming/kernel/20260824-161931-consciousness-model-refined-multi-lens-not-a-vertical-stack.md
F0253	Aug 24 16:20 docs/knowledgeos/brainstorming/kernel/20260824-162039-consciousness-architecture-as-analogy-for-knowledge-layers.md
F0254	Aug 24 16:30 docs/knowledgeos/brainstorming/kernel/20260824-163046-godel-escher-bach-extraction-knowledge-emerges-between-levels.md
F0255	Aug 24 16:39 docs/knowledgeos/brainstorming/kernel/20260824-163920-nasadiya-sukta-and-geb-convergence-on-pre-differentiated-levels.md
F0256	Aug 24 16:39 docs/knowledgeos/brainstorming/kernel/20260824-163922-source-article-concept-of-time-in-vedas-and-quantum-physics.md
F0257	Aug 24 16:43 docs/knowledgeos/brainstorming/kernel/20260824-164328-pramana-as-epistemic-acquisition-layer-and-claim-provenance.md
F0258	Aug 24 16:44 docs/knowledgeos/brainstorming/kernel/20260824-164447-scientific-attitude-four-properties-as-knowledge-candidate-rules.md
F0259	Aug 24 16:46 docs/knowledgeos/brainstorming/kernel/20260824-164653-catuskoti-logic-lens-truth-need-not-be-binary.md
F0260	Aug 24 16:47 docs/knowledgeos/brainstorming/kernel/20260824-164746-cosmology-article-worlds-perspectives-processes-and-transitions.md
F0261	Aug 24 16:48 docs/knowledgeos/brainstorming/kernel/20260824-164817-cosmological-world-model-lens-for-knowledge-claims.md
F0262	Aug 24 16:54 docs/knowledgeos/brainstorming/kernel/20260824-165411-eschatology-lens-terminal-state-and-transformation-model.md
F0263	Aug 24 16:56 docs/knowledgeos/brainstorming/kernel/20260824-165635-catuskoti-four-valued-epistemic-status-logic-layer-tightening.md
F0264	Aug 24 17:12 docs/knowledgeos/brainstorming/kernel/20260824-171203-tractatus-centenary-edition-reality-to-knowledge-claim-chain.md
F0265	Aug 25 10:18 docs/knowledgeos/brainstorming/kernel/20260825-101801-shannon-weaver-information-is-not-meaning-is-not-knowledge.md
F0266	Aug 25 10:35 docs/knowledgeos/brainstorming/kernel/20260825-103542-principal-architect-review-bounded-dynamic-knowledge-model.md
F0267	Aug 25 11:05 docs/knowledgeos/brainstorming/kernel/20260825-110525-plantuml-model-knowledge-space-language-questions-and-evaluation.md
F0268	Aug 25 11:15 docs/knowledgeos/brainstorming/kernel/20260825-111545-what-are-we-actually-building-when-we-say-knowledgeos.md
F0269	Aug 25 11:32 docs/knowledgeos/brainstorming/kernel/20260825-113243-preservation-unit-versus-consistency-boundary-do-not-freeze-assertion-aggregate.md
F0270	Aug 25 11:37 docs/knowledgeos/brainstorming/kernel/20260825-113718-merricks-objects-and-persons-useful-concept-is-not-fundamental-object.md
F0271	Aug 25 11:39 docs/knowledgeos/brainstorming/kernel/20260825-113938-ontological-reduction-and-non-redundancy-model-research-direction.md
F0272	Aug 25 11:46 docs/knowledgeos/brainstorming/kernel/20260825-114640-merricks-truth-and-ontology-truthmaker-thesis-rejected.md
F0273	Aug 25 11:52 docs/knowledgeos/brainstorming/kernel/20260825-115235-mcginn-logical-properties-assessment-as-parallel-analytical-tool.md
F0274	Aug 25 11:56 docs/knowledgeos/brainstorming/kernel/20260825-115604-oconnor-persons-and-causes-agency-and-causal-powers.md
F0275	Aug 25 11:59 docs/knowledgeos/brainstorming/kernel/20260825-115932-information-theory-as-a-lens-for-knowledgeos.md
F0276	Aug 25 12:01 docs/knowledgeos/brainstorming/kernel/20260825-120122-mcginn-logical-properties-as-structural-primitives-of-knowledge-space.md
F0277	Aug 25 12:03 docs/knowledgeos/brainstorming/kernel/20260825-120319-information-theory-extracting-the-knowledge-space-architecture.md
F0278	Aug 25 12:05 docs/knowledgeos/brainstorming/kernel/20260825-120514-zero-lens-on-mcginn-the-kernel-is-not-knowledge.md
F0279	Aug 25 12:14 docs/knowledgeos/brainstorming/kernel/20260825-121403-recommended-next-research-set-before-freezing-knowledge-space-kernel.md
F0280	Aug 25 12:27 docs/knowledgeos/brainstorming/kernel/20260825-122752-floridi-philosophy-of-information-levels-of-abstraction-extraction.md
F0281	Aug 25 12:43 docs/knowledgeos/brainstorming/kernel/20260825-124325-dretske-knowledge-and-the-flow-of-information-initial-reading.md
F0282	Aug 25 12:57 docs/knowledgeos/brainstorming/kernel/20260825-125708-fagin-halpern-reasoning-about-knowledge-formal-knowledge-space-model.md
F0283	Aug 25 13:03 docs/knowledgeos/brainstorming/kernel/20260825-130339-critical-review-of-fagin-halpern-terminal-scrollback-partial.md
F0284	Aug 25 13:05 docs/knowledgeos/brainstorming/kernel/20260825-130514-critical-review-of-fagin-halpern-extraction-and-research-direction.md
F0285	Aug 25 13:09 docs/knowledgeos/brainstorming/kernel/20260825-130932-fagin-regime-not-kernel-acceptance-of-critique.md
F0286	Aug 25 13:23 docs/knowledgeos/brainstorming/kernel/20260825-132329-fagin-chapters-verified-ascribed-versus-computable-knowledge.md
F0287	Aug 25 13:34 docs/knowledgeos/brainstorming/kernel/20260825-133456-gardenfors-knowledge-in-flux-epistemic-state-as-primary-model.md
F0288	Aug 25 13:56 docs/knowledgeos/brainstorming/kernel/20260825-135642-evolving-knowledge-space-imagination-additions-not-yet-architecture.md
F0289	Aug 25 14:02 docs/knowledgeos/brainstorming/kernel/20260825-140251-per-agent-projection-divergence-without-divergent-reality.md
F0290	Aug 25 14:59 docs/knowledgeos/brainstorming/kernel/20260825-145918-per-agent-projection-divergence-without-divergent-reality-duplicate.md
F0291	Aug 25 14:59 docs/knowledgeos/brainstorming/kernel/20260825-145948-shannon-weaver-information-is-not-meaning-is-not-knowledge-duplicate.md
F0292	Aug 25 15:00 docs/knowledgeos/brainstorming/kernel/20260825-150010-consciousness-architecture-as-analogy-for-knowledge-layers-duplicate.md
F0293	Aug 25 15:50 docs/knowledgeos/brainstorming/kernel/20260825-155035-searle-construction-of-social-reality-institutional-layer.md
F0294	Aug 25 15:55 docs/knowledgeos/brainstorming/kernel/20260825-155510-knowledge-as-capacity-distinguished-from-information.md
F0295	Aug 25 16:09 docs/knowledgeos/brainstorming/corpus/original/.gitkeep
F0296	Aug 25 16:09 docs/knowledgeos/brainstorming/synthesis/identity/.gitkeep
F0297	Aug 25 16:09 docs/knowledgeos/brainstorming/synthesis/epistemic-state/.gitkeep
F0298	Aug 25 16:09 docs/knowledgeos/brainstorming/synthesis/evidence/.gitkeep
F0299	Aug 25 16:09 docs/knowledgeos/brainstorming/synthesis/boundary/.gitkeep
F0300	Aug 25 16:09 docs/knowledgeos/brainstorming/falsification/candidates/.gitkeep
F0301	Aug 25 16:09 docs/knowledgeos/brainstorming/falsification/attacks/.gitkeep
F0302	Aug 25 16:09 docs/knowledgeos/brainstorming/falsification/results/.gitkeep
F0303	Aug 25 16:09 docs/knowledgeos/brainstorming/kernel/corpus/original/.gitkeep
F0304	Aug 25 16:09 docs/knowledgeos/brainstorming/kernel/synthesis/identity/.gitkeep
F0305	Aug 25 16:09 docs/knowledgeos/brainstorming/kernel/synthesis/epistemic-state/.gitkeep
F0306	Aug 25 16:09 docs/knowledgeos/brainstorming/kernel/synthesis/evidence/.gitkeep
F0307	Aug 25 16:09 docs/knowledgeos/brainstorming/kernel/synthesis/boundary/.gitkeep
F0308	Aug 25 16:09 docs/knowledgeos/brainstorming/kernel/falsification/candidates/.gitkeep
F0309	Aug 25 16:09 docs/knowledgeos/brainstorming/kernel/falsification/attacks/.gitkeep
F0310	Aug 25 16:09 docs/knowledgeos/brainstorming/kernel/falsification/results/.gitkeep
F0311	Aug 25 16:14 docs/knowledgeos/brainstorming/kernel/classification/dependency-map.md
F0312	Aug 25 16:15 docs/knowledgeos/brainstorming/classification/README.md
F0313	Aug 25 16:15 docs/knowledgeos/brainstorming/corpus/README.md
F0314	Aug 25 16:15 docs/knowledgeos/brainstorming/synthesis/README.md
F0315	Aug 25 16:15 docs/knowledgeos/brainstorming/falsification/README.md
F0316	Aug 25 16:15 docs/knowledgeos/brainstorming/kernel/classification/README.md
F0317	Aug 25 16:15 docs/knowledgeos/brainstorming/kernel/corpus/README.md
F0318	Aug 25 16:15 docs/knowledgeos/brainstorming/kernel/synthesis/README.md
F0319	Aug 25 16:15 docs/knowledgeos/brainstorming/kernel/falsification/README.md
F0320	Aug 25 16:28 docs/knowledgeos/brainstorming/kernel/20260825-162824-williamson-knowledge-as-primitive-stop-reductive-modelling.md
F0321	Aug 25 16:39 docs/knowledgeos/brainstorming/kernel/20260825-163936-brandom-making-it-explicit-inferential-commitment-layer.md
F0322	Aug 25 17:10 docs/knowledgeos/brainstorming/kernel/20260825-171008-gelfond-kahl-knowledge-representation-bounded-agent-test.md
F0323	Aug 25 17:18 docs/knowledgeos/brainstorming/kernel/20260825-171853-c15-reframed-knowledge-at-a-time-in-evolving-knowledge-space.md
F0324	Aug 25 17:21 docs/knowledgeos/brainstorming/kernel/20260825-172121-knowledge-element-versus-state-and-what-can-be-quantified.md
F0325	Aug 25 18:07 docs/knowledgeos/brainstorming/kernel/20260825-180730-brachman-levesque-infinite-belief-finite-representation.md
F0326	Aug 25 18:08 docs/knowledgeos/brainstorming/kernel/20260825-180828-knowledge-as-discriminate-select-decide-capability.md
F0327	Aug 25 18:10 docs/knowledgeos/brainstorming/kernel/20260825-181038-knowledge-measure-theory-v0-1-projection-as-measure.md
F0328	Aug 25 18:17 docs/knowledgeos/brainstorming/kernel/20260825-181719-challenge-to-knowledge-measure-theory-projection-is-not-a-measure.md
F0329	Aug 25 18:18 docs/knowledgeos/brainstorming/kernel/classification/cluster-map.md
F0330	Aug 25 18:23 docs/knowledgeos/brainstorming/classification/corpus-index.md
F0331	Aug 25 18:36 docs/knowledgeos/brainstorming/kernel/20260825-183652-critique-of-knowledge-measurement-theory-v0-2.md
F0332	Aug 25 18:42 docs/knowledgeos/brainstorming/kernel/20260825-184234-roberts-measurement-theory-meaningfulness-and-scale-types.md
F0333	Aug 25 18:43 docs/knowledgeos/brainstorming/kernel/20260825-184332-aggoun-elliott-measure-theory-and-filtering-verification.md
F0334	Aug 25 18:46 docs/knowledgeos/brainstorming/kernel/20260825-184616-knowledge-is-not-conditional-expectation-correction.md
F0335	Aug 25 18:47 docs/knowledgeos/brainstorming/kernel/20260825-184755-six-category-errors-in-the-mathematical-synthesis.md
F0336	Aug 25 18:55 docs/knowledgeos/brainstorming/synthesis/KNOWLEDGE-CONCEPT-EXTRACTION-001.md
F0337	Aug 25 19:03 docs/knowledgeos/brainstorming/kernel/20260825-190319-rejection-of-complete-mathematical-framework-claim.md
F0338	Aug 25 19:06 docs/knowledgeos/brainstorming/kernel/refinement_phase/20260825-190639_much-better-than-the-previous-version.md
F0339	Aug 25 19:21 docs/knowledgeos/brainstorming/synthesis/KNOWLEDGE-RECONSTRUCTION-LEDGER.md
F0340	Aug 25 19:23 docs/knowledgeos/brainstorming/kernel/20260825-192351-relational-logical-structure-as-core-mathematics-as-regimes.md
F0341	Aug 25 19:25 docs/knowledgeos/brainstorming/kernel/refinement_phase/20260825-192549_this-is-exactly-the-behaviour-we-want.md
F0342	Aug 25 19:26 docs/knowledgeos/brainstorming/kernel/00_CENSUS.md
F0343	Aug 25 19:29 docs/knowledgeos/brainstorming/kernel/20260825-192931-critical-analysis-of-the-senior-mathematical-judgment.md
F0344	Aug 25 19:29 docs/knowledgeos/brainstorming/kernel/20260825-192948-relational-logical-structure-as-core-mathematics-as-regimes-duplicate.md
F0345	Aug 25 19:40 docs/knowledgeos/brainstorming/kernel/classification/contradiction-map.md
F0346	Aug 25 20:08 docs/knowledgeos/brainstorming/synthesis/EXTRACTION-LEDGER.md
F0347	Aug 25 20:42 docs/knowledgeos/brainstorming/phase_measure_theory/20260825-204244_where-to-concentrate-measure-theory-vs-knowledgeos-definition.md
F0348	Aug 25 21:07 docs/knowledgeos/brainstorming/phase_measure_theory/20260825-210750_phase-1-redefinition-what-phase-1-should-accomplish.md
F0349	Aug 25 21:16 docs/knowledgeos/brainstorming/phase_measure_theory/20260825-211612_where-to-concentrate-measure-theory-vs-knowledgeos-definition-expanded.md
F0350	Aug 25 21:44 docs/knowledgeos/brainstorming/phase_measure_theory/20260825-214434_independent-research-programme-knowledgeos-as-brain-of-a-computer.md
F0351	Aug 25 21:48 docs/knowledgeos/brainstorming/phase_measure_theory/20260825-214833_knowledge-is-probably-not-the-kernel-object.md
F0352	Aug 25 21:54 docs/knowledgeos/brainstorming/phase_measure_theory/20260825-215434_knowledge-is-probably-not-the-kernel-object-duplicate.md
F0353	Aug 25 21:58 docs/knowledgeos/brainstorming/phase_measure_theory/20260825-215831_refusal-research-hypothesis-must-not-become-frozen-kernel-contract.md
F0354	Aug 25 22:05 docs/knowledgeos/brainstorming/phase_measure_theory/20260825-220537_correctness-and-completeness-are-different.md
F0355	Aug 25 22:09 docs/knowledgeos/brainstorming/phase_measure_theory/20260825-220941_the-tuple-is-reasonable-but-not-yet-proven.md
F0356	Aug 25 22:13 docs/knowledgeos/brainstorming/phase_measure_theory/20260825-221301_next-research-direction-after-measure-theory.md
F0357	Aug 25 22:23 docs/knowledgeos/brainstorming/phase_measure_theory/20260825-222327_doignon-falmagne-knowledge-spaces-source-identified.md
F0358	Aug 25 22:29 docs/knowledgeos/brainstorming/phase_measure_theory/20260825-222915_session-1-not-executing-continuously-process-observation.md
F0359	Aug 25 22:44 docs/knowledgeos/brainstorming/phase_measure_theory/20260825-224434_how-can-an-acquired-knowledge-state-be-represented-mathematically.md
F0360	Aug 25 22:49 docs/knowledgeos/brainstorming/phase_measure_theory/20260825-224907_research-extraction-knowledge-spaces-doignon-falmagne.md
F0361	Aug 25 22:56 docs/knowledgeos/brainstorming/phase_measure_theory/20260825-225609_knowledge-is-not-merely-an-entity.md
F0362	Aug 25 22:59 docs/knowledgeos/brainstorming/phase_measure_theory/20260825-225949_knowledge-is-temporally-situated-and-potentially-evolving.md
F0363	Aug 25 23:01 docs/knowledgeos/brainstorming/phase_measure_theory/20260825-230151_what-should-the-knowledgeos-kernel-contain.md
F0364	Aug 25 23:10 docs/knowledgeos/brainstorming/phase_measure_theory/20260825-231022_probability-becomes-more-fundamental.md
F0365	Aug 25 23:16 docs/knowledgeos/brainstorming/phase_measure_theory/20260825-231629_model-clarification-round.md
F0366	Aug 25 23:31 docs/knowledgeos/brainstorming/phase_measure_theory/20260825-233107_knowledge-qualification-problem-research-framework.md
F0367	Aug 25 23:31 docs/knowledgeos/brainstorming/phase_measure_theory/20260825-233112_evidence-connects-observation-to-facts.md
F0368	Aug 25 23:35 docs/knowledgeos/brainstorming/phase_measure_theory/20260825-233525_justification-comes-from-predetermined-facts-and-rules.md
F0369	Aug 25 23:38 docs/knowledgeos/brainstorming/phase_measure_theory/20260825-233821_logical-lens-round.md
F0370	Aug 25 23:39 docs/knowledgeos/brainstorming/phase_measure_theory/20260825-233950_use-all-lenses-in-a-more-disciplined-mathematical-way.md
F0371	Aug 25 23:44 docs/knowledgeos/brainstorming/phase_measure_theory/20260825-234405_extraction-retrieves-material-determination-establishes-warrant.md
F0372	Aug 25 23:45 docs/knowledgeos/brainstorming/phase_measure_theory/20260825-234546_refinement-of-the-model.md
F0373	Aug 25 23:47 docs/knowledgeos/brainstorming/phase_measure_theory/20260825-234727_better-formulation-of-the-position.md
F0374	Aug 25 23:51 docs/knowledgeos/brainstorming/phase_measure_theory/20260825-235105_important-correction-to-the-framework.md
F0375	Aug 25 23:57 docs/knowledgeos/brainstorming/phase_measure_theory/20260825-235738_correction-to-the-synthesis-conclusion.md
F0376	Aug 25 23:57 docs/knowledgeos/brainstorming/phase_measure_theory/20260825-235754_conditional-evidence-problem-research-synthesis.md
F0377	Aug 25 23:58 docs/knowledgeos/brainstorming/phase_measure_theory/20260825-235804_kernel-problem-minimum-substrate-for-conditional-determination.md
F0378	Aug 25 23:58 docs/knowledgeos/brainstorming/phase_measure_theory/20260825-235855_determination-is-the-missing-mathematical-object.md
F0379	Aug 25 23:59 docs/knowledgeos/brainstorming/phase_measure_theory/20260825-235913_kernel-problem-minimum-substrate-for-conditional-determination-duplicate.md
F0380	Aug 26 00:02 docs/knowledgeos/brainstorming/phase_measure_theory/20260826-000209_conditional-evidence-and-reasoning-combine-v1.md
F0381	Aug 26 00:03 docs/knowledgeos/brainstorming/phase_measure_theory/20260826-000339_conditional-evidence-and-reasoning-combine-v2-expanded.md
F0382	Aug 26 00:05 docs/knowledgeos/brainstorming/phase_measure_theory/20260826-000501_business-example-of-the-conditional-problem.md
F0383	Aug 26 00:08 docs/knowledgeos/brainstorming/phase_measure_theory/20260826-000839_major-clarification-of-the-model.md
F0384	Aug 26 00:11 docs/knowledgeos/brainstorming/phase_measure_theory/20260826-001111_new-important-distinction-introduced.md
F0385	Aug 26 00:11 docs/knowledgeos/brainstorming/phase_measure_theory/20260826-001150_every-information-clarification.md
F0386	Aug 26 00:17 docs/knowledgeos/brainstorming/phase_measure_theory/20260826-001700_example-exposes-flaw-in-the-previous-model.md
F0387	Aug 26 00:21 docs/knowledgeos/brainstorming/phase_measure_theory/20260826-002116_example-exposes-flaw-in-the-previous-model-duplicate.md
F0388	Aug 26 00:25 docs/knowledgeos/brainstorming/phase_measure_theory/20260826-002517_example-exposes-flaw-in-the-previous-model-duplicate-2-ideal-state.md
F0389	Aug 26 00:28 docs/knowledgeos/brainstorming/phase_measure_theory/20260826-002828_very-important-refinement-of-the-model.md
F0390	Aug 26 00:28 docs/knowledgeos/brainstorming/phase_measure_theory/20260826-002857_the-key-distinction.md
F0391	Aug 26 00:32 docs/knowledgeos/brainstorming/phase_measure_theory/20260826-003242_where-we-started-model-challenge.md
F0392	Aug 26 00:40 docs/knowledgeos/brainstorming/phase_measure_theory/20260826-004057_dimensions-facts-and-values-model-challenge-expanded.md
F0393	Aug 26 00:43 docs/knowledgeos/brainstorming/phase_measure_theory/20260826-004302_important-correction-to-the-model.md
F0394	Aug 26 00:51 docs/knowledgeos/brainstorming/phase_measure_theory/20260826-005108_important-correction-to-the-model-duplicate.md
F0395	Aug 26 01:59 docs/knowledgeos/brainstorming/phase_measure_theory/20260826-015913_conceptual-problems-solved-but-not-all.md
F0396	Aug 26 10:23 docs/knowledgeos/brainstorming/phase_measure_theory/20260826-102307_important-correction-to-the-model-extended-full-thread.md
F0397	Aug 26 10:23 docs/knowledgeos/brainstorming/phase_measure_theory/20260826-102337_most-important-correction-review-of-research-summary.md
F0398	Aug 26 10:24 docs/knowledgeos/brainstorming/phase_measure_theory/20260826-102412_second-research-synthesis-fits-earlier-position.md
F0399	Aug 26 10:24 docs/knowledgeos/brainstorming/phase_measure_theory/20260826-102458_close-to-what-you-have-been-describing.md
F0400	Aug 26 10:32 docs/knowledgeos/brainstorming/phase_measure_theory/20260826-103245_promising-direction-analysing-your-sentence.md
F0401	Aug 26 10:32 docs/knowledgeos/brainstorming/phase_measure_theory/20260826-103249_sanskrit-grammar-lens-can-help-significantly.md
F0402	Aug 26 10:35 docs/knowledgeos/brainstorming/phase_measure_theory/20260826-103508_a-dimension-is-an-aspect-along-which-a-state-is-characterized.md
F0403	Aug 26 10:39 docs/knowledgeos/brainstorming/phase_measure_theory/20260826-103946_state-of-knowledge-depends-on-its-known-dimensions.md
F0404	Aug 26 10:40 docs/knowledgeos/brainstorming/phase_measure_theory/20260826-104002_state-of-knowledge-depends-on-its-known-dimensions-duplicate.md
F0405	Aug 26 10:51 docs/knowledgeos/brainstorming/phase_measure_theory/20260826-105126_zero-lens-what-is-absent-undefined-unrepresented-assumed-away.md
F0406	Aug 26 10:52 docs/knowledgeos/brainstorming/phase_measure_theory/20260826-105229_research-synthesis-zero-lens-infinite-knowledge-space-mithya.md
F0407	Aug 26 10:56 docs/knowledgeos/brainstorming/phase_measure_theory/20260826-105641_zero-lens-analysis-of-ashtavakra-gita.md
F0408	Aug 26 10:57 docs/knowledgeos/brainstorming/phase_measure_theory/20260826-105717_research-synthesis-quine-word-and-object-multi-lens.md
F0409	Aug 26 11:10 docs/knowledgeos/brainstorming/phase_measure_theory/20260826-111026_metaphor-change-for-the-model.md
F0410	Aug 26 11:17 docs/knowledgeos/brainstorming/phase_measure_theory/20260826-111721_research-synthesis-upanishads-as-lens-on-infinite-knowledge-space.md
F0411	Aug 26 11:21 docs/knowledgeos/brainstorming/phase_measure_theory/20260826-112128_zero-lens-as-foundational-epistemic-and-architectural-lens.md
F0412	Aug 26 11:25 docs/knowledgeos/brainstorming/phase_measure_theory/20260826-112545_zero-lens-as-foundational-epistemic-and-architectural-lens-duplicate.md
F0413	Aug 26 11:32 docs/knowledgeos/brainstorming/phase_measure_theory/20260826-113213_lord-lens-infinite-knowledge-space.md
F0414	Aug 26 11:40 docs/knowledgeos/brainstorming/phase_measure_theory/20260826-114050_ganapati-atharvashirsha-reading.md
F0415	Aug 26 11:41 docs/knowledgeos/brainstorming/phase_measure_theory/20260826-114101_lord-lens-infinite-knowledge-space-and-knowledge-as-element.md
F0416	Aug 26 11:42 docs/knowledgeos/brainstorming/phase_measure_theory/20260826-114249_lord-lens-infinite-knowledge-space-revised-and-deepened.md
F0417	Aug 26 11:46 docs/knowledgeos/brainstorming/phase_measure_theory/20260826-114611_research-synthesis-universe-according-to-the-vedas-lord-and-zero-lens.md
F0418	Aug 26 11:49 docs/knowledgeos/brainstorming/phase_measure_theory/20260826-114948_ganapati-atharvashirsha-synthesis-review.md
F0419	Aug 26 11:57 docs/knowledgeos/brainstorming/phase_measure_theory/20260826-115711_what-exactly-is-the-ideal-state.md
F0420	Aug 26 11:57 docs/knowledgeos/brainstorming/phase_measure_theory/20260826-115757_research-synthesis-24-undefined-questions-path-forward.md
F0421	Aug 26 12:18 docs/knowledgeos/brainstorming/phase_measure_theory/20260826-121829_strategic-analysis-bhagavad-gita-as-lens-for-research-questions.md
F0422	Aug 26 12:19 docs/knowledgeos/brainstorming/phase_measure_theory/20260826-121909_lord-lens-infinite-knowledge-space-and-knowledge-as-element-duplicate.md
F0423	Aug 26 12:21 docs/knowledgeos/brainstorming/phase_measure_theory/20260826-122156_most-important-discovery-of-the-round.md
F0424	Aug 26 12:24 docs/knowledgeos/brainstorming/phase_measure_theory/20260826-122435_remaining-undefined-things-in-the-model.md
F0425	Aug 26 12:37 docs/knowledgeos/brainstorming/phase_measure_theory/20260826-123719_cleaner-formulation-for-knowledgeos.md
F0426	Aug 26 13:41 docs/knowledgeos/brainstorming/phase_measure_theory/20260826-134120_using-the-gita-differently-from-an-ordinary-research-source.md
F0427	Aug 26 13:55 docs/knowledgeos/brainstorming/phase_measure_theory/20260826-135515_gita-chapter-1-as-first-observation.md
F0428	Aug 26 13:55 docs/knowledgeos/brainstorming/phase_measure_theory/20260826-135525_gita-chapter-1-as-first-observation-variant.md
F0429	Aug 26 13:59 docs/knowledgeos/brainstorming/phase_measure_theory/20260826-135936_strongest-architectural-mapping-so-far-chapter-01.md
F0430	Aug 26 14:01 docs/knowledgeos/brainstorming/phase_measure_theory/20260826-140137_two-epistemic-layers-as-strong-architecture.md
F0431	Aug 26 14:28 docs/knowledgeos/brainstorming/phase_measure_theory/20260826-142856_validating-and-formalizing-the-principles.md
F0432	Aug 26 14:30 docs/knowledgeos/brainstorming/phase_measure_theory/20260826-143046_validating-and-formalizing-the-principles-duplicate.md
F0433	Aug 26 14:32 docs/knowledgeos/brainstorming/phase_measure_theory/20260826-143231_refining-the-krishna-lens.md
F0434	Aug 26 14:35 docs/knowledgeos/brainstorming/phase_measure_theory/20260826-143500_masterful-synthesis-lord-lens-omega.md
F0435	Aug 26 14:40 docs/knowledgeos/brainstorming/phase_measure_theory/20260826-144017_gita-chapter-2-reading.md
F0436	Aug 26 15:12 docs/knowledgeos/brainstorming/phase_measure_theory/20260826-151225_rigorous-analysis-of-the-sanjaya-layer.md
F0437	Aug 26 15:12 docs/knowledgeos/brainstorming/phase_measure_theory/20260826-151244_second-correction-sarathi-does-not-own-the-frame.md
F0438	Aug 26 15:15 docs/knowledgeos/brainstorming/phase_measure_theory/20260826-151534_right-architectural-interpretation-now.md
F0439	Aug 26 15:21 docs/knowledgeos/brainstorming/phase_measure_theory/20260826-152140_zero-reveals-relevant-is-still-undefined.md
F0440	Aug 26 15:51 docs/knowledgeos/brainstorming/phase_measure_theory/20260826-155127_zero-findings-formal-summary.md
F0441	Aug 26 15:54 docs/knowledgeos/brainstorming/phase_measure_theory/20260826-155403_krishna-lens.md
F0442	Aug 26 15:55 docs/knowledgeos/brainstorming/phase_measure_theory/20260826-155520_krishna-lens-duplicate.md
F0443	Aug 26 16:00 docs/knowledgeos/brainstorming/phase_measure_theory/20260826-160024_the-human-knower-cleaner-formulation.md
F0444	Aug 26 16:03 docs/knowledgeos/brainstorming/phase_measure_theory/20260826-160322_core-architecture-lord-krishna-knowledgeos-human-knower.md
F0445	Aug 26 16:06 docs/knowledgeos/brainstorming/phase_measure_theory/20260826-160657_what-we-have-solved-and-what-remains.md
F0446	Aug 26 16:10 docs/knowledgeos/brainstorming/phase_measure_theory/20260826-161035_start-with-the-underlying-reality.md
F0447	Aug 26 16:13 docs/knowledgeos/brainstorming/phase_measure_theory/20260826-161309_knowledgeos-a-mathematical-architecture-for-epistemic-systems.md
F0448	Aug 26 16:15 docs/knowledgeos/brainstorming/phase_measure_theory/20260826-161551_knowledgeos-a-mathematical-architecture-for-epistemic-systems-duplicate.md
F0449	Aug 26 16:23 docs/knowledgeos/brainstorming/phase_measure_theory/20260826-162358_proposed-order-of-investigation.md
F0450	Aug 26 16:25 docs/knowledgeos/brainstorming/phase_measure_theory/20260826-162527_phase-1-what-is-being-observed.md
F0451	Aug 26 16:36 docs/knowledgeos/brainstorming/phase_measure_theory/20260826-163610_arjuna-as-observer-a-knowledgeos-analysis.md
F0452	Aug 26 16:37 docs/knowledgeos/brainstorming/phase_measure_theory/20260826-163735_the-investigation-is-progressive.md
F0453	Aug 26 16:41 docs/knowledgeos/brainstorming/phase_measure_theory/20260826-164123_what-zero-does-does-zero-belong-to-knowledgeos.md
F0454	Aug 26 16:57 docs/knowledgeos/brainstorming/phase_measure_theory/20260826-165743_question-2-what-is-a-dimension.md
F0455	Aug 26 17:03 docs/knowledgeos/brainstorming/phase_measure_theory/20260826-170313_observer-asks-knowledgeos-reconstructs-the-dimensions.md
F0456	Aug 26 17:09 docs/knowledgeos/brainstorming/phase_measure_theory/20260826-170948_why-a-c-type-parser-is-useful.md
F0457	Aug 26 17:14 docs/knowledgeos/brainstorming/phase_measure_theory/20260826-171411_mathematical-redefinition-dimension-discovery-and-natural-language-parsing.md
F0458	Aug 26 17:15 docs/knowledgeos/brainstorming/phase_measure_theory/20260826-171508_why-parsing-belongs-inside-knowledgeos.md
F0459	Aug 26 17:18 docs/knowledgeos/brainstorming/phase_measure_theory/20260826-171848_architectural-ownership-of-semantic-reconstruction.md
F0460	Aug 26 17:22 docs/knowledgeos/brainstorming/phase_measure_theory/20260826-172247_mathematical-review-of-the-knowledgeos-model.md
F0461	Aug 26 17:27 docs/knowledgeos/brainstorming/phase_measure_theory/20260826-172732_the-knowledgeos-knowledge-atom.md
F0462	Aug 26 17:29 docs/knowledgeos/brainstorming/phase_measure_theory/20260826-172933_question-4-evidence-and-epistemic-state-transition.md
F0463	Aug 26 17:30 docs/knowledgeos/brainstorming/phase_measure_theory/20260826-173048_question-5-comparing-and-challenging-assertions.md
F0464	Aug 26 17:32 docs/knowledgeos/brainstorming/phase_measure_theory/20260826-173211_question-5-comparing-and-challenging-assertions-v2.md
F0465	Aug 26 17:33 docs/knowledgeos/brainstorming/phase_measure_theory/20260826-173318_question-4a-what-exactly-is-an-epistemic-state.md
F0466	Aug 26 17:33 docs/knowledgeos/brainstorming/phase_measure_theory/20260826-173337_review-comparison-should-compare-propositions-first.md
F0467	Aug 26 17:34 docs/knowledgeos/brainstorming/phase_measure_theory/20260826-173435_question-5-updating-and-preserving-assertions.md
F0468	Aug 26 17:35 docs/knowledgeos/brainstorming/phase_measure_theory/20260826-173537_review-an-update-does-not-necessarily-create-a-new-assertion.md
F0469	Aug 26 17:38 docs/knowledgeos/brainstorming/phase_measure_theory/20260826-173853_question-6-what-is-a-knowledge-state.md
F0470	Aug 26 17:42 docs/knowledgeos/brainstorming/phase_measure_theory/20260826-174215_knowledgeos-the-complete-mathematical-model.md
F0471	Aug 26 17:48 docs/knowledgeos/brainstorming/phase_measure_theory/20260826-174810_question-7-what-is-knowledge-itself.md
F0472	Aug 26 17:51 docs/knowledgeos/brainstorming/phase_measure_theory/20260826-175140_question-8-what-makes-a-knowledge-state-coherent.md
F0473	Aug 26 17:51 docs/knowledgeos/brainstorming/phase_measure_theory/20260826-175149_verdict-on-the-preceding-question.md
F0474	Aug 26 17:54 docs/knowledgeos/brainstorming/phase_measure_theory/20260826-175458_question-9-what-is-a-conflict-and-how-is-it-resolved.md
F0475	Aug 26 17:57 docs/knowledgeos/brainstorming/phase_measure_theory/20260826-175731_question-10-what-is-a-gap-and-how-does-it-differ-from-a-conflict.md
F0476	Aug 26 18:02 docs/knowledgeos/brainstorming/phase_measure_theory/20260826-180258_question-11-what-is-the-ideal-state.md
F0477	Aug 26 18:05 docs/knowledgeos/brainstorming/phase_measure_theory/20260826-180537_question-12-how-do-we-measure-distance-to-the-ideal-state.md
F0478	Aug 26 18:10 docs/knowledgeos/brainstorming/phase_measure_theory/20260826-181048_question-12a-measuring-distance-current-to-corresponding-ideal.md
F0479	Aug 26 18:14 docs/knowledgeos/brainstorming/phase_measure_theory/20260826-181441_question-13-formal-structure-of-the-knowledge-state.md
F0480	Aug 26 18:24 docs/knowledgeos/brainstorming/phase_measure_theory/20260826-182409_question-14-the-knowledgeos-type-system-complete-formal-definition.md
F0481	Aug 26 18:31 docs/knowledgeos/brainstorming/phase_measure_theory/20260826-183128_question-15-state-transition-how-kt-becomes-kt-plus-1.md
F0482	Aug 26 18:36 docs/knowledgeos/brainstorming/phase_measure_theory/20260826-183636_question-16-epistemic-logic-observation-evidence-inference-contradiction.md
F0483	Aug 26 18:40 docs/knowledgeos/brainstorming/phase_measure_theory/20260826-184000_question-17-how-zero-lord-and-sarathi-interact-with-the-transition-system.md
F0484	Aug 26 18:43 docs/knowledgeos/brainstorming/phase_measure_theory/20260826-184327_question-18-how-does-the-ideal-state-evolve-and-who-controls-it.md
F0485	Aug 26 18:47 docs/knowledgeos/brainstorming/phase_measure_theory/20260826-184707_question-19-distance-measuring-the-difference-between-states.md
F0486	Aug 26 18:48 docs/knowledgeos/brainstorming/phase_measure_theory/20260826-184858_question-20-the-complete-system-state-and-how-it-evolves.md
F0487	Aug 26 18:49 docs/knowledgeos/brainstorming/phase_measure_theory/20260826-184944_question-19-representing-and-measuring-discrepancy-filed-as-q21.md
F0488	Aug 26 18:51 docs/knowledgeos/brainstorming/phase_measure_theory/20260826-185100_question-19-what-is-a-discrepancy-between-current-and-ideal-filed-as-q21.md
F0489	Aug 26 18:54 docs/knowledgeos/brainstorming/phase_measure_theory/20260826-185440_question-22-how-do-we-prioritize-which-deficiencies-to-address-first.md
F0490	Aug 26 18:56 docs/knowledgeos/brainstorming/phase_measure_theory/20260826-185636_question-23-when-to-stop-investigating-and-present-a-decision.md
F0491	Aug 26 18:57 docs/knowledgeos/brainstorming/phase_measure_theory/20260826-185755_question-24-presenting-the-decision-ready-state-to-the-knower.md
F0492	Aug 26 22:15 docs/knowledgeos/brainstorming/phase_measure_theory/20260826-221512_reality-observation-representation-and-knowledge-missing-distinction.md
F0493	Aug 26 22:30 docs/knowledgeos/brainstorming/phase_measure_theory/20260826-223053_what-we-are-actually-validating.md
F0494	Aug 26 23:18 docs/knowledgeos/brainstorming/phase_measure_theory/20260826-231807_correction-chapter-3-is-not-primarily-an-epistemic-chapter.md
F0495	Aug 26 23:22 docs/knowledgeos/brainstorming/phase_measure_theory/20260826-232221_correction-chapter-3-is-not-primarily-an-epistemic-chapter-duplicate.md
F0496	Aug 27 08:13 docs/knowledgeos/brainstorming/phase_measure_theory/20260827-081318_what-chapter-3-strongly-supports.md
F0497	Aug 27 08:20 docs/knowledgeos/brainstorming/phase_measure_theory/20260827-082029_knowledgeos-becomes-an-epistemic-operating-system.md
F0498	Aug 27 08:29 docs/knowledgeos/brainstorming/phase_measure_theory/20260827-082901_ai-today-vs-knowledgeos.md
F0499	Aug 27 08:35 docs/knowledgeos/brainstorming/phase_measure_theory/20260827-083550_where-does-a-chatgpt-like-llm-get-its-information.md
F0500	Aug 27 08:51 docs/knowledgeos/brainstorming/phase_measure_theory/20260827-085131_atman-in-the-conceptual-model.md
F0501	Aug 27 08:57 docs/knowledgeos/brainstorming/phase_measure_theory/20260827-085756_atman-within-our-knowledgeos-theory.md
F0502	Aug 27 09:01 docs/knowledgeos/brainstorming/phase_measure_theory/20260827-090130_atman-within-our-knowledgeos-theory-duplicate.md
F0503	Aug 27 09:02 docs/knowledgeos/brainstorming/phase_measure_theory/20260827-090258_atma-and-kernel-are-the-same-underlying-idea.md
F0504	Aug 27 09:03 docs/knowledgeos/brainstorming/phase_measure_theory/20260827-090350_atma-can-be-the-knowledgeos-kernel.md
F0505	Aug 27 09:05 docs/knowledgeos/brainstorming/phase_measure_theory/20260827-090518_human-knower-a-tma.md
F0506	Aug 27 09:13 docs/knowledgeos/brainstorming/phase_measure_theory/20260827-091335_where-we-started.md
F0507	Aug 27 09:21 docs/knowledgeos/brainstorming/phase_measure_theory/20260827-092106_computational-realizability-verification.md
F0508	Aug 27 09:38 docs/knowledgeos/brainstorming/phase_measure_theory/20260827-093824_then-the-picture-is-this.md
F0509	Aug 27 09:38 docs/knowledgeos/brainstorming/phase_measure_theory/20260827-093837_your-idea.md
F0510	Aug 27 09:39 docs/knowledgeos/brainstorming/phase_measure_theory/20260827-093910_my-overall-assessment.md
F0511	Aug 27 09:40 docs/knowledgeos/brainstorming/phase_measure_theory/20260827-094000_question-16-epistemic-logic-file-contains-question-20-21-material.md
F0512	Aug 27 09:40 docs/knowledgeos/brainstorming/kernel/20260827-094057_cavell-must-we-mean-what-we-say-lenses.md
F0513	Aug 27 09:41 docs/knowledgeos/brainstorming/kernel/20260827-094108_question-5-updating-and-preserving-assertions.md
F0514	Aug 27 09:42 docs/knowledgeos/brainstorming/phase_measure_theory/20260827-094200_book-identification.md
F0515	Aug 27 09:42 docs/knowledgeos/brainstorming/phase_measure_theory/20260827-094244_then-your-model-becomes.md
F0516	Aug 27 09:42 docs/knowledgeos/brainstorming/phase_measure_theory/20260827-094259_where-we-are-now.md
F0517	Aug 27 09:43 docs/knowledgeos/brainstorming/phase_measure_theory/20260827-094318_correction-don-t-map-chakra-knowledge-layer.md
F0518	Aug 27 09:43 docs/knowledgeos/brainstorming/phase_measure_theory/20260827-094345_the-key-idea-consciousness-is-not-represented-as-a-database.md
F0519	Aug 27 09:44 docs/knowledgeos/brainstorming/phase_measure_theory/20260827-094409_the-elements-of-statistical-learning-zero-leonardo.md
F0520	Aug 27 09:44 docs/knowledgeos/brainstorming/phase_measure_theory/20260827-094428_knowledgeos-research-extraction-logitica.md
F0521	Aug 27 11:26 docs/knowledgeos/brainstorming/phase_measure_theory/20260827-112659_computational-realizability-verification-duplicate.md
F0522	Aug 27 11:33 docs/knowledgeos/brainstorming/phase_measure_theory/20260827-113303_knowledgeos-does-not-have-one-input.md
F0523	Aug 27 11:33 docs/knowledgeos/brainstorming/phase_measure_theory/20260827-113310_knowledgeos-does-not-have-one-input-duplicate.md
F0524	Aug 27 11:34 docs/knowledgeos/brainstorming/phase_measure_theory/20260827-113443_knowledgeos-does-not-have-one-input-duplicate-2.md
F0525	Aug 27 11:38 docs/knowledgeos/brainstorming/phase_measure_theory/20260827-113816_where-we-actually-stand.md
F0526	Aug 27 11:43 docs/knowledgeos/brainstorming/phase_measure_theory/20260827-114304_phase-1-close-the-epistemic-primitives.md
F0527	Aug 27 12:46 docs/knowledgeos/brainstorming/phase_measure_theory/20260827-124619_closure-01-observation-role-senior-mathematician-ddd-architect.md
F0528	Aug 27 12:54 docs/knowledgeos/brainstorming/phase_measure_theory/20260827-125403_why-i-prefer-option-3.md
F0529	Aug 27 12:55 docs/knowledgeos/brainstorming/phase_measure_theory/20260827-125515_the-core-insight-three-distinct-information-pathways.md
F0530	Aug 27 12:56 docs/knowledgeos/brainstorming/phase_measure_theory/20260827-125608_closure-01-observation-working-model.md
F0531	Aug 27 13:00 docs/knowledgeos/brainstorming/phase_measure_theory/20260827-130026_closure-02-interpretation.md
F0532	Aug 27 13:02 docs/knowledgeos/brainstorming/phase_measure_theory/20260827-130226_closure-03-epistemic-admission.md
F0533	Aug 27 13:17 docs/knowledgeos/brainstorming/phase_measure_theory/20260827-131702_closure-04-evidence.md
F0534	Aug 27 13:33 docs/knowledgeos/brainstorming/phase_measure_theory/20260827-133340_closure-03-evidence.md
F0535	Aug 27 13:37 docs/knowledgeos/brainstorming/phase_measure_theory/20260827-133711_closure-04a-mathematical-laws-of-evidence-assessment.md
F0536	Aug 27 13:42 docs/knowledgeos/brainstorming/phase_measure_theory/20260827-134245_evidence-algebra-step-01-define-the-universe.md
F0537	Aug 27 13:43 docs/knowledgeos/brainstorming/phase_measure_theory/20260827-134357_closure-04b-candidate-evidence-algebras.md
F0538	Aug 27 13:45 docs/knowledgeos/brainstorming/phase_measure_theory/20260827-134514_next-experiment-four-evidence-algebras.md
F0539	Aug 27 13:50 docs/knowledgeos/brainstorming/phase_measure_theory/20260827-135038_experimental-verdict.md
F0540	Aug 27 14:02 docs/knowledgeos/brainstorming/phase_measure_theory/20260827-140232_evidence-identity-equivalence-and-dependency-calculus.md
F0541	Aug 27 14:06 docs/knowledgeos/brainstorming/phase_measure_theory/20260827-140653_step-001-operational-independence.md
F0542	Aug 27 14:07 docs/knowledgeos/brainstorming/phase_measure_theory/20260827-140705_evidence-identity-equivalence-and-dependency-calculus-duplicate.md
F0543	Aug 27 14:09 docs/knowledgeos/brainstorming/phase_measure_theory/20260827-140919_step-002-what-does-it-mean-for-two-evidence-items-to-be-the-same.md
F0544	Aug 27 14:11 docs/knowledgeos/brainstorming/phase_measure_theory/20260827-141118_step-003-evidence-assessment-algebra.md
F0545	Aug 27 14:22 docs/knowledgeos/brainstorming/phase_measure_theory/20260827-142250_step-004-the-evidence-aggregation-axioms.md
F0546	Aug 27 14:23 docs/knowledgeos/brainstorming/phase_measure_theory/20260827-142333_step-005-what-is-the-mathematical-object-being-aggregated.md
F0547	Aug 27 14:25 docs/knowledgeos/brainstorming/phase_measure_theory/20260827-142514_step-006-information-gain-and-value-of-evidence.md
F0548	Aug 27 14:27 docs/knowledgeos/brainstorming/phase_measure_theory/20260827-142709_step-007-how-does-new-evidence-change-the-knowledge-state.md
F0549	Aug 27 15:19 docs/knowledgeos/brainstorming/phase_measure_theory/20260827-151920_step-008-epistemic-acceptance-and-commitment.md
F0550	Aug 27 15:20 docs/knowledgeos/brainstorming/phase_measure_theory/20260827-152002_step-009-contradiction-paraconsistency-and-belief-revision.md
F0551	Aug 27 15:24 docs/knowledgeos/brainstorming/phase_measure_theory/20260827-152413_step-011-uncertainty-propagation-and-derived-knowledge.md
F0552	Aug 27 15:34 docs/knowledgeos/brainstorming/phase_measure_theory/20260827-153436_step-012-identity-entity-resolution-and-semantic-equivalence.md
F0553	Aug 27 15:37 docs/knowledgeos/brainstorming/phase_measure_theory/20260827-153702_step-013-sufficiency-completeness-and-readiness-for-purpose.md
F0554	Aug 27 15:37 docs/knowledgeos/brainstorming/phase_measure_theory/20260827-153750_step-010-inference-and-derivation.md
F0555	Aug 27 15:42 docs/knowledgeos/brainstorming/phase_measure_theory/20260827-154223_step-013-sufficiency-completeness-and-readiness-for-purpose-duplicate.md
F0556	Aug 27 15:52 docs/knowledgeos/brainstorming/phase_measure_theory/20260827-155259_step-014-causality-dependency-and-counterfactual-reasoning.md
F0557	Aug 27 15:56 docs/knowledgeos/brainstorming/phase_measure_theory/20260827-155652_step-015-decision-theory-and-action-selection.md
F0558	Aug 27 16:00 docs/knowledgeos/brainstorming/phase_measure_theory/20260827-160001_step-016-temporal-knowledge-events-state-evolution-and-knowledge-versioning.md
F0559	Aug 27 16:02 docs/knowledgeos/brainstorming/phase_measure_theory/20260827-160217_step-016-temporal-knowledge-events-state-evolution-and-knowledge-versioning-duplicate.md
F0560	Aug 27 16:04 docs/knowledgeos/brainstorming/phase_measure_theory/20260827-160410_step-017-ontology-concepts-semantics-and-domain-models.md
F0561	Aug 27 16:06 docs/knowledgeos/brainstorming/phase_measure_theory/20260827-160659_step-018-rules-inference-logic-constraints-and-the-reasoning-engine.md
F0562	Aug 27 16:09 docs/knowledgeos/brainstorming/phase_measure_theory/20260827-160922_step-019-authority-trust-evidence-weighting-source-reliability-and-knowledge-commitment.md
F0563	Aug 27 16:11 docs/knowledgeos/brainstorming/phase_measure_theory/20260827-161157_step-020-uncertainty-probability-ambiguity-incompleteness-conflict-and-confidence.md
F0564	Aug 27 16:14 docs/knowledgeos/brainstorming/phase_measure_theory/20260827-161423_step-021-goals-intentions-decisions-actions-utility-risk-constraints-and-outcomes.md
F0565	Aug 27 16:18 docs/knowledgeos/brainstorming/phase_measure_theory/20260827-161800_step-022-identity-lineage-provenance-causality-and-traceability.md
F0566	Aug 27 16:23 docs/knowledgeos/brainstorming/phase_measure_theory/20260827-162331_step-024-formal-composition-consistency-invariants-and-closure-of-the-knowledgeos-model.md
F0567	Aug 27 16:25 docs/knowledgeos/brainstorming/phase_measure_theory/20260827-162545_step-023-epistemic-sufficiency-readiness-completeness-and-the-knowledge-boundary.md
F0568	Aug 27 16:26 docs/knowledgeos/brainstorming/phase_measure_theory/20260827-162652_step-025-executable-knowledgeos-reference-model-and-adversarial-simulation.md
F0569	Aug 27 16:29 docs/knowledgeos/brainstorming/phase_measure_theory/20260827-162919_step-026-further-steps-freeze-the-conceptual-construction.md
F0570	Aug 27 18:10 docs/knowledgeos/brainstorming/phase_measure_theory/20260827-181041_knowledgeos-historical-experimental-knowledge-extraction.md
F0571	Aug 27 18:11 docs/knowledgeos/brainstorming/phase_measure_theory/20260827-181126_freeze-the-conceptual-construction-temporarily.md
F0572	Aug 27 18:13 docs/knowledgeos/brainstorming/phase_measure_theory/20260827-181325_step-025a-1-minimal-formal-state-and-type-system.md
F0573	Aug 27 18:15 docs/knowledgeos/brainstorming/phase_measure_theory/20260827-181510_step-025a-2-evidence-to-assessment-to-assertion.md
F0574	Aug 27 18:17 docs/knowledgeos/brainstorming/phase_measure_theory/20260827-181716_step-025a-3-knowledge-state-revision-conflict-temporal-validity-and-retraction.md
F0575	Aug 27 18:18 docs/knowledgeos/brainstorming/phase_measure_theory/20260827-181825_step-025a-4-executable-knowledge-state-model.md
F0576	Aug 27 18:22 docs/knowledgeos/brainstorming/phase_measure_theory/20260827-182235_step-025a-5-property-based-falsification-of-the-knowledge-state.md
F0577	Aug 27 18:24 docs/knowledgeos/brainstorming/phase_measure_theory/20260827-182411_step-025b-adversarial-end-to-end-knowledgeos-simulation.md
F0578	Aug 27 18:25 docs/knowledgeos/brainstorming/phase_measure_theory/20260827-182534_step-025c-evidence-aggregation-algebra.md
F0579	Aug 27 18:27 docs/knowledgeos/brainstorming/phase_measure_theory/20260827-182708_step-025c-1-compare-candidate-evidence-algebras.md
F0580	Aug 27 18:28 docs/knowledgeos/brainstorming/phase_measure_theory/20260827-182835_step-025c-2-independent-evidence-combination.md
F0581	Aug 27 18:29 docs/knowledgeos/brainstorming/phase_measure_theory/20260827-182955_step-025c-3-evidence-dependence-and-information-value.md
F0582	Aug 27 18:31 docs/knowledgeos/brainstorming/phase_measure_theory/20260827-183142_step-025d-formal-zero-algebra.md
F0583	Aug 27 18:33 docs/knowledgeos/brainstorming/phase_measure_theory/20260827-183320_step-025e-formal-epistemic-contract-algebra.md
F0584	Aug 27 18:35 docs/knowledgeos/brainstorming/phase_measure_theory/20260827-183529_step-025f-governance-conflict-algebra.md
F0585	Aug 27 18:37 docs/knowledgeos/brainstorming/phase_measure_theory/20260827-183746_step-025g-formal-lord-algebra-choosing-the-next-action.md
F0586	Aug 28 09:23 docs/knowledgeos/brainstorming/phase_measure_theory/20260828-092308_step-025h-formal-sa-rathi-algebra-decision-utility-risk-and-authorization.md
F0587	Aug 28 09:37 docs/knowledgeos/brainstorming/phase_measure_theory/20260828-093700_step-025i-knowledge-identity-algebra.md
F0588	Aug 28 09:38 docs/knowledgeos/brainstorming/phase_measure_theory/20260828-093812_step-025j-semantic-equivalence-refinement-contradiction-and-knowledge-merge.md
F0589	Aug 28 09:39 docs/knowledgeos/brainstorming/phase_measure_theory/20260828-093925_step-025k-knowledge-state-algebra-and-closure.md
F0590	Aug 28 09:40 docs/knowledgeos/brainstorming/phase_measure_theory/20260828-094013_step-025l-distributed-knowledge-merge-convergence-and-consistency.md
F0591	Aug 28 09:41 docs/knowledgeos/brainstorming/phase_measure_theory/20260828-094115_step-025m-epistemic-error-refutation-retraction-correction-and-revision.md
F0592	Aug 28 09:42 docs/knowledgeos/brainstorming/phase_measure_theory/20260828-094210_step-025n-evidence-aggregation-algebra.md
F0593	Aug 28 09:42 docs/knowledgeos/brainstorming/phase_measure_theory/20260828-094256_step-025o-truth-validity-belief-knowledge-and-epistemic-status.md
F0594	Aug 28 09:44 docs/knowledgeos/brainstorming/phase_measure_theory/20260828-094407_step-025p-causality-counterfactuals-interventions-and-root-cause-knowledge.md
F0595	Aug 28 10:06 docs/knowledgeos/brainstorming/phase_measure_theory/20260828-100603_step-025q-models-hypotheses-prediction-model-selection-and-scientific-revision.md
F0596	Aug 28 10:06 docs/knowledgeos/brainstorming/phase_measure_theory/20260828-100659_step-025r-decision-theory-utility-risk-value-of-information-and-rational-action.md
F0597	Aug 28 10:07 docs/knowledgeos/brainstorming/phase_measure_theory/20260828-100737_step-025s-identity-entity-resolution-same-as-distinct-from-and-knowledge-atma.md
F0598	Aug 28 10:08 docs/knowledgeos/brainstorming/phase_measure_theory/20260828-100823_step-025t-formal-inference-derivation-rules-proof-constraints-and-verifiable-reasoning.md
F0599	Aug 28 10:09 docs/knowledgeos/brainstorming/phase_measure_theory/20260828-100905_step-025u-multi-agent-knowledge-conflict-resolution-consensus-trust-and-distributed-epistemics.md
F0600	Aug 28 10:10 docs/knowledgeos/brainstorming/phase_measure_theory/20260828-101022_step-025v-semantics-ontology-bounded-contexts-meaning-alignment-and-semantic-interoperability.md
F0601	Aug 28 10:11 docs/knowledgeos/brainstorming/phase_measure_theory/20260828-101108_step-025w-temporal-consistency-bitemporal-knowledge-version-alignment-and-snapshot-semantics.md
F0602	Aug 28 10:11 docs/knowledgeos/brainstorming/phase_measure_theory/20260828-101153_step-025x-distributed-epistemics-consistency-models-event-ordering-causality-and-knowledge-conver.md
F0603	Aug 28 10:12 docs/knowledgeos/brainstorming/phase_measure_theory/20260828-101241_step-025y-evidence-integrity-cryptographic-provenance-authenticity-tamper-detection-and-chain-of.md
F0604	Aug 28 10:13 docs/knowledgeos/brainstorming/phase_measure_theory/20260828-101325_step-025z-action-intervention-control-risk-and-feedback.md
F0605	Aug 28 10:14 docs/knowledgeos/brainstorming/phase_measure_theory/20260828-101406_step-026-model-boundary-abstraction-observability-identifiability-and-epistemic-blind-spots.md
F0606	Aug 28 10:14 docs/knowledgeos/brainstorming/phase_measure_theory/20260828-101458_step-027-uncertainty-calculus-probability-confidence-belief-and-evidence-weight.md
F0607	Aug 28 10:15 docs/knowledgeos/brainstorming/phase_measure_theory/20260828-101530_step-028-epistemic-conflict-belief-revision-multiple-authorities-and-contradiction.md
F0608	Aug 28 10:16 docs/knowledgeos/brainstorming/phase_measure_theory/20260828-101614_step-029-knowledge-consistency-constraints-invariants-satisfiability-and-dependency.md
F0609	Aug 28 10:20 docs/knowledgeos/brainstorming/phase_measure_theory/20260828-102009_step-030-epistemic-calibration-reality-alignment-validation-ground-truth-and-model-drift.md
F0610	Aug 28 10:21 docs/knowledgeos/brainstorming/phase_measure_theory/20260828-102145_step-030-analysis-preliminary-verdict.md
F0611	Aug 28 10:22 docs/knowledgeos/brainstorming/phase_measure_theory/20260828-102251_step-031-mathematical-formalization-and-consistency-audit-of-knowledgeos.md
F0612	Aug 28 10:23 docs/knowledgeos/brainstorming/phase_measure_theory/20260828-102341_step-032-epistemic-algebra-type-closure-composition-laws-and-state-transition-semantics.md
F0613	Aug 28 10:24 docs/knowledgeos/brainstorming/phase_measure_theory/20260828-102424_step-033-uncertainty-propagation-dependence-correlation-error-propagation-and-epistemic-risk.md
F0614	Aug 28 10:24 docs/knowledgeos/brainstorming/phase_measure_theory/20260828-102459_step-034-information-acquisition-value-of-information-active-learning-and-the-next-best-epistemic.md
F0615	Aug 28 10:25 docs/knowledgeos/brainstorming/phase_measure_theory/20260828-102539_step-035-epistemic-resource-allocation-attention-scheduling-knowledge-triage-and-portfolio-optimi.md
F0616	Aug 28 10:26 docs/knowledgeos/brainstorming/phase_measure_theory/20260828-102624_step-036-epistemic-calibration-reliability-meta-validation-and-knowledge-system-health.md
F0617	Aug 28 10:27 docs/knowledgeos/brainstorming/phase_measure_theory/20260828-102747_step-037-adversarial-epistemology-epistemic-integrity-trust-manipulation-and-strategic-behavior.md
F0618	Aug 28 10:29 docs/knowledgeos/brainstorming/phase_measure_theory/20260828-102917_step-038-identity-entity-resolution-equivalence-reference-integrity-and-the-mathematics-of-same.md
F0619	Aug 28 10:29 docs/knowledgeos/brainstorming/phase_measure_theory/20260828-102953_step-039-bounded-context-translation-semantic-mapping-conceptual-alignment-and-knowledge-interope.md
F0620	Aug 28 10:30 docs/knowledgeos/brainstorming/phase_measure_theory/20260828-103049_step-040-cross-context-consistency-contradiction-reconciliation-and-epistemic-authority.md
F0621	Aug 28 10:33 docs/knowledgeos/brainstorming/phase_measure_theory/20260828-103343_step-001-40-review-where-we-are-now.md
F0622	Aug 28 10:34 docs/knowledgeos/brainstorming/phase_measure_theory/20260828-103429_step-041-epistemic-sufficiency-decision-preconditions-and-assurance-composition.md
F0623	Aug 28 10:35 docs/knowledgeos/brainstorming/phase_measure_theory/20260828-103509_step-042-assurance-composition-invariants-safety-gates-and-formal-decision-contracts.md
F0624	Aug 28 10:35 docs/knowledgeos/brainstorming/phase_measure_theory/20260828-103559_step-043-causal-reasoning-intervention-counterfactuals-and-learning-from-outcomes.md
F0625	Aug 28 10:36 docs/knowledgeos/brainstorming/phase_measure_theory/20260828-103643_step-044-dynamic-causal-systems-feedback-loops-cascades-stability-and-second-order-effects.md
F0626	Aug 28 10:37 docs/knowledgeos/brainstorming/phase_measure_theory/20260828-103723_step-045-adaptive-learning-model-revision-concept-drift-and-knowledge-evolution.md
F0627	Aug 28 10:39 docs/knowledgeos/brainstorming/phase_measure_theory/20260828-103922_step-046-learning-stability-self-correction-feedback-safety-and-epistemic-control.md
F0628	Aug 28 10:40 docs/knowledgeos/brainstorming/phase_measure_theory/20260828-104043_step-047-epistemic-control-self-correction-feedback-safety-and-prevention-of-knowledgeos-self-dec.md
F0629	Aug 28 10:41 docs/knowledgeos/brainstorming/phase_measure_theory/20260828-104102_step-048-global-invariants-compositional-verification-and-the-formal-correctness-contract.md
F0630	Aug 28 10:41 docs/knowledgeos/brainstorming/phase_measure_theory/20260828-104146_step-049-formal-model-reduction-consistency-checking-primitive-identification-and-computability.md
F0631	Aug 28 11:34 docs/knowledgeos/brainstorming/phase_measure_theory/20260828-113416_step-050-formal-consistency-audit-attempting-to-break-the-knowledgeos-model.md
F0632	Aug 28 11:34 docs/knowledgeos/brainstorming/phase_measure_theory/20260828-113444_step-051-executable-reference-model.md
F0633	Aug 28 11:35 docs/knowledgeos/brainstorming/phase_measure_theory/20260828-113550_step-052-mathematical-kernel-to-ddd-bounded-context-mapping.md
F0634	Aug 28 11:36 docs/knowledgeos/brainstorming/phase_measure_theory/20260828-113622_step-052-mathematical-kernel-to-ddd-bounded-context-mapping-duplicate.md
F0635	Aug 28 11:36 docs/knowledgeos/brainstorming/phase_measure_theory/20260828-113646_step-053-context-contract-algebra.md
F0636	Aug 28 11:37 docs/knowledgeos/brainstorming/phase_measure_theory/20260828-113723_step-054-mathematical-types-to-ddd-domain-types-to-executable-contracts.md
F0637	Aug 28 11:38 docs/knowledgeos/brainstorming/phase_measure_theory/20260828-113800_step-055-reference-implementation-specification.md
F0638	Aug 28 11:38 docs/knowledgeos/brainstorming/phase_measure_theory/20260828-113826_step-056-build-and-execute-the-knowledgeos-reference-machine.md
F0639	Aug 28 11:39 docs/knowledgeos/brainstorming/phase_measure_theory/20260828-113901_step-057-liveness-and-progress-calculus.md
F0640	Aug 28 11:39 docs/knowledgeos/brainstorming/phase_measure_theory/20260828-113932_step-058-compositional-correctness.md
F0641	Aug 28 11:40 docs/knowledgeos/brainstorming/phase_measure_theory/20260828-114004_step-059-concurrency-and-interleaving-calculus.md
F0642	Aug 28 11:40 docs/knowledgeos/brainstorming/phase_measure_theory/20260828-114040_step-060-epistemic-algebra-and-knowledge-state-ordering.md
F0643	Aug 28 11:44 docs/knowledgeos/brainstorming/phase_measure_theory/20260828-114401_step-061-information-gain-uncertainty-and-epistemic-quality.md
F0644	Aug 28 11:44 docs/knowledgeos/brainstorming/phase_measure_theory/20260828-114426_step-046-learning-stability-self-correction-feedback-safety-and-epistemic-control-duplicate.md
F0645	Aug 28 11:44 docs/knowledgeos/brainstorming/phase_measure_theory/20260828-114457_step-062-decision-theory-and-the-knowledge-to-action-boundary.md
F0646	Aug 28 11:45 docs/knowledgeos/brainstorming/phase_measure_theory/20260828-114528_step-063-causal-reasoning-and-intervention.md
F0647	Aug 28 11:46 docs/knowledgeos/brainstorming/phase_measure_theory/20260828-114659_step-064-model-uncertainty-distribution-shift-and-self-validation.md
F0648	Aug 28 11:50 docs/knowledgeos/brainstorming/phase_measure_theory/20260828-115002_step-066-partial-observability-and-the-epistemic-boundary.md
F0649	Aug 28 11:50 docs/knowledgeos/brainstorming/phase_measure_theory/20260828-115054_step-065-multi-agent-epistemic-independence-and-error-propagation.md
F0650	Aug 28 12:04 docs/knowledgeos/brainstorming/phase_measure_theory/20260828-120419_step-067-the-epistemic-type-system.md
F0651	Aug 28 12:04 docs/knowledgeos/brainstorming/phase_measure_theory/20260828-120450_step-067-the-epistemic-type-system-duplicate.md
F0652	Aug 28 12:05 docs/knowledgeos/brainstorming/phase_measure_theory/20260828-120509_step-068-contradiction-paraconsistency-and-knowledge-revision.md
F0653	Aug 28 12:05 docs/knowledgeos/brainstorming/phase_measure_theory/20260828-120543_step-069-computability-state-space-and-executable-knowledge.md
F0654	Aug 28 12:06 docs/knowledgeos/brainstorming/phase_measure_theory/20260828-120623_step-070-the-minimal-knowledgeos-kernel.md
F0655	Aug 28 12:06 docs/knowledgeos/brainstorming/phase_measure_theory/20260828-120653_step-071-compositional-correctness-of-knowledgeos.md
F0656	Aug 28 12:07 docs/knowledgeos/brainstorming/phase_measure_theory/20260828-120724_step-072-epistemic-consistency-under-concurrency.md
F0657	Aug 28 12:09 docs/knowledgeos/brainstorming/phase_measure_theory/20260828-120900_step-073-identity-trust-and-cryptographic-provenance.md
F0658	Aug 28 12:09 docs/knowledgeos/brainstorming/phase_measure_theory/20260828-120906_step-074-causal-knowledge-from-correlation-to-intervention.md
F0659	Aug 28 12:09 docs/knowledgeos/brainstorming/phase_measure_theory/20260828-120938_step-075-decision-theory-under-uncertainty.md
F0660	Aug 28 12:10 docs/knowledgeos/brainstorming/phase_measure_theory/20260828-121008_step-076-multi-objective-decisions-and-governance-of-values.md
F0661	Aug 28 12:10 docs/knowledgeos/brainstorming/phase_measure_theory/20260828-121039_step-077-governance-of-the-decision-model.md
F0662	Aug 28 12:11 docs/knowledgeos/brainstorming/phase_measure_theory/20260828-121113_step-078-organizational-agency-and-the-multi-agent-boundary.md
F0663	Aug 28 12:11 docs/knowledgeos/brainstorming/phase_measure_theory/20260828-121150_step-079-emergence-systemic-risk-and-collective-correctness.md
F0664	Aug 28 12:12 docs/knowledgeos/brainstorming/phase_measure_theory/20260828-121233_step-080-organizational-control-and-feedback.md
F0665	Aug 28 12:13 docs/knowledgeos/brainstorming/phase_measure_theory/20260828-121311_step-080-organizational-control-and-feedback-duplicate.md
F0666	Aug 28 12:13 docs/knowledgeos/brainstorming/phase_measure_theory/20260828-121328_step-081-observability-and-identifiability.md
F0667	Aug 28 12:14 docs/knowledgeos/brainstorming/phase_measure_theory/20260828-121413_step-082-uncertainty-propagation.md
F0668	Aug 28 12:14 docs/knowledgeos/brainstorming/phase_measure_theory/20260828-121447_step-083-temporal-reasoning-and-time-dependent-truth.md
F0669	Aug 28 12:15 docs/knowledgeos/brainstorming/phase_measure_theory/20260828-121516_step-084-counterfactual-reasoning.md
F0670	Aug 28 12:16 docs/knowledgeos/brainstorming/phase_measure_theory/20260828-121630_step-085-strategic-behavior-and-game-theory.md
F0671	Aug 28 12:17 docs/knowledgeos/brainstorming/phase_measure_theory/20260828-121717_step-086-mechanism-design-and-institutional-equilibrium.md
F0672	Aug 28 12:17 docs/knowledgeos/brainstorming/phase_measure_theory/20260828-121755_step-087-collective-choice-preference-aggregation-and-legitimate-decision.md
F0673	Aug 28 12:18 docs/knowledgeos/brainstorming/phase_measure_theory/20260828-121847_step-088-information-theory-information-sufficiency-and-safe-knowledge-compression.md
F0674	Aug 28 12:19 docs/knowledgeos/brainstorming/phase_measure_theory/20260828-121923_step-089-computability-decidability-and-the-limits-of-knowledgeos.md
F0675	Aug 28 12:20 docs/knowledgeos/brainstorming/phase_measure_theory/20260828-122002_step-090-complexity-scalability-and-computational-economics.md
F0676	Aug 28 12:20 docs/knowledgeos/brainstorming/phase_measure_theory/20260828-122043_step-091-formal-specification-and-refinement.md
F0677	Aug 28 12:21 docs/knowledgeos/brainstorming/phase_measure_theory/20260828-122128_step-092-concurrency-distributed-state-and-invariant-preservation.md
F0678	Aug 28 12:22 docs/knowledgeos/brainstorming/phase_measure_theory/20260828-122208_step-093-reliability-fault-tolerance-and-recovery.md
F0679	Aug 28 12:22 docs/knowledgeos/brainstorming/phase_measure_theory/20260828-122245_step-094-security-adversarial-behavior-and-trust.md
F0680	Aug 28 12:24 docs/knowledgeos/brainstorming/phase_measure_theory/20260828-122408_step-095-privacy-information-boundaries-and-controlled-knowledge.md
F0681	Aug 28 12:24 docs/knowledgeos/brainstorming/phase_measure_theory/20260828-122444_step-096-learning-adaptation-and-model-evolution.md
F0682	Aug 28 12:25 docs/knowledgeos/brainstorming/phase_measure_theory/20260828-122523_step-097-human-ai-organizations-responsibility-and-collective-intelligence.md
F0683	Aug 28 12:26 docs/knowledgeos/brainstorming/phase_measure_theory/20260828-122620_step-098-economics-resource-constraints-and-optimization.md
F0684	Aug 28 12:26 docs/knowledgeos/brainstorming/phase_measure_theory/20260828-122654_step-099-observability-runtime-measurement-and-empirical-assurance.md
F0685	Aug 28 12:27 docs/knowledgeos/brainstorming/phase_measure_theory/20260828-122730_step-100-architecture-closure-test.md
F0686	Aug 28 12:28 docs/knowledgeos/brainstorming/phase_measure_theory/20260828-122800_step-101-architecture-to-reality-conformance.md
F0687	Aug 28 12:29 docs/knowledgeos/brainstorming/phase_measure_theory/20260828-122915_step-102-knowledgeos-architectural-inventory.md
F0688	Aug 28 12:29 docs/knowledgeos/brainstorming/phase_measure_theory/20260828-122954_step-103-semantic-model-conformance.md
F0689	Aug 28 12:30 docs/knowledgeos/brainstorming/phase_measure_theory/20260828-123048_step-104-governance-conformance.md
F0690	Aug 28 12:31 docs/knowledgeos/brainstorming/phase_measure_theory/20260828-123122_step-105-agent-architecture-conformance.md
F0691	Aug 28 12:32 docs/knowledgeos/brainstorming/phase_measure_theory/20260828-123216_step-106-runtime-architecture-conformance.md
F0692	Aug 28 12:33 docs/knowledgeos/brainstorming/phase_measure_theory/20260828-123314_step-107-architecture-drift-analysis.md
F0693	Aug 28 12:33 docs/knowledgeos/brainstorming/phase_measure_theory/20260828-123356_step-108-knowledgeos-conformance-matrix.md
F0694	Aug 28 12:34 docs/knowledgeos/brainstorming/phase_measure_theory/20260828-123438_step-109-evidence-based-repository-reconstruction.md
F0695	Aug 28 12:35 docs/knowledgeos/brainstorming/phase_measure_theory/20260828-123520_step-110-knowledgeos-system-boundary-reconstruction.md
F0696	Aug 28 12:35 docs/knowledgeos/brainstorming/phase_measure_theory/20260828-123552_step-111-actual-knowledgeos-component-inventory.md
F0697	Aug 28 12:36 docs/knowledgeos/brainstorming/phase_measure_theory/20260828-123645_step-112-semantic-ownership-reconstruction.md
F0698	Aug 28 12:37 docs/knowledgeos/brainstorming/phase_measure_theory/20260828-123718_step-113-knowledgeos-semantic-core-reconstruction.md
F0699	Aug 28 12:41 docs/knowledgeos/brainstorming/phase_measure_theory/20260828-124104_step-114-semantic-core-evidence-test.md
F0700	Aug 28 12:42 docs/knowledgeos/brainstorming/phase_measure_theory/20260828-124203_step-115-semantic-graph-reconstruction.md
F0701	Aug 28 12:42 docs/knowledgeos/brainstorming/phase_measure_theory/20260828-124238_step-116-actual-knowledgeos-graph-extraction.md
F0702	Aug 28 12:43 docs/knowledgeos/brainstorming/phase_measure_theory/20260828-124321_step-117-knowledgeos-traceability-experiment.md
F0703	Aug 28 12:43 docs/knowledgeos/brainstorming/phase_measure_theory/20260828-124359_step-118-governance-to-engineering-closure-test.md
F0704	Aug 28 12:44 docs/knowledgeos/brainstorming/phase_measure_theory/20260828-124431_step-119-knowledgeos-control-loop-evidence-test.md
F0705	Aug 28 12:45 docs/knowledgeos/brainstorming/phase_measure_theory/20260828-124510_step-120-knowledgeos-constitutional-invariants.md
F0706	Aug 28 12:45 docs/knowledgeos/brainstorming/phase_measure_theory/20260828-124552_step-121-constitution-to-implementation-conformance-test.md
F0707	Aug 28 12:46 docs/knowledgeos/brainstorming/phase_measure_theory/20260828-124629_step-122-knowledgeos-evidence-execution-protocol.md
F0708	Aug 28 12:47 docs/knowledgeos/brainstorming/phase_measure_theory/20260828-124716_step-123-self-verification-of-knowledgeos.md
F0709	Aug 28 12:48 docs/knowledgeos/brainstorming/phase_measure_theory/20260828-124814_step-124-knowledgeos-self-verification-vs-self-governance.md
F0710	Aug 28 12:49 docs/knowledgeos/brainstorming/phase_measure_theory/20260828-124910_step-125-knowledgeos-operating-model.md
F0711	Aug 28 12:50 docs/knowledgeos/brainstorming/phase_measure_theory/20260828-125024_step-126-knowledgeos-information-model.md
F0712	Aug 28 12:51 docs/knowledgeos/brainstorming/phase_measure_theory/20260828-125128_step-127-knowledgeos-domain-bounded-context-test.md
F0713	Aug 28 12:52 docs/knowledgeos/brainstorming/phase_measure_theory/20260828-125203_step-127-knowledgeos-domain-bounded-context-test.md
F0714	Aug 28 12:52 docs/knowledgeos/brainstorming/phase_measure_theory/20260828-125255_step-128-knowledgeos-context-map-and-dependency-direction.md
F0715	Aug 28 12:53 docs/knowledgeos/brainstorming/phase_measure_theory/20260828-125345_step-129-knowledgeos-architecture-fitness-model.md
F0716	Aug 28 12:54 docs/knowledgeos/brainstorming/phase_measure_theory/20260828-125449_step-130-the-knowledgeos-assurance-graph.md
F0717	Aug 28 12:55 docs/knowledgeos/brainstorming/phase_measure_theory/20260828-125526_step-131-from-assurance-graph-to-knowledgeos-logical-architecture.md
F0718	Aug 28 12:55 docs/knowledgeos/brainstorming/phase_measure_theory/20260828-125554_step-132-current-state-reconstruction.md
F0719	Aug 28 12:56 docs/knowledgeos/brainstorming/phase_measure_theory/20260828-125624_step-133-repository-artifact-archaeology.md
F0720	Aug 28 12:56 docs/knowledgeos/brainstorming/phase_measure_theory/20260828-125635_step-133-repository-artifact-archaeology-duplicate.md
F0721	Aug 28 12:57 docs/knowledgeos/brainstorming/phase_measure_theory/20260828-125701_step-134-actual-repository-reconstruction.md
F0722	Aug 28 12:57 docs/knowledgeos/brainstorming/phase_measure_theory/20260828-125726_step-135-semantic-ownership-matrix.md
F0723	Aug 28 12:58 docs/knowledgeos/brainstorming/phase_measure_theory/20260828-125802_step-136-bounded-context-boundary-tests.md
F0724	Aug 28 12:58 docs/knowledgeos/brainstorming/phase_measure_theory/20260828-125843_step-137-the-knowledgeos-domain-model.md
F0725	Aug 28 12:59 docs/knowledgeos/brainstorming/phase_measure_theory/20260828-125937_step-138-aggregates-commands-and-domain-events.md
F0726	Aug 28 13:00 docs/knowledgeos/brainstorming/phase_measure_theory/20260828-130007_step-139-knowledgeos-context-map-and-integration-contracts.md
F0727	Aug 28 13:00 docs/knowledgeos/brainstorming/phase_measure_theory/20260828-130050_step-140-knowledgeos-logical-component-architecture.md
F0728	Aug 28 13:01 docs/knowledgeos/brainstorming/phase_measure_theory/20260828-130122_step-141-deployment-and-runtime-architecture.md
F0729	Aug 28 13:02 docs/knowledgeos/brainstorming/phase_measure_theory/20260828-130217_step-142-current-state-runtime-archaeology.md
F0730	Aug 28 13:02 docs/knowledgeos/brainstorming/phase_measure_theory/20260828-130247_step-143-current-to-target-architecture-delta.md
F0731	Aug 28 13:03 docs/knowledgeos/brainstorming/phase_measure_theory/20260828-130340_step-144-knowledgeos-evolution-roadmap.md
F0732	Aug 28 13:07 docs/knowledgeos/brainstorming/phase_measure_theory/20260828-130748_step-145-golden-trace-specification.md
F0733	Aug 28 13:08 docs/knowledgeos/brainstorming/phase_measure_theory/20260828-130841_step-146-golden-trace-to-implementable-domain-model.md
F0734	Aug 28 13:09 docs/knowledgeos/brainstorming/phase_measure_theory/20260828-130912_step-147-domain-events-and-integration-contracts.md
F0735	Aug 28 13:09 docs/knowledgeos/brainstorming/phase_measure_theory/20260828-130939_step-148-knowledgeos-api-and-contract-architecture.md
F0736	Aug 28 13:10 docs/knowledgeos/brainstorming/phase_measure_theory/20260828-131018_step-156a-chapter-4-validation-of-knowledgeos.md
F0737	Aug 28 13:12 docs/knowledgeos/brainstorming/phase_measure_theory/20260828-131204_step-149-persistence-and-data-architecture.md
F0738	Aug 28 13:13 docs/knowledgeos/brainstorming/phase_measure_theory/20260828-131303_step-150-knowledgeos-runtime-architecture.md
F0739	Aug 28 13:14 docs/knowledgeos/brainstorming/phase_measure_theory/20260828-131421_step-151-knowledgeos-vertical-slice-v0-1.md
F0740	Aug 28 13:15 docs/knowledgeos/brainstorming/phase_measure_theory/20260828-131532_step-152-knowledgeos-implementation-architecture-constitution-v1-0.md
F0741	Aug 28 13:16 docs/knowledgeos/brainstorming/phase_measure_theory/20260828-131618_step-153-knowledgeos-architecture-registry.md
F0742	Aug 28 13:17 docs/knowledgeos/brainstorming/phase_measure_theory/20260828-131705_step-154-knowledgeos-self-assurance-engine.md
F0743	Aug 28 13:17 docs/knowledgeos/brainstorming/phase_measure_theory/20260828-131736_step-155-knowledgeos-governance-runtime.md
F0744	Aug 28 13:37 docs/knowledgeos/brainstorming/phase_measure_theory/20260828-133736_step-156-knowledgeos-operating-model.md
F0745	Aug 28 13:44 docs/knowledgeos/brainstorming/phase_measure_theory/20260828-134443_step-155a-knowledgeos-epistemic-and-provenance-kernel-review.md
F0746	Aug 28 13:44 docs/knowledgeos/brainstorming/phase_measure_theory/20260828-134457_step-150-knowledgeos-runtime-architecture-duplicate.md
F0747	Aug 28 13:45 docs/knowledgeos/brainstorming/phase_measure_theory/20260828-134500_step-144-knowledgeos-evolution-roadmap-duplicate.md
F0748	Aug 28 13:45 docs/knowledgeos/brainstorming/phase_measure_theory/20260828-134504_step-129-knowledgeos-architecture-fitness-model-duplicate.md
F0749	Aug 28 13:50 docs/knowledgeos/brainstorming/phase_measure_theory/20260828-135017_step-155a-knowledgeos-epistemic-and-provenance-kernel-review-duplicate.md
F0750	Aug 28 13:50 docs/knowledgeos/brainstorming/phase_measure_theory/20260828-135032_step-156-knowledgeos-operating-model-revision.md
F0751	Aug 28 13:52 docs/knowledgeos/brainstorming/phase_measure_theory/20260828-135255_step-157-knowledgeos-domain-model-and-bounded-context-validation.md
F0752	Aug 28 13:58 docs/knowledgeos/brainstorming/phase_measure_theory/20260828-135842_step-158-preparation-gita-chapter-4-characters-and-their-roles.md
F0753	Aug 28 14:03 docs/knowledgeos/brainstorming/phase_measure_theory/20260828-140338_gita-chapter-4-what-to-do-versus-what-not-to-do-distinction.md
F0754	Aug 28 14:07 docs/knowledgeos/brainstorming/phase_measure_theory/how_to_combine/20260828-140743_two-missing-distinctions-in-the-chapter-4-analysis-duplicate.md
F0755	Aug 28 14:13 docs/knowledgeos/brainstorming/phase_measure_theory/how_to_combine/20260828-141333_master-prompt-reconstruct-evolution-of-thought-before-flattening-into-topics.md
F0756	Aug 28 14:26 docs/knowledgeos/brainstorming/phase_measure_theory/how_to_combine/20260828-142652_step_combine_combine-prompt-1.md
F0757	Aug 28 14:48 docs/knowledgeos/brainstorming/phase_measure_theory/how_to_combine/20260828-144815_step_combine_combine-prompt-2.md
F0758	Aug 28 14:52 docs/knowledgeos/brainstorming/phase_measure_theory/how_to_combine/20260828-145246_step_combine_combine-prompt-3.md
F0759	Aug 28 15:01 docs/knowledgeos/brainstorming/phase_measure_theory/how_to_combine/20260828-150140_step_combine_combine-prompt-4.md
F0760	Aug 28 15:17 docs/knowledgeos/brainstorming/phase_measure_theory/how_to_combine/20260828-151722_step_combine_combine-prompt-5.md
F0761	Aug 28 16:03 docs/knowledgeos/brainstorming/phase_measure_theory/how_to_combine/20260828-160329_how-to-combine-issue-the-next-instruction.md
F0762	Aug 28 22:51 docs/knowledgeos/brainstorming/phase_measure_theory/external_research/20260828-225100_step_286_external-research-readme.md
F0763	Aug 28 22:51 docs/knowledgeos/brainstorming/phase_measure_theory/external_research/20260828-225107_c4-architecture-diagrams-system-context-to-component.md
F0764	Aug 28 22:51 docs/knowledgeos/brainstorming/phase_measure_theory/external_research/20260828-225129_hpa-ruling-gn-31.md
F0765	Aug 28 22:55 docs/knowledgeos/brainstorming/phase_measure_theory/external_research/20260828-225522_distribution-theory-in-knowledgeos.md
F0766	Aug 28 22:56 docs/knowledgeos/brainstorming/phase_measure_theory/external_research/20260828-225632_methodological-discipline-second-order-reflection.md
F0767	Aug 28 22:56 docs/knowledgeos/brainstorming/phase_measure_theory/external_research/20260828-225646_three-distinct-information-pathways.md
F0768	Aug 28 22:57 docs/knowledgeos/brainstorming/phase_measure_theory/external_research/20260828-225752_what-we-can-directly-use-practical-assessment.md
F0769	Aug 28 23:01 docs/knowledgeos/brainstorming/phase_measure_theory/how_to_combine/20260828-230119_step_combine_remaining-todos.md
F0770	Aug 28 23:03 docs/knowledgeos/brainstorming/phase_measure_theory/how_to_combine/20260828-230300_how-to-combine-good-idea-with-a-qualification.md
F0771	Aug 28 23:32 docs/knowledgeos/brainstorming/phase_measure_theory/how_to_combine/20260828-233241_step_combine_combine-prompt-6.md
F0772	Aug 28 23:52 docs/knowledgeos/brainstorming/phase_measure_theory/external_research/gita_chapter4/20260828-235231_step_286_knowledgeos-mathematical-derivation-from-gita-chapter-4.md
F0773	Aug 28 23:58 docs/knowledgeos/brainstorming/phase_measure_theory/external_research/gita_chapter4/20260828-235853_step_286_gita-chapter-04-additional-contributions.md
F0774	Aug 29 00:00 docs/knowledgeos/brainstorming/phase_measure_theory/external_research/gita_chapter4/20260829-000019_step_286_agree-with-corrective-ruling-on-chapter-04.md
F0775	Aug 29 00:13 docs/knowledgeos/brainstorming/phase_measure_theory/external_research/gita_chapter4/20260829-001332_step_286_the-more-interesting-reading-of-chapter-04.md
F0776	Aug 29 00:17 docs/knowledgeos/brainstorming/phase_measure_theory/external_research/gita_chapter4/20260829-001713_step_286_gita-chapters-01-to-04-source-extract.md
F0777	Aug 29 00:17 docs/knowledgeos/brainstorming/phase_measure_theory/external_research/gita_chapter4/20260829-001745_step_286_hpa-response-gita-chapters-1-4-philosophical-contributions.md
F0778	Aug 29 00:20 docs/knowledgeos/brainstorming/phase_measure_theory/how_to_combine/20260829-002041_step_combine_halfway-point-progress-review.md
F0779	Aug 29 00:33 docs/knowledgeos/brainstorming/phase_measure_theory/20260829-003330_step_155-156_recovery-of-earlier-step-155-156-material-sarathi-formulation.md
F0780	Aug 29 00:37 docs/knowledgeos/brainstorming/phase_measure_theory/external_research/gita_chapter4/20260829-003716_step_286_short-confirmation-gita-chapter-4-derivation.md
F0781	Aug 29 01:06 docs/knowledgeos/brainstorming/phase_measure_theory/20260829-010612_step_158_knowledgeos-architecture-conformance-audit.md
F0782	Aug 29 01:10 docs/knowledgeos/brainstorming/phase_measure_theory/20260829-011045_step_158_knowledgeos-architecture-conformance-audit-duplicate.md
F0783	Aug 29 01:11 docs/knowledgeos/brainstorming/phase_measure_theory/20260829-011128_step_159_knowledgeos-architecture-baseline.md
F0784	Aug 29 01:12 docs/knowledgeos/brainstorming/phase_measure_theory/20260829-011213_step_160_current-state-evidence-mapping.md
F0785	Aug 29 01:13 docs/knowledgeos/brainstorming/phase_measure_theory/20260829-011309_step_161_semantic-contract-reconstruction.md
F0786	Aug 29 01:13 docs/knowledgeos/brainstorming/phase_measure_theory/20260829-011356_step_159_knowledgeos-architecture-baseline-duplicate.md
F0787	Aug 29 01:15 docs/knowledgeos/brainstorming/phase_measure_theory/20260829-011552_step_162_invariant-and-boundary-derivation.md
F0788	Aug 29 01:17 docs/knowledgeos/brainstorming/phase_measure_theory/20260829-011730_step_163_context-map-and-translation-boundaries.md
F0789	Aug 29 01:20 docs/knowledgeos/brainstorming/phase_measure_theory/20260829-012048_step_164_domain-events-and-legitimate-state-transitions.md
F0790	Aug 29 01:22 docs/knowledgeos/brainstorming/phase_measure_theory/20260829-012222_step_165_aggregate-and-consistency-boundary-derivation.md
F0791	Aug 29 01:27 docs/knowledgeos/brainstorming/phase_measure_theory/20260829-012701_step_166_process-managers-sagas-and-long-running-consistency.md
F0792	Aug 29 01:28 docs/knowledgeos/brainstorming/phase_measure_theory/20260829-012838_step_167_formal-verification-obligations.md
F0793	Aug 29 01:31 docs/knowledgeos/brainstorming/phase_measure_theory/20260829-013134_step_168_the-verification-lattice.md
F0794	Aug 29 01:33 docs/knowledgeos/brainstorming/phase_measure_theory/20260829-013327_step_169_falsification-of-the-knowledgeos-architecture.md
F0795	Aug 29 01:35 docs/knowledgeos/brainstorming/phase_measure_theory/20260829-013526_step_170_the-end-to-end-knowledgeos-proof-chain.md
F0796	Aug 29 01:37 docs/knowledgeos/brainstorming/phase_measure_theory/20260829-013701_step_171_the-authority-responsibility-evidence-matrix.md
F0797	Aug 29 01:39 docs/knowledgeos/brainstorming/phase_measure_theory/20260829-013920_step_172_separation-of-duties-falsification-experiment.md
F0798	Aug 29 01:40 docs/knowledgeos/brainstorming/phase_measure_theory/20260829-014058_step_173_the-bounded-context-discovery-experiment.md
F0799	Aug 29 01:42 docs/knowledgeos/brainstorming/phase_measure_theory/20260829-014253_step_174_context-map-and-domain-contract-experiment.md
F0800	Aug 29 01:44 docs/knowledgeos/brainstorming/phase_measure_theory/20260829-014420_step_175_the-state-does-not-know-its-past-experiment.md
F0801	Aug 29 01:45 docs/knowledgeos/brainstorming/phase_measure_theory/20260829-014546_step_176_the-who-knows-experiment.md
F0802	Aug 29 01:47 docs/knowledgeos/brainstorming/phase_measure_theory/20260829-014710_step_177_the-knowledge-is-not-truth-experiment.md
F0803	Aug 29 01:48 docs/knowledgeos/brainstorming/phase_measure_theory/20260829-014843_step_178_the-what-should-we-do-experiment.md
F0804	Aug 29 01:50 docs/knowledgeos/brainstorming/phase_measure_theory/20260829-015001_step_179_the-who-is-allowed-to-say-what-experiment.md
F0805	Aug 29 01:51 docs/knowledgeos/brainstorming/phase_measure_theory/20260829-015147_step_180_the-can-the-system-know-that-it-does-not-know-experiment.md
F0806	Aug 29 01:53 docs/knowledgeos/brainstorming/phase_measure_theory/20260829-015345_step_181_the-what-if-two-truths-disagree-experiment.md
F0807	Aug 29 01:55 docs/knowledgeos/brainstorming/phase_measure_theory/20260829-015501_step_182_the-who-owns-the-truth-experiment.md
F0808	Aug 29 01:59 docs/knowledgeos/brainstorming/phase_measure_theory/20260829-015928_step_183-pre_architecture-and-gita-alignment-review-of-steps-1-182.md
F0809	Aug 29 02:02 docs/knowledgeos/brainstorming/phase_measure_theory/20260829-020210_step_183_the-reconstruction-experiment.md
F0810	Aug 29 02:03 docs/knowledgeos/brainstorming/phase_measure_theory/20260829-020345_step_184_the-epistemic-gap-experiment.md
F0811	Aug 29 02:05 docs/knowledgeos/brainstorming/phase_measure_theory/20260829-020511_step_185_change-correction-refinement-or-recontextualization.md
F0812	Aug 29 02:10 docs/knowledgeos/brainstorming/phase_measure_theory/20260829-021046_step_186-pre_mathematical-architecture-of-knowledgeos.md
F0813	Aug 29 02:12 docs/knowledgeos/brainstorming/phase_measure_theory/20260829-021226_step_186_mathematical-validation-of-the-knowledge-state-model.md
F0814	Aug 29 08:16 docs/knowledgeos/brainstorming/phase_measure_theory/20260829-081618_step_187_authority-as-a-mathematical-relation.md
F0815	Aug 29 08:24 docs/knowledgeos/brainstorming/phase_measure_theory/20260829-082439_step_188_the-hindsight-contamination-test.md
F0816	Aug 29 08:30 docs/knowledgeos/brainstorming/phase_measure_theory/20260829-083044_step_189_the-formal-epistemic-state-machine.md
F0817	Aug 29 08:41 docs/knowledgeos/brainstorming/phase_measure_theory/20260829-084105_step_190_ddd-aggregate-invariant-test.md
F0818	Aug 29 09:01 docs/knowledgeos/brainstorming/phase_measure_theory/20260829-090129_step_191_semantic-transition-vs-technical-mutation.md
F0819	Aug 29 09:06 docs/knowledgeos/brainstorming/phase_measure_theory/20260829-090618_step_192_the-boundary-of-truth.md
F0820	Aug 29 09:08 docs/knowledgeos/brainstorming/phase_measure_theory/20260829-090816_step_193_the-temporal-epistemic-consistency-test.md
F0821	Aug 29 09:10 docs/knowledgeos/brainstorming/phase_measure_theory/20260829-091044_step_194_the-causal-boundary.md
F0822	Aug 29 10:44 docs/knowledgeos/brainstorming/phase_measure_theory/20260829-104418_step_195_the-identity-continuity-model.md
F0823	Aug 29 10:58 docs/knowledgeos/brainstorming/phase_measure_theory/20260829-105816_step_196_the-authority-responsibility-model.md
F0824	Aug 29 10:59 docs/knowledgeos/brainstorming/phase_measure_theory/20260829-105916_step_197_invariants-conservation-and-the-formal-transition-system.md
F0825	Aug 29 11:00 docs/knowledgeos/brainstorming/phase_measure_theory/20260829-110056_step_198_composition-from-valid-transitions-to-valid-processes.md
F0826	Aug 29 11:02 docs/knowledgeos/brainstorming/phase_measure_theory/20260829-110229_step_199_uncertainty-probability-ambiguity-and-the-unknown.md
F0827	Aug 29 11:04 docs/knowledgeos/brainstorming/phase_measure_theory/20260829-110411_step_200_coherence-test-of-the-formal-knowledgeos-architecture.md
F0828	Aug 29 11:07 docs/knowledgeos/brainstorming/phase_measure_theory/20260829-110712_step_201_refinement-review-program.md
F0829	Aug 29 11:09 docs/knowledgeos/brainstorming/phase_measure_theory/20260829-110912_step_201_knowledgeos-canonical-vocabulary-freeze-v0-1.md
F0830	Aug 29 11:10 docs/knowledgeos/brainstorming/phase_measure_theory/20260829-111045_step_202_formal-relation-matrix-from-vocabulary-to-architecture.md
F0831	Aug 29 11:12 docs/knowledgeos/brainstorming/phase_measure_theory/20260829-111227_step_203_state-space-decomposition.md
F0832	Aug 29 11:44 docs/knowledgeos/brainstorming/phase_measure_theory/20260829-114405_step_204_transition-algebra-and-invariant-preservation.md
F0833	Aug 29 11:45 docs/knowledgeos/brainstorming/phase_measure_theory/20260829-114533_step_205_aggregate-derivation.md
F0834	Aug 30 01:10 docs/knowledgeos/brainstorming/phase_measure_theory/20260830-011029_step_206_bounded-context-derivation.md
F0835	Aug 30 01:11 docs/knowledgeos/brainstorming/phase_measure_theory/20260830-011110_step_207_context-contracts.md
F0836	Aug 30 01:17 docs/knowledgeos/brainstorming/phase_measure_theory/20260830-011729_step_209_invariant-algebra.md
F0837	Aug 30 01:18 docs/knowledgeos/brainstorming/phase_measure_theory/20260830-011829_step_208_semantic-contract-algebra.md
F0838	Aug 30 01:20 docs/knowledgeos/brainstorming/phase_measure_theory/20260830-012034_step_210_invariant-verification-matrix.md
F0839	Aug 30 01:23 docs/knowledgeos/brainstorming/phase_measure_theory/20260830-012320_step_211_architecture-assurance-graph.md
F0840	Aug 30 01:24 docs/knowledgeos/brainstorming/phase_measure_theory/20260830-012424_step_212_architecture-gap-discovery.md
F0841	Aug 30 01:25 docs/knowledgeos/brainstorming/phase_measure_theory/20260830-012547_step_213_evidence-first-reconstruction.md
F0842	Aug 30 01:40 docs/knowledgeos/brainstorming/phase_measure_theory/20260830-014030_step_214_build-the-evidence-ledger.md
F0843	Aug 30 01:41 docs/knowledgeos/brainstorming/phase_measure_theory/20260830-014143_step_215_reconstruct-steps-1-182.md
F0844	Aug 30 01:45 docs/knowledgeos/brainstorming/phase_measure_theory/20260830-014501_step_216_freeze-the-method-before-we-reconstruct.md
F0845	Aug 30 01:51 docs/knowledgeos/brainstorming/phase_measure_theory/20260830-015113_step_218_build-the-evidence-ledger-before-further-theory.md
F0846	Aug 30 09:17 docs/knowledgeos/brainstorming/phase_measure_theory/20260830-091728_step_219_evidence-audit-establish-the-ground-truth.md
F0847	Aug 30 09:18 docs/knowledgeos/brainstorming/phase_measure_theory/20260830-091849_step_220_concept-genealogy-find-the-origins-of-the-architecture.md
F0848	Aug 30 09:21 docs/knowledgeos/brainstorming/phase_measure_theory/20260830-092132_step_221_build-the-concept-genealogy-map.md
F0849	Aug 30 09:22 docs/knowledgeos/brainstorming/phase_measure_theory/20260830-092248_step_222_falsification-pass-try-to-break-the-candidate-architecture.md
F0850	Aug 30 09:24 docs/knowledgeos/brainstorming/phase_measure_theory/20260830-092422_step_223_historical-falsification-audit-extraction-protocol.md
F0851	Aug 30 09:25 docs/knowledgeos/brainstorming/phase_measure_theory/20260830-092512_step_224_historical-baseline-freeze-what-existed-at-step-182.md
F0852	Aug 30 09:27 docs/knowledgeos/brainstorming/phase_measure_theory/20260830-092757_step_225_establish-the-historical-baseline-a-h.md
F0853	Aug 30 09:37 docs/knowledgeos/brainstorming/phase_measure_theory/20260830-093751_step_226_reconstruct-the-architecture-timeline.md
F0854	Aug 30 09:39 docs/knowledgeos/brainstorming/phase_measure_theory/20260830-093904_step_227_identify-the-architectural-phase-transitions.md
F0855	Aug 30 09:44 docs/knowledgeos/brainstorming/phase_measure_theory/20260830-094439_step_228_falsification-matrix-for-the-candidate-architecture.md
F0856	Aug 30 09:45 docs/knowledgeos/brainstorming/phase_measure_theory/20260830-094507_step_230_derive-the-minimal-architectural-kernel-of-knowledgeos.md
F0857	Aug 30 09:46 docs/knowledgeos/brainstorming/phase_measure_theory/20260830-094626_step_231_define-the-mathematical-space-of-knowledge.md
F0858	Aug 30 09:51 docs/knowledgeos/brainstorming/phase_measure_theory/20260830-095110_step_232_the-knowledge-state-algebra.md
F0859	Aug 30 09:51 docs/knowledgeos/brainstorming/phase_measure_theory/20260830-095129_step_233_empirical-validation-of-the-mathematical-kernel-against-knowledgeos.md
F0860	Aug 30 10:09 docs/knowledgeos/brainstorming/phase_measure_theory/20260830-100912_step_234_canonical-alignment-audit-framework.md
F0861	Aug 30 10:09 docs/knowledgeos/brainstorming/phase_measure_theory/20260830-100915_step_235_phase-reconstruction-of-steps-1-182.md
F0862	Aug 30 10:13 docs/knowledgeos/brainstorming/phase_measure_theory/20260830-101301_step_236_first-evidence-based-finding-we-have-a-problem-with-the-existing-reconstruction.md
F0863	Aug 30 10:18 docs/knowledgeos/brainstorming/phase_measure_theory/20260830-101859_step_237_phase-1-archaeology-evidence-based-reconstruction.md
F0864	Aug 30 10:22 docs/knowledgeos/brainstorming/phase_measure_theory/20260830-102251_step_238_regime-comparison-matrix.md
F0865	Aug 30 10:24 docs/knowledgeos/brainstorming/phase_measure_theory/20260830-102425_step_239_kernel-genealogy-and-claim-registry.md
F0866	Aug 30 10:25 docs/knowledgeos/brainstorming/phase_measure_theory/20260830-102547_step_240_contradiction-registry-the-mathematical-model-has-not-yet-stabilized.md
F0867	Aug 30 10:38 docs/knowledgeos/brainstorming/phase_measure_theory/20260830-103825_step_241_dependency-graph-of-the-knowledgeos-theory.md
F0868	Aug 30 10:42 docs/knowledgeos/brainstorming/phase_measure_theory/20260830-104201_step_241_dependency-graph-of-the-knowledgeos-theory-numbering-correction.md
F0869	Aug 30 10:43 docs/knowledgeos/brainstorming/phase_measure_theory/20260830-104321_step_242_kernel-candidate-reconstruction-and-formal-comparison.md
F0870	Aug 30 10:56 docs/knowledgeos/brainstorming/phase_measure_theory/20260830-105650_step_243_formal-reduction-and-layer-correspondence-test.md
F0871	Aug 30 11:00 docs/knowledgeos/brainstorming/phase_measure_theory/20260830-110018_step_244_next-mandate-from-kernel-discussion-to-formal-construction.md
F0872	Aug 30 11:05 docs/knowledgeos/brainstorming/phase_measure_theory/20260830-110509_step_245_constructing-an-actual-knowledge-state-k-0.md
F0873	Aug 30 11:05 docs/knowledgeos/brainstorming/phase_measure_theory/20260830-110559_step_245_constructing-an-actual-knowledge-state-k-0-duplicate.md
F0874	Aug 30 11:11 docs/knowledgeos/brainstorming/phase_measure_theory/20260830-111107_step_246_identity-equality-contradiction-and-uncertainty-stress-test.md
F0875	Aug 30 18:24 docs/knowledgeos/brainstorming/phase_measure_theory/20260830-182415_step_248_transformation-congruence-and-state-sufficiency-test.md
F0876	Aug 30 18:25 docs/knowledgeos/brainstorming/phase_measure_theory/20260830-182521_step_247_state-vs-history-sufficiency-test.md
F0877	Aug 30 18:25 docs/knowledgeos/brainstorming/phase_measure_theory/20260830-182534_step_248_transformation-congruence-and-state-sufficiency-test-duplicate.md
F0878	Aug 30 18:35 docs/knowledgeos/brainstorming/phase_measure_theory/20260830-183519_step_250_corpus-derived-transformation-ontology.md
F0879	Aug 30 18:35 docs/knowledgeos/brainstorming/phase_measure_theory/20260830-183548_step_249_transformation-algebra-reconstruction.md
F0880	Aug 30 18:36 docs/knowledgeos/brainstorming/phase_measure_theory/20260830-183629_step_251_full-historical-genealogy-and-reconciliation-of-the-transition-model.md
F0881	Aug 30 18:41 docs/knowledgeos/brainstorming/phase_measure_theory/20260830-184148_step_252_ddd-ubiquitous-language-and-semantic-boundary-audit.md
F0882	Aug 30 18:48 docs/knowledgeos/brainstorming/phase_measure_theory/20260830-184830_step_253_primitive-object-and-type-system-audit.md
F0883	Aug 30 18:54 docs/knowledgeos/brainstorming/phase_measure_theory/20260830-185450_step_254_formal-minimality-and-reconstruction-tests.md
F0884	Aug 30 18:57 docs/knowledgeos/brainstorming/phase_measure_theory/20260830-185734_step_255_state-history-congruence-and-counterexample-catalogue.md
F0885	Aug 30 18:59 docs/knowledgeos/brainstorming/phase_measure_theory/20260830-185954_step_256_formal-operation-signature-registry.md
F0886	Aug 30 19:02 docs/knowledgeos/brainstorming/phase_measure_theory/20260830-190222_step_257_formalization-of-the-four-discriminating-operations.md
F0887	Aug 30 19:09 docs/knowledgeos/brainstorming/phase_measure_theory/20260830-190941_step_258_identity-equality-and-knowledge-state-equivalence.md
F0888	Aug 30 19:19 docs/knowledgeos/brainstorming/phase_measure_theory/20260830-191956_step_260_minimality-of-the-knowledge-state.md
F0889	Aug 30 19:20 docs/knowledgeos/brainstorming/phase_measure_theory/20260830-192058_step_259_congruence-matrix.md
F0890	Aug 30 19:24 docs/knowledgeos/brainstorming/phase_measure_theory/20260830-192425_step_261_equality-and-identity.md
F0891	Aug 30 19:27 docs/knowledgeos/brainstorming/phase_measure_theory/20260830-192707_step_262_proposition-assertion-type.md
F0892	Aug 30 19:29 docs/knowledgeos/brainstorming/phase_measure_theory/20260830-192926_step_263_entity-dimension-value-type-system.md
F0893	Aug 30 19:35 docs/knowledgeos/brainstorming/phase_measure_theory/20260830-193536_step_264_value-space-and-measurement-semantics.md
F0894	Aug 30 19:43 docs/knowledgeos/brainstorming/phase_measure_theory/20260830-194332_step_265_provenance-placement.md
F0895	Aug 30 19:54 docs/knowledgeos/brainstorming/phase_measure_theory/20260830-195450_step_266_computability-audit.md
F0896	Aug 30 19:59 docs/knowledgeos/brainstorming/phase_measure_theory/20260830-195900_step_267_empirical-bridge-to-knowledgeos.md
F0897	Aug 30 20:09 docs/knowledgeos/brainstorming/phase_measure_theory/20260830-200907_step_269_policy-semantics-and-the-final-formal-blocker.md
F0898	Aug 30 20:28 docs/knowledgeos/brainstorming/phase_measure_theory/20260830-202840_step_270_adversarial-policy-evidence-assessment-closure-audit.md
F0899	Aug 30 20:29 docs/knowledgeos/brainstorming/phase_measure_theory/20260830-202934_step_269_policy-semantics-and-the-final-formal-blocker-duplicate.md
F0900	Aug 30 20:49 docs/knowledgeos/brainstorming/phase_measure_theory/20260830-204917_step_271_policy-semantic-minimality-and-assessment-boundary.md
F0901	Aug 30 21:43 docs/knowledgeos/brainstorming/phase_measure_theory/20260830-214317_step_274_knowledge-state-algebra-and-closure.md
F0902	Aug 30 21:44 docs/knowledgeos/brainstorming/phase_measure_theory/20260830-214401_step_273_knowledge-state-sufficiency-and-minimality.md
F0903	Aug 30 21:46 docs/knowledgeos/brainstorming/phase_measure_theory/20260830-214639_step_275_epistemic-state-reconstruction-and-dimension-separation.md
F0904	Aug 30 21:54 docs/knowledgeos/brainstorming/phase_measure_theory/20260830-215434_step_276_foundational-gap-reconciliation-and-closure-audit.md
F0905	Aug 30 21:54 docs/knowledgeos/brainstorming/phase_measure_theory/20260830-215443_step_276_foundational-gap-reconciliation-and-closure-audit-variant.md
F0906	Aug 30 21:59 docs/knowledgeos/brainstorming/phase_measure_theory/20260830-215918_step_276_foundational-gap-reconciliation-and-closure-audit-final.md
F0907	Aug 30 22:01 docs/knowledgeos/brainstorming/phase_measure_theory/20260830-220134_step_277_transformation-inventory-and-o-core-closure.md
F0908	Aug 30 22:14 docs/knowledgeos/brainstorming/phase_measure_theory/20260830-221415_step_278_policy-authority-integration-and-executable-semantics.md
F0909	Aug 30 22:16 docs/knowledgeos/brainstorming/phase_measure_theory/20260830-221629_step_278_policy-authority-integration-and-executable-semantics-v2.md
F0910	Aug 30 22:21 docs/knowledgeos/brainstorming/phase_measure_theory/20260830-222159_step_278_policy-authority-integration-temporal-semantics-and-governance-closure-final.md
F0911	Aug 30 22:42 docs/knowledgeos/brainstorming/phase_measure_theory/20260830-224242_step_272a_core-operation-universe-derivation.md
F0912	Aug 30 22:50 docs/knowledgeos/brainstorming/phase_measure_theory/20260830-225058_step_272b_minimum-epistemic-status-structure-derivation.md
F0913	Aug 30 23:04 docs/knowledgeos/brainstorming/phase_measure_theory/20260830-230412_step_279_policy-and-authority-executable-implementation.md
F0914	Aug 30 23:11 docs/knowledgeos/brainstorming/phase_measure_theory/20260830-230729_step_279_policy-and-authority-executable-implementation-revised.md
F0915	Aug 30 23:16 docs/knowledgeos/brainstorming/phase_measure_theory/20260830-231637_step_280_end-to-end-empirical-closure-test.md
F0916	Aug 30 23:18 docs/knowledgeos/brainstorming/phase_measure_theory/20260830-231840_step_280_end-to-end-empirical-closure-test-extended.md
F0917	Aug 30 23:39 docs/knowledgeos/brainstorming/phase_measure_theory/20260830-233940_step_281_supervisory-commission-missingness-revision-and-gap-closure-verification.md
F0918	Aug 30 23:44 docs/knowledgeos/brainstorming/phase_measure_theory/20260830-234402_step_281_correction-and-missing-part.md
F0919	Aug 31 00:06 docs/knowledgeos/brainstorming/phase_measure_theory/20260831-000627_step_282_theory-closure-decision-and-readiness-determination.md
F0920	Aug 31 00:10 docs/knowledgeos/brainstorming/phase_measure_theory/20260831-001049_step_282_required-completion-and-correction-part.md
F0921	Aug 31 00:15 docs/knowledgeos/brainstorming/phase_measure_theory/20260831-001525_step_282_supervisory-review-of-original-step-282.md
F0922	Aug 31 00:17 docs/knowledgeos/brainstorming/phase_measure_theory/20260831-001754_step_282_hpa-ruling-theory-criticality-and-residual-gap-classification.md
F0923	Aug 31 00:19 docs/knowledgeos/brainstorming/phase_measure_theory/20260831-001927_step_282_claude-execution-prompt-residual-gap-closure-gate.md
F0924	Aug 31 00:29 docs/knowledgeos/brainstorming/phase_measure_theory/20260831-002939_review-what-we-have-actually-built-so-far.md
F0925	Aug 31 00:37 docs/knowledgeos/brainstorming/phase_measure_theory/20260831-003737_step_282_theory-closure-decision.md
F0926	Aug 31 00:56 docs/knowledgeos/brainstorming/phase_measure_theory/20260831-005646_step_283_governance-ratification-and-authority-recording.md
F0927	Aug 31 00:59 docs/knowledgeos/brainstorming/phase_measure_theory/20260831-005956_step_283_missing-part-governance-decision-protocol-authority-provenance-and-closure-criteria.md
F0928	Aug 31 01:04 docs/knowledgeos/brainstorming/phase_measure_theory/20260831-010447_step_284_revised-post-step-283-roadmap-duplicate.md
F0929	Aug 31 01:14 docs/knowledgeos/brainstorming/phase_measure_theory/20260831-011436_step_284_revised-post-step-283-roadmap.md
F0930	Aug 31 01:39 docs/knowledgeos/brainstorming/phase_measure_theory/external_research/20260831-013900_hpa-supervisory-review-philosophical-inspiration-refined-and-corrected.md
F0931	Aug 31 14:12 docs/knowledgeos/brainstorming/phase_measure_theory/20260827-114638_my-recommendation.md
F0932	Aug 31 14:15 docs/knowledgeos/brainstorming/phase_measure_theory/external_research/20260831-141551_hpa-supervisory-review-integration-of-chapter-5-interpretation-with-sarath.md
F0933	Aug 31 14:18 docs/knowledgeos/brainstorming/phase_measure_theory/external_research/20260831-141812_hpa-supervisory-review-chapter-4-integration-with-knowledgeos-theory.md
F0934	Aug 31 14:21 docs/knowledgeos/brainstorming/phase_measure_theory/external_research/20260831-142130_step_25i_knowledge-atma-algebra-identity-continuity-and-transformation.md
F0935	Aug 31 14:30 docs/knowledgeos/brainstorming/phase_measure_theory/external_research/20260831-143035_hpa-analysis-gita-chapter-06-philosophical-contributions-to-knowledgeos.md
F0936	Aug 31 14:30 docs/knowledgeos/brainstorming/phase_measure_theory/external_research/20260831-143038_hpa-senior-review-gita-chapter-6-knowledgeos-as-epistemic-discipline.md
F0937	Aug 31 14:32 docs/knowledgeos/brainstorming/phase_measure_theory/external_research/20260831-143235_step_25j_complete-knowledgeos-transition-system.md
F0938	Aug 31 15:15 docs/knowledgeos/brainstorming/phase_measure_theory/external_research/20260831-151551_knowledgeos-complete-flowchart.md
F0939	Aug 31 15:16 docs/knowledgeos/brainstorming/phase_measure_theory/external_research/20260831-151606_knowledgeos-complete-pseudo-algorithm.md
F0940	Aug 31 15:27 docs/knowledgeos/brainstorming/phase_measure_theory/external_research/20260831-152721_hpa-response-distribution-theory-and-fourier-analysis-in-knowledgeos.md
F0941	Aug 31 15:31 docs/knowledgeos/brainstorming/phase_measure_theory/external_research/20260831-153146_step_284_missings-of-architecture.md
F0942	Aug 31 15:37 docs/knowledgeos/brainstorming/phase_measure_theory/external_research/20260831-153736_hpa-comprehensive-synthesis-missing-architecture-and-theory-of-knowledgeos.md
F0943	Aug 31 15:41 docs/knowledgeos/brainstorming/phase_measure_theory/external_research/20260831-154147_hpa-analysis-gita-chapter-07-philosophical-contributions-to-knowledgeos.md
F0944	Aug 31 15:51 docs/knowledgeos/brainstorming/phase_measure_theory/20260831-155137_step_284_assessment-of-current-state.md
F0945	Aug 31 16:10 docs/knowledgeos/brainstorming/phase_measure_theory/external_research/20260831-161009_hpa-analysis-transformation-theory-in-the-bhagavad-gita.md
F0946	Aug 31 16:10 docs/knowledgeos/brainstorming/phase_measure_theory/external_research/20260831-161028_hpa-analysis-gita-chapter-08-philosophical-contributions-to-knowledgeos.md
F0947	Aug 31 16:10 docs/knowledgeos/brainstorming/phase_measure_theory/external_research/20260831-161041_hpa-final-ruling-knowledgeos-programme-transition-and-new-roadmap.md
F0948	Aug 31 16:43 docs/knowledgeos/brainstorming/phase_measure_theory/external_research/20260831-164308_knowledgeos-complete-knowledge-transfer-document.md
F0949	Aug 31 16:43 docs/knowledgeos/brainstorming/phase_measure_theory/20260831-164357_hpa-comprehensive-review-of-implementation-readiness-master-matrix.md
F0950	Aug 31 16:47 docs/knowledgeos/brainstorming/phase_measure_theory/external_research/20260831-164704_hpa-complete-gita-knowledgeos-term-correspondence.md
F0951	Aug 31 16:50 docs/knowledgeos/brainstorming/phase_measure_theory/external_research/20260831-165001_hpa-analysis-transformation-theory-in-the-bhagavad-gita-duplicate.md
F0952	Aug 31 16:50 docs/knowledgeos/brainstorming/phase_measure_theory/external_research/20260831-165053_hpa-analysis-gita-chapter-08-philosophical-contributions-duplicate.md
F0953	Aug 31 16:53 docs/knowledgeos/brainstorming/phase_measure_theory/external_research/20260831-165319_hpa-analysis-gita-chapter-09-royal-knowledge-and-the-transformation-of-all.md
F0954	Aug 31 16:55 docs/knowledgeos/brainstorming/phase_measure_theory/external_research/20260831-165523_hpa-analysis-gita-chapter-10-the-complete-ontology-of-transformation.md
F0955	Aug 31 16:58 docs/knowledgeos/brainstorming/phase_measure_theory/external_research/20260831-165824_hpa-analysis-gita-chapter-11-the-cosmic-form-and-the-ultimate-transformatio.md
F0956	Aug 31 17:00 docs/knowledgeos/brainstorming/phase_measure_theory/external_research/20260831-170040_hpa-analysis-gita-chapter-12-bhakti-yoga-and-the-final-synthesis-of-knowled.md
F0957	Aug 31 17:02 docs/knowledgeos/brainstorming/phase_measure_theory/external_research/20260831-170234_hpa-analysis-gita-chapter-13-the-field-and-the-knower-of-the-field.md
F0958	Aug 31 17:04 docs/knowledgeos/brainstorming/phase_measure_theory/external_research/20260831-170403_hpa-analysis-gita-chapter-14-the-three-modes-of-material-nature-and-their-t.md
F0959	Aug 31 17:05 docs/knowledgeos/brainstorming/phase_measure_theory/external_research/20260831-170546_hpa-analysis-gita-chapter-15-the-complete-theory-of-knowledge-identity-and.md
F0960	Aug 31 17:17 docs/knowledgeos/brainstorming/phase_measure_theory/external_research/20260831-171736_hpa-analysis-gita-chapter-16-philosophical-contributions-to-knowledgeos.md
F0961	Aug 31 17:18 docs/knowledgeos/brainstorming/phase_measure_theory/external_research/20260831-171849_hpa-analysis-gita-chapter-17-philosophical-contributions-to-knowledgeos.md
F0962	Aug 31 17:20 docs/knowledgeos/brainstorming/phase_measure_theory/external_research/20260831-172006_hpa-analysis-gita-chapter-18-philosophical-contributions-to-knowledgeos.md
F0963	Aug 31 17:21 docs/knowledgeos/brainstorming/phase_measure_theory/external_research/20260831-172125_hpa-analysis-gita-chapter-01-philosophical-contributions-to-knowledgeos.md
F0964	Aug 31 17:22 docs/knowledgeos/brainstorming/phase_measure_theory/external_research/20260831-172247_hpa-analysis-gita-chapter-02-philosophical-contributions-to-knowledgeos.md
F0965	Aug 31 17:24 docs/knowledgeos/brainstorming/phase_measure_theory/external_research/20260831-172407_hpa-analysis-gita-chapter-03-application-to-knowledgeos-theory.md
F0966	Aug 31 17:25 docs/knowledgeos/brainstorming/phase_measure_theory/external_research/20260831-172517_hpa-analysis-gita-chapter-04-application-to-knowledgeos-theory.md
F0967	Aug 31 17:26 docs/knowledgeos/brainstorming/phase_measure_theory/external_research/20260831-172642_hpa-analysis-gita-chapter-05-application-to-knowledgeos-theory.md
F0968	Aug 31 17:27 docs/knowledgeos/brainstorming/phase_measure_theory/20260831-172744_review-overall-verdict.md
F0969	Aug 31 17:32 docs/knowledgeos/brainstorming/phase_measure_theory/20260831-173224_step_285_canonical-state-reconciliation.md
F0970	Aug 31 17:48 docs/knowledgeos/brainstorming/phase_measure_theory/external_research/20260831-142000_step_285_gita-informed-reading-canonical-state-research.md
F0971	Aug 31 17:54 docs/knowledgeos/brainstorming/phase_measure_theory/external_research/20260831-175438_step_286_knowledgeos-complete-gita-integration-synthesis.md
F0972	Aug 31 18:00 docs/knowledgeos/brainstorming/phase_measure_theory/knowledgeos_kernel/20260831-180039_step_285_canonical-state-reconciliation-gita-informed-lens.md
F0973	Aug 31 18:22 docs/knowledgeos/brainstorming/phase_measure_theory/knowledgeos_kernel/20260831-182217_step_286_draft-gita-hypothesis-programme-dictionary-as-input-layer.md
F0974	Aug 31 18:26 docs/knowledgeos/brainstorming/phase_measure_theory/knowledgeos_kernel/research/exec/t285_reconcile.py
F0975	Aug 31 18:30 docs/knowledgeos/brainstorming/phase_measure_theory/knowledgeos_kernel/research/D285-8-GITA-RESEARCH-APPENDIX.md
F0976	Aug 31 18:30 docs/knowledgeos/brainstorming/phase_measure_theory/knowledgeos_kernel/research/R1-SOURCE-EVIDENCE-REGISTER.md
F0977	Aug 31 18:32 docs/knowledgeos/brainstorming/phase_measure_theory/knowledgeos_kernel/research/exec/OUT-t285.txt
F0978	Aug 31 18:38 docs/knowledgeos/brainstorming/phase_measure_theory/knowledgeos_kernel/research/01-GAP-UPDATE-FROM-REVISED-286.md
F0979	Aug 31 18:39 docs/knowledgeos/brainstorming/phase_measure_theory/knowledgeos_kernel/research/R4-FALSIFICATION-INDEPENDENCE-REPORT.md
F0980	Aug 31 18:50 docs/knowledgeos/brainstorming/phase_measure_theory/knowledgeos_kernel/research/exec/t285_equality.py
F0981	Aug 31 18:50 docs/knowledgeos/brainstorming/phase_measure_theory/knowledgeos_kernel/research/exec/OUT-t285-equality.txt
F0982	Aug 31 18:53 docs/knowledgeos/brainstorming/phase_measure_theory/knowledgeos_kernel/research/02-GAP-UPDATE-FROM-HPA-REVIEW-D285-5.md
F0983	Aug 31 18:53 docs/knowledgeos/brainstorming/phase_measure_theory/knowledgeos_kernel/research/D285-2-KNOWER-STATE-BOUNDARY.md
F0984	Aug 31 18:53 docs/knowledgeos/brainstorming/phase_measure_theory/knowledgeos_kernel/research/D285-4-TRANSFORMATION-TAXONOMY.md
F0985	Aug 31 19:04 docs/knowledgeos/brainstorming/phase_measure_theory/knowledgeos_kernel/research/exec/e_equality.py
F0986	Aug 31 19:04 docs/knowledgeos/brainstorming/phase_measure_theory/knowledgeos_kernel/research/exec/OUT-e-equality.txt
F0987	Aug 31 19:05 docs/knowledgeos/brainstorming/phase_measure_theory/knowledgeos_kernel/research/04-GAP-UPDATE-TWO-REVIEWER-ANALYSIS.md
F0988	Aug 31 19:06 docs/knowledgeos/brainstorming/phase_measure_theory/knowledgeos_kernel/research/E1-E7-EQUALITY-INVESTIGATION.md
F0989	Aug 31 19:07 docs/knowledgeos/brainstorming/phase_measure_theory/knowledgeos_kernel/research/R3-HYPOTHESIS-REGISTER.md
F0990	Aug 31 19:07 docs/knowledgeos/brainstorming/phase_measure_theory/knowledgeos_kernel/research/03-D285-PROTOCOL-CONFORMANT-HYPOTHESIS-DOSSIER.md
F0991	Aug 31 19:07 docs/knowledgeos/brainstorming/phase_measure_theory/knowledgeos_kernel/research/R2-TRANSLATION-REGISTER.md
F0992	Aug 31 19:07 docs/knowledgeos/brainstorming/phase_measure_theory/knowledgeos_kernel/research/R5-RESEARCH-TO-ARCHITECTURE-REPORT.md
F0993	Aug 31 19:57 docs/knowledgeos/brainstorming/phase_measure_theory/knowledgeos_kernel/research/05-GAP-UPDATE-TWO-REVIEWERS-FIVE-FILES.md
F0994	Aug 31 19:57 docs/knowledgeos/brainstorming/phase_measure_theory/knowledgeos_kernel/research/D288-SCOPE-DECISION-PROCEDURE-CLOSURE.md
F0995	Aug 31 19:58 docs/knowledgeos/brainstorming/phase_measure_theory/knowledgeos_kernel/research/D285-1-STATE-ONTOLOGY-MATRIX.md
F0996	Aug 31 19:58 docs/knowledgeos/brainstorming/phase_measure_theory/knowledgeos_kernel/research/D285-6-STATE-CANDIDATE-EVALUATION.md
F0997	Aug 31 19:58 docs/knowledgeos/brainstorming/phase_measure_theory/knowledgeos_kernel/research/D285-7-KERNEL-CONSEQUENCE-MATRIX.md
F0998	Aug 31 19:58 docs/knowledgeos/brainstorming/phase_measure_theory/knowledgeos_kernel/research/D285-5-ACTION-RESULT-TEST.md
F0999	Aug 31 20:23 docs/knowledgeos/brainstorming/phase_measure_theory/knowledgeos_kernel/research/06-GAP-UPDATE-FROM-TRANSLATION-REGISTER-AND-KERNEL-PROGRAMME.md
F1000	Aug 31 20:24 docs/knowledgeos/brainstorming/phase_measure_theory/knowledgeos_kernel/research/07-GK-REGISTRY-RECONCILIATION.md
F1001	Aug 31 20:43 docs/knowledgeos/brainstorming/phase_measure_theory/knowledgeos_kernel/research/09-GAP-UPDATE-FROM-CAVELL-AND-REVIEW-ACCEPTANCE.md
F1002	Aug 31 21:01 docs/knowledgeos/brainstorming/phase_measure_theory/knowledgeos_kernel/research/10-GOVERNANCE-HANDOFF-STEP-285-RATIFICATION.md
F1003	Aug 31 21:15 docs/knowledgeos/brainstorming/phase_measure_theory/knowledgeos_kernel/research/REFINED-STEP-285.md
F1004	Aug 31 21:25 docs/knowledgeos/brainstorming/phase_measure_theory/knowledgeos_kernel/research/11-STEP-287-AUDITS-P1-P9.md
F1005	Aug 31 21:33 docs/knowledgeos/brainstorming/phase_measure_theory/knowledgeos_kernel/research/12-FINAL-STEP-287-CLOSURE-AUDIT.md
F1006	Aug 31 21:39 docs/knowledgeos/brainstorming/phase_measure_theory/knowledgeos_kernel/research/08-FINDINGS-FROM-THE-20260826-Q-SERIES.md
F1007	Aug 31 21:46 docs/knowledgeos/brainstorming/phase_measure_theory/knowledgeos_kernel/research/13-CLOSURE-AUDIT-RERUN.md
F1008	Aug 31 22:01 docs/knowledgeos/brainstorming/phase_measure_theory/knowledgeos_kernel/research/REFINED-STEP-287-INVARIANTS.md
F1009	Aug 31 22:10 docs/knowledgeos/brainstorming/phase_measure_theory/knowledgeos_kernel/research/REFINED-STEP-287.md
F1010	Aug 31 22:16 docs/knowledgeos/brainstorming/phase_measure_theory/knowledgeos_kernel/research/14-GAP-UPDATE-FROM-THE-025-ALGEBRA-SEAM.md
F1011	Aug 31 22:21 docs/knowledgeos/brainstorming/phase_measure_theory/knowledgeos_kernel/research/15-GAP-UPDATE-FROM-STEPS-012-038-195.md
F1012	Aug 31 22:26 docs/knowledgeos/brainstorming/phase_measure_theory/knowledgeos_kernel/research/step-288/exec/t288_audits.py
F1013	Aug 31 22:27 docs/knowledgeos/brainstorming/phase_measure_theory/knowledgeos_kernel/research/step-288/exec/OUT-t288_audits.txt
F1014	Aug 31 22:28 docs/knowledgeos/brainstorming/phase_measure_theory/knowledgeos_kernel/research/step-288/01-EQUALITY-REGISTER-RECONCILIATION.md
F1015	Aug 31 22:28 docs/knowledgeos/brainstorming/phase_measure_theory/knowledgeos_kernel/research/step-288/02-IDENTITY-REGISTER.md
F1016	Aug 31 22:29 docs/knowledgeos/brainstorming/phase_measure_theory/knowledgeos_kernel/research/step-288/03-DECISION-PROCEDURE-MATRIX.md
F1017	Aug 31 22:30 docs/knowledgeos/brainstorming/phase_measure_theory/knowledgeos_kernel/research/step-288/04-CONGRUENCE-AND-OPERATION-MATRIX.md
F1018	Aug 31 22:31 docs/knowledgeos/brainstorming/phase_measure_theory/knowledgeos_kernel/research/step-288/05-STEP-261-GATE-AUDIT.md
F1019	Aug 31 22:32 docs/knowledgeos/brainstorming/phase_measure_theory/knowledgeos_kernel/research/step-288/06-STEP-288-MATHEMATICAL-AUDITS.md
F1020	Aug 31 22:33 docs/knowledgeos/brainstorming/phase_measure_theory/knowledgeos_kernel/research/step-288/07-NORMATIVE-DECISION-REGISTER.md
F1021	Aug 31 22:33 docs/knowledgeos/brainstorming/phase_measure_theory/knowledgeos_kernel/research/step-288/08-GAP-UPDATE.md
F1022	Aug 31 22:48 docs/knowledgeos/brainstorming/phase_measure_theory/knowledgeos_kernel/research/step-289/exec/t289_bootstrap.py
F1023	Aug 31 22:48 docs/knowledgeos/brainstorming/phase_measure_theory/knowledgeos_kernel/research/step-289/exec/t289_bootstrap_v2.py
F1024	Aug 31 22:48 docs/knowledgeos/brainstorming/phase_measure_theory/knowledgeos_kernel/research/step-289/exec/OUT-t289_bootstrap.txt
F1025	Aug 31 22:48 docs/knowledgeos/brainstorming/phase_measure_theory/knowledgeos_kernel/research/step-289/exec/OUT-t289_bootstrap_v2.txt
F1026	Aug 31 22:49 docs/knowledgeos/brainstorming/phase_measure_theory/knowledgeos_kernel/research/step-289/01-dependency-graph.md
F1027	Aug 31 22:49 docs/knowledgeos/brainstorming/phase_measure_theory/knowledgeos_kernel/research/step-289/02-cycle-reconstruction.md
F1028	Aug 31 22:50 docs/knowledgeos/brainstorming/phase_measure_theory/knowledgeos_kernel/research/step-289/03-bootstrap-boundary.md
F1029	Aug 31 22:50 docs/knowledgeos/brainstorming/phase_measure_theory/knowledgeos_kernel/research/step-289/07-sigma-k-boundary-audit.md
F1030	Aug 31 22:51 docs/knowledgeos/brainstorming/phase_measure_theory/knowledgeos_kernel/research/step-289/08-degeneracy-audit.md
F1031	Aug 31 22:51 docs/knowledgeos/brainstorming/phase_measure_theory/knowledgeos_kernel/research/step-289/05-step-261-gate-audit.md
F1032	Aug 31 22:53 docs/knowledgeos/brainstorming/phase_measure_theory/knowledgeos_kernel/research/step-289/04-derivation-governance-matrix.md
F1033	Aug 31 22:53 docs/knowledgeos/brainstorming/phase_measure_theory/knowledgeos_kernel/research/step-289/06-register-reconciliation.md
F1034	Aug 31 22:54 docs/knowledgeos/brainstorming/phase_measure_theory/knowledgeos_kernel/research/step-289/09-normative-decision-register.md
F1035	Aug 31 22:54 docs/knowledgeos/brainstorming/phase_measure_theory/knowledgeos_kernel/research/step-289/10-closure-contract.md
F1036	Aug 31 23:07 docs/knowledgeos/brainstorming/phase_measure_theory/knowledgeos_kernel/research/step-290/exec/t290_n1_audit.py
F1037	Aug 31 23:07 docs/knowledgeos/brainstorming/phase_measure_theory/knowledgeos_kernel/research/step-290/exec/OUT-t290_n1_audit.txt
F1038	Aug 31 23:09 docs/knowledgeos/brainstorming/phase_measure_theory/knowledgeos_kernel/research/step-290/01-relation-register.md
F1039	Aug 31 23:09 docs/knowledgeos/brainstorming/phase_measure_theory/knowledgeos_kernel/research/step-290/03-distinguishability-audit.md
F1040	Aug 31 23:10 docs/knowledgeos/brainstorming/phase_measure_theory/knowledgeos_kernel/research/step-290/02-definition-comparison.md
F1041	Aug 31 23:10 docs/knowledgeos/brainstorming/phase_measure_theory/knowledgeos_kernel/research/step-290/04-observational-family-audit.md
F1042	Aug 31 23:11 docs/knowledgeos/brainstorming/phase_measure_theory/knowledgeos_kernel/research/step-290/05-congruence-audit.md
F1043	Aug 31 23:11 docs/knowledgeos/brainstorming/phase_measure_theory/knowledgeos_kernel/research/step-290/06-declaration-derivation-audit.md
F1044	Aug 31 23:11 docs/knowledgeos/brainstorming/phase_measure_theory/knowledgeos_kernel/research/step-290/07-step-261-gate-audit.md
F1045	Aug 31 23:12 docs/knowledgeos/brainstorming/phase_measure_theory/knowledgeos_kernel/research/step-290/08-decision-register.md
F1046	Aug 31 23:12 docs/knowledgeos/brainstorming/phase_measure_theory/knowledgeos_kernel/research/step-290/09-gap-update.md
F1047	Aug 31 23:12 docs/knowledgeos/brainstorming/phase_measure_theory/knowledgeos_kernel/research/step-290/10-evidence-index.md
F1048	Aug 31 23:19 docs/knowledgeos/brainstorming/phase_measure_theory/knowledgeos_kernel/research/step-291/exec/t291_bootstrap.py
F1049	Aug 31 23:20 docs/knowledgeos/brainstorming/phase_measure_theory/knowledgeos_kernel/research/step-291/exec/t291_omega_tau_audit.py
F1050	Aug 31 23:21 docs/knowledgeos/brainstorming/phase_measure_theory/knowledgeos_kernel/research/step-291/exec/t291_equality.py
F1051	Aug 31 23:23 docs/knowledgeos/brainstorming/phase_measure_theory/knowledgeos_kernel/research/step-291/01_omega-tau-reconciliation.md
F1052	Aug 31 23:23 docs/knowledgeos/brainstorming/phase_measure_theory/knowledgeos_kernel/research/step-291/04_closure-analysis.md
F1053	Aug 31 23:24 docs/knowledgeos/brainstorming/phase_measure_theory/knowledgeos_kernel/research/step-291/03_operation-registry-audit.md
F1054	Aug 31 23:24 docs/knowledgeos/brainstorming/phase_measure_theory/knowledgeos_kernel/research/step-291/02_observation-inventory.md
F1055	Aug 31 23:24 docs/knowledgeos/brainstorming/phase_measure_theory/knowledgeos_kernel/research/step-291/05_dependency-graph.md
F1056	Aug 31 23:24 docs/knowledgeos/brainstorming/phase_measure_theory/knowledgeos_kernel/research/step-291/08_equality-impact.md
F1057	Aug 31 23:25 docs/knowledgeos/brainstorming/phase_measure_theory/knowledgeos_kernel/research/step-291/06_261-gate-audit.md
F1058	Aug 31 23:25 docs/knowledgeos/brainstorming/phase_measure_theory/knowledgeos_kernel/research/step-291/07_governance-vs-derivation.md
F1059	Aug 31 23:26 docs/knowledgeos/brainstorming/phase_measure_theory/knowledgeos_kernel/research/step-291/09_negative-results.md
F1060	Aug 31 23:26 docs/knowledgeos/brainstorming/phase_measure_theory/knowledgeos_kernel/research/step-291/10_recommendation-and-next-act.md
F1061	Aug 31 23:28 docs/knowledgeos/brainstorming/phase_measure_theory/knowledgeos_kernel/research/REFINED-STEP-288.md
F1062	Aug 31 23:29 docs/knowledgeos/brainstorming/phase_measure_theory/knowledgeos_kernel/research/REFINED-STEP-289.md
F1063	Aug 31 23:43 docs/knowledgeos/brainstorming/phase_measure_theory/knowledgeos_kernel/research/step-291/exec/t291b_graph_universe.py
F1064	Aug 31 23:43 docs/knowledgeos/brainstorming/phase_measure_theory/knowledgeos_kernel/research/step-291/exec/t291_transcript.txt
F1065	Aug 31 23:45 docs/knowledgeos/brainstorming/phase_measure_theory/knowledgeos_kernel/research/step-291/11_VNEXT-CLOSURE-AUDIT.md
F1066	Aug 31 23:45 docs/knowledgeos/brainstorming/phase_measure_theory/knowledgeos_kernel/research/REFINED-STEP-291.md
F1067	Aug 31 23:45 docs/knowledgeos/brainstorming/phase_measure_theory/knowledgeos_kernel/research/REFINED-STEP-290.md
F1068	Sep 1 00:35 docs/knowledgeos/brainstorming/phase_measure_theory/knowledgeos_kernel/research/16-GAP-UPDATE-FROM-GITA-CHAPTERS-05-06-07.md
F1069	Sep 1 01:00 docs/knowledgeos/brainstorming/phase_measure_theory/knowledgeos_kernel/research/19-GITA-CANDIDATE-TIERING-COMPLETED-ALL-18-CHAPTERS.md
F1070	Sep 1 01:01 docs/knowledgeos/brainstorming/phase_measure_theory/knowledgeos_kernel/research/18-GITA-CANDIDATES-FOR-KNOWLEDGEOS-AND-THE-KERNEL.md
F1071	Sep 1 01:06 docs/knowledgeos/brainstorming/phase_measure_theory/knowledgeos_kernel/research/20-GITA-KERNEL-CANDIDATES-THE-CONVERGENCE.md
F1072	Sep 1 01:12 docs/knowledgeos/brainstorming/phase_measure_theory/knowledgeos_kernel/research/21-GITA-DIMENSION-AND-PURIFICATION-CANDIDATES.md
F1073	Sep 1 01:21 docs/knowledgeos/brainstorming/phase_measure_theory/knowledgeos_kernel/research/22-EXTERNAL-RESEARCH-GITA-THEORY-REVIEW-AND-GAP-OPTIMIZATION.md
F1074	Sep 1 01:30 docs/knowledgeos/brainstorming/phase_measure_theory/knowledgeos_kernel/research/23-GITA-CHAPTERS-10-15-KERNEL-RECONSTRUCTION.md
F1075	Sep 1 01:40 docs/knowledgeos/brainstorming/phase_measure_theory/knowledgeos_kernel/research/24-CHAPTER-16-CONTROLLED-COMPARISON-AND-THE-QUALIFY-REFINEMENT.md
F1076	Sep 1 01:51 docs/knowledgeos/brainstorming/phase_measure_theory/knowledgeos_kernel/research/25-GITA-TRACK-CLOSED-CH-17-18-05-AND-THE-GUNA-FORK.md
F1077	Sep 1 02:00 docs/knowledgeos/brainstorming/phase_measure_theory/knowledgeos_kernel/research/26-THE-KERNEL-SIMULATION-AUDITED-AND-CH-04-03.md
F1078	Sep 1 02:07 docs/knowledgeos/brainstorming/phase_measure_theory/knowledgeos_kernel/research/27-CH-02-REFRAME-AND-SIX-CONTROLLED-COMPARISONS.md
F1079	Sep 1 02:10 docs/knowledgeos/brainstorming/phase_measure_theory/knowledgeos_kernel/research/28-CH-01-FAILURE-MODES-AND-THE-GITA-TRACK-CLOSED.md
F1080	Sep 1 02:15 docs/knowledgeos/brainstorming/phase_measure_theory/knowledgeos_kernel/research/29-TWO-SYNTHESES-AND-THE-STEP-NUMBER-COLLISION.md
F1081	Sep 1 02:26 docs/knowledgeos/brainstorming/phase_measure_theory/knowledgeos_kernel/research/31-STATE-VOCABULARY-THE-OPERATOR-CONTRACT-AND-SIX-COLLISIONS.md
F1082	Sep 1 02:26 docs/knowledgeos/brainstorming/phase_measure_theory/knowledgeos_kernel/research/30-THE-EIGHT-PRIMITIVES-HOLD-CONVERGENCE-ON-THE-ANSWER.md
F1083	Sep 1 02:44 docs/knowledgeos/brainstorming/phase_measure_theory/knowledgeos_kernel/research/32-THE-LANE-TURNS-ABSORPTION-NOT-ADJUDICATION.md
F1084	Sep 1 02:51 docs/knowledgeos/brainstorming/phase_measure_theory/knowledgeos_kernel/research/33-A-LIVE-ADJUDICATION-AND-THE-INHERITED-GATES.md
F1085	Sep 1 02:55 docs/knowledgeos/brainstorming/phase_measure_theory/knowledgeos_kernel/research/34-THE-UNSCHEDULABLE-PROGRAMME-AND-THE-DIMENSION-MODEL.md
F1086	Sep 1 02:55 docs/knowledgeos/brainstorming/phase_measure_theory/knowledgeos_kernel/research/step-291/00_NUMBERING-COLLISION-REPORT.md
F1087	Sep 1 02:57 docs/knowledgeos/brainstorming/phase_measure_theory/knowledgeos_kernel/research/35-A-CANDIDATE-CARRIER-FOR-THE-MISSINGNESS-DEFECT.md
F1088	Sep 1 11:19 docs/knowledgeos/brainstorming/phase_measure_theory/knowledgeos_kernel/research/REFINED-STEP-286.md
F1089	Sep 1 12:54 docs/knowledgeos/brainstorming/phase_measure_theory/knowledgeos_kernel/research/36-THE-PROBABILITY-SPACE-RE-RAISED-AND-THE-TOPOLOGICAL-LENS.md
F1090	Sep 1 12:54 docs/knowledgeos/brainstorming/phase_measure_theory/knowledgeos_kernel/research/17-GITA-PHILOSOPHY-VS-MATHEMATICAL-AND-STATISTICAL-MODELLING.md
F1091	Sep 1 12:56 docs/knowledgeos/brainstorming/phase_measure_theory/knowledgeos_kernel/research/37-TWO-CORRECTIONS-AND-THE-CONVERGENCE-PROTOCOL.md
F1092	Sep 1 22:18 docs/knowledgeos/brainstorming/phase_measure_theory/knowledgeos_kernel/research/38-THE-LAYERED-MODEL-AND-A-SECOND-IRREDUCIBLE-TRANSFORMATION.md
F1093	Sep 1 22:19 docs/knowledgeos/brainstorming/phase_measure_theory/knowledgeos_kernel/research/00-INDEX.md
F1094	Sep 2 00:31 docs/knowledgeos/brainstorming/kernel/20260902-185000_review-yes12345.md
F1095	Sep 2 19:12 docs/knowledgeos/brainstorming/phase_measure_theory/knowledgeos_kernel/research/step-292/exec/t292_reiter_audit.py
F1096	Sep 2 19:12 docs/knowledgeos/brainstorming/phase_measure_theory/knowledgeos_kernel/research/step-292/exec/t292_run.py
F1097	Sep 2 19:12 docs/knowledgeos/brainstorming/phase_measure_theory/knowledgeos_kernel/research/step-292/exec/results/A2_successor_state_axiom.json
F1098	Sep 2 19:12 docs/knowledgeos/brainstorming/phase_measure_theory/knowledgeos_kernel/research/step-292/exec/results/A1_history_state_collision.json
F1099	Sep 2 19:12 docs/knowledgeos/brainstorming/phase_measure_theory/knowledgeos_kernel/research/step-292/exec/results/A5_observational_equivalence.json
F1100	Sep 2 19:12 docs/knowledgeos/brainstorming/phase_measure_theory/knowledgeos_kernel/research/step-292/exec/results/A4_poss_executability.json
F1101	Sep 2 19:12 docs/knowledgeos/brainstorming/phase_measure_theory/knowledgeos_kernel/research/step-292/exec/results/A3_regression_progression.json
F1102	Sep 2 19:12 docs/knowledgeos/brainstorming/phase_measure_theory/knowledgeos_kernel/research/step-292/00_INDEX.md
F1103	Sep 2 19:12 docs/knowledgeos/brainstorming/phase_measure_theory/knowledgeos_kernel/research/step-292/01_source-formal-model.md
F1104	Sep 2 19:13 docs/knowledgeos/brainstorming/phase_measure_theory/knowledgeos_kernel/research/step-292/03_situation-state-history.md
F1105	Sep 2 19:13 docs/knowledgeos/brainstorming/phase_measure_theory/knowledgeos_kernel/research/step-292/11_negative-tests.md
F1106	Sep 2 19:14 docs/knowledgeos/brainstorming/phase_measure_theory/knowledgeos_kernel/research/step-292/02_knowledgeos-crosswalk.md
F1107	Sep 2 19:14 docs/knowledgeos/brainstorming/phase_measure_theory/knowledgeos_kernel/research/step-292/04_delta-transition-audit.md
F1108	Sep 2 19:14 docs/knowledgeos/brainstorming/phase_measure_theory/knowledgeos_kernel/research/step-292/05_frame-problem-audit.md
F1109	Sep 2 19:14 docs/knowledgeos/brainstorming/phase_measure_theory/knowledgeos_kernel/research/step-292/08_regression-progression.md
F1110	Sep 2 19:15 docs/knowledgeos/brainstorming/phase_measure_theory/knowledgeos_kernel/research/step-292/06_operation-registry-audit.md
F1111	Sep 2 19:15 docs/knowledgeos/brainstorming/phase_measure_theory/knowledgeos_kernel/research/step-292/07_observation-sensing-qualify.md
F1112	Sep 2 19:15 docs/knowledgeos/brainstorming/phase_measure_theory/knowledgeos_kernel/research/step-292/09_equality-identity-audit.md
F1113	Sep 2 19:15 docs/knowledgeos/brainstorming/phase_measure_theory/knowledgeos_kernel/research/step-292/10_composition-reactivity.md
F1114	Sep 2 19:15 docs/knowledgeos/brainstorming/phase_measure_theory/knowledgeos_kernel/research/step-292/12_implementation-candidates.md
F1115	Sep 2 19:15 docs/knowledgeos/brainstorming/phase_measure_theory/knowledgeos_kernel/research/step-292/13_gap-update.md
F1116	Sep 2 19:15 docs/knowledgeos/brainstorming/phase_measure_theory/knowledgeos_kernel/research/step-292/14_governance-impact.md
F1117	Sep 2 19:16 docs/knowledgeos/brainstorming/phase_measure_theory/knowledgeos_kernel/research/REFINED-STEP-292.md
F1118	Sep 19 10:59 docs/knowledgeos/brainstorming/corpus/knowledgeos_r604_reference_calculus.py
F1119	Sep 19 11:00 docs/knowledgeos/brainstorming/corpus/knowledgeos_r604_reference_calculus_README.md
F1120	Sep 19 11:07 docs/knowledgeos/brainstorming/corpus/knowledgeos_r604_1_reference_calculus.py
F1121	Sep 19 11:12 docs/knowledgeos/brainstorming/corpus/knowledgeos_r604_2_reference_calculus.py
F1122	Sep 19 11:18 docs/knowledgeos/brainstorming/corpus/knowledgeos_r604_3_reference_calculus.py
F1123	Sep 19 11:25 docs/knowledgeos/brainstorming/corpus/knowledgeos_r604_5_reference_calculus.py
F1124	Sep 19 11:38 docs/knowledgeos/brainstorming/corpus/knowledgeos_r604_7_reference_calculus.py
F1125	Sep 19 11:44 docs/knowledgeos/brainstorming/corpus/knowledgeos_r604_8_reference_calculus.py
F1126	Sep 19 11:48 docs/knowledgeos/brainstorming/corpus/knowledgeos_r604_9_reference_calculus.py
F1127	Sep 19 11:58 docs/knowledgeos/brainstorming/corpus/knowledgeos_r548_active_information_acquisition.py
F1128	Sep 19 12:03 docs/knowledgeos/brainstorming/corpus/knowledgeos_r549_sequential_acquisition_benchmark.py
F1129	Sep 19 12:17 docs/knowledgeos/brainstorming/corpus/knowledgeos_r575_logical_regime_boundary_calculus.py
F1130	Sep 19 12:22 docs/knowledgeos/brainstorming/corpus/knowledgeos_r576_cross_regime_composition_calculus.py
F1131	Sep 19 12:40 docs/knowledgeos/brainstorming/corpus/knowledgeos_r580_certificate_lifecycle_revalidation.py
F1132	Sep 19 12:43 docs/knowledgeos/brainstorming/corpus/knowledgeos_r581_assessment_certificate_state_machine.py
F1133	Sep 19 12:46 docs/knowledgeos/brainstorming/corpus/knowledgeos_r582_selective_revalidation_impact.py
F1134	Sep 19 12:48 docs/knowledgeos/brainstorming/corpus/knowledgeos_r583_dependency_completeness_negative_impact.py
F1135	Sep 21 17:57 docs/knowledgeos/brainstorming/phase_measure_theory/knowledgeos_kernel/research/step-292/exec/__pycache__/t292_reiter_audit.cpython-313.pyc
F1136	Aug 25 23:52 docs/knowledgeos/brainstorming/KnowledgeOS_Knowledge_Modeling_Knowledge_Transfer_Phase1_Measure_Theory.docx
F1137	Aug 25 23:53 docs/knowledgeos/brainstorming/KnowledgeOS_Knowledge_Modeling_Knowledge_Transfer_Phase1_Measure_Theory.odt
F1138	Aug 26 09:15 docs/knowledgeos/brainstorming/Thinking
F1139	Aug 31 18:15 docs/knowledgeos/brainstorming/phase_measure_theory/20260831-181552_step_286_gita-mapping-terms-to-knowledgeos-invalid-date-corrected.md
F1140	Aug 31 18:32 docs/knowledgeos/brainstorming/phase_measure_theory/knowledgeos_kernel/20260831-183219_step_286_revised-gita-knowledgeos-hypothesis-research-programme.md
F1141	Aug 31 18:46 docs/knowledgeos/brainstorming/phase_measure_theory/knowledgeos_kernel/prompts/20260831-184644_step_285_hpa-supervisory-review-d285-5-accepted-and-d285x-template-mandate.md
F1142	Aug 31 18:52 docs/knowledgeos/brainstorming/phase_measure_theory/knowledgeos_kernel/prompts/20260831-185218_step_285_d285-research-protocol-frozen-seven-stage-typing-mandate.md
F1143	Aug 31 19:00 docs/knowledgeos/brainstorming/phase_measure_theory/knowledgeos_kernel/prompts/20260831-190025_step_286_reviewer-a-senior-review-of-r1-r5-with-nine-corrections.md
F1144	Aug 31 19:01 docs/knowledgeos/brainstorming/phase_measure_theory/knowledgeos_kernel/prompts/20260831-190114_step_287_reviewer-b-equality-identity-semantics-observability-research-mandate.md
F1145	Aug 31 19:03 docs/knowledgeos/brainstorming/phase_measure_theory/knowledgeos_kernel/prompts/20260831-190336_step_286_hpa-prompt-instructions-gap-update-and-methodological-standardization.md
F1146	Aug 31 19:14 docs/knowledgeos/brainstorming/phase_measure_theory/knowledgeos_kernel/prompts/20260831-191402_step_285_reviewer-a-d285-package-readiness-review-with-scope-tightenings.md
F1147	Aug 31 19:14 docs/knowledgeos/brainstorming/phase_measure_theory/knowledgeos_kernel/prompts/20260831-191435_step_285_reviewer-b-d285-package-synthesis-layered-model-confirmed.md
F1148	Aug 31 19:40 docs/knowledgeos/brainstorming/phase_measure_theory/knowledgeos_kernel/prompts/20260831-194012_step_286_reviewer-b-gap-update-review-and-four-way-gap-classification.md
F1149	Aug 31 19:51 docs/knowledgeos/brainstorming/phase_measure_theory/20260831-195114_step_288_short-confirmation-of-equality-gap-position.md
F1150	Aug 31 19:52 docs/knowledgeos/brainstorming/phase_measure_theory/knowledgeos_kernel/prompts/20260831-195256_step_288_reviewer-b-evidence-freeze-and-d288-decision-procedure-closure-mandate.md
F1151	Aug 31 19:57 docs/knowledgeos/brainstorming/phase_measure_theory/knowledgeos_kernel/prompts/20260831-195744_step_288_reviewer-b-evidence-freeze-and-d288-decision-procedure-closure-mandate-duplicate.md
F1152	Aug 31 20:02 docs/knowledgeos/brainstorming/phase_measure_theory/knowledgeos_kernel/prompts/20260831-200239_step_284_hpa-supervisory-review-status-report-analysis-and-next-steps.md
F1153	Aug 31 20:06 docs/knowledgeos/brainstorming/phase_measure_theory/knowledgeos_kernel/prompts/20260831-200600_step_286_gita-kos-conceptual-translation-register-v0.1.md
F1154	Aug 31 20:08 docs/knowledgeos/brainstorming/phase_measure_theory/knowledgeos_kernel/prompts/20260831-200801_step_285_reviewer-a-knowledgeos-kernel-research-programme-steps-285-298.md
F1155	Aug 31 20:11 docs/knowledgeos/brainstorming/phase_measure_theory/knowledgeos_kernel/20260831-201143_step_286_gita-kos-translation-register-working-notes.md
F1156	Aug 31 20:14 docs/knowledgeos/brainstorming/phase_measure_theory/knowledgeos_kernel/prompts/20260831-201424_step_287_reviewer-drafts-step-287-invariants-research-and-falsification-mandate.md
F1157	Aug 31 20:16 docs/knowledgeos/brainstorming/phase_measure_theory/knowledgeos_kernel/prompts/20260831-201654_step_288_reviewer-b-evidence-freeze-d288-mandate-duplicate-2.md
F1158	Aug 31 20:17 docs/knowledgeos/brainstorming/phase_measure_theory/knowledgeos_kernel/prompts/20260831-201712_step_288_reviewer-b-confirms-discovery-vs-formal-gap-correction.md
F1159	Aug 31 20:21 docs/knowledgeos/brainstorming/phase_measure_theory/20260831-202101_step_287_reviewer-step-287-invariants-research-only-derivability-audit-triplicate.md
F1160	Aug 31 20:24 docs/knowledgeos/brainstorming/phase_measure_theory/knowledgeos_kernel/20260831-202404_step_286_cavell-must-we-mean-what-we-say-lenses-for-knowledgeos-kernel.md
F1161	Aug 31 20:24 docs/knowledgeos/brainstorming/phase_measure_theory/knowledgeos_kernel/prompts/20260831-202424_step_287_reviewer-step-287-invariants-as-research-only-derivability-audit-not-normative.md
F1162	Aug 31 20:38 docs/knowledgeos/brainstorming/phase_measure_theory/knowledgeos_kernel/prompts/20260831-203836_step_286_reviewer-sequencing-286-ontology-then-287-invariants-both-research-only.md
F1163	Aug 31 20:39 docs/knowledgeos/brainstorming/phase_measure_theory/knowledgeos_kernel/prompts/20260831-203928_step_288_reviewer-b-consolidated-position-one-irreducible-blocker-qualify.md
F1164	Aug 31 20:40 docs/knowledgeos/brainstorming/phase_measure_theory/knowledgeos_kernel/prompts/20260831-204016_step_285_hpa-supervisory-review-of-08-q-series-findings-accepted.md
F1165	Aug 31 21:04 docs/knowledgeos/brainstorming/phase_measure_theory/knowledgeos_kernel/prompts/20260831-210431_step_285_reviewer-review-of-refined-step-285-accept-with-seven-corrections.md
F1166	Aug 31 21:10 docs/knowledgeos/brainstorming/phase_measure_theory/knowledgeos_kernel/prompts/20260831-211014_step_286_reviewer-review-of-refined-step-286-accept-with-five-corrections.md
F1167	Aug 31 21:10 docs/knowledgeos/brainstorming/phase_measure_theory/knowledgeos_kernel/prompts/20260831-211057_step_286_reviewer-review-of-step-286-accept-with-tightening-two-hypotheses-split.md
F1168	Aug 31 21:11 docs/knowledgeos/brainstorming/phase_measure_theory/knowledgeos_kernel/prompts/20260831-211125_step_285_reviewer-joint-review-of-refined-285-and-286-with-status-line-fixes.md
F1169	Aug 31 21:14 docs/knowledgeos/brainstorming/phase_measure_theory/knowledgeos_kernel/prompts/20260831-211415_step_287_reviewer-review-of-refined-step-287-keep-open-four-surgical-edits.md
F1170	Aug 31 21:14 docs/knowledgeos/brainstorming/phase_measure_theory/knowledgeos_kernel/prompts/20260831-211449_step_288_reviewer-accepts-287-as-research-diagnosis-and-drafts-step-288-mandate.md
F1171	Aug 31 21:15 docs/knowledgeos/brainstorming/phase_measure_theory/knowledgeos_kernel/prompts/20260831-211536_step_287_reviewer-do-not-freeze-287-four-red-four-orange-issues.md
F1172	Aug 31 21:22 docs/knowledgeos/brainstorming/phase_measure_theory/knowledgeos_kernel/prompts/20260831-212225_step_287_reviewer-accepts-corrections-and-issues-nine-audit-prompts-for-287-vnext.md
F1173	Aug 31 21:55 docs/knowledgeos/brainstorming/phase_measure_theory/knowledgeos_kernel/prompts/20260831-215513_step_288_refined-step-288-equality-decision-procedure-closure-programme-mandate.md
F1174	Aug 31 22:19 docs/knowledgeos/brainstorming/phase_measure_theory/knowledgeos_kernel/prompts/20260831-221900_step_287_reviewer-step-287-invariants-research-only-derivability-audit-duplicate.md
F1175	Aug 31 22:23 docs/knowledgeos/brainstorming/phase_measure_theory/knowledgeos_kernel/prompts/20260831-222300_step_288_reviewer-b-step-288-equality-reconciliation-execution-mandate-post-287-baseline.md
F1176	Aug 31 22:44 docs/knowledgeos/brainstorming/phase_measure_theory/knowledgeos_kernel/prompts/20260831-224400_step_289_reviewer-b-dependency-graph-bootstrap-boundary-and-derivation-governance-separation-mandate.md
F1177	Aug 31 22:54 docs/knowledgeos/brainstorming/phase_measure_theory/knowledgeos_kernel/prompts/20260831-225400_step_289_reviewer-b-step-289-operations-mandate-superseded-by-2303-tightening.md
F1178	Aug 31 23:01 docs/knowledgeos/brainstorming/phase_measure_theory/knowledgeos_kernel/prompts/20260831-230100_step_290_reviewer-accepts-289-and-drafts-step-290-n1-equality-observational-adjudication-mandate.md
F1179	Aug 31 23:03 docs/knowledgeos/brainstorming/phase_measure_theory/knowledgeos_kernel/prompts/20260831-230300_step_289_reviewer-b-step-289-operations-and-transformation-semantics-tightened-mandate.md
F1180	Aug 31 23:17 docs/knowledgeos/brainstorming/phase_measure_theory/knowledgeos_kernel/prompts/20260831-231700_step_291_reviewer-b-omega-tau-closure-audit-and-n4-earliest-act-verification-mandate.md
F1181	Aug 31 23:31 docs/knowledgeos/brainstorming/phase_measure_theory/knowledgeos_kernel/prompts/20260831-233128_step_290_reviewer-approves-290-with-one-architectural-caution.md
F1182	Aug 31 23:32 docs/knowledgeos/brainstorming/phase_measure_theory/knowledgeos_kernel/prompts/20260831-233234_step_290_reviewer-b-accepts-290-as-correction-of-the-288-289-equality-thread.md
F1183	Aug 31 23:39 docs/knowledgeos/brainstorming/phase_measure_theory/knowledgeos_kernel/prompts/20260831-233945_step_286_hpa-gita-chapter-05-karma-yoga-action-attribution-decomposition-hypothesis.md
F1184	Aug 31 23:40 docs/knowledgeos/brainstorming/phase_measure_theory/knowledgeos_kernel/prompts/20260831-234034_step_286_hpa-gita-chapter-05-karma-yoga-duplicate.md
F1185	Aug 31 23:40 docs/knowledgeos/brainstorming/phase_measure_theory/knowledgeos_kernel/prompts/20260831-234046_step_291_reviewer-do-not-freeze-291-status-logic-and-overstatement-corrections.md
F1186	Aug 31 23:43 docs/knowledgeos/brainstorming/phase_measure_theory/knowledgeos_kernel/prompts/20260831-234334_step_286_hpa-gita-chapter-05-atma-as-bounded-knower-locus-not-knowledge.md
F1187	Aug 31 23:46 docs/knowledgeos/brainstorming/phase_measure_theory/knowledgeos_kernel/prompts/20260831-234601_step_286_hpa-gita-chapter-06-dhyana-yoga-epistemic-regulation-and-recovery-hypotheses.md
F1188	Sep 1 00:00 docs/knowledgeos/brainstorming/phase_measure_theory/knowledgeos_kernel/prompts/20260901-000039_step_286_hpa-gita-chapter-06-dhyana-yoga-duplicate.md
F1189	Sep 1 00:03 docs/knowledgeos/brainstorming/phase_measure_theory/knowledgeos_kernel/prompts/20260901-000332_step_286_hpa-gita-chapter-06-theory-of-epistemic-regulation-stabilization-progression.md
F1190	Sep 1 00:10 docs/knowledgeos/brainstorming/phase_measure_theory/knowledgeos_kernel/prompts/20260901-001017_step_286_hpa-gita-chapter-06-kernel-as-mind-like-functional-analogy-not-identity.md
F1191	Sep 1 00:11 docs/knowledgeos/brainstorming/phase_measure_theory/knowledgeos_kernel/prompts/20260901-001122_step_286_hpa-gita-chapter-06-kernel-as-mind-like-analogy-duplicate.md
F1192	Sep 1 00:25 docs/knowledgeos/brainstorming/phase_measure_theory/knowledgeos_kernel/prompts/20260901-002536_step_286_hpa-gita-chapter-07-knowledge-of-the-absolute-vocabulary-too-simplistic.md
F1193	Sep 1 00:29 docs/knowledgeos/brainstorming/phase_measure_theory/knowledgeos_kernel/prompts/20260901-002927_step_286_hpa-gita-chapters-06-07-combined-lens-not-architectural-specification.md
F1194	Sep 1 00:29 docs/knowledgeos/brainstorming/phase_measure_theory/knowledgeos_kernel/prompts/20260901-002955_step_286_hpa-gita-chapter-06-stronger-interpretation-for-knowledgeos.md
F1195	Sep 1 00:42 docs/knowledgeos/brainstorming/phase_measure_theory/knowledgeos_kernel/prompts/20260901-004205_step_286_hpa-gita-chapter-09-new-lens-with-chapters-06-07.md
F1196	Sep 1 00:44 docs/knowledgeos/brainstorming/phase_measure_theory/knowledgeos_kernel/prompts/20260901-004408_step_286_hpa-gita-chapter-08-attaining-the-supreme-structural-not-term-mapping.md
F1197	Sep 1 00:45 docs/knowledgeos/brainstorming/phase_measure_theory/knowledgeos_kernel/prompts/20260901-004546_step_286_hpa-knowledge-state-is-time-indexed-evolving-not-constant.md
F1198	Sep 1 00:48 docs/knowledgeos/brainstorming/phase_measure_theory/knowledgeos_kernel/prompts/20260901-004810_step_286_hpa-knowledge-state-time-indexed-duplicate.md
F1199	Sep 1 00:49 docs/knowledgeos/brainstorming/phase_measure_theory/knowledgeos_kernel/prompts/20260901-004958_step_286_hpa-gita-chapter-03-locus-with-ch02-foundation-and-ch04-continuation.md
F1200	Sep 1 00:52 docs/knowledgeos/brainstorming/phase_measure_theory/knowledgeos_kernel/prompts/20260901-005211_step_286_hpa-gita-chapter-03-locus-duplicate.md
F1201	Sep 1 00:53 docs/knowledgeos/brainstorming/phase_measure_theory/knowledgeos_kernel/prompts/20260901-005349_step_286_define-kernel-from-evidence-maths-and-ddd-with-gita-as-lens-only.md
F1202	Sep 1 00:54 docs/knowledgeos/brainstorming/phase_measure_theory/knowledgeos_kernel/prompts/20260901-005458_step_286_hpa-gita-as-philosophical-lens-only-stronger-knowledgeos-hypothesis.md
F1203	Sep 1 00:57 docs/knowledgeos/brainstorming/phase_measure_theory/knowledgeos_kernel/prompts/20260901-005729_step_286_hpa-gita-chapter-11-hypotheses-for-knowledgeos-and-especially-the-kernel.md
F1204	Sep 1 01:00 docs/knowledgeos/brainstorming/phase_measure_theory/knowledgeos_kernel/prompts/20260901-010022_step_286_hpa-gita-chapter-12-bhakti-yoga-distinguished-from-chapter-11.md
F1205	Sep 1 01:02 docs/knowledgeos/brainstorming/phase_measure_theory/knowledgeos_kernel/prompts/20260901-010224_step_286_hpa-yoga-as-a-family-of-mathematical-simulations-analytical-lens.md
F1206	Sep 1 01:05 docs/knowledgeos/brainstorming/phase_measure_theory/knowledgeos_kernel/prompts/20260901-010553_step_286_purification-as-multi-dimensional-qualification-not-more-knowledge.md
F1207	Sep 1 01:07 docs/knowledgeos/brainstorming/phase_measure_theory/knowledgeos_kernel/prompts/20260901-010705_step_286_sentence-as-candidate-representation-not-equal-to-dimension.md
F1208	Sep 1 01:09 docs/knowledgeos/brainstorming/phase_measure_theory/knowledgeos_kernel/prompts/20260901-010904_step_286_sentence-vs-dimension-chapter-13-duplicate.md
F1209	Sep 1 01:13 docs/knowledgeos/brainstorming/phase_measure_theory/knowledgeos_kernel/prompts/20260901-011315_step_286_hpa-gita-chapter-14-three-modes-read.md
F1210	Sep 1 01:14 docs/knowledgeos/brainstorming/phase_measure_theory/knowledgeos_kernel/prompts/20260901-011421_step_286_hpa-gita-chapters-13-plus-14-composed.md
F1211	Sep 1 01:16 docs/knowledgeos/brainstorming/phase_measure_theory/knowledgeos_kernel/prompts/20260901-011622_step_286_hpa-gita-chapters-13-plus-14-composed-variant.md
F1212	Sep 1 01:17 docs/knowledgeos/brainstorming/phase_measure_theory/knowledgeos_kernel/prompts/20260901-011731_step_286_hpa-gita-adding-chapter-11-changes-the-model.md
F1213	Sep 1 01:19 docs/knowledgeos/brainstorming/phase_measure_theory/knowledgeos_kernel/prompts/20260901-011919_step_286_hpa-gita-adding-chapter-10-to-the-composition.md
F1214	Sep 1 01:22 docs/knowledgeos/brainstorming/phase_measure_theory/knowledgeos_kernel/prompts/20260901-012249_step_286_hpa-gita-chapter-15-highly-useful-for-knowledgeos.md
F1215	Sep 1 01:24 docs/knowledgeos/brainstorming/phase_measure_theory/knowledgeos_kernel/prompts/20260901-012438_step_286_hpa-gita-adding-chapter-15-materially-strengthens.md
F1216	Sep 1 01:27 docs/knowledgeos/brainstorming/phase_measure_theory/knowledgeos_kernel/prompts/20260901-012726_step_286_gita-chapters-10-15-as-hypothesis-generating-lens-for-formal-kernel-reconstruction.md
F1217	Sep 1 01:28 docs/knowledgeos/brainstorming/phase_measure_theory/knowledgeos_kernel/prompts/20260901-012831_step_286_gita-chapters-10-15-kernel-reconstruction-duplicate.md
F1218	Sep 1 01:30 docs/knowledgeos/brainstorming/phase_measure_theory/knowledgeos_kernel/prompts/20260901-013054_step_286_hpa-gita-chapter-16-divine-vs-demoniac-qualities-for-the-formal-kernel.md
F1219	Sep 1 01:32 docs/knowledgeos/brainstorming/phase_measure_theory/knowledgeos_kernel/prompts/20260901-013244_step_286_hpa-gita-chapter-16-composed-kernel-internal-quality-control-behaviour.md
F1220	Sep 1 01:38 docs/knowledgeos/brainstorming/phase_measure_theory/knowledgeos_kernel/prompts/20260901-013804_step_286_refine-the-model-before-adding-chapters-buddhi-zero-qualify-purification.md
F1221	Sep 1 01:40 docs/knowledgeos/brainstorming/phase_measure_theory/knowledgeos_kernel/prompts/20260901-014043_step_286_refine-the-model-before-adding-chapters-duplicate.md
F1222	Sep 1 01:43 docs/knowledgeos/brainstorming/phase_measure_theory/knowledgeos_kernel/prompts/20260901-014309_step_286_hpa-gita-chapter-17-reread-with-the-chapters-06-16-model.md
F1223	Sep 1 01:43 docs/knowledgeos/brainstorming/phase_measure_theory/knowledgeos_kernel/prompts/20260901-014348_step_286_guna-as-a-mode-state-model-not-gita-metaphysics.md
F1224	Sep 1 01:46 docs/knowledgeos/brainstorming/phase_measure_theory/knowledgeos_kernel/prompts/20260901-014632_step_286_gita-chapter-18-as-the-final-chapter-read-against-the-built-model.md
F1225	Sep 1 01:49 docs/knowledgeos/brainstorming/phase_measure_theory/knowledgeos_kernel/prompts/20260901-014910_step_286_gita-chapter-05-reread-clarifies-implicit-kernel-mechanisms.md
F1226	Sep 1 01:53 docs/knowledgeos/brainstorming/phase_measure_theory/knowledgeos_kernel/prompts/20260901-015335_step_286_kernel-simulation-across-epistemic-situations-coherence-test.md
F1227	Sep 1 01:55 docs/knowledgeos/brainstorming/phase_measure_theory/knowledgeos_kernel/prompts/20260901-015547_step_286_hpa-gita-chapter-04-transformation-doubt-resolution-knowledge-to-action.md
F1228	Sep 1 01:57 docs/knowledgeos/brainstorming/phase_measure_theory/knowledgeos_kernel/prompts/20260901-015751_step_286_hpa-gita-chapter-03-karma-yoga-mechanisms-for-constructing-and-simulating-the-kernel.md
F1229	Sep 1 02:00 docs/knowledgeos/brainstorming/phase_measure_theory/knowledgeos_kernel/prompts/20260901-020054_step_286_hpa-gita-chapter-02-read-against-the-accumulated-model.md
F1230	Sep 1 02:04 docs/knowledgeos/brainstorming/phase_measure_theory/knowledgeos_kernel/prompts/20260901-020435_step_286_hpa-gita-chapter-02-refinement-not-merely-another-feature.md
F1231	Sep 1 02:04 docs/knowledgeos/brainstorming/phase_measure_theory/knowledgeos_kernel/prompts/20260901-020447_step_286_hpa-gita-chapter-02-as-a-kernel-level-refinement.md
F1232	Sep 1 02:08 docs/knowledgeos/brainstorming/phase_measure_theory/knowledgeos_kernel/prompts/20260901-020820_step_286_hpa-gita-chapter-01-kernel-pathological-state-and-failure-modes.md
F1233	Sep 1 02:10 docs/knowledgeos/brainstorming/phase_measure_theory/knowledgeos_kernel/prompts/20260901-021003_step_286_hpa-gita-chapter-01-as-the-opening-pathological-state-of-the-kernel.md
F1234	Sep 1 02:13 docs/knowledgeos/brainstorming/phase_measure_theory/knowledgeos_kernel/prompts/20260901-021321_step_286_gita-lens-model-of-knowledgeos-synthesis-of-chapters-01-18.md
F1235	Sep 1 02:17 docs/knowledgeos/brainstorming/phase_measure_theory/knowledgeos_kernel/prompts/20260901-021752_step_286_all-18-chapters-as-one-corpus-formal-kernel-model-under-285-287-discipline.md
F1236	Sep 1 02:19 docs/knowledgeos/brainstorming/phase_measure_theory/knowledgeos_kernel/prompts/20260901-021906_step_286_kernel-state-stays-at-the-eight-ratified-primitives-gita-as-lens-only.md
F1237	Sep 1 02:21 docs/knowledgeos/brainstorming/phase_measure_theory/knowledgeos_kernel/prompts/20260901-022150_step_286_kernel-state-at-eight-primitives-duplicate.md
F1238	Sep 1 02:22 docs/knowledgeos/brainstorming/phase_measure_theory/knowledgeos_kernel/prompts/20260901-022227_step_286_eight-primitives-are-a-state-vocabulary-not-eight-equal-fields.md
F1239	Sep 1 02:24 docs/knowledgeos/brainstorming/phase_measure_theory/knowledgeos_kernel/prompts/20260901-022425_step_286_operators-must-be-well-typed-and-invariant-preserving-not-analogy-driven.md
F1240	Sep 1 02:27 docs/knowledgeos/brainstorming/phase_measure_theory/knowledgeos_kernel/prompts/20260901-022709_step_286_knowledge-space-vs-knowledge-state-vs-kernel-transformation.md
F1241	Sep 1 02:30 docs/knowledgeos/brainstorming/phase_measure_theory/knowledgeos_kernel/prompts/20260901-023023_step_286_stop-adding-philosophy-start-systematic-operator-discovery.md
F1242	Sep 1 02:32 docs/knowledgeos/brainstorming/phase_measure_theory/knowledgeos_kernel/prompts/20260901-023201_step_286_rewrite-the-model-it-jumps-to-a-kernel-before-steps-287-290-permit.md
F1243	Sep 1 02:34 docs/knowledgeos/brainstorming/phase_measure_theory/knowledgeos_kernel/prompts/20260901-023405_step_286_refinement-separate-established-from-gita-derived-against-steps-287-290.md
F1244	Sep 1 02:37 docs/knowledgeos/brainstorming/phase_measure_theory/20260902-185501_chatgpt-image-1-sept-2026.png
F1245	Sep 1 02:40 docs/knowledgeos/brainstorming/phase_measure_theory/knowledgeos_kernel/prompts/20260901-024047_step_286_c4-views-for-the-refined-knowledgeos-model-kernel-as-a-c2-container.md
F1246	Sep 1 02:42 docs/knowledgeos/brainstorming/phase_measure_theory/knowledgeos_kernel/prompts/20260901-024209_step_286_continue-into-the-operations-programme-with-the-289-290-boundary.md
F1247	Sep 1 02:45 docs/knowledgeos/brainstorming/phase_measure_theory/knowledgeos_kernel/prompts/20260901-024558_step_286_reconstruct-the-complete-gita-model-then-resolve-missing-concepts.md
F1248	Sep 1 02:46 docs/knowledgeos/brainstorming/phase_measure_theory/knowledgeos_kernel/prompts/20260901-024659_step_286_hpa-direction-assessment-revised-gita-model-observation-first-breakthrough.md
F1249	Sep 1 02:49 docs/knowledgeos/brainstorming/phase_measure_theory/knowledgeos_kernel/prompts/20260901-024940_step_286_reviewer-does-not-approve-the-hpa-assessment-overreach-and-sequencing-contradiction.md
F1250	Sep 1 02:52 docs/knowledgeos/brainstorming/phase_measure_theory/knowledgeos_kernel/prompts/20260901-025223_step_286_change-the-mathematical-foundation-subset-model-cannot-express-dimension-change.md
F1251	Sep 1 02:52 docs/knowledgeos/brainstorming/phase_measure_theory/knowledgeos_kernel/prompts/20260901-025251_step_290_proposed-as-operation-semantics-research-step-collides-with-n1-adjudication.md
F1252	Sep 1 02:55 docs/knowledgeos/brainstorming/phase_measure_theory/knowledgeos_kernel/prompts/20260901-025500_step_286_change-the-mathematical-foundation-duplicate.md
F1253	Sep 1 02:55 docs/knowledgeos/brainstorming/phase_measure_theory/knowledgeos_kernel/prompts/20260901-025542_step_286_controlled-mathematical-and-ddd-refinement-mandate-for-the-evolving-dimensional-model.md
F1254	Sep 1 02:57 docs/knowledgeos/brainstorming/phase_measure_theory/knowledgeos_kernel/prompts/20260901-025719_step_286_controlled-refinement-mandate-duplicate.md
F1255	Sep 1 09:27 docs/knowledgeos/brainstorming/phase_measure_theory/20260901_0927_mathematical_theory_gita_inspired_knowelge-os-model.md
F1256	Sep 1 09:39 docs/knowledgeos/brainstorming/phase_measure_theory/knowledgeos_kernel/prompts/20260901-093906_step_286_topological-lens-for-knowledge-structure-connection-separation.md
F1257	Sep 1 09:42 docs/knowledgeos/brainstorming/phase_measure_theory/knowledgeos_kernel/prompts/20260901-094230_step_286_undefined-concepts-under-the-topological-infinite-dimensional-statistical-ddd-direction.md
F1258	Sep 1 09:47 docs/knowledgeos/brainstorming/phase_measure_theory/knowledgeos_kernel/prompts/20260901-094759_step_286_a-plausible-path-to-a-theoretical-breakthrough-carefully-defined.md
F1259	Sep 1 09:58 docs/knowledgeos/brainstorming/phase_measure_theory/knowledgeos_kernel/prompts/20260901-095800_step_286_working-hypothesis-knowledge-space-inside-a-probability-space.md
F1260	Sep 1 11:15 docs/knowledgeos/brainstorming/phase_measure_theory/knowledgeos_kernel/prompts/20260901-111523_step_286_independent-research-line-appears-to-have-arrived-at-the-same-result.md
F1261	Sep 1 11:52 docs/knowledgeos/brainstorming/phase_measure_theory/knowledgeos_kernel/prompts/20260901-115204_step_286_reviewer-two-mathematical-overstatements-in-artifact-36.md
F1262	Sep 1 14:08 docs/knowledgeos/brainstorming/phase_measure_theory/knowledgeos_kernel/prompts/Yes.
F1263	Sep 2 09:07 docs/knowledgeos/brainstorming/phase_measure_theory/knowledgeos_kernel/prompts/step_290_Yes
F1264	Sep 3 21:48 docs/knowledgeos/brainstorming/phase_measure_theory/Yes.
F1265	Sep 11 19:06 docs/knowledgeos/brainstorming/phase_measure_theory/knowledgeos_kernel/prompts/I
F1266	Sep 11 20:08 docs/knowledgeos/brainstorming/phase_measure_theory/knowledgeos_kernel/prompts/This
F1267	Sep 11 20:08 docs/knowledgeos/brainstorming/phase_measure_theory/knowledgeos_kernel/prompts/I
F1268	Sep 11 20:12 docs/knowledgeos/brainstorming/phase_measure_theory/knowledgeos_kernel/prompts/Yes.
F1269	Sep 11 20:12 docs/knowledgeos/brainstorming/phase_measure_theory/knowledgeos_kernel/prompts/This
F1270	Sep 11 20:15 docs/knowledgeos/brainstorming/phase_measure_theory/knowledgeos_kernel/prompts/Yes.
F1271	Sep 1 15:06 docs/knowledgeos/brainstorming/mathematical_ideas_that_can_be_implemented/20260901-150600_hpa-bayesian-epistemology-vol2-formal-derivations-for-knowledgeos.md
F1272	Sep 1 19:50 docs/knowledgeos/brainstorming/mathematical_ideas_that_can_be_implemented/20260901-195000_what-is-a-knowledge-state-kt-smallest-unit-about-an-observation.md
F1273	Sep 1 19:55 docs/knowledgeos/brainstorming/mathematical_ideas_that_can_be_implemented/20260901-195500_distinguish-genuinely-missing-from-merely-not-yet-formalized.md
F1274	Sep 1 20:12 docs/knowledgeos/brainstorming/mathematical_ideas_that_can_be_implemented/20260901-201200_whole-knowledge-theory-as-research-level-theory-duplicate.md
F1275	Sep 1 20:14 docs/knowledgeos/brainstorming/mathematical_ideas_that_can_be_implemented/20260901-201400_not-algebraic-geometry-or-topology-first-they-attack-the-wrong-problem.md
F1276	Sep 1 20:20 docs/knowledgeos/brainstorming/mathematical_ideas_that_can_be_implemented/20260901-202000_dretske-knowledge-and-the-flow-of-information.md
F1277	Sep 1 20:31 docs/knowledgeos/brainstorming/mathematical_ideas_that_can_be_implemented/20260901-203100_dretske-knowledge-and-the-flow-of-information-duplicate.md
F1278	Sep 1 20:32 docs/knowledgeos/brainstorming/mathematical_ideas_that_can_be_implemented/20260901-203200_dynamic-epistemic-logic-against-the-method-and-separation-rule.md
F1279	Sep 1 20:36 docs/knowledgeos/brainstorming/mathematical_ideas_that_can_be_implemented/20260901-203600_not-the-same-but-large-important-overlap.md
F1280	Sep 1 20:51 docs/knowledgeos/brainstorming/mathematical_ideas_that_can_be_implemented/20260901-205100_kallenberg-as-a-mathematical-foundation-source-compared-to-the-theory.md
F1281	Sep 1 20:54 docs/knowledgeos/brainstorming/mathematical_ideas_that_can_be_implemented/20260901-205400_the-gap-is-much-smaller-but-not-filled-three-models-converge-but-not-completely.md
F1282	Sep 1 21:02 docs/knowledgeos/brainstorming/mathematical_ideas_that_can_be_implemented/20260901-210200_kenneth-shum-measure-theoretic-probability-chapters-2-13.md
F1283	Sep 1 21:06 docs/knowledgeos/brainstorming/mathematical_ideas_that_can_be_implemented/20260901-210600_dretske-full-book-revision-knowledge-belief-coding-cognitive-structure.md
F1284	Sep 1 21:12 docs/knowledgeos/brainstorming/mathematical_ideas_that_can_be_implemented/20260901-211200_cover-and-thomas-information-theory-parts-relevant-to-unresolved-questions.md
F1285	Sep 1 21:16 docs/knowledgeos/brainstorming/mathematical_ideas_that_can_be_implemented/20260901-211600_inquiry-as-the-missing-top-level-entry-point.md
F1286	Sep 1 21:21 docs/knowledgeos/brainstorming/mathematical_ideas_that_can_be_implemented/20260901-212100_the-central-research-question-stop-adding-concepts.md
F1287	Sep 1 21:24 docs/knowledgeos/brainstorming/mathematical_ideas_that_can_be_implemented/20260901-212400_reading-the-book-as-a-knowledge-theory-not-a-summary-of-hindu-philosophy.md
F1288	Sep 1 21:28 docs/knowledgeos/brainstorming/mathematical_ideas_that_can_be_implemented/20260901-212800_apply-the-extracted-definition-of-knowledge-to-the-gita-model.md
F1289	Sep 1 21:34 docs/knowledgeos/brainstorming/mathematical_ideas_that_can_be_implemented/20260901-213400_the-book-does-not-present-a-formal-information-theory-in-the-shannon-sense.md
F1290	Sep 1 21:35 docs/knowledgeos/brainstorming/mathematical_ideas_that_can_be_implemented/20260901-213500_plato-as-a-foundational-source-with-strict-source-vs-interpretation-separation.md
F1291	Sep 1 21:44 docs/knowledgeos/brainstorming/mathematical_ideas_that_can_be_implemented/20260901-214400_audi-epistemology-as-first-book-in-the-epistemology-research-corpus.md
F1292	Sep 1 21:50 docs/knowledgeos/brainstorming/mathematical_ideas_that_can_be_implemented/20260901-215000_book-highly-relevant-to-the-kernel-question-changes-direction-substantially.md
F1293	Sep 1 22:08 docs/knowledgeos/brainstorming/mathematical_ideas_that_can_be_implemented/20260901-220800_targeted-research-corpus-to-close-remaining-theoretical-gaps.md
F1294	Sep 1 22:08 docs/knowledgeos/brainstorming/mathematical_ideas_that_can_be_implemented/20260901-220800_white-plato-on-knowledge-and-reality-contribution-to-the-theory.md
F1295	Sep 1 22:13 docs/knowledgeos/brainstorming/mathematical_ideas_that_can_be_implemented/20260901-221300_davidson-inquiries-into-truth-and-interpretation-against-the-identified-gaps.md
F1296	Sep 1 22:21 docs/knowledgeos/brainstorming/mathematical_ideas_that_can_be_implemented/20260901-222111_prompt-kernel-reduction-and-minimality-experiment.md
F1297	Sep 1 22:28 docs/knowledgeos/brainstorming/mathematical_ideas_that_can_be_implemented/20260901-222801_let-claude-finish-the-complete-primary-corpus-pass.md
F1298	Sep 1 22:31 docs/knowledgeos/brainstorming/mathematical_ideas_that_can_be_implemented/20260901-223131_titelbaum-evidence-alone-does-not-determine-epistemic-state.md
F1299	Sep 1 22:50 docs/knowledgeos/brainstorming/mathematical_ideas_that_can_be_implemented/20260901-225047_titelbaum-gap-analysis-knowledgeos-conflates-evidence-and-epistemic-state.md
F1300	Sep 1 22:57 docs/knowledgeos/brainstorming/mathematical_ideas_that_can_be_implemented/20260901-225712_the-missing-derivation-observation-to-atomic-propositions-to-kt.md
F1301	Sep 1 23:10 docs/knowledgeos/brainstorming/mathematical_ideas_that_can_be_implemented/20260901-231000_first-adjudication-of-knowledgeos-theory-against-the-kernel-experiment.md
F1302	Sep 1 23:37 docs/knowledgeos/brainstorming/mathematical_ideas_that_can_be_implemented/20260901-233713_titelbaum-for-theory-discovery-explicit-epistemic-assessment-state.md
F1303	Sep 1 23:52 docs/knowledgeos/brainstorming/mathematical_ideas_that_can_be_implemented/20260901-235201_minimality-is-representation-dependent-directive-and-restructure.md
F1304	Sep 2 00:16 docs/knowledgeos/brainstorming/mathematical_ideas_that_can_be_implemented/20260902-001649_goswami-rao-measure-theory-candidate-knowledgeos-mathematical-stack.md
F1305	Sep 2 00:26 docs/knowledgeos/brainstorming/mathematical_ideas_that_can_be_implemented/20260902-002611_goswami-rao-measure-theory-candidate-mathematical-stack-duplicate.md
F1306	Sep 2 00:27 docs/knowledgeos/brainstorming/mathematical_ideas_that_can_be_implemented/20260902-002701_knowledge-space-improved-definition-epistemic-observable.md
F1307	Sep 2 00:32 docs/knowledgeos/brainstorming/mathematical_ideas_that_can_be_implemented/20260902-003227_separate-three-things-knowledge-space-observable-and-assessment.md
F1308	Sep 2 00:38 docs/knowledgeos/brainstorming/mathematical_ideas_that_can_be_implemented/20260902-003827_knowledgeos-theory-integrated-formal-theory-v1-0.md
F1309	Sep 2 00:46 docs/knowledgeos/brainstorming/mathematical_ideas_that_can_be_implemented/20260902-004631_knowledgeos-theory-v1-0-definitions-axioms-theorems-corollaries.md
F1310	Sep 2 00:47 docs/knowledgeos/brainstorming/mathematical_ideas_that_can_be_implemented/20260902-004757_i-j-good-probability-and-the-weighing-of-evidence-seven-missing-elements.md
F1311	Sep 2 00:59 docs/knowledgeos/brainstorming/mathematical_ideas_that_can_be_implemented/20260902-005904_real-breakthrough-good-provides-the-missing-bridge-truncated.md
F1312	Sep 2 08:22 docs/knowledgeos/brainstorming/mathematical_ideas_that_can_be_implemented/20260902-082231_real-breakthrough-good-gives-the-missing-bridge-and-largest-remaining-hole.md
F1313	Sep 2 08:23 docs/knowledgeos/brainstorming/mathematical_ideas_that_can_be_implemented/20260902-082333_knowledgeos-theory-v1-0-formal-theory-of-epistemic-gaps.md
F1314	Sep 2 08:54 docs/knowledgeos/brainstorming/mathematical_ideas_that_can_be_implemented/20260902-085420_definitions-as-formal-specification-one-fundamental-inconsistency.md
F1315	Sep 2 08:56 docs/knowledgeos/brainstorming/mathematical_ideas_that_can_be_implemented/20260902-085654_prompt-knowledgeos-theory-v1-1-simulation-experiment.md
F1316	Sep 2 09:12 docs/knowledgeos/brainstorming/mathematical_ideas_that_can_be_implemented/20260902-091243_knowledgeos-theory-v1-2-corrections-against-steps-285-290.md
F1317	Sep 2 09:39 docs/knowledgeos/brainstorming/mathematical_ideas_that_can_be_implemented/20260902-093546_satisfaction-by-requirement-class-three-valued-sat-predicate.md
F1318	Sep 2 09:54 docs/knowledgeos/brainstorming/mathematical_ideas_that_can_be_implemented/20260902-095429_review-of-kr-sim-2026-09-02-d-satc-closure.md
F1319	Sep 2 10:13 docs/knowledgeos/brainstorming/mathematical_ideas_that_can_be_implemented/20260902-092821_review-of-v1-2-sat-stays-candidate-until-factivity-is-repaired.md
F1320	Sep 2 10:13 docs/knowledgeos/brainstorming/mathematical_ideas_that_can_be_implemented/20260902-101343_direct-answers-to-the-satc-closure-questions.md
F1321	Sep 2 10:22 docs/knowledgeos/brainstorming/mathematical_ideas_that_can_be_implemented/20260902-102241_experiment-g-satc-evaluation-semantics-repair-and-closure-test.md
F1322	Sep 2 10:23 docs/knowledgeos/brainstorming/mathematical_ideas_that_can_be_implemented/20260902-102324_kr-sim-2026-09-02-g-commissioning-notes.md
F1323	Sep 2 10:46 docs/knowledgeos/brainstorming/mathematical_ideas_that_can_be_implemented/20260902-104619_zero-lens-vs-zero-closure-predicate-the-key-distinction-partial.md
F1324	Sep 2 10:52 docs/knowledgeos/brainstorming/mathematical_ideas_that_can_be_implemented/20260902-105202_review-of-the-zero-document-non-collapse-and-the-boundary-problem.md
F1325	Sep 2 10:52 docs/knowledgeos/brainstorming/mathematical_ideas_that_can_be_implemented/20260902-105245_zero-lens-vs-zero-closure-predicate-full.md
F1326	Sep 2 10:53 docs/knowledgeos/brainstorming/mathematical_ideas_that_can_be_implemented/20260902-105324_knowledgeos-zero-concept-v1-2-rewritten-against-the-review.md
F1327	Sep 2 10:54 docs/knowledgeos/brainstorming/mathematical_ideas_that_can_be_implemented/20260902-105444_review-of-the-zero-document-non-collapse-and-boundary-duplicate.md
F1328	Sep 2 10:59 docs/knowledgeos/brainstorming/mathematical_ideas_that_can_be_implemented/20260902-105954_state-of-research-and-next-steps-after-the-zero-concept.md
F1329	Sep 2 11:09 docs/knowledgeos/brainstorming/mathematical_ideas_that_can_be_implemented/20260902-110900_kr-zero-2026-09-02-h-boundary-separation-experiment.md
F1330	Sep 2 11:19 docs/knowledgeos/brainstorming/mathematical_ideas_that_can_be_implemented/20260902-111500_copy-of-artifact-i-zero-lens-and-gita-candidates.md
F1331	Sep 2 11:22 docs/knowledgeos/brainstorming/mathematical_ideas_that_can_be_implemented/20260902-112206_embodied-union-metaphor-for-zero-meskin-source-analysis.md
F1332	Sep 2 11:27 docs/knowledgeos/brainstorming/mathematical_ideas_that_can_be_implemented/20260902-112712_negative-quantities-in-the-generative-zero-field.md
F1333	Sep 2 11:30 docs/knowledgeos/brainstorming/mathematical_ideas_that_can_be_implemented/20260902-113028_critique-metaphor-is-legitimate-but-contains-category-errors.md
F1334	Sep 2 11:39 docs/knowledgeos/brainstorming/mathematical_ideas_that_can_be_implemented/20260902-113936_knowledge-at-ideal-state-as-a-field-of-arguments.md
F1335	Sep 2 11:40 docs/knowledgeos/brainstorming/mathematical_ideas_that_can_be_implemented/20260902-114002_critique-metaphor-legitimate-but-category-errors-duplicate.md
F1336	Sep 2 11:45 docs/knowledgeos/brainstorming/mathematical_ideas_that_can_be_implemented/20260902-114510_persons-as-epistemic-agents-in-the-generative-field.md
F1337	Sep 2 11:48 docs/knowledgeos/brainstorming/mathematical_ideas_that_can_be_implemented/20260902-114824_valuable-mechanism-but-do-not-integrate-in-current-form.md
F1338	Sep 2 12:11 docs/knowledgeos/brainstorming/mathematical_ideas_that_can_be_implemented/20260902-121158_persons-as-epistemic-agents-in-the-generative-field-duplicate.md
F1339	Sep 2 12:21 docs/knowledgeos/brainstorming/mathematical_ideas_that_can_be_implemented/20260902-122102_closure-event-as-a-state-transition-worth-simulating.md
F1340	Sep 2 12:23 docs/knowledgeos/brainstorming/mathematical_ideas_that_can_be_implemented/20260902-122329_knowledge-as-generative-not-merely-representational.md
F1341	Sep 2 12:23 docs/knowledgeos/brainstorming/mathematical_ideas_that_can_be_implemented/20260902-122345_emotions-and-concentration-as-epistemic-states.md
F1342	Sep 2 12:26 docs/knowledgeos/brainstorming/mathematical_ideas_that_can_be_implemented/20260902-122625_knowledge-is-not-one-pole-a-two-pole-structure-for-kt.md
F1343	Sep 2 12:29 docs/knowledgeos/brainstorming/mathematical_ideas_that_can_be_implemented/20260902-122934_kr-closure-2026-09-02-epistemic-closure-event-experiment.md
F1344	Sep 2 12:43 docs/knowledgeos/brainstorming/mathematical_ideas_that_can_be_implemented/20260902-124324_epistemic-plurality-a-multi-agent-field-rather-than-two-poles.md
F1345	Sep 2 12:43 docs/knowledgeos/brainstorming/mathematical_ideas_that_can_be_implemented/20260902-124335_agreement-on-closure-and-the-kernel-vs-history-question.md
F1346	Sep 2 12:46 docs/knowledgeos/brainstorming/mathematical_ideas_that_can_be_implemented/20260902-124605_affective-states-in-a-three-proposer-one-field-configuration.md
F1347	Sep 2 12:48 docs/knowledgeos/brainstorming/mathematical_ideas_that_can_be_implemented/20260902-124810_simulation-one-proposer-two-evaluation-fields.md
F1348	Sep 2 12:49 docs/knowledgeos/brainstorming/mathematical_ideas_that_can_be_implemented/20260902-124934_simulation-three-proposers-two-evaluation-fields.md
F1349	Sep 2 12:51 docs/knowledgeos/brainstorming/mathematical_ideas_that_can_be_implemented/20260902-125117_comparative-analysis-of-candidate-configuration-models.md
F1350	Sep 2 12:54 docs/knowledgeos/brainstorming/mathematical_ideas_that_can_be_implemented/20260902-125443_critique-yoni-identified-with-kernel-too-early-four-conflations.md
F1351	Sep 2 12:57 docs/knowledgeos/brainstorming/mathematical_ideas_that_can_be_implemented/20260902-125732_yoni-lens-as-a-field-lens-not-a-new-kernel.md
F1352	Sep 2 13:00 docs/knowledgeos/brainstorming/mathematical_ideas_that_can_be_implemented/20260902-130042_yoni-lens-theory-specification-and-integration.md
F1353	Sep 2 13:01 docs/knowledgeos/brainstorming/mathematical_ideas_that_can_be_implemented/20260902-130146_yoni-zero-lens-the-complete-epistemic-cycle.md
F1354	Sep 2 13:03 docs/knowledgeos/brainstorming/mathematical_ideas_that_can_be_implemented/20260902-130334_experiment-yoni-zero-lens-complete-epistemic-cycle-duplicate.md
F1355	Sep 2 13:09 docs/knowledgeos/brainstorming/mathematical_ideas_that_can_be_implemented/20260902-130957_linga-as-kernel-yoni-as-transformation-field-a-sharper-formulation.md
F1356	Sep 2 13:12 docs/knowledgeos/brainstorming/mathematical_ideas_that_can_be_implemented/20260902-131232_qualified-agreement-and-the-correction-to-the-linga-kernel-reading.md
F1357	Sep 2 13:17 docs/knowledgeos/brainstorming/mathematical_ideas_that_can_be_implemented/20260902-131749_hpa-supervisory-ruling-linga-yoni-complete-research-framework.md
F1358	Sep 2 13:25 docs/knowledgeos/brainstorming/mathematical_ideas_that_can_be_implemented/20260902-132549_gita-supplies-the-dynamics-not-a-linga-yoni-epistemology.md
F1359	Sep 2 13:27 docs/knowledgeos/brainstorming/mathematical_ideas_that_can_be_implemented/20260902-132751_three-derivations-polarity-factorization-bilinear-interaction.md
F1360	Sep 2 13:29 docs/knowledgeos/brainstorming/mathematical_ideas_that_can_be_implemented/20260902-132958_lingas-millions-four-claims-rejected-one-structure-retained.md
F1361	Sep 2 13:30 docs/knowledgeos/brainstorming/mathematical_ideas_that_can_be_implemented/20260902-133035_lingas-millions-four-claims-rejected-duplicate.md
F1362	Sep 2 13:32 docs/knowledgeos/brainstorming/mathematical_ideas_that_can_be_implemented/20260902-133231_kr-m2o-candidate-multiplicity-selection-validation-determination.md
F1363	Sep 2 13:40 docs/knowledgeos/brainstorming/mathematical_ideas_that_can_be_implemented/20260902-134056_restructuring-proposal-and-a-terminology-correction.md
F1364	Sep 2 13:42 docs/knowledgeos/brainstorming/mathematical_ideas_that_can_be_implemented/20260902-134255_hpa-final-ruling-structure-first-framework-research-path.md
F1365	Sep 2 13:52 docs/knowledgeos/brainstorming/mathematical_ideas_that_can_be_implemented/20260902-135228_agreement-with-structure-first-and-invariant-custody.md
F1366	Sep 2 13:54 docs/knowledgeos/brainstorming/mathematical_ideas_that_can_be_implemented/20260902-135445_review-of-kr-neff-be-careful-with-n-eff-is-real.md
F1367	Sep 2 14:00 docs/knowledgeos/brainstorming/mathematical_ideas_that_can_be_implemented/20260902-140058_genuine-breakthrough-but-not-yet-a-final-theory.md
F1368	Sep 2 14:05 docs/knowledgeos/brainstorming/mathematical_ideas_that_can_be_implemented/20260902-140530_theory-level-review-of-kr-dist-a-strong-negative-result.md
F1369	Sep 2 14:22 docs/knowledgeos/brainstorming/mathematical_ideas_that_can_be_implemented/20260902-142233_fr-001-approved-as-a-research-result-freeze-not-a-theory-decision.md
F1370	Sep 2 14:22 docs/knowledgeos/brainstorming/mathematical_ideas_that_can_be_implemented/20260902-142251_this-strengthens-the-structure-first-hypothesis.md
F1371	Sep 2 14:29 docs/knowledgeos/brainstorming/mathematical_ideas_that_can_be_implemented/20260902-142901_copy-of-the-frozen-model-reference-duplicate.md
F1372	Sep 2 14:29 docs/knowledgeos/brainstorming/mathematical_ideas_that_can_be_implemented/20260902-142944_kr-hilbert-2026-09-research-and-experiment-protocol.md
F1373	Sep 2 14:53 docs/knowledgeos/brainstorming/mathematical_ideas_that_can_be_implemented/20260902-142534_hilbert-space-in-knowledgeos-integration-assessment.md
F1374	Sep 2 14:59 docs/knowledgeos/brainstorming/mathematical_ideas_that_can_be_implemented/20260902-143500_knowledgeos-complete-todo-register-revised.md
F1375	Sep 2 15:09 docs/knowledgeos/brainstorming/mathematical_ideas_that_can_be_implemented/20260902-150900_agreement-with-the-todo-register-and-queue.md
F1376	Sep 2 15:11 docs/knowledgeos/brainstorming/mathematical_ideas_that_can_be_implemented/20260902-150331_the-development-of-the-model-how-it-was-built-what-changed.md
F1377	Sep 2 15:11 docs/knowledgeos/brainstorming/mathematical_ideas_that_can_be_implemented/20260902-142217_the-frozen-model-what-is-settled-and-where-the-artifacts-are.md
F1378	Sep 2 15:16 docs/knowledgeos/brainstorming/mathematical_ideas_that_can_be_implemented/20260902-155902_knowledgeos-complete-todo-register-revised-approved.md
F1379	Sep 2 15:20 docs/knowledgeos/brainstorming/mathematical_ideas_that_can_be_implemented/20260902-155900_prompt-minimum-machinery-to-represent-contradiction.md
F1380	Sep 2 15:23 docs/knowledgeos/brainstorming/mathematical_ideas_that_can_be_implemented/20260902-155901_hpa-final-ruling-hilbert-space-decision-recorded.md
F1381	Sep 2 15:50 docs/knowledgeos/brainstorming/mathematical_ideas_that_can_be_implemented/20260902-155903_transcript-now-perform-the-contr-experiment.md
F1382	Sep 2 15:56 docs/knowledgeos/brainstorming/mathematical_ideas_that_can_be_implemented/20260902-132000_proposed-optimized-model-structures-first-projections-derived.md
F1383	Sep 2 16:02 docs/knowledgeos/brainstorming/mathematical_ideas_that_can_be_implemented/20260902-160600_revised-reading-strategy-for-current-bottleneck.md
F1384	Sep 2 16:03 docs/knowledgeos/brainstorming/mathematical_ideas_that_can_be_implemented/20260902-160601_priest-non-classical-logic-tools-for-contr-zero-identity.md
F1385	Sep 2 16:34 docs/knowledgeos/brainstorming/mathematical_ideas_that_can_be_implemented/20260902-161500_review-of-w-kr-contr-accept-with-minor-formal-corrections.md
F1386	Sep 2 16:40 docs/knowledgeos/brainstorming/mathematical_ideas_that_can_be_implemented/20260902-162001_experiment-changes-how-to-read-the-priest-fde-extraction.md
F1387	Sep 2 16:41 docs/knowledgeos/brainstorming/mathematical_ideas_that_can_be_implemented/20260902-162000_priest-non-classical-logic-extraction-second-copy.md
F1388	Sep 2 16:43 docs/knowledgeos/brainstorming/mathematical_ideas_that_can_be_implemented/20260902-162002_we-can-implement-the-proposed-fde-mapping.md
F1389	Sep 2 16:53 docs/knowledgeos/brainstorming/mathematical_ideas_that_can_be_implemented/20260902-163000_factorized-evaluation-model-not-an-fde-state-model.md
F1390	Sep 2 17:18 docs/knowledgeos/brainstorming/mathematical_ideas_that_can_be_implemented/20260902-175304_knowledgeos-complete-knowledge-transfer-for-next-session.md
F1391	Sep 2 17:19 docs/knowledgeos/brainstorming/mathematical_ideas_that_can_be_implemented/20260902-175305_knowledgeos-complete-knowledge-transfer-variant.md
F1392	Sep 2 17:21 docs/knowledgeos/brainstorming/mathematical_ideas_that_can_be_implemented/20260902-175306_kr-contr-fde-2026-09-external-writeup.md
F1393	Sep 2 17:24 docs/knowledgeos/brainstorming/mathematical_ideas_that_can_be_implemented/20260902-175309_rice-force-of-logic-legal-argument-through-the-knowledgeos-lens.md
F1394	Sep 2 17:32 docs/knowledgeos/brainstorming/mathematical_ideas_that_can_be_implemented/20260902-175308_todo-landscape-after-the-current-adjudicated-state.md
F1395	Sep 2 17:41 docs/knowledgeos/brainstorming/mathematical_ideas_that_can_be_implemented/20260902-175310_shapiro-varieties-of-logic-extraction.md
F1396	Sep 2 17:44 docs/knowledgeos/brainstorming/mathematical_ideas_that_can_be_implemented/20260902-175307_theory-v11-to-v12-reconciliation-strategy.md
F1397	Sep 2 17:45 docs/knowledgeos/brainstorming/mathematical_ideas_that_can_be_implemented/20260902-175303_gap-theory-v1-critical-assessment-and-integration-strategy.md
F1398	Sep 2 17:47 docs/knowledgeos/brainstorming/mathematical_ideas_that_can_be_implemented/20260902-175300_extraction-ziem-frames-of-understanding-in-text-and-discourse.md
F1399	Sep 2 17:51 docs/knowledgeos/brainstorming/mathematical_ideas_that_can_be_implemented/20260902-175301_extraction-ziem-frames-of-understanding-duplicate.md
F1400	Sep 2 17:52 docs/knowledgeos/brainstorming/mathematical_ideas_that_can_be_implemented/20260902-155427_the-research-model-and-the-optimized-model.md
F1401	Sep 2 17:54 docs/knowledgeos/brainstorming/mathematical_ideas_that_can_be_implemented/20260902-175302_extraction-brachman-levesque-knowledge-representation-reasoning.md
F1402	Sep 2 17:54 docs/knowledgeos/brainstorming/mathematical_ideas_that_can_be_implemented/20260902-170000_the-research-decision-and-optimized-model.md
F1403	Sep 2 17:56 docs/knowledgeos/brainstorming/mathematical_ideas_that_can_be_implemented/20260902-180019_review-document-much-more-useful.md
F1404	Sep 2 17:56 docs/knowledgeos/brainstorming/mathematical_ideas_that_can_be_implemented/20260902-180009_kr-krr-2026-09-knowledge-representation-reasoning.md
F1405	Sep 2 18:00 docs/knowledgeos/brainstorming/mathematical_ideas_that_can_be_implemented/20260902-180023_review-krr-extraction.md
F1406	Sep 2 18:07 docs/knowledgeos/brainstorming/mathematical_ideas_that_can_be_implemented/20260902-180005_extraction-description-logic-handbook.md
F1407	Sep 2 18:12 docs/knowledgeos/brainstorming/mathematical_ideas_that_can_be_implemented/20260902-180011_review-yes1.md
F1408	Sep 2 18:13 docs/knowledgeos/brainstorming/mathematical_ideas_that_can_be_implemented/20260902-180008_kr-dl-2026-09-description-logic-integration.md
F1409	Sep 2 18:18 docs/knowledgeos/brainstorming/mathematical_ideas_that_can_be_implemented/20260902-180017_review-description-logic-handbook.md
F1410	Sep 2 18:20 docs/knowledgeos/brainstorming/mathematical_ideas_that_can_be_implemented/20260902-180014_review-reiter-knowledge-in-action.md
F1411	Sep 2 18:22 docs/knowledgeos/brainstorming/mathematical_ideas_that_can_be_implemented/20260902-180022_final-derivation-knowledgeos-dynamics.md
F1412	Sep 2 18:31 docs/knowledgeos/brainstorming/mathematical_ideas_that_can_be_implemented/20260902-180015_review-williamson-knowledge-and-its-limits.md
F1413	Sep 2 18:31 docs/knowledgeos/brainstorming/mathematical_ideas_that_can_be_implemented/20260902-180001_todo-list-and-next-steps-assessment.md
F1414	Sep 2 18:34 docs/knowledgeos/brainstorming/mathematical_ideas_that_can_be_implemented/20260902-180003_extraction-williamson-knowledge-and-its-limits.md
F1415	Sep 2 18:38 docs/knowledgeos/brainstorming/mathematical_ideas_that_can_be_implemented/20260902-180007_review-of-relevant-material.md
F1416	Sep 2 18:42 docs/knowledgeos/brainstorming/mathematical_ideas_that_can_be_implemented/20260902-180006_extraction-levesque-lakemeyer-logic-of-knowledge-bases.md
F1417	Sep 2 18:45 docs/knowledgeos/brainstorming/mathematical_ideas_that_can_be_implemented/20260902-180018_review-book-as-a-whole.md
F1418	Sep 2 18:51 docs/knowledgeos/brainstorming/mathematical_ideas_that_can_be_implemented/20260902-180012_review-yes22.md
F1419	Sep 2 18:53 docs/knowledgeos/brainstorming/mathematical_ideas_that_can_be_implemented/20260902-180016_review-actual-attached-extraction.md
F1420	Sep 2 18:56 docs/knowledgeos/brainstorming/mathematical_ideas_that_can_be_implemented/20260902-180004_extraction-reiter-knowledge-in-action-SOURCE.md
F1421	Sep 2 19:02 docs/knowledgeos/brainstorming/mathematical_ideas_that_can_be_implemented/20260902-180013_review-handbook-treatment.md
F1422	Sep 2 19:06 docs/knowledgeos/brainstorming/mathematical_ideas_that_can_be_implemented/20260902-180002_research-mandate-reiter-knowledgeos-derivation-prompt.md
F1423	Sep 2 19:07 docs/knowledgeos/brainstorming/mathematical_ideas_that_can_be_implemented/20260902-180010_research-mandate-reiter-structured-hpa.md
F1424	Sep 2 19:14 docs/knowledgeos/brainstorming/mathematical_ideas_that_can_be_implemented/20260902-181000_r-req-required-distinction-set-analysis.md
F1425	Sep 2 19:15 docs/knowledgeos/brainstorming/mathematical_ideas_that_can_be_implemented/20260902-181001_perplexity-research-response-r-req.md
F1426	Sep 2 19:16 docs/knowledgeos/brainstorming/mathematical_ideas_that_can_be_implemented/20260902-181002_review-yes2.md
F1427	Sep 2 19:16 docs/knowledgeos/brainstorming/mathematical_ideas_that_can_be_implemented/20260902-181003_perplexity-research-response-r-req-variant.md
F1428	Sep 2 19:18 docs/knowledgeos/brainstorming/mathematical_ideas_that_can_be_implemented/20260902-182001_r-req-required-distinction-universe.md
F1429	Sep 2 19:19 docs/knowledgeos/brainstorming/mathematical_ideas_that_can_be_implemented/20260902-182012_kr-hr-theory-integration-handbook-of-knowledge-representation.md
F1430	Sep 2 19:23 docs/knowledgeos/brainstorming/mathematical_ideas_that_can_be_implemented/20260902-182016_required-distinction.md
F1431	Sep 2 19:25 docs/knowledgeos/brainstorming/mathematical_ideas_that_can_be_implemented/20260902-182008_review-read-attached-document-in-full.md
F1432	Sep 2 19:28 docs/knowledgeos/brainstorming/mathematical_ideas_that_can_be_implemented/20260902-182011_knowledgeos-ratification-package.md
F1433	Sep 2 19:29 docs/knowledgeos/brainstorming/mathematical_ideas_that_can_be_implemented/20260902-182013_kr-rreq-2026-final-ratification-assessment.md
F1434	Sep 2 19:30 docs/knowledgeos/brainstorming/mathematical_ideas_that_can_be_implemented/20260902-182020_review-completion-analysis.md
F1435	Sep 2 19:35 docs/knowledgeos/brainstorming/mathematical_ideas_that_can_be_implemented/20260902-182018_missing-part-of-completion-assessment-formal.md
F1436	Sep 2 19:39 docs/knowledgeos/brainstorming/mathematical_ideas_that_can_be_implemented/20260902-182007_gap-closure-strategy-knowledgeos-formal-completion.md
F1437	Sep 2 19:44 docs/knowledgeos/brainstorming/mathematical_ideas_that_can_be_implemented/20260902-182017_spec-det-2026-v1-determination-semantics.md
F1438	Sep 2 19:46 docs/knowledgeos/brainstorming/mathematical_ideas_that_can_be_implemented/20260902-182022_review-document-to-the-end.md
F1439	Sep 2 19:47 docs/knowledgeos/brainstorming/mathematical_ideas_that_can_be_implemented/20260902-182019_final-closure-open-item-register.md
F1440	Sep 2 19:51 docs/knowledgeos/brainstorming/mathematical_ideas_that_can_be_implemented/20260902-182006_final-structural-audit-and-re-specification-protocol.md
F1441	Sep 2 19:53 docs/knowledgeos/brainstorming/mathematical_ideas_that_can_be_implemented/20260902-182014_ratification-assessment-final-closure-packages.md
F1442	Sep 2 19:55 docs/knowledgeos/brainstorming/mathematical_ideas_that_can_be_implemented/20260902-182023_review-actual-attached-closure-document.md
F1443	Sep 2 20:01 docs/knowledgeos/brainstorming/mathematical_ideas_that_can_be_implemented/20260902-182003_consolidated-architectural-audit-and-ratification-adjustment.md
F1444	Sep 2 20:02 docs/knowledgeos/brainstorming/mathematical_ideas_that_can_be_implemented/20260902-182015_ratification-assessment-final-closure-packages-variant.md
F1445	Sep 2 20:04 docs/knowledgeos/brainstorming/mathematical_ideas_that_can_be_implemented/20260902-182010_review-consolidation-as-senior-statistician.md
F1446	Sep 2 20:08 docs/knowledgeos/brainstorming/mathematical_ideas_that_can_be_implemented/20260902-182005_final-architectural-review-knowledgeos-theory-v13.md
F1447	Sep 2 20:09 docs/knowledgeos/brainstorming/mathematical_ideas_that_can_be_implemented/20260902-182002_comprehensive-architectural-audit-and-formal-verification.md
F1448	Sep 2 20:10 docs/knowledgeos/brainstorming/mathematical_ideas_that_can_be_implemented/20260902-182009_review-as-senior-mathematician.md
F1449	Sep 2 20:18 docs/knowledgeos/brainstorming/mathematical_ideas_that_can_be_implemented/20260902-182026_review-exceptionally-sharp-rigorous-variant.md
F1450	Sep 2 21:46 docs/knowledgeos/brainstorming/mathematical_ideas_that_can_be_implemented/20260902-182025_review-exceptionally-sharp-rigorous.md
F1451	Sep 2 21:46 docs/knowledgeos/brainstorming/mathematical_ideas_that_can_be_implemented/20260902-182021_review-newer-attached-material.md
F1452	Sep 2 21:51 docs/knowledgeos/brainstorming/mathematical_ideas_that_can_be_implemented/20260902-182024_review-magisterial-definitive-structural.md
F1453	Sep 3 17:08 docs/knowledgeos/brainstorming/mathematical_ideas_that_can_be_implemented/20260902-182004_files-to-read-one-by-one.log.md
F1454	Sep 3 19:50 docs/knowledgeos/brainstorming/mathematical_ideas_that_can_be_implemented/20260902-182027_experiment-zero-kr-zero-algebra-prompt.md
F1455	Sep 3 19:57 docs/knowledgeos/brainstorming/mathematical_ideas_that_can_be_implemented/20260902-183102_untitled-6-working-notes.md
F1456	Sep 3 20:13 docs/knowledgeos/brainstorming/mathematical_ideas_that_can_be_implemented/20260902-183103_review-now-coherent-enough.md
F1457	Sep 3 20:13 docs/knowledgeos/brainstorming/mathematical_ideas_that_can_be_implemented/20260902-183101_review-read-attached-document-variant.md
F1458	Sep 3 20:34 docs/knowledgeos/brainstorming/mathematical_ideas_that_can_be_implemented/20260902-183104_review-after-reading-the-book-more-closely.md
F1459	Sep 3 20:38 docs/knowledgeos/brainstorming/mathematical_ideas_that_can_be_implemented/20260902-184000_review-of-kr-zero-algebra-commissioning-kr-zero-group.md
F1460	Sep 3 20:40 docs/knowledgeos/brainstorming/mathematical_ideas_that_can_be_implemented/20260902-184001_review-read-the-actual-results.md
F1461	Sep 3 20:57 docs/knowledgeos/brainstorming/mathematical_ideas_that_can_be_implemented/20260902-185500_review-very-close-to-the-mathematical-core.md
F1462	Sep 3 21:40 docs/knowledgeos/brainstorming/mathematical_ideas_that_can_be_implemented/20260903-090001_review-do-not-give-claude-the-harness-with-expectations.md
F1463	Sep 3 21:42 docs/knowledgeos/brainstorming/mathematical_ideas_that_can_be_implemented/20260903-090000_master-handoff-representation-reduction-under-preservation-contracts.md
F1464	Sep 3 21:43 docs/knowledgeos/brainstorming/mathematical_ideas_that_can_be_implemented/20260903-090002_untitled-5.md
F1465	Sep 3 21:43 docs/knowledgeos/brainstorming/mathematical_ideas_that_can_be_implemented/20260903-092003_clarification-what-raw-kr-zero-records-means.md
F1466	Sep 3 21:44 docs/knowledgeos/brainstorming/mathematical_ideas_that_can_be_implemented/20260903-092007_review-yes.md
F1467	Sep 3 21:44 docs/knowledgeos/brainstorming/mathematical_ideas_that_can_be_implemented/20260903-092008_frozen-contract-is-coherent.md
F1468	Sep 3 21:44 docs/knowledgeos/brainstorming/mathematical_ideas_that_can_be_implemented/20260903-092001_agreed-sufficiently-constrained.md
F1469	Sep 3 21:44 docs/knowledgeos/brainstorming/mathematical_ideas_that_can_be_implemented/20260903-092004_response-correct-procedurally.md
F1470	Sep 3 21:45 docs/knowledgeos/brainstorming/mathematical_ideas_that_can_be_implemented/20260903-092002_agreed-sufficiently-constrained-variant.md
F1471	Sep 3 21:45 docs/knowledgeos/brainstorming/mathematical_ideas_that_can_be_implemented/20260903-092005_response-correct-procedurally-variant.md
F1472	Sep 3 21:46 docs/knowledgeos/brainstorming/mathematical_ideas_that_can_be_implemented/20260903-092009_revision-substantially-stronger.md
F1473	Sep 3 21:46 docs/knowledgeos/brainstorming/mathematical_ideas_that_can_be_implemented/20260903-092010_with-additional-theoretical-material.md
F1474	Sep 3 21:46 docs/knowledgeos/brainstorming/mathematical_ideas_that_can_be_implemented/20260903-092006_strong-protocol-with-modifications.md
F1475	Sep 3 21:48 docs/knowledgeos/brainstorming/mathematical_ideas_that_can_be_implemented/20260903-093501_close-to-mathematical-core-variant-1.md
F1476	Sep 3 21:49 docs/knowledgeos/brainstorming/mathematical_ideas_that_can_be_implemented/20260903-093502_close-to-mathematical-core.md
F1477	Sep 3 21:50 docs/knowledgeos/brainstorming/mathematical_ideas_that_can_be_implemented/20260903-093503_agree-with-interpretation.md
F1478	Sep 3 21:55 docs/knowledgeos/brainstorming/mathematical_ideas_that_can_be_implemented/20260903-093000_prompt-design-the-r5-r2-reduction-experiment.md
F1479	Sep 3 22:02 docs/knowledgeos/brainstorming/mathematical_ideas_that_can_be_implemented/20260903-093504_yes-with-important-qualification.md
F1480	Sep 3 22:13 docs/knowledgeos/brainstorming/mathematical_ideas_that_can_be_implemented/20260903-094002_close-to-mathematical-core-variant-2.md
F1481	Sep 3 22:17 docs/knowledgeos/brainstorming/mathematical_ideas_that_can_be_implemented/20260903-094001_review-read-the-attached-document.md
F1482	Sep 3 22:20 docs/knowledgeos/brainstorming/mathematical_ideas_that_can_be_implemented/20260903-094003_strong-protocol-with-modifications-variant.md
F1483	Sep 3 22:33 docs/knowledgeos/brainstorming/mathematical_ideas_that_can_be_implemented/20260903-100001_review-yes.md
F1484	Sep 3 22:49 docs/knowledgeos/brainstorming/mathematical_ideas_that_can_be_implemented/20260903-100000_review-of-kr-rep-reduction-results.md
F1485	Sep 3 23:22 docs/knowledgeos/brainstorming/mathematical_ideas_that_can_be_implemented/20260903-110000_review-of-kr-zero-order-three-corrections.md
F1486	Sep 1 15:00 docs/knowledgeos/brainstorming/mathematical_ideas_that_can_be_implemented/20260901-145900_model.md
F1487	Sep 1 16:16 docs/knowledgeos/brainstorming/mathematical_ideas_that_can_be_implemented/20260901-161624_next-prompt-repair-verify-freeze-checkpoint-0080-0094.md
F1488	Sep 1 16:32 docs/knowledgeos/brainstorming/mathematical_ideas_that_can_be_implemented/20260901-163238_do-not-trigger-consolidation-proliferation-is-itself-a-finding.md
F1489	Sep 1 19:52 docs/knowledgeos/brainstorming/mathematical_ideas_that_can_be_implemented/20260901-195200_reconstruction-from-available-material.md
F1490	Sep 2 12:25 docs/knowledgeos/brainstorming/20260902-122338-what-eleven-experiments-established-a-synthesis.md
F1491	Sep 2 12:27 docs/knowledgeos/brainstorming/mathematical_ideas_that_can_be_implemented/20260902-122338_what-eleven-experiments-established-a-synthesis.md
F1492	Sep 2 16:14 docs/knowledgeos/brainstorming/20260902-160500_gita-on-contradiction-lenses-questions-and-candidate-register.md
F1493	Sep 3 16:42 docs/knowledgeos/brainstorming/20260902-185001_files-to-read-one-by-one.log.md
F1494	Sep 3 20:18 docs/knowledgeos/brainstorming/20260902-183000_gita-on-elimination-tyaga-and-the-zero-algebra.md
F1495	Sep 3 21:46 docs/knowledgeos/brainstorming/20260903-091500_gita-on-representation-reduction-and-preservation.md
F1496	Sep 3 23:05 docs/knowledgeos/brainstorming/mathematical_ideas_that_can_be_implemented/20260903-110001_can-study-the-book-systematically.md
F1497	Sep 3 23:29 docs/knowledgeos/brainstorming/mathematical_ideas_that_can_be_implemented/20260903-120002_review-inspected-the-uploaded-artifact.md
F1498	Sep 3 23:33 docs/knowledgeos/brainstorming/mathematical_ideas_that_can_be_implemented/20260903-120001_review-read-attached-file-in-full.md
F1499	Sep 3 23:36 docs/knowledgeos/brainstorming/mathematical_ideas_that_can_be_implemented/20260903-120004_refinements-complete-a-rigorous-aim.md
F1500	Sep 3 23:42 docs/knowledgeos/brainstorming/mathematical_ideas_that_can_be_implemented/20260903-120003_review-of-the-corrected-artifact.md
F1501	Sep 3 23:55 docs/knowledgeos/brainstorming/mathematical_ideas_that_can_be_implemented/20260904-080000_prompt-kr-bridge-01-zero-preservation.md
F1502	Sep 3 23:57 docs/knowledgeos/brainstorming/20260903-121000_gita-on-audit-and-the-untested-assumption.md
F1503	Sep 4 00:02 docs/knowledgeos/brainstorming/mathematical_ideas_that_can_be_implemented/20260904-080001_strong-hypothesis-generating.md
F1504	Sep 4 00:14 docs/knowledgeos/brainstorming/20260904-081500_gita-on-the-bridge-that-was-not-there.md
F1505	Sep 4 00:14 docs/knowledgeos/brainstorming/mathematical_ideas_that_can_be_implemented/20260904-090001_strong-hypothesis-generating-variant.md
F1506	Sep 4 00:20 docs/knowledgeos/brainstorming/mathematical_ideas_that_can_be_implemented/20260904-090000_review-kr-bridge-01-accepted-vary-pi-and-q-next.md
F1507	Sep 4 00:25 docs/knowledgeos/brainstorming/mathematical_ideas_that_can_be_implemented/20260904-101500_business-meaning-safe-removal-vs-outcome-preservation.md
F1508	Sep 4 00:27 docs/knowledgeos/brainstorming/mathematical_ideas_that_can_be_implemented/20260904-102000_consolidated-research-theory-draft-not-v13-ratification.md
F1509	Sep 4 00:31 docs/knowledgeos/brainstorming/mathematical_ideas_that_can_be_implemented/20260904-003155_senior-mathematician-pass-separating-definitions-from-findings.md
F1510	Sep 4 00:36 docs/knowledgeos/brainstorming/20260904-104500_gita-on-declared-reads-and-effective-reads.md
F1511	Sep 4 00:48 docs/knowledgeos/brainstorming/mathematical_ideas_that_can_be_implemented/20260904-004858_assessment-of-kr-rep-reduction-and-kr-zero-three-way-separation.md
F1512	Sep 4 00:53 docs/knowledgeos/brainstorming/mathematical_ideas_that_can_be_implemented/20260904-005346_are-we-ready-to-freeze-the-kernel-close-but-not-proved.md
F1513	Sep 4 01:43 docs/knowledgeos/brainstorming/mathematical_ideas_that_can_be_implemented/20260904-014317_kernel-minimality-as-a-relative-conditional-proof-not-universal.md
F1514	Sep 4 01:46 docs/knowledgeos/brainstorming/mathematical_ideas_that_can_be_implemented/20260904-014642_unified-formal-evaluation-kernel-minimality-semantic-capability-ordering.md
F1515	Sep 4 01:48 docs/knowledgeos/brainstorming/mathematical_ideas_that_can_be_implemented/20260904-014807_substantial-agreement-with-corrections-minimality-and-ratification.md
F1516	Sep 4 01:58 docs/knowledgeos/brainstorming/mathematical_ideas_that_can_be_implemented/20260904-015837_close-to-freeze-quality-four-final-corrections-to-sem-equivalence.md
F1517	Sep 4 02:00 docs/knowledgeos/brainstorming/mathematical_ideas_that_can_be_implemented/20260904-020004_remaining-todos-after-v12-freeze-formal-semantic-equivalence.md
F1518	Sep 4 02:06 docs/knowledgeos/brainstorming/mathematical_ideas_that_can_be_implemented/20260904-020642_defining-the-remaining-formal-todos-semantic-environment-first.md
F1519	Sep 4 02:06 docs/knowledgeos/brainstorming/mathematical_ideas_that_can_be_implemented/20260904-020658_review-478-line-proof-spec-stronger-but-not-freezable-duplicate.md
F1520	Sep 4 02:10 docs/knowledgeos/brainstorming/mathematical_ideas_that_can_be_implemented/20260904-021025_review-478-line-proof-spec-stronger-but-not-freezable.md
F1521	Sep 4 02:10 docs/knowledgeos/brainstorming/mathematical_ideas_that_can_be_implemented/20260904-021056_accept-review-as-basis-with-one-mathematical-correction.md
F1522	Sep 4 02:11 docs/knowledgeos/brainstorming/mathematical_ideas_that_can_be_implemented/20260904-021125_proof-design-assessment-line-numbered-do-not-move-to-v13.md
F1523	Sep 4 02:13 docs/knowledgeos/brainstorming/mathematical_ideas_that_can_be_implemented/20260904-021358_knowledge-algebra-is-not-an-empty-field-literature-search.md
F1524	Sep 4 02:23 docs/knowledgeos/brainstorming/mathematical_ideas_that_can_be_implemented/20260904-022323_knowledge-algebra-is-not-an-empty-field-literature-search-duplicate.md
F1525	Sep 4 02:30 docs/knowledgeos/brainstorming/mathematical_ideas_that_can_be_implemented/20260904-023055_vedic-math-genius-full-read-material-for-knowledge-algebra.md
F1526	Sep 4 02:33 docs/knowledgeos/brainstorming/mathematical_ideas_that_can_be_implemented/20260904-023324_vedic-material-reviewed-radically-structures-behind-the-methods.md
F1527	Sep 4 02:38 docs/knowledgeos/brainstorming/mathematical_ideas_that_can_be_implemented/20260904-023859_vedic-math-genius-operational-tricks-vs-structural-invariants.md
F1528	Sep 4 02:48 docs/knowledgeos/brainstorming/mathematical_ideas_that_can_be_implemented/20260904-024854_atharva-veda-plus-vedic-math-toward-a-ddd-architecture.md
F1529	Sep 4 02:59 docs/knowledgeos/brainstorming/mathematical_ideas_that_can_be_implemented/20260904-025932_atharva-veda-no-negative-numbers-but-structures-for-negation.md
F1530	Sep 4 03:07 docs/knowledgeos/brainstorming/mathematical_ideas_that_can_be_implemented/20260904-030723_relational-dialectical-model-argument-challenge-counter-resolution.md
F1531	Sep 4 03:16 docs/knowledgeos/brainstorming/mathematical_ideas_that_can_be_implemented/20260904-031628_vedic-critique-fits-but-misses-the-challenge-resolution-layer.md
F1532	Sep 4 03:17 docs/knowledgeos/brainstorming/mathematical_ideas_that_can_be_implemented/20260904-031710_purification-as-hypothesis-argument-plus-challenge.md
F1533	Sep 4 03:28 docs/knowledgeos/brainstorming/mathematical_ideas_that_can_be_implemented/20260904-032834_madhyamaka-time-indexed-kt-losing-a-determination-not-emptiness.md
F1534	Sep 4 03:30 docs/knowledgeos/brainstorming/mathematical_ideas_that_can_be_implemented/20260904-033025_kr-state-transition-01-the-transition-as-an-epistemic-object.md
F1535	Sep 4 03:36 docs/knowledgeos/brainstorming/mathematical_ideas_that_can_be_implemented/20260904-033633_where-sunya-appears-after-ddd-separation-of-concerns.md
F1536	Sep 4 03:47 docs/knowledgeos/brainstorming/mathematical_ideas_that_can_be_implemented/20260904-034706_shiva-poison-metaphor-neutralization-that-leaves-a-trace.md
F1537	Sep 4 03:48 docs/knowledgeos/brainstorming/mathematical_ideas_that_can_be_implemented/20260904-034828_nilakantha-metaphor-useful-direction-not-yet-an-algebraic-fact.md
F1538	Sep 4 03:52 docs/knowledgeos/brainstorming/mathematical_ideas_that_can_be_implemented/20260904-035255_multiple-non-equivalent-zeros-imply-kt-is-not-scalar.md
F1539	Sep 4 03:54 docs/knowledgeos/brainstorming/mathematical_ideas_that_can_be_implemented/20260904-035450_knowledge-as-an-epistemic-probability-space.md
F1540	Sep 4 03:56 docs/knowledgeos/brainstorming/mathematical_ideas_that_can_be_implemented/20260904-035641_zeros-as-projections-of-a-multidimensional-epistemic-state.md
F1541	Sep 4 03:57 docs/knowledgeos/brainstorming/mathematical_ideas_that_can_be_implemented/20260904-035733_four-corrections-independent-is-too-strong-for-the-zeros.md
F1542	Sep 4 04:02 docs/knowledgeos/brainstorming/mathematical_ideas_that_can_be_implemented/20260904-040222_kr-state-01-working-spec-with-one-statistical-correction.md
F1543	Sep 4 04:11 docs/knowledgeos/brainstorming/mathematical_ideas_that_can_be_implemented/20260904-041134_recursive-epistemic-base-kt1-as-the-next-reasoning-start.md
F1544	Sep 4 04:15 docs/knowledgeos/brainstorming/mathematical_ideas_that_can_be_implemented/20260904-041510_kr-state-01-baseline-the-object-of-study-is-the-trajectory.md
F1545	Sep 4 04:25 docs/knowledgeos/brainstorming/mathematical_ideas_that_can_be_implemented/20260904-042545_knowledge-zero-as-zeroing-selected-dimensions-focus-vs-surface.md
F1546	Sep 4 15:07 docs/knowledgeos/brainstorming/20260904-131500_gita-on-the-field-the-knower-and-the-many-zeros.md
F1547	Sep 4 15:41 docs/knowledgeos/brainstorming/mathematical_ideas_that_can_be_implemented/20260904-154129_axis-e-five-adjustments-do-not-yet-claim-non-commutativity.md
F1548	Sep 4 15:42 docs/knowledgeos/brainstorming/mathematical_ideas_that_can_be_implemented/20260904-154220_an-epistemic-point-is-a-junction-defined-by-traversal-relations.md
F1549	Sep 4 15:44 docs/knowledgeos/brainstorming/mathematical_ideas_that_can_be_implemented/20260904-154442_five-corrections-fractal-topology-is-currently-too-strong.md
F1550	Sep 4 15:45 docs/knowledgeos/brainstorming/mathematical_ideas_that_can_be_implemented/20260904-154514_recursive-dimensionality-a-point-is-a-structure-at-another-resolution.md
F1551	Sep 4 15:45 docs/knowledgeos/brainstorming/mathematical_ideas_that_can_be_implemented/20260904-154541_from-k-as-dimension-tuple-to-k-as-dimensions-and-relations.md
F1552	Sep 4 15:47 docs/knowledgeos/brainstorming/mathematical_ideas_that_can_be_implemented/20260904-154709_dimensional-zero-is-a-modeling-assumption-not-nonexistence.md
F1553	Sep 4 15:47 docs/knowledgeos/brainstorming/mathematical_ideas_that_can_be_implemented/20260904-154743_zero-sub-di-is-not-necessarily-an-identity-three-corrections.md
F1554	Sep 4 15:48 docs/knowledgeos/brainstorming/mathematical_ideas_that_can_be_implemented/20260904-154817_knowledge-zero-as-zeroing-selected-dimensions-focus-vs-surface-variant.md
F1555	Sep 4 15:48 docs/knowledgeos/brainstorming/mathematical_ideas_that_can_be_implemented/20260904-154857_kr-state-01-baseline-the-object-of-study-is-the-trajectory-duplicate.md
F1556	Sep 4 15:50 docs/knowledgeos/brainstorming/mathematical_ideas_that_can_be_implemented/20260904-155011_kt1-becomes-the-substrate-of-future-reasoning-not-just-its-result.md
F1557	Sep 4 15:50 docs/knowledgeos/brainstorming/mathematical_ideas_that_can_be_implemented/20260904-155048_recursive-epistemic-base-kt1-as-the-next-reasoning-start-variant.md
F1558	Sep 4 15:51 docs/knowledgeos/brainstorming/mathematical_ideas_that_can_be_implemented/20260904-155151_four-corrections-independent-is-too-strong-for-the-zeros-duplicate.md
F1559	Sep 4 15:52 docs/knowledgeos/brainstorming/mathematical_ideas_that_can_be_implemented/20260904-155219_knowledge-as-an-epistemic-probability-space-duplicate-2.md
F1560	Sep 4 15:52 docs/knowledgeos/brainstorming/mathematical_ideas_that_can_be_implemented/20260904-155240_knowledge-as-an-epistemic-probability-space-duplicate-3.md
F1561	Sep 4 15:54 docs/knowledgeos/brainstorming/mathematical_ideas_that_can_be_implemented/20260904-155412_nilakantha-metaphor-useful-direction-not-yet-an-algebraic-fact-duplicate-2.md
F1562	Sep 4 15:54 docs/knowledgeos/brainstorming/mathematical_ideas_that_can_be_implemented/20260904-155447_nilakantha-metaphor-useful-direction-not-yet-an-algebraic-fact-duplicate-3.md
F1563	Sep 4 15:55 docs/knowledgeos/brainstorming/mathematical_ideas_that_can_be_implemented/20260904-155507_shiva-poison-metaphor-neutralization-that-leaves-a-trace-variant.md
F1564	Sep 4 15:55 docs/knowledgeos/brainstorming/mathematical_ideas_that_can_be_implemented/20260904-155536_sunya-must-be-read-against-kashmir-shaivite-consciousness.md
F1565	Sep 4 15:56 docs/knowledgeos/brainstorming/mathematical_ideas_that_can_be_implemented/20260904-155611_confirmation-of-having-read-vedic-math-genius-in-full.md
F1566	Sep 4 15:56 docs/knowledgeos/brainstorming/mathematical_ideas_that_can_be_implemented/20260904-155640_where-sunya-appears-after-ddd-separation-of-concerns-variant.md
F1567	Sep 4 15:58 docs/knowledgeos/brainstorming/mathematical_ideas_that_can_be_implemented/20260904-155808_kr-state-transition-01-the-transition-as-an-epistemic-object-variant.md
F1568	Sep 4 15:58 docs/knowledgeos/brainstorming/mathematical_ideas_that_can_be_implemented/20260904-155840_madhyamaka-time-indexed-kt-losing-a-determination-variant.md
F1569	Sep 4 15:59 docs/knowledgeos/brainstorming/mathematical_ideas_that_can_be_implemented/20260904-155938_atharva-veda-as-structural-inspiration-state-disturbance-restoration-duplicate.md
F1570	Sep 4 16:00 docs/knowledgeos/brainstorming/mathematical_ideas_that_can_be_implemented/20260904-160019_atharva-veda-as-structural-inspiration-state-disturbance-restoration.md
F1571	Sep 4 16:01 docs/knowledgeos/brainstorming/mathematical_ideas_that_can_be_implemented/20260904-160114_four-corrections-independent-is-too-strong-for-the-zeros-variant.md
F1572	Sep 4 16:01 docs/knowledgeos/brainstorming/mathematical_ideas_that_can_be_implemented/20260904-160150_purification-as-hypothesis-argument-plus-challenge-duplicate.md
F1573	Sep 4 16:02 docs/knowledgeos/brainstorming/mathematical_ideas_that_can_be_implemented/20260904-160223_kr-contribution-01-must-not-assume-the-algebra-it-should-discover.md
F1574	Sep 4 16:03 docs/knowledgeos/brainstorming/mathematical_ideas_that_can_be_implemented/20260904-160301_vedic-critique-fits-but-misses-the-challenge-resolution-layer-variant.md
F1575	Sep 4 16:03 docs/knowledgeos/brainstorming/mathematical_ideas_that_can_be_implemented/20260904-160323_vedic-critique-fits-but-misses-the-challenge-resolution-layer-variant-duplicate.md
F1576	Sep 4 22:05 docs/knowledgeos/brainstorming/mathematical_ideas_that_can_be_implemented/20260904-220541_information-algebra-article-major-reference-not-the-knowledge-algebra.md
F1577	Sep 4 22:16 docs/knowledgeos/brainstorming/mathematical_ideas_that_can_be_implemented/20260904-221628_recursive-epistemic-zoom-an-observed-value-is-not-atomic.md
F1578	Sep 4 22:17 docs/knowledgeos/brainstorming/mathematical_ideas_that_can_be_implemented/20260904-221709_zoom-experiment-prompt-spec.md
F1579	Sep 4 22:31 docs/knowledgeos/brainstorming/20260904-234500_gita-on-resolution-the-observer-and-what-refinement-costs.md
F1580	Sep 4 22:50 docs/knowledgeos/brainstorming/mathematical_ideas_that_can_be_implemented/20260904-225000_zoom-as-attention-narrowing-without-premature-deletion.md
F1581	Sep 4 22:52 docs/knowledgeos/brainstorming/mathematical_ideas_that_can_be_implemented/20260904-110500_theory-01-primitives-and-signatures.md
F1582	Sep 4 22:52 docs/knowledgeos/brainstorming/mathematical_ideas_that_can_be_implemented/20260904-111000_theory-02-the-three-question-separation.md
F1583	Sep 4 22:52 docs/knowledgeos/brainstorming/mathematical_ideas_that_can_be_implemented/20260904-111500_theory-03-zero-definition-and-algebra.md
F1584	Sep 4 22:52 docs/knowledgeos/brainstorming/mathematical_ideas_that_can_be_implemented/20260904-112000_theory-04-adequacy-information-theory-and-dpi.md
F1585	Sep 4 22:52 docs/knowledgeos/brainstorming/mathematical_ideas_that_can_be_implemented/20260904-112500_theory-05-realization-and-the-decoder.md
F1586	Sep 4 22:52 docs/knowledgeos/brainstorming/mathematical_ideas_that_can_be_implemented/20260904-113000_theory-06-representation-reduction-boundary.md
F1587	Sep 4 22:52 docs/knowledgeos/brainstorming/mathematical_ideas_that_can_be_implemented/20260904-113500_theory-07-the-bridge-programme-negative-result.md
F1588	Sep 4 22:52 docs/knowledgeos/brainstorming/mathematical_ideas_that_can_be_implemented/20260904-114000_theory-08-contradiction-and-evaluation-structure.md
F1589	Sep 4 22:52 docs/knowledgeos/brainstorming/mathematical_ideas_that_can_be_implemented/20260904-114500_theory-09-frozen-and-refuted-register.md
F1590	Sep 4 22:52 docs/knowledgeos/brainstorming/mathematical_ideas_that_can_be_implemented/20260904-115500_theory-11-statistical-inference-standards.md
F1591	Sep 4 22:52 docs/knowledgeos/brainstorming/mathematical_ideas_that_can_be_implemented/20260904-120000_theory-12-ddd-architecture-of-the-kernel.md
F1592	Sep 4 22:52 docs/knowledgeos/brainstorming/mathematical_ideas_that_can_be_implemented/20260904-120500_theory-13-open-questions-and-forward-programme.md
F1593	Sep 4 22:52 docs/knowledgeos/brainstorming/mathematical_ideas_that_can_be_implemented/20260904-122000_theory-03a-the-concept-of-zero.md
F1594	Sep 4 23:04 docs/knowledgeos/brainstorming/mathematical_ideas_that_can_be_implemented/20260904-230454_investigation-path-root-cause-completeness-invariants.md
F1595	Sep 4 23:10 docs/knowledgeos/brainstorming/mathematical_ideas_that_can_be_implemented/20260904-231017_zoom-as-attention-narrowing-nexus-egress-example.md
F1596	Sep 4 23:40 docs/knowledgeos/brainstorming/mathematical_ideas_that_can_be_implemented/20260904-234024_theory-not-yet-closed-honest-position-on-proof-obligations.md
F1597	Sep 5 00:21 docs/knowledgeos/brainstorming/mathematical_ideas_that_can_be_implemented/20260904-115000_theory-10-experimental-methodology-and-falsification.md
F1598	Sep 5 00:27 docs/knowledgeos/brainstorming/mathematical_ideas_that_can_be_implemented/20260905-093000_theory-14-focus-inquiry-and-the-information-boundary.md
F1599	Sep 6 00:09 docs/knowledgeos/brainstorming/mathematical_ideas_that_can_be_implemented/20260906-000929_ext-biocomm-lens-frozen-research-specification.md
F1600	Sep 6 00:14 docs/knowledgeos/brainstorming/mathematical_ideas_that_can_be_implemented/20260904-110000_theory-00-index-and-reading-order.md
F1601	Sep 6 00:16 docs/knowledgeos/brainstorming/mathematical_ideas_that_can_be_implemented/20260906-001616_proper-theory-rewrite-and-the-rescinded-closure-record.md
F1602	Sep 6 00:23 docs/knowledgeos/brainstorming/mathematical_ideas_that_can_be_implemented/20260906-002301_theory-part-01-foundational-distinctions-and-plan-for-full-rewrite.md
F1603	Sep 6 00:24 docs/knowledgeos/brainstorming/mathematical_ideas_that_can_be_implemented/20260906-002452_theory-part-02-formal-ontology-and-type-system.md
F1604	Sep 6 00:30 docs/knowledgeos/brainstorming/mathematical_ideas_that_can_be_implemented/20260906-003023_theory-part-03-epistemic-semantics-and-logic-of-knowledge.md
F1605	Sep 6 00:31 docs/knowledgeos/brainstorming/mathematical_ideas_that_can_be_implemented/20260906-003153_theory-part-04-knowledge-state-transitions-and-transition-system.md
F1606	Sep 6 00:36 docs/knowledgeos/brainstorming/mathematical_ideas_that_can_be_implemented/20260906-003645_theory-part-05-knowledge-gap-algebra-completeness-closure-zero.md
F1607	Sep 6 00:39 docs/knowledgeos/brainstorming/mathematical_ideas_that_can_be_implemented/20260906-003947_theory-part-06-evidence-evaluation-determination-calculus.md
F1608	Sep 6 00:42 docs/knowledgeos/brainstorming/mathematical_ideas_that_can_be_implemented/20260906-004206_theory-part-07-revision-retraction-conflict-non-monotonic-knowledge.md
F1609	Sep 6 00:44 docs/knowledgeos/brainstorming/mathematical_ideas_that_can_be_implemented/20260906-004423_theory-part-08-identity-equivalence-provenance-representation-independence.md
F1610	Sep 6 00:46 docs/knowledgeos/brainstorming/mathematical_ideas_that_can_be_implemented/20260906-004613_theory-part-09-relations-dependencies-graph-semantics-causality.md
F1611	Sep 6 00:48 docs/knowledgeos/brainstorming/mathematical_ideas_that_can_be_implemented/20260906-004821_theory-part-10-inference-rules-models-uncertainty-controlled-reasoning.md
F1612	Sep 6 00:50 docs/knowledgeos/brainstorming/mathematical_ideas_that_can_be_implemented/20260906-005015_theory-part-11-measurement-quantities-scales-statistics.md
F1613	Sep 6 00:52 docs/knowledgeos/brainstorming/mathematical_ideas_that_can_be_implemented/20260906-005257_theory-part-12-time-temporal-semantics-events-intervals-versioning.md
F1614	Sep 6 00:57 docs/knowledgeos/brainstorming/mathematical_ideas_that_can_be_implemented/20260906-005709_theory-part-13-uncertainty-probability-risk-confidence-decision.md
F1615	Sep 6 00:59 docs/knowledgeos/brainstorming/mathematical_ideas_that_can_be_implemented/20260906-005933_theory-part-14-causality-counterfactuals-interventions-explanation.md
F1616	Sep 6 01:02 docs/knowledgeos/brainstorming/mathematical_ideas_that_can_be_implemented/20260906-010215_theory-part-15-models-simulation-prediction-scenario-spaces.md
F1617	Sep 6 06:42 docs/knowledgeos/brainstorming/mathematical_ideas_that_can_be_implemented/20260906-064251_theory-part-16-risk-decision-theory-utility-knowledge-to-action.md
F1618	Sep 6 06:47 docs/knowledgeos/brainstorming/mathematical_ideas_that_can_be_implemented/20260906-064708_theory-part-17-learning-adaptation-feedback-concept-drift.md
F1619	Sep 6 06:50 docs/knowledgeos/brainstorming/mathematical_ideas_that_can_be_implemented/20260906-065045_theory-part-18-architecture-bounded-contexts-aggregates-invariants.md
F1620	Sep 6 07:04 docs/knowledgeos/brainstorming/mathematical_ideas_that_can_be_implemented/20260906-070417_theory-part-19-persistence-as-semantic-preservation.md
F1621	Sep 6 07:10 docs/knowledgeos/brainstorming/mathematical_ideas_that_can_be_implemented/20260906-071027_theory-part-20-query-retrieval-search-graph-traversal-rag-boundary.md
F1622	Sep 6 07:23 docs/knowledgeos/brainstorming/mathematical_ideas_that_can_be_implemented/20260906-072301_theory-part-21-reasoning-engine-rule-execution-proof-objects-verification.md
F1623	Sep 6 07:51 docs/knowledgeos/brainstorming/mathematical_ideas_that_can_be_implemented/20260906-075114_theory-part-21a-worked-example-evidence-to-verified-determination.md
F1624	Sep 6 07:51 docs/knowledgeos/brainstorming/mathematical_ideas_that_can_be_implemented/20260906-075153_theory-part-21a-rev2-worked-example-to-final-decision-outcome.md
F1625	Sep 6 09:44 docs/knowledgeos/brainstorming/20260906-094419_gita-on-the-teaching-that-ends-undetermined.md
F1626	Sep 7 07:09 docs/knowledgeos/brainstorming/mathematical_ideas_that_can_be_implemented/20260907-070900_interpretation-kr-zoom-experiment-negative-result-and-design-limitation.md
F1627	Sep 7 07:13 docs/knowledgeos/brainstorming/mathematical_ideas_that_can_be_implemented/20260907-071300_zoom-as-focused-inquiry-preserving-context-nexus-example.md
F1628	Sep 7 07:18 docs/knowledgeos/brainstorming/mathematical_ideas_that_can_be_implemented/20260907-071800_not-a-complete-theory-yet-six-load-bearing-open-parts.md
F1629	Sep 7 07:40 docs/knowledgeos/brainstorming/mathematical_ideas_that_can_be_implemented/20260907-074000_kr-zoom-out-02-pre-registration-design-and-review.md
F1630	Sep 7 07:41 docs/knowledgeos/brainstorming/mathematical_ideas_that_can_be_implemented/20260907-074100_kr-zoom-out-02-sensitivity-demonstration-and-final-disposition.md
F1631	Sep 7 07:43 docs/knowledgeos/brainstorming/mathematical_ideas_that_can_be_implemented/20260907-074300_zoom-in-zoom-out-operationally-usable-not-proven-primitives.md
F1632	Sep 7 07:44 docs/knowledgeos/brainstorming/mathematical_ideas_that_can_be_implemented/20260907-074400_knowledge-graph-as-representation-knowledgeos-as-epistemic-computation.md
F1633	Sep 7 07:45 docs/knowledgeos/brainstorming/mathematical_ideas_that_can_be_implemented/20260907-074500_candidate-books-as-metaphorical-lenses-for-knowledgeos.md
F1634	Sep 7 07:46 docs/knowledgeos/brainstorming/mathematical_ideas_that_can_be_implemented/20260907-074600_psycho-cybernetics-as-metaphor-goal-feedback-correction-action.md
F1635	Sep 7 07:48 docs/knowledgeos/brainstorming/mathematical_ideas_that_can_be_implemented/20260907-074800_non-monotonic-epistemic-dynamics-convergence-vs-revision.md
F1636	Sep 7 07:49 docs/knowledgeos/brainstorming/mathematical_ideas_that_can_be_implemented/20260907-074900_animal-communication-as-discovery-lens-signal-is-not-knowledge.md
F1637	Sep 7 07:52 docs/knowledgeos/brainstorming/mathematical_ideas_that_can_be_implemented/20260907-075200_animal-courtship-communication-multi-round-signal-response-feedback.md
F1638	Sep 7 07:53 docs/knowledgeos/brainstorming/mathematical_ideas_that_can_be_implemented/20260907-075300_biocomm-protocol-biological-source-software-analogue-two-layer.md
F1639	Sep 7 07:55 docs/knowledgeos/brainstorming/mathematical_ideas_that_can_be_implemented/20260907-075500_zero-preservation-contract-methodology-strong-but-not-yet-a-proof.md
F1640	Sep 7 07:57 docs/knowledgeos/brainstorming/mathematical_ideas_that_can_be_implemented/20260907-075700_kr-biocomm-zero-01-pre-registration-and-witness-generator-review.md
F1641	Sep 7 13:14 docs/knowledgeos/brainstorming/mathematical_ideas_that_can_be_implemented/20260907-131423_ext-biocomm-biological-communication-research-lens.md
F1642	Sep 7 13:14 docs/knowledgeos/brainstorming/mathematical_ideas_that_can_be_implemented/20260907-131458_ext-biocomm-biological-communication-research-lens-variant.md
F1643	Sep 7 13:15 docs/knowledgeos/brainstorming/mathematical_ideas_that_can_be_implemented/20260907-131550_ext-biocomm-revisions-behavioural-structural-lens-r1-r6.md
F1644	Sep 7 13:16 docs/knowledgeos/brainstorming/mathematical_ideas_that_can_be_implemented/20260907-131637_ext-biocomm-2026-09-final-frozen-research-lens-specification.md
F1645	Sep 7 13:17 docs/knowledgeos/brainstorming/mathematical_ideas_that_can_be_implemented/20260907-131729_algebraic-zero-element-vs-epistemic-omission-integration.md
F1646	Sep 7 13:18 docs/knowledgeos/brainstorming/mathematical_ideas_that_can_be_implemented/20260907-131807_algebraic-zero-not-equivalent-to-eliminability-research-architecture.md
F1647	Sep 7 13:19 docs/knowledgeos/brainstorming/mathematical_ideas_that_can_be_implemented/20260907-131918_what-knowledgeos-makes-possible-beyond-conventional-ai-rag.md
F1648	Sep 7 13:19 docs/knowledgeos/brainstorming/mathematical_ideas_that_can_be_implemented/20260907-131955_next-direction-capability-traceability-not-another-experiment.md
F1649	Sep 7 13:20 docs/knowledgeos/brainstorming/mathematical_ideas_that_can_be_implemented/20260907-132034_metro-encounter-operational-loop-and-the-k-entails-q-correction.md
F1650	Sep 7 13:21 docs/knowledgeos/brainstorming/mathematical_ideas_that_can_be_implemented/20260907-132115_review-adequacy-replaces-entailment-r-t-terminology-and-factorial-defect.md
F1651	Sep 7 13:21 docs/knowledgeos/brainstorming/mathematical_ideas_that_can_be_implemented/20260907-132157_kr-epistemic-agency-expected-utility-for-action-selection-draft.md
F1652	Sep 7 13:22 docs/knowledgeos/brainstorming/mathematical_ideas_that_can_be_implemented/20260907-132227_observation-as-entry-point-into-an-unbounded-dimensional-space.md
F1653	Sep 7 13:22 docs/knowledgeos/brainstorming/mathematical_ideas_that_can_be_implemented/20260907-132255_zoom-in-discovery-vs-zoom-out-integration-four-level-architecture.md
F1654	Sep 7 13:24 docs/knowledgeos/brainstorming/mathematical_ideas_that_can_be_implemented/20260907-132425_corrected-baseline-move-to-a-controlled-empirical-test.md
F1655	Sep 7 13:24 docs/knowledgeos/brainstorming/mathematical_ideas_that_can_be_implemented/20260907-132442_gita-chapter-02-fact-finding-may-not-begin-with-the-correct-question.md
F1656	Sep 7 13:25 docs/knowledgeos/brainstorming/mathematical_ideas_that_can_be_implemented/20260907-132503_gita-chapter-03-from-fact-finding-to-a-justified-reason-for-action.md
F1657	Sep 7 13:25 docs/knowledgeos/brainstorming/mathematical_ideas_that_can_be_implemented/20260907-132531_gita-chapter-03-mapped-to-action-fact-finding-dual-distinction.md
F1658	Sep 7 13:25 docs/knowledgeos/brainstorming/mathematical_ideas_that_can_be_implemented/20260907-132559_ar-t-notation-collision-and-the-non-equivalence-chain-to-authorization.md
F1659	Sep 7 13:26 docs/knowledgeos/brainstorming/mathematical_ideas_that_can_be_implemented/20260907-132625_knowledgeos-research-ledger-and-artifact-status-matrix.md
F1660	Sep 7 13:27 docs/knowledgeos/brainstorming/mathematical_ideas_that_can_be_implemented/20260907-132737_ledger-governance-corrections-theory-hierarchy-and-omitted-equations.md
F1661	Sep 7 13:28 docs/knowledgeos/brainstorming/mathematical_ideas_that_can_be_implemented/20260907-132808_epistemic-value-second-pass-value-of-state-vs-value-of-process.md
F1662	Sep 7 13:29 docs/knowledgeos/brainstorming/mathematical_ideas_that_can_be_implemented/20260907-132915_epistemic-value-as-meta-theoretical-framework-fifteen-omissions.md
F1663	Sep 7 13:29 docs/knowledgeos/brainstorming/mathematical_ideas_that_can_be_implemented/20260907-132940_epistemic-value-volume-read-whole-achievement-and-value-lens-ledger.md
F1664	Sep 7 13:30 docs/knowledgeos/brainstorming/mathematical_ideas_that_can_be_implemented/20260907-133015_sher-epistemic-friction-restructured-fr-a-through-fr-d.md
F1665	Sep 7 13:32 docs/knowledgeos/brainstorming/mathematical_ideas_that_can_be_implemented/20260907-133206_sher-epistemic-friction-first-read-and-architectural-adjudication.md
F1666	Sep 7 13:33 docs/knowledgeos/brainstorming/mathematical_ideas_that_can_be_implemented/20260907-133302_minica-dynamic-epistemic-logic-of-questions-and-inquiry-analysis.md
F1667	Sep 7 13:33 docs/knowledgeos/brainstorming/mathematical_ideas_that_can_be_implemented/20260907-133340_consolidation-not-freezable-book-gives-distinctions-not-definitions.md
F1668	Sep 7 13:34 docs/knowledgeos/brainstorming/mathematical_ideas_that_can_be_implemented/20260907-133416_epistemic-value-seven-research-primitives-architectural-impact.md
F1669	Sep 7 13:35 docs/knowledgeos/brainstorming/mathematical_ideas_that_can_be_implemented/20260907-133508_epistemic-value-anthology-structural-read-vector-valued-evaluation.md
F1670	Sep 7 13:37 docs/knowledgeos/brainstorming/mathematical_ideas_that_can_be_implemented/20260907-133716_source-misattribution-correction-the-volume-is-minica-not-sher.md
F1671	Sep 7 13:46 docs/knowledgeos/brainstorming/mathematical_ideas_that_can_be_implemented/20260907-134627_minica-thesis-as-a-knowledgeos-research-source.md
F1672	Sep 7 13:47 docs/knowledgeos/brainstorming/mathematical_ideas_that_can_be_implemented/20260907-134709_consolidation-review-seven-primitives-status-separation-ev-1-ev-2.md
F1673	Sep 7 13:51 docs/knowledgeos/brainstorming/mathematical_ideas_that_can_be_implemented/20260907-135151_consolidation-review-deeper-issues-previous-review-too-permissive.md
F1674	Sep 7 13:59 docs/knowledgeos/brainstorming/mathematical_ideas_that_can_be_implemented/20260907-135913_gof-patterns-as-an-empirical-catalogue-not-a-source-of-primitives.md
F1675	Sep 7 14:00 docs/knowledgeos/brainstorming/mathematical_ideas_that_can_be_implemented/20260907-140012_gof-comparative-research-lens-crosswalk-and-falsification-matrix.md
F1676	Sep 7 14:02 docs/knowledgeos/brainstorming/mathematical_ideas_that_can_be_implemented/20260907-140216_gof-falsification-logic-too-strong-revised-decision-rule.md
F1677	Sep 7 14:04 docs/knowledgeos/brainstorming/mathematical_ideas_that_can_be_implemented/20260907-140438_gita-chapter-03-understanding-determines-the-relation-to-action.md
F1678	Sep 7 14:28 docs/knowledgeos/brainstorming/mathematical_ideas_that_can_be_implemented/20260907-142818_gof-principle-level-value-for-knowledgeos.md
F1679	Sep 7 14:28 docs/knowledgeos/brainstorming/mathematical_ideas_that_can_be_implemented/20260907-142825_gof-implementation-extraction-and-architectural-analysis.md
F1680	Sep 7 14:37 docs/knowledgeos/brainstorming/mathematical_ideas_that_can_be_implemented/20260907-143706_kr-zero-algebra-results-zero-is-not-an-element-property.md
F1681	Sep 7 14:57 docs/knowledgeos/brainstorming/mathematical_ideas_that_can_be_implemented/20260907-145718_where-gang-of-four-patterns-are-genuinely-useful-and-where-not.md
F1682	Sep 8 13:36 docs/knowledgeos/brainstorming/where_we_are_now/Yes
F1683	Sep 8 23:02 docs/knowledgeos/brainstorming/mathematical_ideas_that_can_be_implemented/20260908-230213_kr-rep-reduction-2026-09-results.md
F1684	Sep 9 13:54 docs/knowledgeos/brainstorming/mathematical_ideas_that_can_be_implemented/20260909-135422_targeted-f4-evidence-audit.md
F1685	Sep 9 14:19 docs/knowledgeos/brainstorming/mathematical_ideas_that_can_be_implemented/20260909-141938_historical-evidence-recovery-report.md
F1686	Sep 9 14:20 docs/knowledgeos/brainstorming/mathematical_ideas_that_can_be_implemented/20260909-142005_historical-evidence-recovery-report.md
F1687	Sep 9 15:32 docs/knowledgeos/brainstorming/mathematical_ideas_that_can_be_implemented/20260909-153213_f4-handover-audit-post-md-059.md
F1688	Sep 9 15:37 docs/knowledgeos/brainstorming/mathematical_ideas_that_can_be_implemented/20260909-153724_f4-completeness-and-f3-f4-readiness-matrices-at-the-md-059-handover.md
F1689	Sep 9 15:44 docs/knowledgeos/brainstorming/mathematical_ideas_that_can_be_implemented/20260909-154457_historical-source-audit-what-the-corpus-actually-establishes.md
F1690	Sep 9 15:46 docs/knowledgeos/brainstorming/mathematical_ideas_that_can_be_implemented/20260909-154603_completion-audit-of-the-f4-model-b-semantic-backbone.md
F1691	Sep 9 15:46 docs/knowledgeos/brainstorming/mathematical_ideas_that_can_be_implemented/20260909-154659_targeted-completion-audit-historical-f4-model-b-semantic-backbone.md
F1692	Sep 9 15:47 docs/knowledgeos/brainstorming/mathematical_ideas_that_can_be_implemented/20260909-154743_targeted-completion-audit-f4-model-b-weighted-to-0901-0902-artifacts.md
F1693	Sep 9 16:47 docs/knowledgeos/brainstorming/mathematical_ideas_that_can_be_implemented/20260909-164701_corpus-native-meaning-of-sat-adequacy-not-component-membership.md
F1694	Sep 9 16:50 docs/knowledgeos/brainstorming/mathematical_ideas_that_can_be_implemented/20260909-165020_search-of-md-059-md-060-md-061-f4-model-b-reconstruction-work.md
F1695	Sep 9 17:10 docs/knowledgeos/brainstorming/mathematical_ideas_that_can_be_implemented/20260909-171000_accepting-the-gap-characterization-in-light-of-md-061-and-md-062.md
F1696	Sep 9 17:25 docs/knowledgeos/brainstorming/mathematical_ideas_that_can_be_implemented/20260909-172500_targeted-audit-against-model-b-primary-material-m0043-m0125-m0132.md
F1697	Sep 9 17:38 docs/knowledgeos/brainstorming/mathematical_ideas_that_can_be_implemented/20260909-173847_narrow-reconstruction-of-the-requirement-boundary-from-the-corpus.md
F1698	Sep 9 22:13 docs/knowledgeos/brainstorming/what_is_knowlegeos_theory/20260909-2213_knowledgeos-theory-overview.md
F1699	Sep 9 22:14 docs/knowledgeos/brainstorming/what_is_knowlegeos_theory/20260909-2214_zero-gap-structural-definition.md
F1700	Sep 9 22:16 docs/knowledgeos/brainstorming/what_is_knowlegeos_theory/20260909-2216_theory-closure-roadmap-nine-gates.md
F1701	Sep 9 22:27 docs/knowledgeos/brainstorming/what_is_knowlegeos_theory/20260909-2227_sat-semantic-decision-boundary-research-framework.md
F1702	Sep 9 22:29 docs/knowledgeos/brainstorming/what_is_knowlegeos_theory/20260909-2229_sat-semantic-evidence-corpus-audit-next-step.md
F1703	Sep 9 22:31 docs/knowledgeos/brainstorming/what_is_knowlegeos_theory/20260909-2231_sat-decision-boundary-from-corpus.md
F1704	Sep 9 22:35 docs/knowledgeos/brainstorming/what_is_knowlegeos_theory/20260909-2235_sat-semantic-evidence-audit-mission-spec.md
F1705	Sep 9 22:40 docs/knowledgeos/brainstorming/what_is_knowlegeos_theory/20260909-2240_python-discovery-claude-interpretation-sat-audit-pipeline.md
F1706	Sep 9 22:47 docs/knowledgeos/brainstorming/what_is_knowlegeos_theory/20260909-2247_sat-computability-vs-lineage-option-b-mission-spec.md
F1707	Sep 9 23:05 docs/knowledgeos/brainstorming/what_is_knowlegeos_theory/20260909-2305_sat-evolution-and-end-to-end-closure-test.md
F1708	Sep 9 23:19 docs/knowledgeos/brainstorming/what_is_knowlegeos_theory/#
F1709	Sep 10 13:37 docs/knowledgeos/brainstorming/mathematical_ideas_that_can_be_implemented/20260910-133705_re-audit-of-the-missing-concepts-list-against-corpus-evidence.md
F1710	Sep 10 13:37 docs/knowledgeos/brainstorming/mathematical_ideas_that_can_be_implemented/20260910-133755_mathematical-closure-review-do-not-make-sat-do-everything.md
F1711	Sep 10 13:43 docs/knowledgeos/brainstorming/mathematical_ideas_that_can_be_implemented/20260910-134314_mathematical-closure-review-do-not-make-sat-do-everything-dup.md
F1712	Sep 11 01:50 docs/knowledgeos/brainstorming/20260909-185001_files-to-read-one-by-one.log.md
F1713	Sep 11 14:26 docs/knowledgeos/brainstorming/knowledgeos_theory_research/scripts/README.md
F1714	Sep 11 14:27 docs/knowledgeos/brainstorming/knowledgeos_theory_research/20-objects/_STAGE.md
F1715	Sep 11 14:27 docs/knowledgeos/brainstorming/knowledgeos_theory_research/30-reconciliation/_STAGE.md
F1716	Sep 11 14:27 docs/knowledgeos/brainstorming/knowledgeos_theory_research/40-scope/_STAGE.md
F1717	Sep 11 14:27 docs/knowledgeos/brainstorming/knowledgeos_theory_research/50-validation/_STAGE.md
F1718	Sep 11 14:27 docs/knowledgeos/brainstorming/knowledgeos_theory_research/90-meta/_STAGE.md
F1719	Sep 11 15:09 docs/knowledgeos/brainstorming/knowledgeos_theory_research/00-CONVENTIONS.md
F1720	Sep 11 15:09 docs/knowledgeos/brainstorming/knowledgeos_theory_research/templates/TEMPLATE-session.md
F1721	Sep 11 15:09 docs/knowledgeos/brainstorming/knowledgeos_theory_research/templates/TEMPLATE-finding.md
F1722	Sep 11 15:09 docs/knowledgeos/brainstorming/knowledgeos_theory_research/templates/TEMPLATE-open-question.md
F1723	Sep 11 15:09 docs/knowledgeos/brainstorming/knowledgeos_theory_research/templates/TEMPLATE-decision.md
F1724	Sep 11 15:09 docs/knowledgeos/brainstorming/knowledgeos_theory_research/templates/TEMPLATE-topic.md
F1725	Sep 11 15:09 docs/knowledgeos/brainstorming/knowledgeos_theory_research/templates/TEMPLATE-synthesis.md
F1726	Sep 11 15:09 docs/knowledgeos/brainstorming/knowledgeos_theory_research/templates/TEMPLATE-record.md
F1727	Sep 11 15:09 docs/knowledgeos/brainstorming/knowledgeos_theory_research/templates/00-README.md
F1728	Sep 11 15:09 docs/knowledgeos/brainstorming/knowledgeos_theory_research/10-capture/_STAGE.md
F1729	Sep 11 15:10 docs/knowledgeos/brainstorming/knowledgeos_theory_research/60-governance/_STAGE.md
F1730	Sep 11 15:10 docs/knowledgeos/brainstorming/knowledgeos_theory_research/70-theory/_STAGE.md
F1731	Sep 11 15:10 docs/knowledgeos/brainstorming/knowledgeos_theory_research/ledger/README.md
F1732	Sep 11 15:10 docs/knowledgeos/brainstorming/knowledgeos_theory_research/00-CHARTER.md
F1733	Sep 11 15:10 docs/knowledgeos/brainstorming/knowledgeos_theory_research/10-capture/20260911-1508_bootstrap-session-corpus-purpose.md
F1734	Sep 11 15:10 docs/knowledgeos/brainstorming/knowledgeos_theory_research/10-capture/20260911-1508_f-01-provenance-defect.md
F1735	Sep 11 15:10 docs/knowledgeos/brainstorming/knowledgeos_theory_research/10-capture/20260911-1508_oq-01-source-form-vs-epistemic-role.md
F1736	Sep 11 15:10 docs/knowledgeos/brainstorming/knowledgeos_theory_research/90-meta/RUNS.md
F1737	Sep 11 15:11 docs/knowledgeos/brainstorming/knowledgeos_theory_research/10-capture/20260911-1508_oq-02-where-a-capture-decision-lives.md
F1738	Sep 11 15:11 docs/knowledgeos/brainstorming/knowledgeos_theory_research/00-INDEX.md
F1739	Sep 11 15:11 docs/knowledgeos/brainstorming/knowledgeos_theory_research/90-meta/CHANGELOG.md
F1740	Sep 11 15:14 docs/knowledgeos/brainstorming/knowledgeos_theory_research/prompts/20260911_1514_prompt.md
F1741	Sep 11 15:47 docs/knowledgeos/brainstorming/knowledgeos_theory_research/corpus/20260911-154728_linux-to-knowledgeos-candidate-principles-from-the-linus-ai-discussion.md
F1742	Sep 11 16:44 docs/knowledgeos/brainstorming/knowledgeos_theory_research/corpus/20260911-164444_define-the-kernel-by-problem-boundary-and-invariants.md
F1743	Sep 11 16:48 docs/knowledgeos/brainstorming/knowledgeos_theory_research/corpus/20260911-164807_defining-each-component-of-the-tuple-k-s-m-i-a.md
F1744	Sep 11 16:48 docs/knowledgeos/brainstorming/knowledgeos_theory_research/corpus/20260911-164810_define-the-abstract-state-space-s-before-its-contents.md
F1745	Sep 11 16:50 docs/knowledgeos/brainstorming/knowledgeos_theory_research/corpus/20260911-165002_redefining-rk-if-k-is-an-infinite-probabilistic-space.md
F1746	Sep 11 16:51 docs/knowledgeos/brainstorming/knowledgeos_theory_research/corpus/20260911-165106_missing-derivations-knowledge-is-not-itself-probabilistic.md
F1747	Sep 11 16:52 docs/knowledgeos/brainstorming/knowledgeos_theory_research/corpus/20260911-165200_note-on-which-uploaded-files-are-readable-in-conversation.md
F1748	Sep 11 16:55 docs/knowledgeos/brainstorming/knowledgeos_theory_research/corpus/20260911-165535_gap-should-not-be-defined-as-it-minus-kt.md
F1749	Sep 11 16:57 docs/knowledgeos/brainstorming/knowledgeos_theory_research/corpus/20260911-165758_knowledge-at-ideal-state-the-field-of-arguments.md
F1750	Sep 11 16:59 docs/knowledgeos/brainstorming/knowledgeos_theory_research/corpus/20260911-165920_gap-should-not-be-defined-as-it-minus-kt-dup.md
F1751	Sep 11 17:00 docs/knowledgeos/brainstorming/knowledgeos_theory_research/corpus/20260911-170005_satisfaction-defined-by-requirement-class-not-one-predicate.md
F1752	Sep 11 17:01 docs/knowledgeos/brainstorming/knowledgeos_theory_research/corpus/20260911-170131_zero-document-strong-correction-but-claims-ahead-of-experiments.md
F1753	Sep 11 17:02 docs/knowledgeos/brainstorming/knowledgeos_theory_research/corpus/20260911-170222_epistemic-closure-as-a-state-transition-event-not-zero-itself.md
F1754	Sep 11 17:03 docs/knowledgeos/brainstorming/knowledgeos_theory_research/corpus/20260911-170353_g-experiment-review-logical-and-reporting-issues-in-d-0.md
F1755	Sep 11 17:05 docs/knowledgeos/brainstorming/knowledgeos_theory_research/corpus/20260911-170533_sept2-corpus-0720-to-1045-the-gap-to-kernel-transition.md
F1756	Sep 11 17:07 docs/knowledgeos/brainstorming/knowledgeos_theory_research/corpus/20260911-170728_sept2-corpus-1106-to-1307-two-divergent-trajectories.md
F1757	Sep 11 17:09 docs/knowledgeos/brainstorming/knowledgeos_theory_research/corpus/20260911-170947_sept2-corpus-1307-development-history-methodological-maturation.md
F1758	Sep 11 17:19 docs/knowledgeos/brainstorming/knowledgeos_theory_research/corpus/20260911-171959_contradiction-evaluation-domain-zero-and-factivity-ordering.md
F1759	Sep 11 17:22 docs/knowledgeos/brainstorming/knowledgeos_theory_research/corpus/20260911-172256_sept2-corpus-from-1430-the-failure-of-the-attempted-closure.md
F1760	Sep 11 17:25 docs/knowledgeos/brainstorming/knowledgeos_theory_research/corpus/20260911-172530_the-repeated-cycle-of-premature-closure-audit-retraction.md
F1761	Sep 11 17:28 docs/knowledgeos/brainstorming/knowledgeos_theory_research/corpus/20260911-172853_the-v1-3-closure-was-explicitly-rejected-as-an-adopted-state.md
F1762	Sep 11 17:30 docs/knowledgeos/brainstorming/knowledgeos_theory_research/corpus/20260911-173035_kernel-folder-corpus-converged-172-files-read.md
F1763	Sep 11 17:33 docs/knowledgeos/brainstorming/knowledgeos_theory_research/corpus/20260911-173306_sept2-from-1700-the-v1-3-closure-attempt-and-its-failure.md
F1764	Sep 11 17:35 docs/knowledgeos/brainstorming/mathematical_ideas_that_can_be_implemented/20260911-173537_review-consolidation-as-senior-statistician-dup.md
F1765	Sep 11 17:37 docs/knowledgeos/brainstorming/mathematical_ideas_that_can_be_implemented/20260911-173745_priority-order-derive-the-mathematical-semantics-of-eval-first.md
F1766	Sep 11 17:40 docs/knowledgeos/brainstorming/mathematical_ideas_that_can_be_implemented/20260911-174009_candidate-derivation-does-not-yet-solve-eval-to-det.md
F1767	Sep 11 17:42 docs/knowledgeos/brainstorming/knowledgeos_theory_research/corpus/20260901-161624_next-prompt-repair-verify-freeze-checkpoint-0080-0094.md
F1768	Sep 11 17:46 docs/knowledgeos/brainstorming/mathematical_ideas_that_can_be_implemented/20260911-174632_fde-is-probably-not-the-foundation-three-corrections.md
F1769	Sep 11 17:49 docs/knowledgeos/brainstorming/mathematical_ideas_that_can_be_implemented/20260911-174914_knowledgeos-mathematical-theory-completion-derivation-programme.md
F1770	Sep 11 17:51 docs/knowledgeos/brainstorming/mathematical_ideas_that_can_be_implemented/20260911-175134_knowledgeos-mathematical-theory-completion-derivation-programme-dup.md
F1771	Sep 11 17:53 docs/knowledgeos/brainstorming/mathematical_ideas_that_can_be_implemented/20260911-175313_d1_mathematical-derivation-of-distinction.md
F1772	Sep 11 18:00 docs/knowledgeos/brainstorming/mathematical_ideas_that_can_be_implemented/20260911-180019_d2_formal-mathematical-derivation-of-preservation.md
F1773	Sep 11 18:00 docs/knowledgeos/brainstorming/mathematical_ideas_that_can_be_implemented/20260911-180021_d3_formal-derivation-of-minimal-polarity-and-epistemic-alternatives.md
F1774	Sep 11 18:17 docs/knowledgeos/brainstorming/knowledgeos_theory_research/corpus/20260911-181755_algebra-notes-read-with-d3-in-mind.md
F1775	Sep 11 18:18 docs/knowledgeos/brainstorming/knowledgeos_theory_research/corpus/20260911-181811_d3-minimal-representation-and-carrier-algebra-formal-closure.md
F1776	Sep 11 18:22 docs/knowledgeos/brainstorming/knowledgeos_theory_research/corpus/20260911-182249_d3-closure-evaluated-not-ratified-as-written.md
F1777	Sep 11 18:24 docs/knowledgeos/brainstorming/knowledgeos_theory_research/corpus/20260911-182439_epistemic-status-carrier-from-operational-distinguishability.md
F1778	Sep 11 18:28 docs/knowledgeos/brainstorming/knowledgeos_theory_research/corpus/20260911-182835_d4-quotient-driven-evaluation-factorization-framework.md
F1779	Sep 11 18:30 docs/knowledgeos/brainstorming/knowledgeos_theory_research/corpus/20260911-183008_d3-to-k-bridge-step-273-not-yet-proven.md
F1780	Sep 11 18:31 docs/knowledgeos/brainstorming/knowledgeos_theory_research/corpus/20260911-183154_d3-to-k-bridge-step-273-not-yet-proven-dup.md
F1781	Sep 11 18:34 docs/knowledgeos/brainstorming/knowledgeos_theory_research/corpus/20260911-183431_use-algebraic-structure-methodology-not-algebra-as-analogy.md
F1782	Sep 11 18:36 docs/knowledgeos/brainstorming/knowledgeos_theory_research/corpus/20260911-183640_d4-improved-but-not-formally-closed.md
F1783	Sep 11 18:40 docs/knowledgeos/brainstorming/knowledgeos_theory_research/corpus/20260911-184005_lang-an-explicit-algebraic-signature-is-what-knowledgeos-lacks.md
F1784	Sep 11 18:40 docs/knowledgeos/brainstorming/knowledgeos_theory_research/corpus/20260911-184058_d5-deriving-the-minimal-carrier-kmin.md
F1785	Sep 11 18:44 docs/knowledgeos/brainstorming/knowledgeos_theory_research/corpus/20260911-184449_d5-closes-several-things-not-yet-proved.md
F1786	Sep 11 18:45 docs/knowledgeos/brainstorming/knowledgeos_theory_research/corpus/20260911-184544_d5-revision-stronger-but-k-a-r-e-not-yet-established.md
F1787	Sep 11 18:53 docs/knowledgeos/brainstorming/knowledgeos_theory_research/corpus/20260911-185343_lang-ask-which-carrier-operations-equivalences-not-which-algebra.md
F1788	Sep 11 18:56 docs/knowledgeos/brainstorming/knowledgeos_theory_research/corpus/20260911-185642_two-controlled-research-artifacts-framework-closed-results-open.md
F1789	Sep 11 19:00 docs/knowledgeos/brainstorming/knowledgeos_theory_research/corpus/20260911-190022_kmin-candidate-definable-now-minimality-not-yet-provable.md
F1790	Sep 11 19:01 docs/knowledgeos/brainstorming/knowledgeos_theory_research/corpus/20260911-190123_gap-closure-strategy-is-historical-roadmap-not-current-state.md
F1791	Sep 11 19:08 docs/knowledgeos/brainstorming/knowledgeos_theory_research/corpus/20260911-190844_candidate-architecture-jumps-to-minimum-kernel-too-quickly.md
F1792	Sep 11 19:11 docs/knowledgeos/brainstorming/knowledgeos_theory_research/corpus/20260911-191142_is-the-kernel-the-minimal-invariant-preserving-foundation.md
F1793	Sep 11 19:12 docs/knowledgeos/brainstorming/knowledgeos_theory_research/corpus/20260911-191254_is-the-kernel-the-minimal-invariant-preserving-foundation-dup.md
F1794	Sep 11 19:13 docs/knowledgeos/brainstorming/knowledgeos_theory_research/corpus/20260911-191304_probability-as-candidate-semantics-above-the-kernel.md
F1795	Sep 11 19:14 docs/knowledgeos/brainstorming/knowledgeos_theory_research/corpus/20260911-191407_is-the-kernel-the-minimal-invariant-preserving-foundation-dup2.md
F1796	Sep 11 19:15 docs/knowledgeos/brainstorming/knowledgeos_theory_research/corpus/20260911-191553_protocol-memo-with-kmin-intersection-correction.md
F1797	Sep 11 19:17 docs/knowledgeos/brainstorming/knowledgeos_theory_research/corpus/20260911-191718_protocol-memo-with-kmin-intersection-correction-dup.md
F1798	Sep 11 19:21 docs/knowledgeos/brainstorming/knowledgeos_theory_research/corpus/20260911-192112_do-not-restart-from-p0-the-probabilistic-hypothesis-is-established.md
F1799	Sep 11 19:21 docs/knowledgeos/brainstorming/knowledgeos_theory_research/corpus/20260911-192148_kmin-det-vs-kmin-prob-as-a-direct-test-of-kernel-minimality.md
F1800	Sep 11 19:23 docs/knowledgeos/brainstorming/knowledgeos_theory_research/corpus/20260911-192319_p6-direction-with-two-mathematical-corrections.md
F1801	Sep 11 19:24 docs/knowledgeos/brainstorming/knowledgeos_theory_research/corpus/20260911-192429_tightened-p6-scaffold-fixing-the-collapse-to-dirac-error.md
F1802	Sep 11 19:25 docs/knowledgeos/brainstorming/knowledgeos_theory_research/corpus/20260911-192504_transition-embedding-fix-and-falsification-standard-for-kmin.md
F1803	Sep 11 19:26 docs/knowledgeos/brainstorming/knowledgeos_theory_research/corpus/20260911-192600_p6-direction-with-two-mathematical-corrections-extended.md
F1804	Sep 11 19:26 docs/knowledgeos/brainstorming/knowledgeos_theory_research/corpus/20260911-192608_p6-direction-with-two-mathematical-corrections-dup.md
F1805	Sep 11 19:32 docs/knowledgeos/brainstorming/knowledgeos_theory_research/corpus/20260911-193235_topological-vector-spaces-give-vocabulary-not-structure.md
F1806	Sep 11 19:41 docs/knowledgeos/brainstorming/knowledgeos_theory_research/corpus/20260911-194112_topological-vector-spaces-give-vocabulary-not-structure-extended.md
F1807	Sep 11 19:41 docs/knowledgeos/brainstorming/knowledgeos_theory_research/corpus/20260911-194142_topology-as-a-toolkit-to-derive-minimal-structure-from-observability.md
F1808	Sep 11 19:48 docs/knowledgeos/brainstorming/knowledgeos_theory_research/corpus/20260911-194830_rewrite-separating-source-terms-from-useful-structures.md
F1809	Sep 11 19:55 docs/knowledgeos/brainstorming/knowledgeos_theory_research/corpus/20260911-195546_rewrite-separating-source-terms-from-useful-structures-dup.md
F1810	Sep 11 19:56 docs/knowledgeos/brainstorming/knowledgeos_theory_research/corpus/20260911-195616_extract-primitive-mathematical-concepts-not-whole-structures.md
F1811	Sep 11 19:59 docs/knowledgeos/brainstorming/knowledgeos_theory_research/corpus/20260911-195912_d4-5-executable-but-the-specification-not-ratified-as-written.md
F1812	Sep 11 20:21 docs/knowledgeos/brainstorming/knowledgeos_theory_research/corpus/20260911-202142_bogachev-smolyanov-against-the-dimension-reduction-problem.md
F1813	Sep 11 20:22 docs/knowledgeos/brainstorming/knowledgeos_theory_research/corpus/20260911-202209_new-document-compatible-with-bogachev-but-not-the-same-theory.md
F1814	Sep 11 20:23 docs/knowledgeos/brainstorming/knowledgeos_theory_research/corpus/20260911-202313_second-document-matches-bogachev-do-not-identify-kt-with-the-quotient.md
F1815	Sep 11 20:24 docs/knowledgeos/brainstorming/knowledgeos_theory_research/corpus/20260911-202411_d7-purification-functional-and-epistemic-partial-ordering.md
F1816	Sep 11 20:41 docs/knowledgeos/brainstorming/knowledgeos_theory_research/corpus/20260911-204133_integrated-theory-review-mt-dimensional-probabilistic-formulation.md
F1817	Sep 11 20:43 docs/knowledgeos/brainstorming/knowledgeos_theory_research/corpus/20260911-204353_bogachev-smolyanov-against-the-dimension-reduction-problem-dup.md
F1818	Sep 11 20:44 docs/knowledgeos/brainstorming/knowledgeos_theory_research/corpus/20260911-204452_new-document-compatible-with-bogachev-but-not-the-same-theory-dup.md
F1819	Sep 11 20:45 docs/knowledgeos/brainstorming/knowledgeos_theory_research/corpus/20260911-204554_second-document-matches-bogachev-do-not-identify-kt-with-the-quotient-dup.md
F1820	Sep 11 20:46 docs/knowledgeos/brainstorming/knowledgeos_theory_research/corpus/20260911-204631_definition-audit-central-terms-still-informally-defined.md
F1821	Sep 11 20:47 docs/knowledgeos/brainstorming/knowledgeos_theory_research/corpus/20260911-204735_kt-as-mt-dimensional-probabilistic-space-closes-a-definition-gap.md
F1822	Sep 11 20:48 docs/knowledgeos/brainstorming/knowledgeos_theory_research/corpus/20260911-204802_core-kt-definition-now-close-to-closed.md
F1823	Sep 11 20:48 docs/knowledgeos/brainstorming/knowledgeos_theory_research/corpus/20260911-204820_observation-should-not-yet-be-defined-as-a-vector-or-tuple.md
F1824	Sep 11 20:48 docs/knowledgeos/brainstorming/knowledgeos_theory_research/corpus/20260911-204856_integrated-research-model-set-based-kt-no-longer-consistent.md
F1825	Sep 11 21:00 docs/knowledgeos/brainstorming/knowledgeos_theory_research/corpus/20260911-210024_bogachev-chapters-1-3-and-5-to-improve-the-architecture.md
F1826	Sep 11 21:19 docs/knowledgeos/brainstorming/knowledgeos_theory_research/corpus/20260911-211942_theory-lacks-a-specified-carrier-before-closure-can-be-claimed.md
F1827	Sep 11 21:28 docs/knowledgeos/brainstorming/mathematical_ideas_that_can_be_implemented/20260907-071600_investigation-path-graph-formalization-and-convergence-theorem-critique.md
F1828	Sep 11 21:46 docs/knowledgeos/brainstorming/knowledgeos_theory_research/corpus/20260911-214604_knowledgeos-as-typed-computational-epistemic-system-not-one-algebraic-space.md
F1829	Sep 11 22:21 docs/knowledgeos/brainstorming/knowledgeos_theory_research/corpus/20260911-222102_fredholm-theory-and-a-stronger-architectural-move.md
F1830	Sep 11 22:23 docs/knowledgeos/brainstorming/knowledgeos_theory_research/corpus/20260911-222359_question-1-the-general-epistemic-state-of-knowledgeos.md
F1831	Sep 11 22:27 docs/knowledgeos/brainstorming/knowledgeos_theory_research/corpus/20260911-222758_question-2-what-a-discriminative-dimension-is.md
F1832	Sep 11 22:31 docs/knowledgeos/brainstorming/knowledgeos_theory_research/corpus/20260911-223137_question-3-the-value-of-a-dimension-and-how-it-is-measured.md
F1833	Sep 11 22:35 docs/knowledgeos/brainstorming/knowledgeos_theory_research/corpus/20260911-223546_question-4-what-information-the-representation-collapses.md
F1834	Sep 11 22:42 docs/knowledgeos/brainstorming/knowledgeos_theory_research/corpus/20260911-224230_question-6-the-minimal-faithful-carrier.md
F1835	Sep 11 22:43 docs/knowledgeos/brainstorming/knowledgeos_theory_research/corpus/20260911-224331_question-7-transformations-that-preserve-faithfulness.md
F1836	Sep 13 17:43 docs/knowledgeos/brainstorming/knowledgeos_theory_research/corpus/20260913-174343_shannon-weaver-as-a-source-for-knowledgeos-theory.md
F1837	Sep 13 17:44 docs/knowledgeos/brainstorming/knowledgeos_theory_research/corpus/20260913-174427_shannon-weaver-as-a-source-for-knowledgeos-theory-dup.md
F1838	Sep 13 17:45 docs/knowledgeos/brainstorming/knowledgeos_theory_research/corpus/20260913-174503_reading-programme-eight-knowledge-areas-for-the-next-phase.md
F1839	Sep 13 17:46 docs/knowledgeos/brainstorming/knowledgeos_theory_research/corpus/20260913-174630_programme-must-change-mode-to-structural-synthesis-and-reduction.md
F1840	Sep 13 17:56 docs/knowledgeos/brainstorming/knowledgeos_theory_research/corpus/20260913-175602_gardenfors-knowledge-in-flux-against-q71-q72-and-valid-r.md
F1841	Sep 13 18:35 docs/knowledgeos/brainstorming/knowledgeos_theory_research/corpus/20260913-183505_shafer-gives-evidence-mathematics-gardenfors-gives-dynamics.md
F1842	Sep 13 18:50 docs/knowledgeos/brainstorming/knowledgeos_theory_research/corpus/20260913-185027_q73-shafer-evidential-support-versus-the-knowledgeos-state.md
F1843	Sep 13 19:02 docs/knowledgeos/brainstorming/knowledgeos_theory_research/corpus/20260913-190211_q73-as-four-artifacts-an-advance-with-one-correction.md
F1844	Sep 13 19:02 docs/knowledgeos/brainstorming/knowledgeos_theory_research/corpus/20260913-190259_q73-reviewed-as-four-reviewers-one-structural-mistake.md
F1845	Sep 13 19:28 docs/knowledgeos/brainstorming/knowledgeos_theory_research/corpus/20260913-192828_q74-state-sufficiency-after-the-q73-audit.md
F1846	Sep 13 19:42 docs/knowledgeos/brainstorming/knowledgeos_theory_research/corpus/20260913-194218_q74-1-what-makes-a-continuation-epistemically-admissible.md
F1847	Sep 13 19:59 docs/knowledgeos/brainstorming/knowledgeos_theory_research/corpus/20260913-195913_jaynes-gives-no-probability-layer-to-add-to-knowledgeos.md
F1848	Sep 13 20:47 docs/knowledgeos/brainstorming/knowledgeos_theory_research/corpus/20260913-204738_attachment-overextends-analogies-against-the-q72-q74-baseline.md
F1849	Sep 13 21:08 docs/knowledgeos/brainstorming/knowledgeos_theory_research/corpus/20260913-210820_rejecting-the-six-operation-nexus-minimal-set-claim.md
F1850	Sep 14 16:12 docs/knowledgeos/brainstorming/knowledgeos_theory_research/corpus/20260914-161223_siva-svarodaya-rai-edition-against-q-d4-5-12-b-operation-equivalence.md
F1851	Sep 14 16:13 docs/knowledgeos/brainstorming/knowledgeos_theory_research/corpus/20260914-161336_zero-as-epistemic-reference-ddd-theoretical-refinement.md
F1852	Sep 14 19:20 docs/knowledgeos/brainstorming/knowledgeos_theory_research/corpus/20260914-192012_extracting-khinchin-facts-for-knowledgeos.md
F1853	Sep 14 19:20 docs/knowledgeos/brainstorming/knowledgeos_theory_research/corpus/20260914-192032_extracting-abstract-algebra-debonis-for-knowledgeos.md
F1854	Sep 14 19:20 docs/knowledgeos/brainstorming/knowledgeos_theory_research/corpus/20260914-192057_review-and-rewrite-abstract-algebra-extraction.md
F1855	Sep 14 19:21 docs/knowledgeos/brainstorming/knowledgeos_theory_research/corpus/20260914-192110_analysis-of-q-d4-5-12-f-and-solution-path.md
F1856	Sep 14 19:21 docs/knowledgeos/brainstorming/knowledgeos_theory_research/corpus/20260914-192130_optimization-of-the-q-d4-5-12-g-prime-derivation.md
F1857	Sep 14 19:21 docs/knowledgeos/brainstorming/knowledgeos_theory_research/corpus/20260914-192148_extraction-from-matsumura-commutative-algebra.md
F1858	Sep 14 19:22 docs/knowledgeos/brainstorming/knowledgeos_theory_research/corpus/20260914-192209_q-d4-5-12-i-validation-and-premise-test.md
F1859	Sep 14 19:22 docs/knowledgeos/brainstorming/knowledgeos_theory_research/corpus/20260914-192243_q-d4-5-12-j-prime-the-minimal-additional-structure.md
F1860	Sep 14 19:22 docs/knowledgeos/brainstorming/knowledgeos_theory_research/corpus/20260914-192258_q-d4-5-12-k-prime-integration-of-zero.md
F1861	Sep 14 19:23 docs/knowledgeos/brainstorming/knowledgeos_theory_research/corpus/20260914-192339_mathematics-of-the-yoni-zero-framework.md
F1862	Sep 14 19:24 docs/knowledgeos/brainstorming/knowledgeos_theory_research/corpus/20260914-192411_zero-as-epistemic-reference-ddd-theoretical-refinement-dup.md
F1863	Sep 14 19:25 docs/knowledgeos/brainstorming/knowledgeos_theory_research/corpus/20260914-192511_records-and-order-statistics-book-is-not-a-direct-source.md
F1864	Sep 14 19:33 docs/knowledgeos/brainstorming/knowledgeos_theory_research/corpus/20260914-193317_d1-the-mathematical-object-of-distinction.md
F1865	Sep 14 19:33 docs/knowledgeos/brainstorming/knowledgeos_theory_research/corpus/20260914-193348_define-the-kernel-by-problem-boundary-and-invariants-extended.md
F1866	Sep 14 19:36 docs/knowledgeos/brainstorming/knowledgeos_theory_research/corpus/20260914-193656_verification-book-vs-optimized-formulation-over-attribution.md
F1867	Sep 14 19:37 docs/knowledgeos/brainstorming/knowledgeos_theory_research/corpus/20260914-193733_next-question-after-verifying-the-nevzorov-records-book.md
F1868	Sep 14 19:37 docs/knowledgeos/brainstorming/knowledgeos_theory_research/corpus/20260914-193754_q-d4-5-12-c-mean-operation-equivalence-congruence-composition.md
F1869	Sep 14 19:38 docs/knowledgeos/brainstorming/knowledgeos_theory_research/corpus/20260914-193821_q-d4-5-12-d-minimal-operation-basis-admissible-fragment.md
F1870	Sep 14 19:41 docs/knowledgeos/brainstorming/knowledgeos_theory_research/corpus/20260914-194103_no-book-needed-for-q-d4-5-12-e-nexus-minimal-generating-set.md
F1871	Sep 14 19:41 docs/knowledgeos/brainstorming/knowledgeos_theory_research/corpus/20260914-194135_q-d4-5-12-e-minimal-generating-set-nexus-admissible-fragment.md
F1872	Sep 14 19:42 docs/knowledgeos/brainstorming/knowledgeos_theory_research/corpus/20260914-194205_q-d4-5-12-f-minimal-representation-state-terms-derived-minimal-basis.md
F1873	Sep 14 19:42 docs/knowledgeos/brainstorming/knowledgeos_theory_research/corpus/20260914-194225_q-d4-5-12-g-ddd-aggregate-boundary-minimal-representation.md
F1874	Sep 14 19:42 docs/knowledgeos/brainstorming/knowledgeos_theory_research/corpus/20260914-194252_q-d4-5-12-h-kernel-tested-nexus-fragment.md
F1875	Sep 14 19:43 docs/knowledgeos/brainstorming/knowledgeos_theory_research/corpus/20260914-194309_q-d4-5-12-i-kernel-invariant-choice-minimal-basis.md
F1876	Sep 14 19:43 docs/knowledgeos/brainstorming/knowledgeos_theory_research/corpus/20260914-194326_q-d4-5-12-j-kernel-compositional-problem-specifications.md
F1877	Sep 14 19:43 docs/knowledgeos/brainstorming/knowledgeos_theory_research/corpus/20260914-194341_q-d4-5-12-k-universal-kernel-knowledgeos-domains.md
F1878	Sep 14 19:44 docs/knowledgeos/brainstorming/knowledgeos_theory_research/corpus/20260914-194404_q-d4-5-12-l-category-theory-contribute-knowledgeos-research-programme.md
F1879	Sep 14 19:44 docs/knowledgeos/brainstorming/knowledgeos_theory_research/corpus/20260914-194424_q-d4-5-12-l-left-adjoint-forgetful-functor.md
F1880	Sep 14 19:44 docs/knowledgeos/brainstorming/knowledgeos_theory_research/corpus/20260914-194443_q-d4-5-12-m-relationship-between-adjunction-yoneda-embedding.md
F1881	Sep 14 19:46 docs/knowledgeos/brainstorming/knowledgeos_theory_research/corpus/20260914-194637_q-d4-5-12-n-conditions-knowledgeos-yoneda-theorem-generalize-beyond-tested-nexus-fragment.md
F1882	Sep 14 19:46 docs/knowledgeos/brainstorming/knowledgeos_theory_research/corpus/20260914-194655_q-d4-5-12-o-ddd-aggregate-structure-induced-universal-yoneda-theorem.md
F1883	Sep 14 19:47 docs/knowledgeos/brainstorming/knowledgeos_theory_research/corpus/20260914-194718_q-d4-5-12-p-lattice-theory-contribute-knowledgeos-research-programme.md
F1884	Sep 14 19:48 docs/knowledgeos/brainstorming/knowledgeos_theory_research/corpus/20260914-194848_q-d4-5-12-q-knowledgeos-aggregate-distributive-lattice.md
F1885	Sep 14 19:49 docs/knowledgeos/brainstorming/knowledgeos_theory_research/corpus/20260914-194906_q-d4-5-12-r-explicit-boolean-structure-kernel.md
F1886	Sep 14 19:49 docs/knowledgeos/brainstorming/knowledgeos_theory_research/corpus/20260914-194924_q-d4-5-12-s-how-do-primitive-operations-relate-boolean-kernel-structure.md
F1887	Sep 14 19:49 docs/knowledgeos/brainstorming/knowledgeos_theory_research/corpus/20260914-194940_q-d4-5-12-t-universal-kernel-arbitrary-knowledgeos-domains-beyond-tested-fragment.md
F1888	Sep 14 19:49 docs/knowledgeos/brainstorming/knowledgeos_theory_research/corpus/20260914-194952_q-d4-5-12-u-how-do-regimes-extend-boolean-kernel-probabilistic-non-boolean-domains.md
F1889	Sep 14 19:50 docs/knowledgeos/brainstorming/knowledgeos_theory_research/corpus/20260914-195014_q-d4-5-12-v-how-do-multiple-regimes-integrate-into-single-kernel.md
F1890	Sep 14 19:50 docs/knowledgeos/brainstorming/knowledgeos_theory_research/corpus/20260914-195039_q-d4-5-12-w-categorical-structure-multi-regime-integration.md
F1891	Sep 14 19:50 docs/knowledgeos/brainstorming/knowledgeos_theory_research/corpus/20260914-195059_book-extraction-mac-lane-moerdijk-sheaves-and-next-question.md
F1892	Sep 14 19:51 docs/knowledgeos/brainstorming/knowledgeos_theory_research/corpus/20260914-195120_q-d4-5-12-v-are-points-universal-kernel.md
F1893	Sep 14 20:10 docs/knowledgeos/brainstorming/knowledgeos_theory_research/corpus/20260914-201011_bogachev-smolyanov-extraction-of-tvs-core-theory.md
F1894	Sep 14 20:10 docs/knowledgeos/brainstorming/knowledgeos_theory_research/corpus/20260914-201035_using-bogachev-smolyanov-dimension-reduction-problems.md
F1895	Sep 14 20:10 docs/knowledgeos/brainstorming/knowledgeos_theory_research/corpus/20260914-201058_knowledgeos-research-programme-baseline-audit-next-question-selection.md
F1896	Sep 14 20:11 docs/knowledgeos/brainstorming/knowledgeos_theory_research/corpus/20260914-201111_iteration-02-missing-architecture.md
F1897	Sep 14 20:11 docs/knowledgeos/brainstorming/knowledgeos_theory_research/corpus/20260914-201131_iteration-03-baseline-audit-post-q-b-with-geo-3-4.md
F1898	Sep 14 20:11 docs/knowledgeos/brainstorming/knowledgeos_theory_research/corpus/20260914-201147_iteration-04-identification-missing-architecture.md
F1899	Sep 14 20:12 docs/knowledgeos/brainstorming/knowledgeos_theory_research/corpus/20260914-201208_iteration-05-q-d2-correctly-placed.md
F1900	Sep 14 20:12 docs/knowledgeos/brainstorming/knowledgeos_theory_research/corpus/20260914-201239_iteration-06-q-c2-replay-certification-natural-transformation.md
F1901	Sep 14 20:13 docs/knowledgeos/brainstorming/knowledgeos_theory_research/corpus/20260914-201312_iteration-07-identification-missing-architecture.md
F1902	Sep 14 20:13 docs/knowledgeos/brainstorming/knowledgeos_theory_research/corpus/20260914-201327_iteration-08-identification-missing-architecture.md
F1903	Sep 14 20:13 docs/knowledgeos/brainstorming/knowledgeos_theory_research/corpus/20260914-201341_iteration-09-identification-missing-architecture.md
F1904	Sep 14 20:14 docs/knowledgeos/brainstorming/knowledgeos_theory_research/corpus/20260914-201401_iteration-10-right-question-discipline.md
F1905	Sep 14 20:14 docs/knowledgeos/brainstorming/knowledgeos_theory_research/corpus/20260914-201413_iteration-11-q-e4-right-question.md
F1906	Sep 14 20:14 docs/knowledgeos/brainstorming/knowledgeos_theory_research/corpus/20260914-201448_iteration-12-validation-q-e4-ii.md
F1907	Sep 14 20:15 docs/knowledgeos/brainstorming/knowledgeos_theory_research/corpus/20260914-201504_iteration-13-validation-q-e4-ii-next-question.md
F1908	Sep 14 20:15 docs/knowledgeos/brainstorming/knowledgeos_theory_research/corpus/20260914-201521_iteration-14-validation-next-question.md
F1909	Sep 14 20:15 docs/knowledgeos/brainstorming/knowledgeos_theory_research/corpus/20260914-201542_iteration-15-validation-q-l4-1.md
F1910	Sep 14 20:16 docs/knowledgeos/brainstorming/knowledgeos_theory_research/corpus/20260914-201600_iteration-16-validation-q-l4-1.md
F1911	Sep 14 20:16 docs/knowledgeos/brainstorming/knowledgeos_theory_research/corpus/20260914-201631_iteration-17-validation-q-l4-1.md
F1912	Sep 14 20:16 docs/knowledgeos/brainstorming/knowledgeos_theory_research/corpus/20260914-201647_iteration-18-validation-q-l4-1.md
F1913	Sep 14 20:16 docs/knowledgeos/brainstorming/knowledgeos_theory_research/corpus/20260914-201658_iteration-19-validation-q-zoom-2.md
F1914	Sep 14 20:17 docs/knowledgeos/brainstorming/knowledgeos_theory_research/corpus/20260914-201709_iteration-20-validation-q-zoom-2.md
F1915	Sep 14 20:17 docs/knowledgeos/brainstorming/knowledgeos_theory_research/corpus/20260914-201720_iteration-21-validation-q-zoom-2-vs-hypothesis-h.md
F1916	Sep 14 20:17 docs/knowledgeos/brainstorming/knowledgeos_theory_research/corpus/20260914-201739_iteration-22-validation-q-zoom-2.md
F1917	Sep 14 20:17 docs/knowledgeos/brainstorming/knowledgeos_theory_research/corpus/20260914-201757_iteration-23-validation-q-zoom-2.md
F1918	Sep 14 20:18 docs/knowledgeos/brainstorming/knowledgeos_theory_research/corpus/20260914-201812_iteration-24-validation-q-zoom-2.md
F1919	Sep 14 20:18 docs/knowledgeos/brainstorming/knowledgeos_theory_research/corpus/20260914-201831_iteration-25-validation-q-zoom-2.md
F1920	Sep 14 20:18 docs/knowledgeos/brainstorming/knowledgeos_theory_research/corpus/20260914-201848_iteration-26-validation-q-zoom-2-refined.md
F1921	Sep 14 20:19 docs/knowledgeos/brainstorming/knowledgeos_theory_research/corpus/20260914-201909_iteration-27-validation-q-zoom-2-refined.md
F1922	Sep 14 20:19 docs/knowledgeos/brainstorming/knowledgeos_theory_research/corpus/20260914-201922_iteration-28-validation-q-kernel-home.md
F1923	Sep 14 20:19 docs/knowledgeos/brainstorming/knowledgeos_theory_research/corpus/20260914-201941_iteration-29-validation-q-kernel-home.md
F1924	Sep 14 20:19 docs/knowledgeos/brainstorming/knowledgeos_theory_research/corpus/20260914-201956_iteration-30-validation-q-kernel-home.md
F1925	Sep 14 20:20 docs/knowledgeos/brainstorming/knowledgeos_theory_research/corpus/20260914-202011_iteration-31-validation-q-kernel-home.md
F1926	Sep 14 20:20 docs/knowledgeos/brainstorming/knowledgeos_theory_research/corpus/20260914-202025_iteration-32-validation-q-kernel-home-given-yoni-lens.md
F1927	Sep 14 20:20 docs/knowledgeos/brainstorming/knowledgeos_theory_research/corpus/20260914-202038_iteration-33-validation-q-kernel-home.md
F1928	Sep 14 20:20 docs/knowledgeos/brainstorming/knowledgeos_theory_research/corpus/20260914-202050_iteration-34-validation-q-kernel-home-given-zero-lens.md
F1929	Sep 14 20:21 docs/knowledgeos/brainstorming/knowledgeos_theory_research/corpus/20260914-202105_iteration-35-validation-q-kernel-home.md
F1930	Sep 14 20:21 docs/knowledgeos/brainstorming/knowledgeos_theory_research/corpus/20260914-202118_iteration-36-validation-q-kernel-home.md
F1931	Sep 14 20:21 docs/knowledgeos/brainstorming/knowledgeos_theory_research/corpus/20260914-202129_iteration-37-validation-q-kernel-home-refined.md
F1932	Sep 14 20:21 docs/knowledgeos/brainstorming/knowledgeos_theory_research/corpus/20260914-202146_iteration-38-meta-audit-and-q-terminal-execution.md
F1933	Sep 14 20:21 docs/knowledgeos/brainstorming/knowledgeos_theory_research/corpus/20260914-202157_iteration-39-final-audit-q-kernel-home-refined.md
F1934	Sep 14 20:22 docs/knowledgeos/brainstorming/knowledgeos_theory_research/corpus/20260914-202208_iteration-40-final-pre-execution-audit.md
F1935	Sep 14 20:22 docs/knowledgeos/brainstorming/knowledgeos_theory_research/corpus/20260914-202222_iteration-41-validation-q-hierarchy.md
F1936	Sep 14 20:22 docs/knowledgeos/brainstorming/knowledgeos_theory_research/corpus/20260914-202234_iteration-42-validation-q-hierarchy-redux.md
F1937	Sep 14 20:22 docs/knowledgeos/brainstorming/knowledgeos_theory_research/corpus/20260914-202253_iteration-43-validation-lord-lens-intervene.md
F1938	Sep 14 20:23 docs/knowledgeos/brainstorming/knowledgeos_theory_research/corpus/20260914-202306_iteration-44-validation-q-ddd-boundary.md
F1939	Sep 14 20:23 docs/knowledgeos/brainstorming/knowledgeos_theory_research/corpus/20260914-202318_iteration-45-validation-q-discriminative.md
F1940	Sep 14 20:23 docs/knowledgeos/brainstorming/knowledgeos_theory_research/corpus/20260914-202334_iteration-46-validation-q-l2-75-type.md
F1941	Sep 14 20:23 docs/knowledgeos/brainstorming/knowledgeos_theory_research/corpus/20260914-202347_iteration-47-validation-q-causal.md
F1942	Sep 14 20:24 docs/knowledgeos/brainstorming/knowledgeos_theory_research/corpus/20260914-202404_iteration-48-validation-q-consolidation.md
F1943	Sep 14 20:31 docs/knowledgeos/brainstorming/knowledgeos_theory_research/corpus/20260914-203118_review-of-the-eight-theorems-formal-specification.md
F1944	Sep 14 20:31 docs/knowledgeos/brainstorming/knowledgeos_theory_research/corpus/20260914-203133_refinement-where-the-theory-is-mathematically-under-specified.md
F1945	Sep 14 20:31 docs/knowledgeos/brainstorming/knowledgeos_theory_research/corpus/20260914-203146_synthesis-into-a-rigorous-mathematical-architecture.md
F1946	Sep 14 20:31 docs/knowledgeos/brainstorming/knowledgeos_theory_research/corpus/20260914-203158_validation-of-the-architecture-against-a-primary-source.md
F1947	Sep 14 20:32 docs/knowledgeos/brainstorming/knowledgeos_theory_research/corpus/20260914-203207_classification-of-chapter-3-concepts-validated-versus-new.md
F1948	Sep 14 20:32 docs/knowledgeos/brainstorming/knowledgeos_theory_research/corpus/20260914-203218_second-order-reflection-evidence-inference-over-construction.md
F1949	Sep 14 20:32 docs/knowledgeos/brainstorming/knowledgeos_theory_research/corpus/20260914-203229_knowledgeos-versus-rag-where-the-information-comes-from.md
F1950	Sep 14 20:32 docs/knowledgeos/brainstorming/knowledgeos_theory_research/corpus/20260914-203241_decision-option-3-the-two-level-observation-model.md
F1951	Sep 14 20:33 docs/knowledgeos/brainstorming/knowledgeos_theory_research/corpus/20260914-203302_decision-option-3-refinement.md
F1952	Sep 14 20:33 docs/knowledgeos/brainstorming/knowledgeos_theory_research/corpus/20260914-203313_decision-assertion-proven-truth.md
F1953	Sep 14 20:33 docs/knowledgeos/brainstorming/knowledgeos_theory_research/corpus/20260914-203325_computational-closure-3-evidence.md
F1954	Sep 14 20:33 docs/knowledgeos/brainstorming/knowledgeos_theory_research/corpus/20260914-203337_critique-strong-ontology-but-not-a-computationally-closed-system.md
F1955	Sep 14 20:33 docs/knowledgeos/brainstorming/knowledgeos_theory_research/corpus/20260914-203351_axioms-any-valid-assessevidence-function-must-satisfy.md
F1956	Sep 14 20:34 docs/knowledgeos/brainstorming/knowledgeos_theory_research/corpus/20260914-203451_what-to-adapt-from-a-build-an-llm-book-for-knowledgeos.md
F1957	Sep 14 20:36 docs/knowledgeos/brainstorming/knowledgeos_theory_research/corpus/20260914-203637_complete-c4-architecture-diagram-for-knowledgeos-plantuml.md
F1958	Sep 14 20:36 docs/knowledgeos/brainstorming/knowledgeos_theory_research/corpus/20260914-203648_can-application-distribution-theory-be-applied-to-knowledgeos.md
F1959	Sep 14 20:36 docs/knowledgeos/brainstorming/knowledgeos_theory_research/corpus/20260914-203659_hpa-ruling-gn-31.md
F1960	Sep 14 20:37 docs/knowledgeos/brainstorming/knowledgeos_theory_research/corpus/20260914-203715_distribution-theory-and-fourier-analysis-applied-to-knowledgeos.md
F1961	Sep 14 20:37 docs/knowledgeos/brainstorming/knowledgeos_theory_research/corpus/20260914-203730_knowledgeos-mathematical-derivation-bhagavad-g-t-chapter-4.md
F1962	Sep 14 20:37 docs/knowledgeos/brainstorming/knowledgeos_theory_research/corpus/20260914-203742_response-mathematical-audit-deepseek-s-g-t-analysis.md
F1963	Sep 14 20:37 docs/knowledgeos/brainstorming/knowledgeos_theory_research/corpus/20260914-203754_hpa-response-g-t-chapters-1-4-philosophical-test-framework.md
F1964	Sep 14 20:38 docs/knowledgeos/brainstorming/knowledgeos_theory_research/corpus/20260914-203805_hpa-response-step-272-canonical-observable-operation-universe.md
F1965	Sep 14 20:38 docs/knowledgeos/brainstorming/knowledgeos_theory_research/corpus/20260914-203824_step-276-foundational-gap-reconciliation-closure-audit.md
F1966	Sep 14 20:38 docs/knowledgeos/brainstorming/knowledgeos_theory_research/corpus/20260914-203839_hpa-response-step-276-revised-foundational-audit.md
F1967	Sep 14 20:38 docs/knowledgeos/brainstorming/knowledgeos_theory_research/corpus/20260914-203852_hpa-response-step-276-corrected-audit.md
F1968	Sep 14 20:39 docs/knowledgeos/brainstorming/knowledgeos_theory_research/corpus/20260914-203910_reading-step-273-sufficiency-and-step-274-algebra-and-closure.md
F1969	Sep 14 20:39 docs/knowledgeos/brainstorming/knowledgeos_theory_research/corpus/20260914-203928_hpa-assessment-complete-corpus-review.md
F1970	Sep 14 20:39 docs/knowledgeos/brainstorming/knowledgeos_theory_research/corpus/20260914-203944_hpa-response-independent-verdict-14.md
F1971	Sep 14 20:40 docs/knowledgeos/brainstorming/knowledgeos_theory_research/corpus/20260914-204003_hpa-ruling-gap-matrix-13-gap-matrix.md
F1972	Sep 14 20:40 docs/knowledgeos/brainstorming/knowledgeos_theory_research/corpus/20260914-204013_hpa-final-ruling-comprehete-corpus-review.md
F1973	Sep 14 20:40 docs/knowledgeos/brainstorming/knowledgeos_theory_research/corpus/20260914-204027_supervisory-oversight-gap-discovery-definition.md
F1974	Sep 14 20:40 docs/knowledgeos/brainstorming/knowledgeos_theory_research/corpus/20260914-204038_supervisory-ruling-step-272a-research-path-forward.md
F1975	Sep 14 20:40 docs/knowledgeos/brainstorming/knowledgeos_theory_research/corpus/20260914-204058_supervisory-review-step-278-policy-authority-integration.md
F1976	Sep 14 20:41 docs/knowledgeos/brainstorming/knowledgeos_theory_research/corpus/20260914-204111_supervisory-review-revised-step-278.md
F1977	Sep 14 20:41 docs/knowledgeos/brainstorming/knowledgeos_theory_research/corpus/20260914-204126_knowledgeos-complete-gap-filling-summary.md
F1978	Sep 14 20:41 docs/knowledgeos/brainstorming/knowledgeos_theory_research/corpus/20260914-204137_knowledgeos-mentor-investigation-complete.md
F1979	Sep 14 20:41 docs/knowledgeos/brainstorming/knowledgeos_theory_research/corpus/20260914-204155_hpa-review-step-278-final-policy-authority-integration.md
F1980	Sep 14 20:42 docs/knowledgeos/brainstorming/knowledgeos_theory_research/corpus/20260914-204209_supervisory-review-step-279-policy-authority-executable-implementation.md
F1981	Sep 14 20:42 docs/knowledgeos/brainstorming/knowledgeos_theory_research/corpus/20260914-204219_supervisory-analysis-second-order-session-review.md
F1982	Sep 14 20:42 docs/knowledgeos/brainstorming/knowledgeos_theory_research/corpus/20260914-204229_hpa-supervisory-ruling-step-272a-derivation-core-operation-universe.md
F1983	Sep 14 20:42 docs/knowledgeos/brainstorming/knowledgeos_theory_research/corpus/20260914-204238_supervisory-review-step-272a-derivation-minimum-epistemic-status-structure.md
F1984	Sep 14 20:42 docs/knowledgeos/brainstorming/knowledgeos_theory_research/corpus/20260914-204254_hpa-supervisory-ruling-continuation-step-279.md
F1985	Sep 14 20:43 docs/knowledgeos/brainstorming/knowledgeos_theory_research/corpus/20260914-204309_independent-review-second-order-package-gap-analysis-action-items.md
F1986	Sep 14 20:43 docs/knowledgeos/brainstorming/knowledgeos_theory_research/corpus/20260914-204328_supervisory-review-step-279-policy-authority-executable-implementation.md
F1987	Sep 14 20:43 docs/knowledgeos/brainstorming/knowledgeos_theory_research/corpus/20260914-204342_supervisory-review-step-279-revised-execution-specification.md
F1988	Sep 14 20:43 docs/knowledgeos/brainstorming/knowledgeos_theory_research/corpus/20260914-204352_supervisory-prompt-instructions-step-280-end-end-empirical-closure-test.md
F1989	Sep 14 20:44 docs/knowledgeos/brainstorming/knowledgeos_theory_research/corpus/20260914-204406_supervisory-review-step-280-end-end-empirical-closure-test.md
F1990	Sep 14 20:44 docs/knowledgeos/brainstorming/knowledgeos_theory_research/corpus/20260914-204418_hpa-supervisory-ruling-remaining-work-after-step-280.md
F1991	Sep 14 20:44 docs/knowledgeos/brainstorming/knowledgeos_theory_research/corpus/20260914-204428_hpa-final-ruling-step-280-execution-complete-ec-not-achieved.md
F1992	Sep 14 20:44 docs/knowledgeos/brainstorming/knowledgeos_theory_research/corpus/20260914-204448_supervisory-prompt-instructions-step-281-missingness-theory-revision-gap-closure-verification.md
F1993	Sep 14 20:45 docs/knowledgeos/brainstorming/knowledgeos_theory_research/corpus/20260914-204501_supervisory-review-step-281-missingness-theory-revision-gap-closure-verification.md
F1994	Sep 14 20:45 docs/knowledgeos/brainstorming/knowledgeos_theory_research/corpus/20260914-204514_supervisory-review-step-281-correction-missing-part.md
F1995	Sep 14 20:45 docs/knowledgeos/brainstorming/knowledgeos_theory_research/corpus/20260914-204529_prompt-instructions-step-281-execution-missingness-theory-revision.md
F1996	Sep 14 20:45 docs/knowledgeos/brainstorming/knowledgeos_theory_research/corpus/20260914-204550_supervisory-review-step-281-research-verdict-v1-2.md
F1997	Sep 14 20:46 docs/knowledgeos/brainstorming/knowledgeos_theory_research/corpus/20260914-204602_hpa-supervisory-review-kr-sim-2026-09-02-b-simulation-results.md
F1998	Sep 14 20:46 docs/knowledgeos/brainstorming/knowledgeos_theory_research/corpus/20260914-204612_supervisory-review-kr-sim-2026-09-02-c-d-e-factivity.md
F1999	Sep 14 20:46 docs/knowledgeos/brainstorming/knowledgeos_theory_research/corpus/20260914-204624_hpa-final-ruling-kr-sim-2026-09-02-complete-simulation-verdict.md
F2000	Sep 14 20:46 docs/knowledgeos/brainstorming/knowledgeos_theory_research/corpus/20260914-204636_hpa-supervisory-ruling-zero-lens-v1-2-breakthrough-formulation.md
F2001	Sep 14 20:47 docs/knowledgeos/brainstorming/knowledgeos_theory_research/corpus/20260914-204723_extraction-finding-zero-important-facts-knowledgeos-theorem.md
F2002	Sep 14 20:47 docs/knowledgeos/brainstorming/knowledgeos_theory_research/corpus/20260914-204735_zero-sexual-intercourse-philosophical-epistemological-analysis.md
F2003	Sep 14 20:47 docs/knowledgeos/brainstorming/knowledgeos_theory_research/corpus/20260914-204745_negative-numbers-sexual-zero-field-yoni.md
F2004	Sep 14 20:48 docs/knowledgeos/brainstorming/knowledgeos_theory_research/corpus/20260914-204800_knowledge-at-ideal-state-the-field-of-arguments-dup.md
F2005	Sep 14 20:48 docs/knowledgeos/brainstorming/knowledgeos_theory_research/corpus/20260914-204815_role-persons-sexual-field-epistemological-interpretation.md
F2006	Sep 14 20:48 docs/knowledgeos/brainstorming/knowledgeos_theory_research/corpus/20260914-204826_feelings-emotions-concentration-sexual-field-epistemological-interpretation.md
F2007	Sep 14 20:48 docs/knowledgeos/brainstorming/knowledgeos_theory_research/corpus/20260914-204836_multi-person-intercourse-epistemological-interpretation.md
F2008	Sep 14 20:48 docs/knowledgeos/brainstorming/knowledgeos_theory_research/corpus/20260914-204848_simulation-multiple-linga-one-yoni-polyphallic-inquiry.md
F2009	Sep 14 20:49 docs/knowledgeos/brainstorming/knowledgeos_theory_research/corpus/20260914-204903_knowledgeos-kernel-yoni-complete-interpretation.md
F2010	Sep 14 20:49 docs/knowledgeos/brainstorming/knowledgeos_theory_research/corpus/20260914-204915_feelings-emotions-polyphallic-field-3-linga-1-yoni.md
F2011	Sep 14 20:49 docs/knowledgeos/brainstorming/knowledgeos_theory_research/corpus/20260914-204926_simulation-1-linga-2-yoni-monophallic-polygynous-inquiry.md
F2012	Sep 14 20:49 docs/knowledgeos/brainstorming/knowledgeos_theory_research/corpus/20260914-204936_simulation-3-linga-2-yoni-polyphallic-polygynous-inquiry.md
F2013	Sep 14 20:49 docs/knowledgeos/brainstorming/knowledgeos_theory_research/corpus/20260914-204948_best-model-knowledgeos-theory-comparative-analysis.md
F2014	Sep 14 20:50 docs/knowledgeos/brainstorming/knowledgeos_theory_research/corpus/20260914-205000_yoni-lens-theory-specification-integration.md
F2015	Sep 14 20:50 docs/knowledgeos/brainstorming/knowledgeos_theory_research/corpus/20260914-205013_yoni-zero-lens-complete-epistemic-cycle.md
F2016	Sep 14 20:50 docs/knowledgeos/brainstorming/knowledgeos_theory_research/corpus/20260914-205023_linga-kernel-complementary-perspective.md
F2017	Sep 14 20:50 docs/knowledgeos/brainstorming/knowledgeos_theory_research/corpus/20260914-205033_hpa-supervisory-ruling-linga-yoni-hypothesis-complete-research-framework.md
F2018	Sep 14 20:50 docs/knowledgeos/brainstorming/knowledgeos_theory_research/corpus/20260914-205046_hpa-final-ruling-linga-yoni-experiment-complete-assessment.md
F2019	Sep 14 20:50 docs/knowledgeos/brainstorming/knowledgeos_theory_research/corpus/20260914-205057_linga-s-millions-deeper-epistemological-interpretation.md
F2020	Sep 14 20:51 docs/knowledgeos/brainstorming/knowledgeos_theory_research/corpus/20260914-205107_hpa-final-ruling-claude-s-proposed-optimized-model-comprehensive-assessment.md
F2021	Sep 14 20:51 docs/knowledgeos/brainstorming/knowledgeos_theory_research/corpus/20260914-205120_hpa-final-ruling-structure-first-framework-complete-research-path.md
F2022	Sep 14 20:51 docs/knowledgeos/brainstorming/knowledgeos_theory_research/corpus/20260914-205131_hpa-final-ruling-kr-m2o-experiment-complete-assessment.md
F2023	Sep 14 20:51 docs/knowledgeos/brainstorming/knowledgeos_theory_research/corpus/20260914-205143_probability-linga-yoni-model-complete-analysis.md
F2024	Sep 14 20:51 docs/knowledgeos/brainstorming/knowledgeos_theory_research/corpus/20260914-205155_complete-review-linga-yoni-sperms-ovum-offspring-probability-space-interpretation.md
F2025	Sep 14 20:52 docs/knowledgeos/brainstorming/knowledgeos_theory_research/corpus/20260914-205205_hilbert-space-mathematical-framework-knowledgeos.md
F2026	Sep 14 20:52 docs/knowledgeos/brainstorming/knowledgeos_theory_research/corpus/20260914-205215_hpa-supervisory-ruling-fr-001-freeze-approval.md
F2027	Sep 14 20:52 docs/knowledgeos/brainstorming/knowledgeos_theory_research/corpus/20260914-205226_hilbert-space-knowledgeos-complete-integration-assessment.md
F2028	Sep 14 20:52 docs/knowledgeos/brainstorming/knowledgeos_theory_research/corpus/20260914-205236_hpa-supervisory-review-kr-hilbert-2026-09-complete-assessment.md
F2029	Sep 14 20:52 docs/knowledgeos/brainstorming/knowledgeos_theory_research/corpus/20260914-205251_hpa-supervisory-ruling-post-hilbert-next-steps.md
F2030	Sep 14 20:53 docs/knowledgeos/brainstorming/knowledgeos_theory_research/corpus/20260914-205322_factivity-contr-three-remaining-foundational-problems.md
F2031	Sep 14 20:53 docs/knowledgeos/brainstorming/knowledgeos_theory_research/corpus/20260914-205336_knowledgeos-complete-todo-register.md
F2032	Sep 14 20:53 docs/knowledgeos/brainstorming/knowledgeos_theory_research/corpus/20260914-205353_knowledgeos-complete-todo-register-revised.md
F2033	Sep 14 20:54 docs/knowledgeos/brainstorming/knowledgeos_theory_research/corpus/20260914-205409_hpa-supervisory-ruling-lane-status-factivity-brief-next-gate.md
F2034	Sep 14 20:54 docs/knowledgeos/brainstorming/knowledgeos_theory_research/corpus/20260914-205422_hpa-supervisory-review-kr-contr-2026-09-prompt-instructions.md
F2035	Sep 14 20:54 docs/knowledgeos/brainstorming/knowledgeos_theory_research/corpus/20260914-205432_hpa-final-ruling-hilbert-space-knowledgeos-complete-decision.md
F2036	Sep 14 20:54 docs/knowledgeos/brainstorming/knowledgeos_theory_research/corpus/20260914-205442_hpa-supervisory-ruling-priest-s-non-classical-logic-extraction-integration.md
F2037	Sep 14 20:54 docs/knowledgeos/brainstorming/knowledgeos_theory_research/corpus/20260914-205452_hpa-supervisory-ruling-kr-contr-fde-2026-09-implementation-protocol.md
F2038	Sep 14 20:55 docs/knowledgeos/brainstorming/knowledgeos_theory_research/corpus/20260914-205504_knowledgeos-complete-knowledge-transfer-document-next-session.md
F2039	Sep 14 20:55 docs/knowledgeos/brainstorming/knowledgeos_theory_research/corpus/20260914-205520_hpa-supervisory-review-observational-separation-quotient-extraction.md
F2040	Sep 17 16:53 docs/knowledgeos/brainstorming/knowledgeos_theory_research/corpus/knowledge_os_with_lina_puran/20260917-165352_275-h_status-factorization-deletion-reconstruction-minimality.md
F2041	Sep 17 16:56 docs/knowledgeos/brainstorming/knowledgeos_theory_research/corpus/knowledge_os_with_lina_puran/20260917-165655_step-276_mathematical-foundation-triangulation.md
F2042	Sep 17 16:58 docs/knowledgeos/brainstorming/knowledgeos_theory_research/corpus/knowledge_os_with_lina_puran/20260917-165832_step-277_logic-gate-foundation-knowledgeos-kernel.md
F2043	Sep 17 16:59 docs/knowledgeos/brainstorming/knowledgeos_theory_research/corpus/knowledge_os_with_lina_puran/20260917-165935_step-278_typed-universal-epistemic-computation.md
F2044	Sep 17 17:00 docs/knowledgeos/brainstorming/knowledgeos_theory_research/corpus/knowledge_os_with_lina_puran/20260917-170054_step-279_kernel-irreducibility-second-order-reduction.md
F2045	Sep 17 17:01 docs/knowledgeos/brainstorming/knowledgeos_theory_research/corpus/knowledge_os_with_lina_puran/20260917-170154_step-280_event-algebra-completeness-test.md
F2046	Sep 17 17:03 docs/knowledgeos/brainstorming/knowledgeos_theory_research/corpus/knowledge_os_with_lina_puran/20260917-170345_step-281_epistemic-distinguishability-irreducibility-test.md
F2047	Sep 17 17:05 docs/knowledgeos/brainstorming/knowledgeos_theory_research/corpus/knowledge_os_with_lina_puran/20260917-170502_step-282_representation-theorem-experiment.md
F2048	Sep 17 17:07 docs/knowledgeos/brainstorming/knowledgeos_theory_research/corpus/knowledge_os_with_lina_puran/20260917-170713_step-283_type-system-irreducibility.md
F2049	Sep 17 17:08 docs/knowledgeos/brainstorming/knowledgeos_theory_research/corpus/knowledge_os_with_lina_puran/20260917-170840_step-284_epistemic-universality-test.md
F2050	Sep 17 17:10 docs/knowledgeos/brainstorming/knowledgeos_theory_research/corpus/knowledge_os_with_lina_puran/20260917-171055_step-285_relation-only-reduction-test.md
F2051	Sep 17 17:11 docs/knowledgeos/brainstorming/knowledgeos_theory_research/corpus/knowledge_os_with_lina_puran/20260917-171147_step-508_executable-satisfaction-calculus-first-knowledgeos-validation-harness.md
F2052	Sep 17 17:13 docs/knowledgeos/brainstorming/knowledgeos_theory_research/corpus/knowledge_os_with_lina_puran/20260917-171352_step-509_knowledgeos-satisfaction-benchmark-falsification-suite.md
F2053	Sep 17 17:15 docs/knowledgeos/brainstorming/knowledgeos_theory_research/corpus/knowledge_os_with_lina_puran/20260917-171538_step-286_state-event-irreducibility-test.md
F2054	Sep 17 17:16 docs/knowledgeos/brainstorming/knowledgeos_theory_research/corpus/knowledge_os_with_lina_puran/20260917-171639_step-287_law-system-irreducibility.md
F2055	Sep 17 17:18 docs/knowledgeos/brainstorming/knowledgeos_theory_research/corpus/knowledge_os_with_lina_puran/20260917-171848_step-288_semantic-contract-irreducibility.md
F2056	Sep 17 17:19 docs/knowledgeos/brainstorming/knowledgeos_theory_research/corpus/knowledge_os_with_lina_puran/20260917-171940_step-289_computational-core-irreducibility.md
F2057	Sep 17 17:25 docs/knowledgeos/brainstorming/knowledgeos_theory_research/corpus/knowledge_os_with_lina_puran/20260917-172502_step-510_judgment-calculus.md
F2058	Sep 17 17:29 docs/knowledgeos/brainstorming/knowledgeos_theory_research/corpus/knowledge_os_with_lina_puran/20260917-172933_step-290_minimal-kernel-candidate-irreducibility-matrix.md
F2059	Sep 17 18:09 docs/knowledgeos/brainstorming/knowledgeos_theory_research/corpus/knowledge_os_with_lina_puran/20260917-180953_step-511_contract-calculus-contract-irreducibility.md
F2060	Sep 17 18:26 docs/knowledgeos/brainstorming/knowledgeos_theory_research/corpus/knowledge_os_with_lina_puran/20260917-182626_step-512_requirement-discovery-completeness-boundary-unknown-unknowns.md
F2061	Sep 17 18:33 docs/knowledgeos/brainstorming/knowledgeos_theory_research/corpus/knowledge_os_with_lina_puran/20260917-183325_step-513_epistemic-completeness-assessment-falsification.md
F2062	Sep 17 18:51 docs/knowledgeos/brainstorming/knowledgeos_theory_research/corpus/knowledge_os_with_lina_puran/20260917-185125_step-450_metacognition-self-modeling-epistemic-self-awareness-introspection-self-diagnosis.md
F2063	Sep 17 18:54 docs/knowledgeos/brainstorming/knowledgeos_theory_research/corpus/knowledge_os_with_lina_puran/20260917-185415_step-451_values-preferences-utility-normative-goals-moral-uncertainty-value-alignment.md
F2064	Sep 17 18:56 docs/knowledgeos/brainstorming/knowledgeos_theory_research/corpus/knowledge_os_with_lina_puran/20260917-185642_step-452_strategic-information-incentives-signaling-deception-withholding-information-asymmetry-mechanism.md
F2065	Sep 17 18:58 docs/knowledgeos/brainstorming/knowledgeos_theory_research/corpus/knowledge_os_with_lina_puran/20260917-185826_step-453_identity-uncertainty-authentication-attribution-impersonation-sybil-resistance-entity-resolution.md
F2066	Sep 17 18:59 docs/knowledgeos/brainstorming/knowledgeos_theory_research/corpus/knowledge_os_with_lina_puran/20260917-185944_step-454_observation-fusion-sensor-fusion-measurement-theory-multi-modal-evidence.md
F2067	Sep 17 19:01 docs/knowledgeos/brainstorming/knowledgeos_theory_research/corpus/knowledge_os_with_lina_puran/20260917-190105_step-455_entity-correspondence-event-coreference-record-linkage-schema-matching-ontology.md
F2068	Sep 17 19:02 docs/knowledgeos/brainstorming/knowledgeos_theory_research/corpus/knowledge_os_with_lina_puran/20260917-190253_step-456_persistence-individuation-identity-through-change.md
F2069	Sep 17 19:17 docs/knowledgeos/brainstorming/knowledgeos_theory_research/corpus/knowledge_os_with_lina_puran/20260917-191747_step-462_knowledgeos-step-462.md
F2070	Sep 17 19:24 docs/knowledgeos/brainstorming/knowledgeos_theory_research/corpus/knowledge_os_with_lina_puran/20260917-192455_step-465_performative-prediction-endogenous-data-strategic-adaptation-goodhart-campbell-effects.md
F2071	Sep 17 19:26 docs/knowledgeos/brainstorming/knowledgeos_theory_research/corpus/knowledge_os_with_lina_puran/20260917-192630_step-466_reflexivity-self-observation-recursive-modeling-meta-models-self-modification.md
F2072	Sep 17 19:42 docs/knowledgeos/brainstorming/knowledgeos_theory_research/corpus/knowledge_os_with_lina_puran/20260917-194240_step-467_observer-perspective-subject-object-structure-measurement-context-observer-dependence.md
F2073	Sep 17 19:44 docs/knowledgeos/brainstorming/knowledgeos_theory_research/corpus/knowledge_os_with_lina_puran/20260917-194424_step-468_interpretation-meaning-semantics-context-reference-sense-ambiguity-polysemy-concept.md
F2074	Sep 17 19:46 docs/knowledgeos/brainstorming/knowledgeos_theory_research/corpus/knowledge_os_with_lina_puran/20260917-194617_step-469_type-classification-category-concept-instance-taxonomy-ontology-prototype-foundations.md
F2075	Sep 17 19:48 docs/knowledgeos/brainstorming/knowledgeos_theory_research/corpus/knowledge_os_with_lina_puran/20260917-194823_step-470_property-attribute-value-predicate-function-constraint-condition-invariant-rule.md
F2076	Sep 17 19:50 docs/knowledgeos/brainstorming/knowledgeos_theory_research/corpus/knowledge_os_with_lina_puran/20260917-195016_step-471_relation-n-ary-relation-tuple-argument-role-signature-domain.md
F2077	Sep 17 19:51 docs/knowledgeos/brainstorming/knowledgeos_theory_research/corpus/knowledge_os_with_lina_puran/20260917-195143_step-472_semantic-equivalence-meaning-identity-interpretation-equivalence-observational-equivalence-bisimulation.md
F2078	Sep 17 19:54 docs/knowledgeos/brainstorming/knowledgeos_theory_research/corpus/knowledge_os_with_lina_puran/20260917-195404_step-474_domain-universe-boundary-scope-ontological-commitment-open-closed-world.md
F2079	Sep 17 19:55 docs/knowledgeos/brainstorming/knowledgeos_theory_research/corpus/knowledge_os_with_lina_puran/20260917-195552_step-473_context-scope-perspective-environment-frame-world-situation-state-regime.md
F2080	Sep 17 19:58 docs/knowledgeos/brainstorming/knowledgeos_theory_research/corpus/knowledge_os_with_lina_puran/20260917-195828_step-475_relevance-materiality-salience-attention-accessibility-observability-search-space-candidate.md
F2081	Sep 17 19:59 docs/knowledgeos/brainstorming/knowledgeos_theory_research/corpus/knowledge_os_with_lina_puran/20260917-195950_step-476_measurement-quantification-scale-units-metrics-indicators-features-latent-variables.md
F2082	Sep 17 20:01 docs/knowledgeos/brainstorming/knowledgeos_theory_research/corpus/knowledge_os_with_lina_puran/20260917-200125_step-477_state-world-state-system-state-configuration-snapshot-event-transition.md
F2083	Sep 17 20:03 docs/knowledgeos/brainstorming/knowledgeos_theory_research/corpus/knowledge_os_with_lina_puran/20260917-200304_step-478_dynamics-change-transition-validity-invariants-constraints-conservation-process-semantics.md
F2084	Sep 17 20:06 docs/knowledgeos/brainstorming/knowledgeos_theory_research/corpus/knowledge_os_with_lina_puran/20260917-200611_step-479_time-order-sequence-concurrency-duration-interval-clock-temporal-logic.md
F2085	Sep 17 20:08 docs/knowledgeos/brainstorming/knowledgeos_theory_research/corpus/knowledge_os_with_lina_puran/20260917-200820_step-480_action-actor-agent-capability-intention-goal-intervention-control-influence.md
F2086	Sep 17 20:09 docs/knowledgeos/brainstorming/knowledgeos_theory_research/corpus/knowledge_os_with_lina_puran/20260917-200946_step-481_communication-message-signal-information-exchange-interaction-coordination-cooperation-competition.md
F2087	Sep 17 20:11 docs/knowledgeos/brainstorming/knowledgeos_theory_research/corpus/knowledge_os_with_lina_puran/20260917-201136_step-482_language-dialogue-speech-acts-assertions-questions-commands-promises-commitments.md
F2088	Sep 17 20:12 docs/knowledgeos/brainstorming/knowledgeos_theory_research/corpus/knowledge_os_with_lina_puran/20260917-201248_step-483_reference-naming-denotation-coreference-deixis-entity-linking-grounding-symbol.md
F2089	Sep 17 20:14 docs/knowledgeos/brainstorming/knowledgeos_theory_research/corpus/knowledge_os_with_lina_puran/20260917-201403_step-484_truth-factivity-truth-conditions-world-state-truth-makers-correspondence.md
F2090	Sep 17 20:15 docs/knowledgeos/brainstorming/knowledgeos_theory_research/corpus/knowledge_os_with_lina_puran/20260917-201521_step-485_existence-nonexistence-possibility-necessity-actuality-potentiality-modality-counterfactuality-possible.md
F2091	Sep 17 20:17 docs/knowledgeos/brainstorming/knowledgeos_theory_research/corpus/knowledge_os_with_lina_puran/20260917-201701_step-486_space-location-geography-topology-distance-geometry-regions-boundaries-coordinates.md
F2092	Sep 17 20:20 docs/knowledgeos/brainstorming/knowledgeos_theory_research/corpus/knowledge_os_with_lina_puran/20260917-202052_step-487_measurement-quantity-unit-dimension-magnitude-calibration-accuracy-precision-error.md
F2093	Sep 17 20:22 docs/knowledgeos/brainstorming/knowledgeos_theory_research/corpus/knowledge_os_with_lina_puran/20260917-202207_step-488_value-utility-preference-goal-benefit-cost-risk-loss-reward.md
F2094	Sep 17 20:24 docs/knowledgeos/brainstorming/knowledgeos_theory_research/corpus/knowledge_os_with_lina_puran/20260917-202443_step-489_classification-type-category-taxonomy-ontology-membership-clustering-similarity-problem.md
F2095	Sep 17 20:26 docs/knowledgeos/brainstorming/knowledgeos_theory_research/corpus/knowledge_os_with_lina_puran/20260917-202649_step-490_state-property-attribute-configuration-condition-status-snapshot-change-event.md
F2096	Sep 17 20:31 docs/knowledgeos/brainstorming/knowledgeos_theory_research/corpus/knowledge_os_with_lina_puran/20260917-203111_step-492_composition-aggregation-mereology-part-whole-containment-decomposition-assembly-dependency.md
F2097	Sep 17 20:33 docs/knowledgeos/brainstorming/knowledgeos_theory_research/corpus/knowledge_os_with_lina_puran/20260917-203304_step-491_state-equivalence-refinement-abstraction-observational-equivalence-similarity-distance-ordering.md
F2098	Sep 17 20:35 docs/knowledgeos/brainstorming/knowledgeos_theory_research/corpus/knowledge_os_with_lina_puran/20260917-203555_step-493_context-scope-domain-perspective-frame-view-boundary-environment-abstraction.md
F2099	Sep 17 20:39 docs/knowledgeos/brainstorming/knowledgeos_theory_research/corpus/knowledge_os_with_lina_puran/20260917-203917_step-493_context-scope-domain-perspective-frame-view-boundary-environment-abstraction-dup.md
F2100	Sep 17 20:39 docs/knowledgeos/brainstorming/knowledgeos_theory_research/corpus/knowledge_os_with_lina_puran/20260917-203957_step-494_step-494-representation-encoding-serialization-schema-syntax-language-mapping-translation.md
F2101	Sep 17 20:44 docs/knowledgeos/brainstorming/knowledgeos_theory_research/corpus/knowledge_os_with_lina_puran/20260917-204440_step-494_representation-encoding-serialization-schema-syntax-language-mapping-translation-canonicalization.md
F2102	Sep 17 20:47 docs/knowledgeos/brainstorming/knowledgeos_theory_research/corpus/knowledge_os_with_lina_puran/20260917-204747_step-495_proposition-assertion-claim-fact-belief-truth-factivity-entailment-inference.md
F2103	Sep 17 20:49 docs/knowledgeos/brainstorming/knowledgeos_theory_research/corpus/knowledge_os_with_lina_puran/20260917-204959_step-496_relevance-materiality-salience-applicability-scope-priority-attention-retrieval-ranking.md
F2104	Sep 17 20:54 docs/knowledgeos/brainstorming/knowledgeos_theory_research/corpus/knowledge_os_with_lina_puran/20260917-205451_step-497_sufficiency-completeness-coverage-saturation-closure-construction.md
F2105	Sep 17 20:56 docs/knowledgeos/brainstorming/knowledgeos_theory_research/corpus/knowledge_os_with_lina_puran/20260917-205625_step-498_compositional-soundness-satisfaction.md
F2106	Sep 17 20:57 docs/knowledgeos/brainstorming/knowledgeos_theory_research/corpus/knowledge_os_with_lina_puran/20260917-205749_step-499_quantification-sets-scope-population-universal-existential-claims-zero-boundary.md
F2107	Sep 17 20:59 docs/knowledgeos/brainstorming/knowledgeos_theory_research/corpus/knowledge_os_with_lina_puran/20260917-205916_step-500_epistemically-governed-inference.md
F2108	Sep 17 21:01 docs/knowledgeos/brainstorming/knowledgeos_theory_research/corpus/knowledge_os_with_lina_puran/20260917-210137_step-501_knowledgeos-transformation-calculus.md
F2109	Sep 17 21:02 docs/knowledgeos/brainstorming/knowledgeos_theory_research/corpus/knowledge_os_with_lina_puran/20260917-210246_step-502_cross-regime-semantics-structure-preserving-translation-interoperability.md
F2110	Sep 17 21:06 docs/knowledgeos/brainstorming/knowledgeos_theory_research/corpus/knowledge_os_with_lina_puran/20260917-210639_step-503_version-revision-mutation-identity-preservation-semantic-continuity-successor-fork.md
F2111	Sep 17 21:08 docs/knowledgeos/brainstorming/knowledgeos_theory_research/corpus/knowledge_os_with_lina_puran/20260917-210815_step-504_causality-state-transition-causal-mechanism-intervention-causal-history.md
F2112	Sep 17 21:09 docs/knowledgeos/brainstorming/knowledgeos_theory_research/corpus/knowledge_os_with_lina_puran/20260917-210915_step-504_causality-state-transition-causal-mechanism-intervention-causal-history-dup.md
F2113	Sep 17 21:10 docs/knowledgeos/brainstorming/knowledgeos_theory_research/corpus/knowledge_os_with_lina_puran/20260917-211037_step-505_possibility-modality-actuality-scenario-simulation-counterfactual-worlds.md
F2114	Sep 17 21:12 docs/knowledgeos/brainstorming/knowledgeos_theory_research/corpus/knowledge_os_with_lina_puran/20260917-211220_step-506_constraint-feasibility-admissibility-reachability-impossibility-resource-bounded-reality.md
F2115	Sep 17 21:14 docs/knowledgeos/brainstorming/knowledgeos_theory_research/corpus/knowledge_os_with_lina_puran/20260917-211429_step-507_satisfaction-constraint-satisfaction-requirement-satisfaction-truth-satisfaction-epistemic-satisfaction.md
F2116	Sep 17 21:19 docs/knowledgeos/brainstorming/knowledgeos_theory_research/corpus/knowledge_os_with_lina_puran/20260917-211925_step-465_performative-prediction-endogenous-data-strategic-adaptation-feedback-between-decisions.md
F2117	Sep 17 21:31 docs/knowledgeos/brainstorming/knowledgeos_theory_research/corpus/knowledge_os_with_lina_puran/20260917-213107_step-514_cross-method-requirement-discovery-experiment.md
F2118	Sep 17 21:38 docs/knowledgeos/brainstorming/knowledgeos_theory_research/corpus/knowledge_os_with_lina_puran/20260917-213815_step-515_requirement-discovery-benchmark-controlled-ablation.md
F2119	Sep 17 21:41 docs/knowledgeos/brainstorming/knowledgeos_theory_research/corpus/knowledge_os_with_lina_puran/20260917-214128_step-516_controlled-real-world-execution-nexus-requirement-benchmark.md
F2120	Sep 17 21:49 docs/knowledgeos/brainstorming/knowledgeos_theory_research/corpus/knowledge_os_with_lina_puran/20260917-214947_step-518_knowledgeos-input-compiler-semantic-front-end.md
F2121	Sep 17 22:00 docs/knowledgeos/brainstorming/knowledgeos_theory_research/corpus/knowledge_os_with_lina_puran/20260917-220012_step-519_knowledgeos-compiler-conformance-multi-representation-equivalence.md
F2122	Sep 17 22:02 docs/knowledgeos/brainstorming/knowledgeos_theory_research/corpus/knowledge_os_with_lina_puran/20260917-220222_step-520_minimal-executable-knowledgeos-semantic-compiler.md
F2123	Sep 17 22:06 docs/knowledgeos/brainstorming/knowledgeos_theory_research/corpus/knowledge_os_with_lina_puran/20260917-220608_step-521_knowledgeos-compiler-laboratory-specification-falsifiable-execution.md
F2124	Sep 17 22:11 docs/knowledgeos/brainstorming/knowledgeos_theory_research/corpus/knowledge_os_with_lina_puran/20260917-221103_step-522_first-executable-knowledgeos-compiler-experiment.md
F2125	Sep 17 22:17 docs/knowledgeos/brainstorming/knowledgeos_theory_research/corpus/knowledge_os_with_lina_puran/20260917-221722_step-523_semantic-candidate-resolution-reference-resolution.md
F2126	Sep 17 22:23 docs/knowledgeos/brainstorming/knowledgeos_theory_research/corpus/knowledge_os_with_lina_puran/20260917-222301_step-524_semantic-resolution-benchmark-conformance-laboratory-knowledgeos-compiler-contract.md
F2127	Sep 17 22:27 docs/knowledgeos/brainstorming/knowledgeos_theory_research/corpus/knowledge_os_with_lina_puran/20260917-222740_step-525_knowledgeos-semantic-compiler-specification-v0-1.md
F2128	Sep 17 22:31 docs/knowledgeos/brainstorming/knowledgeos_theory_research/corpus/knowledge_os_with_lina_puran/20260917-223154_step-525_knowledgeos-semantic-compiler-specification-v0-1-dup.md
F2129	Sep 17 22:32 docs/knowledgeos/brainstorming/knowledgeos_theory_research/corpus/knowledge_os_with_lina_puran/20260917-223222_step-526_implementable-knowledgeos-kernel-kast-kir-v0-1-conformance-suite.md
F2130	Sep 17 22:35 docs/knowledgeos/brainstorming/knowledgeos_theory_research/corpus/knowledge_os_with_lina_puran/20260917-223528_step-527_executable-knowledgeos-compiler-core-v0-1.md
F2131	Sep 17 22:38 docs/knowledgeos/brainstorming/knowledgeos_theory_research/corpus/knowledge_os_with_lina_puran/20260917-223816_step-528_executable-knowledgeos-compiler-first-falsification-design.md
F2132	Sep 17 22:40 docs/knowledgeos/brainstorming/knowledgeos_theory_research/corpus/knowledge_os_with_lina_puran/20260917-224052_step-529_knowledgeos-benchmark-corpus-reference-semantics.md
F2133	Sep 18 07:09 docs/knowledgeos/brainstorming/knowledgeos_theory_research/corpus/knowledge_os_with_lina_puran/20260918-070909_step-530_minimal-executable-knowledgeos-compiler.md
F2134	Sep 18 07:27 docs/knowledgeos/brainstorming/knowledgeos_theory_research/corpus/knowledge_os_with_lina_puran/20260918-072723_step-531_first-executable-conformance-test-prototype-taught-us.md
F2135	Sep 18 07:33 docs/knowledgeos/brainstorming/knowledgeos_theory_research/corpus/knowledge_os_with_lina_puran/20260918-073348_step-516_controlled-real-world-execution-nexus-requirement-benchmark-dup.md
F2136	Sep 18 07:38 docs/knowledgeos/brainstorming/knowledgeos_theory_research/corpus/knowledge_os_with_lina_puran/20260918-073830_step-532_property-based-metamorphic-semantic-conformance.md
F2137	Sep 18 07:41 docs/knowledgeos/brainstorming/knowledgeos_theory_research/corpus/knowledge_os_with_lina_puran/20260918-074144_step-533_automated-property-metamorphic-conformance-engine.md
F2138	Sep 18 07:56 docs/knowledgeos/brainstorming/knowledgeos_theory_research/corpus/knowledge_os_with_lina_puran/20260918-075656_step-534_semantic-fuzzing-counterexample-discovery.md
F2139	Sep 18 07:58 docs/knowledgeos/brainstorming/knowledgeos_theory_research/corpus/knowledge_os_with_lina_puran/20260918-075840_step-456_persistence-individuation-identity-through-change-dup.md
F2140	Sep 18 08:13 docs/knowledgeos/brainstorming/knowledgeos_theory_research/corpus/knowledge_os_with_lina_puran/20260918-081324_step-535_semantic-equivalence-observational-equivalence-bisimulation-limits-testing.md
F2141	Sep 18 08:18 docs/knowledgeos/brainstorming/knowledgeos_theory_research/corpus/knowledge_os_with_lina_puran/20260918-081813_step-536_semantic-observability-query-completeness-abstraction-adequacy-equivalence-blind-spots.md
F2142	Sep 18 08:20 docs/knowledgeos/brainstorming/knowledgeos_theory_research/corpus/knowledge_os_with_lina_puran/20260918-082052_step-536_semantic-observability-query-completeness-abstraction-adequacy-equivalence-blind-spots-dup.md
F2143	Sep 18 08:31 docs/knowledgeos/brainstorming/knowledgeos_theory_research/corpus/knowledge_os_with_lina_puran/20260918-083126_step-537_relevance-materiality-salience-importance-urgency-priority-value-information.md
F2144	Sep 18 08:45 docs/knowledgeos/brainstorming/knowledgeos_theory_research/corpus/knowledge_os_with_lina_puran/20260918-084538_step-478_dynamics-change-transition-validity-invariants-constraints-conservation-process-semantics-dup.md
F2145	Sep 18 08:46 docs/knowledgeos/brainstorming/knowledgeos_theory_research/corpus/knowledge_os_with_lina_puran/20260918-084605_step-538_materiality-uncertainty-nonlinearity-interaction-robustness-future-option-value.md
F2146	Sep 18 08:53 docs/knowledgeos/brainstorming/knowledgeos_theory_research/corpus/knowledge_os_with_lina_puran/20260918-085342_step-539_evidence-composition-synergy-redundancy-dependence-double-counting-joint-determination.md
F2147	Sep 18 09:59 docs/knowledgeos/brainstorming/knowledgeos_theory_research/corpus/knowledge_os_with_lina_puran/20260918-095925_step-540_determination-robustness-epistemic-fragility-counterfactual-stability.md
F2148	Sep 18 10:07 docs/knowledgeos/brainstorming/knowledgeos_theory_research/corpus/knowledge_os_with_lina_puran/20260918-100731_step-541_correlated-robustness-common-mode-epistemic-failure-false-robustness.md
F2149	Sep 18 10:09 docs/knowledgeos/brainstorming/knowledgeos_theory_research/corpus/knowledge_os_with_lina_puran/20260918-100957_step-542_common-mode-failure-benchmark-false-robustness-detection.md
F2150	Sep 18 10:11 docs/knowledgeos/brainstorming/knowledgeos_theory_research/corpus/knowledge_os_with_lina_puran/20260918-101113_step-543_critical-falsification-step-542-architecture-review.md
F2151	Sep 18 10:14 docs/knowledgeos/brainstorming/knowledgeos_theory_research/corpus/knowledge_os_with_lina_puran/20260918-101421_step-544_executable-dependency-model-axiom-gated-benchmark.md
F2152	Sep 18 10:29 docs/knowledgeos/brainstorming/knowledgeos_theory_research/corpus/knowledge_os_with_lina_puran/20260918-102945_step-545_executing-synthetic-dependency-benchmark.md
F2153	Sep 18 10:32 docs/knowledgeos/brainstorming/knowledgeos_theory_research/corpus/knowledge_os_with_lina_puran/20260918-103245_step-546_hidden-noisy-adversarial-dependency-discovery.md
F2154	Sep 18 10:39 docs/knowledgeos/brainstorming/knowledgeos_theory_research/corpus/knowledge_os_with_lina_puran/20260918-103911_step-546_quantitative-ml-dependency-benchmark.md
F2155	Sep 18 10:41 docs/knowledgeos/brainstorming/knowledgeos_theory_research/corpus/knowledge_os_with_lina_puran/20260918-104124_step-546_quantitative-ml-dependency-benchmark-dup.md
F2156	Sep 18 10:48 docs/knowledgeos/brainstorming/knowledgeos_theory_research/corpus/knowledge_os_with_lina_puran/20260918-104835_step-547_distribution-shift-adversarial-generalization-dependency-firewall.md
F2157	Sep 18 10:58 docs/knowledgeos/brainstorming/knowledgeos_theory_research/corpus/knowledge_os_with_lina_puran/20260918-105838_step-548_identifiability-gated-active-dependency-acquisition.md
F2158	Sep 18 11:19 docs/knowledgeos/brainstorming/knowledgeos_theory_research/corpus/knowledge_os_with_lina_puran/20260918-111907_step-551_identifiability-metric-audit-separation-state-information-structural-identification.md
F2159	Sep 18 11:19 docs/knowledgeos/brainstorming/knowledgeos_theory_research/corpus/knowledge_os_with_lina_puran/20260918-111922_step-550_b-executable-formal-benchmark-semantics-oracle-separation-first-statistical.md
F2160	Sep 18 13:58 docs/knowledgeos/brainstorming/knowledgeos_theory_research/corpus/knowledge_os_with_lina_puran/20260918-135807_step-551_identifiability-metric-audit-separation-state-information-structural-identification-dup.md
F2161	Sep 18 15:10 docs/knowledgeos/brainstorming/knowledgeos_theory_research/corpus/knowledge_os_with_lina_puran/20260918-151015_step-554_stability-oracle-executable-semantics-determination-sufficiency-stability-retraction.md
F2162	Sep 18 15:11 docs/knowledgeos/brainstorming/knowledgeos_theory_research/corpus/knowledge_os_with_lina_puran/20260918-151117_step-552_determination-preserving-active-acquisition-dup2.md
F2163	Sep 18 15:26 docs/knowledgeos/brainstorming/knowledgeos_theory_research/corpus/knowledge_os_with_lina_puran/20260918-152633_step-555_determination-mapping-stability-preserving-active-acquisition.md
F2164	Sep 18 15:53 docs/knowledgeos/brainstorming/knowledgeos_theory_research/corpus/knowledge_os_with_lina_puran/20260918-155341_step-555_determination-mapping-stability-preserving-active-acquisition.md
F2165	Sep 18 15:57 docs/knowledgeos/brainstorming/knowledgeos_theory_research/corpus/knowledge_os_with_lina_puran/20260918-155739_step-255_have-reviewed-attached-step-555-determination-mapping-stability-preserving-active.md
F2166	Sep 18 16:02 docs/knowledgeos/brainstorming/knowledgeos_theory_research/corpus/knowledge_os_with_lina_puran/20260918-160200_step-556_review-step-555-sequential-epistemic-acquisition-oracle.md
F2167	Sep 18 16:03 docs/knowledgeos/brainstorming/knowledgeos_theory_research/corpus/knowledge_os_with_lina_puran/20260918-160312_step-556_sequential-epistemic-acquisition-optimal-stopping-oracle.md
F2168	Sep 18 16:17 docs/knowledgeos/brainstorming/knowledgeos_theory_research/corpus/knowledge_os_with_lina_puran/20260918-161715_review-consolidated-step-556-theory.md
F2169	Sep 18 16:21 docs/knowledgeos/brainstorming/knowledgeos_theory_research/corpus/knowledge_os_with_lina_puran/20260918-162136_step-557_sequential-planner-robustness-model-error-epistemic-regret.md
F2170	Sep 18 16:40 docs/knowledgeos/brainstorming/knowledgeos_theory_research/corpus/knowledge_os_with_lina_puran/20260918-164006_step-558_model-uncertainty-aware-sequential-planning.md
F2171	Sep 18 16:45 docs/knowledgeos/brainstorming/knowledgeos_theory_research/corpus/knowledge_os_with_lina_puran/20260918-164510_step-558_r-review-vagueness-extraction-correction-overextensions-diagnosis-first-framework.md
F2172	Sep 18 16:46 docs/knowledgeos/brainstorming/knowledgeos_theory_research/corpus/knowledge_os_with_lina_puran/20260918-164632_step-559_joint-world-model-parameter-sequential-planning.md
F2173	Sep 18 17:03 docs/knowledgeos/brainstorming/knowledgeos_theory_research/corpus/knowledge_os_with_lina_puran/20260918-170326_step-558_r-senior-review-empirical-challenge.md
F2174	Sep 18 17:04 docs/knowledgeos/brainstorming/knowledgeos_theory_research/corpus/knowledge_os_with_lina_puran/20260918-170428_step-558_have-reviewed-attached-step-559-joint-world-model-parameter-sequential.md
F2175	Sep 18 17:05 docs/knowledgeos/brainstorming/knowledgeos_theory_research/corpus/knowledge_os_with_lina_puran/20260918-170550_step-558_r-senior-review-empirical-challenge-dup.md
F2176	Sep 18 17:23 docs/knowledgeos/brainstorming/knowledgeos_theory_research/corpus/knowledge_os_with_lina_puran/20260918-172330_step-560_general-acquisition-value-unification-without-semantic-collapse.md
F2177	Sep 18 17:25 docs/knowledgeos/brainstorming/knowledgeos_theory_research/corpus/knowledge_os_with_lina_puran/20260918-172528_step-561_acquisition-evaluation-profile-pareto-utility-semantic-preservation.md
F2178	Sep 18 17:32 docs/knowledgeos/brainstorming/knowledgeos_theory_research/corpus/knowledge_os_with_lina_puran/20260918-173207_step-562_truth-ontology-epistemic-authority.md
F2179	Sep 18 17:33 docs/knowledgeos/brainstorming/knowledgeos_theory_research/corpus/knowledge_os_with_lina_puran/20260918-173325_review-step-558-r-vagueness-extraction-overextension-correction-diagnosis-first.md
F2180	Sep 18 17:43 docs/knowledgeos/brainstorming/knowledgeos_theory_research/corpus/knowledge_os_with_lina_puran/20260918-174306_step-562_truth-ontology-epistemic-authority-dup.md
F2181	Sep 18 17:51 docs/knowledgeos/brainstorming/knowledgeos_theory_research/corpus/knowledge_os_with_lina_puran/20260918-175153_step-563_meaning-verification-entitlement-inference-oracle.md
F2182	Sep 18 17:54 docs/knowledgeos/brainstorming/knowledgeos_theory_research/corpus/knowledge_os_with_lina_puran/20260918-175445_step-559_integration-bishop-s-constructive-analysis-knowledgeos-architecture.md
F2183	Sep 18 18:02 docs/knowledgeos/brainstorming/knowledgeos_theory_research/corpus/knowledge_os_with_lina_puran/20260918-180250_step-564_constructive-epistemic-computation-identifiability.md
F2184	Sep 18 18:12 docs/knowledgeos/brainstorming/knowledgeos_theory_research/corpus/knowledge_os_with_lina_puran/20260918-181253_step-565_constructive-epistemic-closure-finite-approximation-benchmark.md
F2185	Sep 18 18:17 docs/knowledgeos/brainstorming/knowledgeos_theory_research/corpus/knowledge_os_with_lina_puran/20260918-181750_have-moved-substantially-closer-coherent-knowledgeos-theory-but-important-distinction.md
F2186	Sep 18 18:19 docs/knowledgeos/brainstorming/knowledgeos_theory_research/corpus/knowledge_os_with_lina_puran/20260918-181942_step-566_constructive-entitlement-proof-carrying-evidence-epistemic-promotion.md
F2187	Sep 18 18:24 docs/knowledgeos/brainstorming/knowledgeos_theory_research/corpus/knowledge_os_with_lina_puran/20260918-182404_step-560_diagnostic-identifiability-diagnosis-directed-acquisition.md
F2188	Sep 18 18:24 docs/knowledgeos/brainstorming/knowledgeos_theory_research/corpus/knowledge_os_with_lina_puran/20260918-182433_round-559_knowledgeos-state-space-consolidation.md
F2189	Sep 18 18:28 docs/knowledgeos/brainstorming/knowledgeos_theory_research/corpus/knowledge_os_with_lina_puran/20260918-182805_step-567_epistemic-promotion-contradiction-revision-distributed-evidence.md
F2190	Sep 18 18:29 docs/knowledgeos/brainstorming/knowledgeos_theory_research/corpus/knowledge_os_with_lina_puran/20260918-182938_senior-review-step-567-epistemic-promotion-contradiction-revision-distributed-evidence.md
F2191	Sep 18 19:55 docs/knowledgeos/brainstorming/knowledgeos_theory_research/corpus/knowledge_os_with_lina_puran/20260918-195519_extraction-knowledge-limits-williamson-2000.md
F2192	Sep 18 19:55 docs/knowledgeos/brainstorming/knowledgeos_theory_research/corpus/knowledge_os_with_lina_puran/20260918-195525_knowledgeos-complete-knowledge-transfer-document-next-session.md
F2193	Sep 18 19:55 docs/knowledgeos/brainstorming/knowledgeos_theory_research/corpus/knowledge_os_with_lina_puran/20260918-195539_final-verdict-kr-sim-2026-09-02-b-theory-v1.md
F2194	Sep 18 20:42 docs/knowledgeos/brainstorming/knowledgeos_theory_research/corpus/knowledge_os_with_lina_puran/20260918-204215_review-take-home-knowledgeos-lens-system.md
F2195	Sep 18 20:55 docs/knowledgeos/brainstorming/knowledgeos_theory_research/corpus/knowledge_os_with_lina_puran/20260918-205550_knowledgeos-research-programme-round-571-dup.md
F2196	Sep 18 22:24 docs/knowledgeos/brainstorming/knowledgeos_theory_research/corpus/knowledge_os_with_lina_puran/20260918-222401_round-577_r-review-frame-relativity-correction-residual-issues-frame-calculus.md
F2197	Sep 19 00:52 docs/knowledgeos/brainstorming/knowledgeos_theory_research/corpus/knowledge_os_with_lina_puran/20260919-005250_round-587_review-williamson-s-vagueness-knowledgeos.md
F2198	Sep 19 00:55 docs/knowledgeos/brainstorming/knowledgeos_theory_research/corpus/knowledge_os_with_lina_puran/20260919-005515_round-588_epistemic-neighborhood-margin-higher-order-knowledge-indiscriminability.md
F2199	Sep 19 01:03 docs/knowledgeos/brainstorming/knowledgeos_theory_research/corpus/knowledge_os_with_lina_puran/20260919-010334_round-589_contextual-epistemic-state-multi-layer-validity.md
F2200	Sep 19 01:04 docs/knowledgeos/brainstorming/knowledgeos_theory_research/corpus/knowledge_os_with_lina_puran/20260919-010457_round-588_review-epistemic-neighborhood-margin-higher-order-knowledge-indiscriminability.md
F2201	Sep 19 01:08 docs/knowledgeos/brainstorming/knowledgeos_theory_research/corpus/knowledge_os_with_lina_puran/20260919-010840_round-589_review-contextual-epistemic-state-multi-layer-validity.md
F2202	Sep 19 01:13 docs/knowledgeos/brainstorming/knowledgeos_theory_research/corpus/knowledge_os_with_lina_puran/20260919-011307_round-590_knowledgeos-meta-semantic-calculus.md
F2203	Sep 19 01:13 docs/knowledgeos/brainstorming/knowledgeos_theory_research/corpus/knowledge_os_with_lina_puran/20260919-011343_round-589_review-contextual-epistemic-state-multi-layer-validity.md
F2204	Sep 19 01:18 docs/knowledgeos/brainstorming/knowledgeos_theory_research/corpus/knowledge_os_with_lina_puran/20260919-011815_round-590_review-knowledgeos-meta-semantic-calculus.md
F2205	Sep 19 01:19 docs/knowledgeos/brainstorming/knowledgeos_theory_research/corpus/knowledge_os_with_lina_puran/20260919-011957_round-588_have-read-attached-round-587-williamson-s-vagueness-knowledgeos-completely.md
F2206	Sep 19 01:21 docs/knowledgeos/brainstorming/knowledgeos_theory_research/corpus/knowledge_os_with_lina_puran/20260919-012106_round-591_knowledgeos-closure-counterexample-program.md
F2207	Sep 19 01:25 docs/knowledgeos/brainstorming/knowledgeos_theory_research/corpus/knowledge_os_with_lina_puran/20260919-012549_round-591_review-knowledgeos-closure-counterexample-program.md
F2208	Sep 19 01:27 docs/knowledgeos/brainstorming/knowledgeos_theory_research/corpus/knowledge_os_with_lina_puran/20260919-012707_round-591_review-knowledgeos-closure-counterexample-program-dup.md
F2209	Sep 19 01:31 docs/knowledgeos/brainstorming/knowledgeos_theory_research/corpus/knowledge_os_with_lina_puran/20260919-013117_round-591_review-knowledgeos-closure-counterexample-program.md
F2210	Sep 19 01:33 docs/knowledgeos/brainstorming/knowledgeos_theory_research/corpus/knowledge_os_with_lina_puran/20260919-013306_round-593_knowledge-attribution-calculus.md
F2211	Sep 19 01:36 docs/knowledgeos/brainstorming/knowledgeos_theory_research/corpus/knowledge_os_with_lina_puran/20260919-013656_round-593_review-knowledge-attribution-calculus.md
F2212	Sep 19 01:38 docs/knowledgeos/brainstorming/knowledgeos_theory_research/corpus/knowledge_os_with_lina_puran/20260919-013827_round-594_global-composition-knowledge-attribution-interaction.md
F2213	Sep 19 01:40 docs/knowledgeos/brainstorming/knowledgeos_theory_research/corpus/knowledge_os_with_lina_puran/20260919-014017_round-594_review-global-composition-knowledge-attribution-interaction.md
F2214	Sep 19 01:43 docs/knowledgeos/brainstorming/knowledgeos_theory_research/corpus/knowledge_os_with_lina_puran/20260919-014316_round-595_temporal-knowledge-revision-calculus.md
F2215	Sep 19 01:44 docs/knowledgeos/brainstorming/knowledgeos_theory_research/corpus/knowledge_os_with_lina_puran/20260919-014449_round-591_strong-methodological-advance-but-has-discovered-deeper-problem-than.md
F2216	Sep 19 01:45 docs/knowledgeos/brainstorming/knowledgeos_theory_research/corpus/knowledge_os_with_lina_puran/20260919-014528_round-595_review-temporal-knowledge-revision-calculus.md
F2217	Sep 19 01:48 docs/knowledgeos/brainstorming/knowledgeos_theory_research/corpus/knowledge_os_with_lina_puran/20260919-014806_round-596_knowledgeos-round-596.md
F2218	Sep 19 01:53 docs/knowledgeos/brainstorming/knowledgeos_theory_research/corpus/knowledge_os_with_lina_puran/20260919-015300_round-597_knowledgeos-round-597.md
F2219	Sep 19 01:53 docs/knowledgeos/brainstorming/knowledgeos_theory_research/corpus/knowledge_os_with_lina_puran/20260919-015326_round-596_review-cross-regime-translation-calculus.md
F2220	Sep 19 01:56 docs/knowledgeos/brainstorming/knowledgeos_theory_research/corpus/knowledge_os_with_lina_puran/20260919-015604_round-597_review-global-composition-algebra-non-commutativity.md
F2221	Sep 19 01:59 docs/knowledgeos/brainstorming/knowledgeos_theory_research/corpus/knowledge_os_with_lina_puran/20260919-015930_round-598_knowledgeos-round-598.md
F2222	Sep 19 02:00 docs/knowledgeos/brainstorming/knowledgeos_theory_research/corpus/knowledge_os_with_lina_puran/20260919-020007_round-597_review-global-composition-algebra-non-commutativity-dup.md
F2223	Sep 19 02:08 docs/knowledgeos/brainstorming/knowledgeos_theory_research/corpus/knowledge_os_with_lina_puran/20260919-020819_round-599_independent-audit-round-587.md
F2224	Sep 19 02:10 docs/knowledgeos/brainstorming/knowledgeos_theory_research/corpus/knowledge_os_with_lina_puran/20260919-021058_round-598_review-executable-reference-calculus.md
F2225	Sep 19 02:12 docs/knowledgeos/brainstorming/knowledgeos_theory_research/corpus/knowledge_os_with_lina_puran/20260919-021243_round-599_review-independent-audit-round-587.md
F2226	Sep 19 02:13 docs/knowledgeos/brainstorming/knowledgeos_theory_research/corpus/knowledge_os_with_lina_puran/20260919-021317_round-600_cross-regime-reference-calculus-invariant-verification.md
F2227	Sep 19 02:16 docs/knowledgeos/brainstorming/knowledgeos_theory_research/corpus/knowledge_os_with_lina_puran/20260919-021612_round-600_review-cross-regime-reference-calculus-invariant-verification.md
F2228	Sep 19 02:17 docs/knowledgeos/brainstorming/knowledgeos_theory_research/corpus/knowledge_os_with_lina_puran/20260919-021736_round-599_have-read-attached-round-591-knowledgeos-closure-counterexample-program-completely.md
F2229	Sep 19 02:21 docs/knowledgeos/brainstorming/knowledgeos_theory_research/corpus/knowledge_os_with_lina_puran/20260919-022117_round-600_cross-regime-reference-calculus-invariant-verification.md
F2230	Sep 19 08:05 docs/knowledgeos/brainstorming/knowledgeos_theory_research/corpus/knowledge_os_with_lina_puran/20260919-080501_round-601_global-knowledgeos-invariant-calculus.md
F2231	Sep 19 09:34 docs/knowledgeos/brainstorming/knowledgeos_theory_research/corpus/knowledge_os_with_lina_puran/20260919-093427_round-601_global-knowledgeos-invariant-calculus-dup.md
F2232	Sep 19 09:37 docs/knowledgeos/brainstorming/knowledgeos_theory_research/corpus/knowledge_os_with_lina_puran/20260919-093741_round-602_round-602-executable-invariant-engine-finite-verification-move-defining-invariant.md
F2233	Sep 19 09:38 docs/knowledgeos/brainstorming/knowledgeos_theory_research/corpus/knowledge_os_with_lina_puran/20260919-093812_round-601_review-global-knowledgeos-invariant-calculus.md
F2234	Sep 19 09:47 docs/knowledgeos/brainstorming/knowledgeos_theory_research/corpus/knowledge_os_with_lina_puran/20260919-094725_round-602_round-602-executable-invariant-engine-finite-verification-move-defining-invariants.md
F2235	Sep 19 09:53 docs/knowledgeos/brainstorming/knowledgeos_theory_research/corpus/knowledge_os_with_lina_puran/20260919-095310_round-602_round-602-executable-invariant-engine-finite-conformance-testing-move-defining.md
F2236	Sep 19 09:53 docs/knowledgeos/brainstorming/knowledgeos_theory_research/corpus/knowledge_os_with_lina_puran/20260919-095356_round-602_review-executable-invariant-engine-finite-verification.md
F2237	Sep 19 09:54 docs/knowledgeos/brainstorming/knowledgeos_theory_research/corpus/knowledge_os_with_lina_puran/20260919-095440_round-602_review-executable-invariant-engine-finite-conformance-testing.md
F2238	Sep 19 09:54 docs/knowledgeos/brainstorming/knowledgeos_theory_research/corpus/knowledge_os_with_lina_puran/20260919-095453_round-601_review-global-knowledgeos-invariant-calculus-dup.md
F2239	Sep 19 10:00 docs/knowledgeos/brainstorming/knowledgeos_theory_research/corpus/knowledge_os_with_lina_puran/20260919-100044_knowledgeos-theory-knowledge-transfer-document.md
F2240	Sep 19 10:21 docs/knowledgeos/brainstorming/knowledgeos_theory_research/corpus/knowledge_os_with_lina_puran/20260919-102120_round-602_executable-invariant-engine.md
F2241	Sep 19 10:29 docs/knowledgeos/brainstorming/knowledgeos_theory_research/corpus/knowledge_os_with_lina_puran/20260919-102945_round-602_executable-invariant-engine-step-1.md
F2242	Sep 19 10:33 docs/knowledgeos/brainstorming/knowledgeos_theory_research/corpus/knowledge_os_with_lina_puran/20260919-103333_round-602_review-terms-worked-examples-architecture-optimization.md
F2243	Sep 19 10:34 docs/knowledgeos/brainstorming/knowledgeos_theory_research/corpus/knowledge_os_with_lina_puran/20260919-103440_round-602_have-reviewed-attached-round-602-document-mathematician-statistician-ddd-architect.md
F2244	Sep 19 10:37 docs/knowledgeos/brainstorming/knowledgeos_theory_research/corpus/knowledge_os_with_lina_puran/20260919-103704_r602-3_canonical-operation-algebra-specification.md
F2245	Sep 19 10:38 docs/knowledgeos/brainstorming/knowledgeos_theory_research/corpus/knowledge_os_with_lina_puran/20260919-103836_review-r602-3-operation-algebra-specification.md
F2246	Sep 19 10:42 docs/knowledgeos/brainstorming/knowledgeos_theory_research/corpus/knowledge_os_with_lina_puran/20260919-104246_round-602_have-read-review-r602-3-attached-file-strong-review-importantly.md
F2247	Sep 19 10:48 docs/knowledgeos/brainstorming/knowledgeos_theory_research/corpus/knowledge_os_with_lina_puran/20260919-104811_r602_3a-operation-algebra-consistency-closure.md
F2248	Sep 19 10:53 docs/knowledgeos/brainstorming/knowledgeos_theory_research/corpus/knowledge_os_with_lina_puran/20260919-105319_round-602_review-r602-3a-operation-algebra-consistency-closure.md
F2249	Sep 19 10:54 docs/knowledgeos/brainstorming/knowledgeos_theory_research/corpus/knowledge_os_with_lina_puran/20260919-105433_r602-4_executable-reference-calculus.md
F2250	Sep 19 10:59 docs/knowledgeos/brainstorming/knowledgeos_theory_research/corpus/knowledge_os_with_lina_puran/20260919-105914_r602-4_first-executable-reference-calculus.md
F2251	Sep 19 11:00 docs/knowledgeos/brainstorming/knowledgeos_theory_research/corpus/knowledge_os_with_lina_puran/20260919-110056_round-602_review-r602-4-executable-reference-calculus.md
F2252	Sep 19 11:05 docs/knowledgeos/brainstorming/knowledgeos_theory_research/corpus/knowledge_os_with_lina_puran/20260919-110546_r604-1_contextualized-reference-calculus.md
F2253	Sep 19 11:06 docs/knowledgeos/brainstorming/knowledgeos_theory_research/corpus/knowledge_os_with_lina_puran/20260919-110639_round-602_review-r602-4-first-executable-reference-calculus.md
F2254	Sep 19 11:11 docs/knowledgeos/brainstorming/knowledgeos_theory_research/corpus/knowledge_os_with_lina_puran/20260919-111109_r604-2_composition-associativity.md
F2255	Sep 19 11:12 docs/knowledgeos/brainstorming/knowledgeos_theory_research/corpus/knowledge_os_with_lina_puran/20260919-111255_round-602_review-r602-4-first-executable-reference-calculus-dup.md
F2256	Sep 19 11:18 docs/knowledgeos/brainstorming/knowledgeos_theory_research/corpus/knowledge_os_with_lina_puran/20260919-111801_r604-3_composition-law-matrix-associativity-non-commutativity.md
F2257	Sep 19 11:20 docs/knowledgeos/brainstorming/knowledgeos_theory_research/corpus/knowledge_os_with_lina_puran/20260919-112001_round-604_review-r604-2-composition-associativity.md
F2258	Sep 19 11:22 docs/knowledgeos/brainstorming/knowledgeos_theory_research/corpus/knowledge_os_with_lina_puran/20260919-112229_r604-4_preservation-composition.md
F2259	Sep 19 11:23 docs/knowledgeos/brainstorming/knowledgeos_theory_research/corpus/knowledge_os_with_lina_puran/20260919-112303_r604-3_composition-law-matrix-non-commutativity.md
F2260	Sep 19 11:26 docs/knowledgeos/brainstorming/knowledgeos_theory_research/corpus/knowledge_os_with_lina_puran/20260919-112605_r604-5_loss-tpp-recoverability.md
F2261	Sep 19 11:29 docs/knowledgeos/brainstorming/knowledgeos_theory_research/corpus/knowledge_os_with_lina_puran/20260919-112956_r604-5_loss-tpp-recoverability-dup.md
F2262	Sep 19 11:35 docs/knowledgeos/brainstorming/knowledgeos_theory_research/corpus/knowledge_os_with_lina_puran/20260919-113512_r604-6_provenance-history-composition-dup.md
F2263	Sep 19 11:38 docs/knowledgeos/brainstorming/knowledgeos_theory_research/corpus/knowledge_os_with_lina_puran/20260919-113821_r604-7_continued-r604-6-read-attached-knowledgeos-r604-6-reference-calculus.md
F2264	Sep 19 11:38 docs/knowledgeos/brainstorming/knowledgeos_theory_research/corpus/knowledge_os_with_lina_puran/20260919-113854_round-604_review-r604-6-provenance-history-composition.md
F2265	Sep 19 11:44 docs/knowledgeos/brainstorming/knowledgeos_theory_research/corpus/knowledge_os_with_lina_puran/20260919-114425_r604-8_multi-factor-dependency.md
F2266	Sep 19 11:45 docs/knowledgeos/brainstorming/knowledgeos_theory_research/corpus/knowledge_os_with_lina_puran/20260919-114519_round-604_review-r604-7-dependency-target-scope-regime-relative-relation.md
F2267	Sep 19 11:53 docs/knowledgeos/brainstorming/knowledgeos_theory_research/corpus/knowledge_os_with_lina_puran/20260919-115303_r604-9_dependency-counterexample-minimality-stress-test.md
F2268	Sep 19 11:53 docs/knowledgeos/brainstorming/knowledgeos_theory_research/corpus/knowledge_os_with_lina_puran/20260919-115350_round-604_review-r604-8-multi-factor-dependency-intervention-algebra.md
F2269	Sep 19 11:58 docs/knowledgeos/brainstorming/knowledgeos_theory_research/corpus/knowledge_os_with_lina_puran/20260919-115824_r548_active-dependency-information-acquisition.md
F2270	Sep 19 12:00 docs/knowledgeos/brainstorming/knowledgeos_theory_research/corpus/knowledge_os_with_lina_puran/20260919-120035_r548_active-dependency-information-acquisition-dup.md
F2271	Sep 19 12:00 docs/knowledgeos/brainstorming/knowledgeos_theory_research/corpus/knowledge_os_with_lina_puran/20260919-120058_round-604_independent-review-r604-9-dependency-counterexample-minimality-stress-test.md
F2272	Sep 19 12:04 docs/knowledgeos/brainstorming/knowledgeos_theory_research/corpus/knowledge_os_with_lina_puran/20260919-120442_r549_sequential-active-acquisition.md
F2273	Sep 19 12:08 docs/knowledgeos/brainstorming/knowledgeos_theory_research/corpus/knowledge_os_with_lina_puran/20260919-120810_round-574_knowledgeos-r574.md
F2274	Sep 19 12:16 docs/knowledgeos/brainstorming/knowledgeos_theory_research/corpus/knowledge_os_with_lina_puran/20260919-121657_r575_logical-regime-boundary-conflict-calculus.md
F2275	Sep 19 12:17 docs/knowledgeos/brainstorming/knowledgeos_theory_research/corpus/knowledge_os_with_lina_puran/20260919-121742_r574-1_executable-regime-admission-calculus.md
F2276	Sep 19 12:23 docs/knowledgeos/brainstorming/knowledgeos_theory_research/corpus/knowledge_os_with_lina_puran/20260919-122329_independent-review-r575-logical-regime-boundary-conflict-calculus.md
F2277	Sep 19 12:25 docs/knowledgeos/brainstorming/knowledgeos_theory_research/corpus/knowledge_os_with_lina_puran/20260919-122527_independent-review-r576-cross-regime-translation-composition.md
F2278	Sep 19 12:30 docs/knowledgeos/brainstorming/knowledgeos_theory_research/corpus/knowledge_os_with_lina_puran/20260919-123035_r578_global-compositional-closure.md
F2279	Sep 19 12:39 docs/knowledgeos/brainstorming/knowledgeos_theory_research/corpus/knowledge_os_with_lina_puran/20260919-123919_r580_certificate-lifecycle-selective-revalidation.md
F2280	Sep 19 12:39 docs/knowledgeos/brainstorming/knowledgeos_theory_research/corpus/knowledge_os_with_lina_puran/20260919-123950_r579_independent-review-r579-dependency-acquisition-revision-composition.md
F2281	Sep 19 12:44 docs/knowledgeos/brainstorming/knowledgeos_theory_research/corpus/knowledge_os_with_lina_puran/20260919-124404_r581_formal-assessment-certificate-lifecycle-state-machine.md
F2282	Sep 19 12:44 docs/knowledgeos/brainstorming/knowledgeos_theory_research/corpus/knowledge_os_with_lina_puran/20260919-124427_r580_independent-review-r580-certificate-lifecycle-selective-revalidation.md
F2283	Sep 19 12:47 docs/knowledgeos/brainstorming/knowledgeos_theory_research/corpus/knowledge_os_with_lina_puran/20260919-124723_r582_selective-revalidation-impact-closure.md
F2284	Sep 19 12:47 docs/knowledgeos/brainstorming/knowledgeos_theory_research/corpus/knowledge_os_with_lina_puran/20260919-124752_r581_independent-review-r581-assessment-certificate-lifecycle-state-machine.md
F2285	Sep 19 12:49 docs/knowledgeos/brainstorming/knowledgeos_theory_research/corpus/knowledge_os_with_lina_puran/20260919-124922_r583_dependency-completeness-negative-impact-proof.md
F2286	Sep 19 12:49 docs/knowledgeos/brainstorming/knowledgeos_theory_research/corpus/knowledge_os_with_lina_puran/20260919-124951_r582_independent-review-r582-selective-revalidation-impact-closure.md
F2287	Sep 19 12:58 docs/knowledgeos/brainstorming/knowledgeos_theory_research/corpus/knowledge_os_with_lina_puran/20260919-125825_r584_completeness-basis-negative-impact-assurance.md
F2288	Sep 19 12:58 docs/knowledgeos/brainstorming/knowledgeos_theory_research/corpus/knowledge_os_with_lina_puran/20260919-125842_independent-review-r583-dependency-completeness-negative-impact-proof.md
F2289	Sep 19 13:01 docs/knowledgeos/brainstorming/knowledgeos_theory_research/corpus/knowledge_os_with_lina_puran/20260919-130121_independent-review-r584-completeness-basis-negative-impact-assurance.md
F2290	Sep 19 13:02 docs/knowledgeos/brainstorming/knowledgeos_theory_research/corpus/knowledge_os_with_lina_puran/20260919-130208_r585_completeness-verification-counterexample-calculus.md
F2291	Sep 19 13:08 docs/knowledgeos/brainstorming/knowledgeos_theory_research/corpus/knowledge_os_with_lina_puran/20260919-130818_independent-review-r586-adversarial-completeness-benchmark.md
F2292	Sep 19 13:09 docs/knowledgeos/brainstorming/knowledgeos_theory_research/corpus/knowledge_os_with_lina_puran/20260919-130902_independent-review-r586-adversarial-completeness-benchmark.md
F2293	Sep 19 13:09 docs/knowledgeos/brainstorming/knowledgeos_theory_research/corpus/knowledge_os_with_lina_puran/20260919-130951_r587_completeness-certificate-soundness.md
F2294	Sep 19 13:11 docs/knowledgeos/brainstorming/knowledgeos_theory_research/corpus/knowledge_os_with_lina_puran/20260919-131132_r587_completeness-certificate-soundness-dup.md
F2295	Sep 19 13:13 docs/knowledgeos/brainstorming/knowledgeos_theory_research/corpus/knowledge_os_with_lina_puran/20260919-131323_r588_universe-closure-calculus.md
F2296	Sep 19 13:13 docs/knowledgeos/brainstorming/knowledgeos_theory_research/corpus/knowledge_os_with_lina_puran/20260919-131336_independent-review-r587-completeness-certificate-soundness.md
F2297	Sep 19 13:15 docs/knowledgeos/brainstorming/knowledgeos_theory_research/corpus/knowledge_os_with_lina_puran/20260919-131531_r589_compositional-universe-closure.md
F2298	Sep 19 13:17 docs/knowledgeos/brainstorming/knowledgeos_theory_research/corpus/knowledge_os_with_lina_puran/20260919-131721_independent-review-r589-compositional-universe-closure.md
F2299	Sep 19 13:30 docs/knowledgeos/brainstorming/knowledgeos_theory_research/corpus/knowledge_os_with_lina_puran/20260919-133022_r594_minimal-support-hypergraph-semantic-equivalence.md
F2300	Sep 19 13:35 docs/knowledgeos/brainstorming/knowledgeos_theory_research/corpus/knowledge_os_with_lina_puran/20260919-133556_r596_cross-semantic-dependency-composition.md
F2301	Sep 19 13:43 docs/knowledgeos/brainstorming/knowledgeos_theory_research/corpus/knowledge_os_with_lina_puran/20260919-134315_r598_sufficient-conditions-semantic-associativity.md
F2302	Sep 19 13:45 docs/knowledgeos/brainstorming/knowledgeos_theory_research/corpus/knowledge_os_with_lina_puran/20260919-134501_r599_identity-semantic-equivalence-category-closure.md
F2303	Sep 19 16:02 docs/knowledgeos/brainstorming/knowledgeos_theory_research/corpus/knowledge_os_with_lina_puran/20260919-160220_independent-review-import-smith-s-logic-laws-truth-knowledgeos.md
F2304	Sep 19 19:50 docs/knowledgeos/brainstorming/knowledgeos_theory_research/corpus/knowledge_os_with_lina_puran/20260919-195034_round-600_new-base-10-base-5-base-2-analysis-adds-genuinely.md
F2305	Sep 19 19:52 docs/knowledgeos/brainstorming/knowledgeos_theory_research/corpus/knowledge_os_with_lina_puran/20260919-195209_round-600_r-review-representation-invariant-calculus-correction-residual-issues-invariant.md
F2306	Sep 19 19:52 docs/knowledgeos/brainstorming/knowledgeos_theory_research/corpus/knowledge_os_with_lina_puran/20260919-195253_round-600_r-review-representation-invariant-calculus-correction-residual-issues-invariant-dup.md
F2307	Sep 19 19:55 docs/knowledgeos/brainstorming/knowledgeos_theory_research/corpus/knowledge_os_with_lina_puran/20260919-195535_round-600_r2-review-representation-invariant-tightening-residual-corrections-executable-reference.md
F2308	Sep 19 20:04 docs/knowledgeos/brainstorming/knowledgeos_theory_research/corpus/knowledge_os_with_lina_puran/20260919-200450_round-601_review-palmistry-extraction-corrections-first-executable-interpretive-calculus.md
F2309	Sep 19 20:11 docs/knowledgeos/brainstorming/knowledgeos_theory_research/corpus/knowledge_os_with_lina_puran/20260919-201137_round-602_review-algorithmic-reasoning-extraction-corrections-executable-reference-kernel-v0.md
F2310	Sep 19 20:12 docs/knowledgeos/brainstorming/knowledgeos_theory_research/corpus/knowledge_os_with_lina_puran/20260919-201212_central-problem-knowledgeos-theory.md
F2311	Sep 19 20:18 docs/knowledgeos/brainstorming/knowledgeos_theory_research/corpus/knowledge_os_with_lina_puran/20260919-201846_round-602_round-602-executable-knowledgeos-reasoning-kernel-attached-material-gives-us.md
F2312	Sep 19 20:28 docs/knowledgeos/brainstorming/knowledgeos_theory_research/corpus/knowledge_os_with_lina_puran/20260919-202804_r603_executable-reasoning-reference-kernel.md
F2313	Sep 19 20:41 docs/knowledgeos/brainstorming/knowledgeos_theory_research/corpus/knowledge_os_with_lina_puran/20260919-204116_r604_dependency-aware-bayesian-reasoning.md
F2314	Sep 19 22:13 docs/knowledgeos/brainstorming/knowledgeos_theory_research/corpus/knowledge_os_with_lina_puran/20260919-221328_round-604_round-603-adaptive-multiresolution-epistemic-zoom-calculus-have-reviewed-attached.md
F2315	Sep 20 09:32 docs/knowledgeos/brainstorming/knowledgeos_theory_research/corpus/knowledge_os_with_lina_puran/20260920-093245_ablation-actually.md
F2316	Sep 20 09:35 docs/knowledgeos/brainstorming/knowledgeos_theory_research/corpus/knowledge_os_with_lina_puran/20260920-093557_professional-analysis-knowledgeos-work-ablation-means.md
F2317	Sep 20 09:38 docs/knowledgeos/brainstorming/knowledgeos_theory_research/corpus/knowledge_os_with_lina_puran/20260920-093835_how-linear-algebra-algebraic-topology-can-used-knowledgeos.md
F2318	Sep 20 09:49 docs/knowledgeos/brainstorming/knowledgeos_theory_research/corpus/knowledge_os_with_lina_puran/20260920-094919_comparative-analysis-zero-lens-vs-yoni-lens-how-improve-both.md
F2319	Sep 20 09:54 docs/knowledgeos/brainstorming/knowledgeos_theory_research/corpus/knowledge_os_with_lina_puran/20260920-095420_comparative-analysis-zero-lens-vs-yoni-lens-how-improve-both-dup.md
F2320	Sep 20 09:54 docs/knowledgeos/brainstorming/knowledgeos_theory_research/corpus/knowledge_os_with_lina_puran/20260920-095442_reviewing-algebraic-process-knowledgeos-kernel-through-ablation-zero-lens-yoni.md
F2321	Sep 20 09:57 docs/knowledgeos/brainstorming/knowledgeos_theory_research/corpus/knowledge_os_with_lina_puran/20260920-095711_reviewing-whole-knowledge-algebra-through-ablation-zero-lens-yoni-lens.md
F2322	Sep 20 09:58 docs/knowledgeos/brainstorming/knowledgeos_theory_research/corpus/knowledge_os_with_lina_puran/20260920-095809_complete-knowledgeos-lens-architecture-ablation-zero-yoni-lord-kernel-yoni.md
F2323	Sep 20 10:00 docs/knowledgeos/brainstorming/knowledgeos_theory_research/corpus/knowledge_os_with_lina_puran/20260920-100028_knowledgeos-critical-review-formal-reconstruction-knowledge-algebra.md
F2324	Sep 20 10:05 docs/knowledgeos/brainstorming/knowledgeos_theory_research/corpus/knowledge_os_with_lina_puran/20260920-100536_knowledgeos-step-545-executable-specification-empirical-gate-implementation-roadmap.md
F2325	Sep 20 10:24 docs/knowledgeos/brainstorming/knowledgeos_theory_research/corpus/knowledge_os_with_lina_puran/20260920-102409_implementing-sheaves-manifolds-knowledgeos-algebra.md
F2326	Sep 20 10:26 docs/knowledgeos/brainstorming/knowledgeos_theory_research/corpus/knowledge_os_with_lina_puran/20260920-102643_extraction-important-facts-categories-sheaves-kashiwara-schapira-2006.md
F2327	Sep 20 10:33 docs/knowledgeos/brainstorming/knowledgeos_theory_research/corpus/knowledge_os_with_lina_puran/20260920-103327_step-561_extraction-kashiwara-schapira-s-categories-sheaves-knowledgeos.md
F2328	Sep 20 11:03 docs/knowledgeos/brainstorming/knowledgeos_theory_research/corpus/knowledge_os_with_lina_puran/20260920-110358_continued-next-step-used-attached-document-research-basis-also-executed.md
F2329	Sep 20 11:28 docs/knowledgeos/brainstorming/knowledgeos_theory_research/corpus/knowledge_os_with_lina_puran/20260920-112846_would-continue-corrected-s1-2-formulation-rather-than-starting-another-dup.md
F2330	Sep 20 13:30 docs/knowledgeos/brainstorming/knowledgeos_theory_research/corpus/knowledge_os_with_lina_puran/20260920-133005_seeing-knowledgeos-lens-architecture-through-five-lenses.md
F2331	Sep 20 13:30 docs/knowledgeos/brainstorming/knowledgeos_theory_research/corpus/knowledge_os_with_lina_puran/20260920-133014_extraction-ad-mek-rosick-vitale-algebraic-theories-categorical-introduction-general.md
F2332	Sep 20 13:31 docs/knowledgeos/brainstorming/knowledgeos_theory_research/corpus/knowledge_os_with_lina_puran/20260920-133102_using-five-lenses-ablation-zero-yoni-lord-kernel-yoni-ablation.md
F2333	Sep 20 13:32 docs/knowledgeos/brainstorming/knowledgeos_theory_research/corpus/knowledge_os_with_lina_puran/20260920-133227_applying-five-lenses-kashiwara-schapira-extraction.md
F2334	Sep 20 14:48 docs/knowledgeos/brainstorming/knowledgeos_theory_research/corpus/knowledge_os_with_lina_puran/20260920-144852_continued-next-step-used-attached-document-research-basis-also-executed-dup2.md
F2335	Sep 20 15:36 docs/knowledgeos/brainstorming/knowledgeos_theory_research/corpus/knowledge_os_with_lina_puran/20260920-153640_s1-2b-exact-cellular-knowledgeos-validation-dup3.md
F2336	Sep 20 15:38 docs/knowledgeos/brainstorming/knowledgeos_theory_research/corpus/knowledge_os_with_lina_puran/20260920-153857_b0-evidence-count-baseline.md
F2337	Sep 20 15:40 docs/knowledgeos/brainstorming/knowledgeos_theory_research/corpus/knowledge_os_with_lina_puran/20260920-154002_next-step-prove-whether-local-global-reasoning-adds-capability.md
F2338	Sep 20 15:40 docs/knowledgeos/brainstorming/knowledgeos_theory_research/corpus/knowledge_os_with_lina_puran/20260920-154049_step-001_execute-first-scalable-local-global-benchmark.md
F2339	Sep 20 15:50 docs/knowledgeos/brainstorming/knowledgeos_theory_research/corpus/knowledge_os_with_lina_puran/20260920-155007_step-lg-05-knowledgeos-ablation-causal-reasoning-protocol.md
F2340	Sep 15 20:08 docs/knowledgeos/brainstorming/knowledgeos_theory_research/corpus/knowledge_os_with_lina_puran/20260915-200845_have-linga-purana-you-uploaded-bibek-debroy-dipavali-debroy-translation.md
F2341	Sep 15 20:09 docs/knowledgeos/brainstorming/knowledgeos_theory_research/corpus/knowledge_os_with_lina_puran/20260915-200948_think-much-more-interesting-direction-than-treating-linga-purana-only.md
F2342	Sep 15 20:11 docs/knowledgeos/brainstorming/knowledgeos_theory_research/corpus/knowledge_os_with_lina_puran/20260915-201117_if-take-linga-not-merely-object-but-symbol-unbounded-infinite.md
F2343	Sep 15 20:13 docs/knowledgeos/brainstorming/knowledgeos_theory_research/corpus/knowledge_os_with_lina_puran/20260915-201309_have-examined-relevant-parts-deborah-adele-s-yamas-niyamas-exploring.md
F2344	Sep 15 20:15 docs/knowledgeos/brainstorming/knowledgeos_theory_research/corpus/knowledge_os_with_lina_puran/20260915-201510_knowledgeos-formal-definition-zero.md
F2345	Sep 15 20:16 docs/knowledgeos/brainstorming/knowledgeos_theory_research/corpus/knowledge_os_with_lina_puran/20260915-201646_clarification-changes-how-would-review-operational-architecture-knowledgeos-your-actual.md
F2346	Sep 15 20:17 docs/knowledgeos/brainstorming/knowledgeos_theory_research/corpus/knowledge_os_with_lina_puran/20260915-201755_think-garuda-purana-gives-us-much-better-metaphor-actual-knowledgeos.md
F2347	Sep 15 20:19 docs/knowledgeos/brainstorming/knowledgeos_theory_research/corpus/knowledge_os_with_lina_puran/20260915-201917_where-would-deliberately-slow-down-not-formalize-too-early-have.md
F2348	Sep 15 20:23 docs/knowledgeos/brainstorming/knowledgeos_theory_research/corpus/knowledge_os_with_lina_puran/20260915-202340_knowledgeos-theory.md
F2349	Sep 15 20:26 docs/knowledgeos/brainstorming/knowledgeos_theory_research/corpus/knowledge_os_with_lina_puran/20260915-202606_would-make-much-more-precise-important-ddd-insight-smallest-must.md
F2350	Sep 15 20:28 docs/knowledgeos/brainstorming/knowledgeos_theory_research/corpus/knowledge_os_with_lina_puran/20260915-202845_after-reviewing-existing-derivation-record-would-make-important-correction-previous.md
F2351	Sep 15 20:31 docs/knowledgeos/brainstorming/knowledgeos_theory_research/corpus/knowledge_os_with_lina_puran/20260915-203115_very-important-direction-test-if-seriously-consider-boxed-text-knowledge.md
F2352	Sep 15 20:32 docs/knowledgeos/brainstorming/knowledgeos_theory_research/corpus/knowledge_os_with_lina_puran/20260915-203237_think-can-take-formal-research-hypothesis-rather-than-merely-analogy.md
F2353	Sep 15 20:33 docs/knowledgeos/brainstorming/knowledgeos_theory_research/corpus/knowledge_os_with_lina_puran/20260915-203354_experiment-k-1-can-infinite-probability-space-itself-preserve-knowledgeos.md
F2354	Sep 15 20:36 docs/knowledgeos/brainstorming/knowledgeos_theory_research/corpus/knowledge_os_with_lina_puran/20260915-203606_k-2_research-question.md
F2355	Sep 15 20:37 docs/knowledgeos/brainstorming/knowledgeos_theory_research/corpus/knowledge_os_with_lina_puran/20260915-203750_k2-c_same-probability-space-different-histories.md
F2356	Sep 15 20:39 docs/knowledgeos/brainstorming/knowledgeos_theory_research/corpus/knowledge_os_with_lina_puran/20260915-203919_would-change-research-strategy-previous-k3-plan-remove-one-one.md
F2357	Sep 15 20:40 docs/knowledgeos/brainstorming/knowledgeos_theory_research/corpus/knowledge_os_with_lina_puran/20260915-204031_k3-zero-guided-irreducibility-research.md
F2358	Sep 15 20:41 docs/knowledgeos/brainstorming/knowledgeos_theory_research/corpus/20260915-204109_vedic-math-genius-evaluation-operational-tricks-vs-structural-invariants.md
F2359	Sep 15 20:42 docs/knowledgeos/brainstorming/knowledgeos_theory_research/corpus/knowledge_os_with_lina_puran/20260915-204219_k3-r_representation-replacement.md
F2360	Sep 15 20:45 docs/knowledgeos/brainstorming/knowledgeos_theory_research/corpus/knowledge_os_with_lina_puran/20260915-204518_k4-a_capability-reduction-delegability.md
F2361	Sep 15 20:46 docs/knowledgeos/brainstorming/knowledgeos_theory_research/corpus/knowledge_os_with_lina_puran/20260915-204626_k4-b_delegation-boundary-anchoring.md
F2362	Sep 15 20:48 docs/knowledgeos/brainstorming/knowledgeos_theory_research/corpus/knowledge_os_with_lina_puran/20260915-204823_k4-c_anchor-compression-independence.md
F2363	Sep 15 20:51 docs/knowledgeos/brainstorming/knowledgeos_theory_research/corpus/knowledge_os_with_lina_puran/20260915-205122_k4-d_anchor-independence-counterexamples.md
F2364	Sep 15 20:55 docs/knowledgeos/brainstorming/knowledgeos_theory_research/corpus/knowledge_os_with_lina_puran/20260915-205516_k4-e_joint-reduction-synergy-analysis.md
F2365	Sep 15 20:56 docs/knowledgeos/brainstorming/knowledgeos_theory_research/corpus/knowledge_os_with_lina_puran/20260915-205630_k4-f_inquiry-completeness-discriminating-inquiry-set.md
F2366	Sep 15 20:59 docs/knowledgeos/brainstorming/knowledgeos_theory_research/corpus/knowledge_os_with_lina_puran/20260915-205907_k4-g_invariant-coverage.md
F2367	Sep 15 21:00 docs/knowledgeos/brainstorming/knowledgeos_theory_research/corpus/knowledge_os_with_lina_puran/20260915-210019_k4-h_coverage-minimality-separating-power.md
F2368	Sep 15 21:07 docs/knowledgeos/brainstorming/knowledgeos_theory_research/corpus/knowledge_os_with_lina_puran/20260915-210714_k5-c_history-provenance-transition.md
F2369	Sep 15 21:08 docs/knowledgeos/brainstorming/knowledgeos_theory_research/corpus/knowledge_os_with_lina_puran/20260915-210853_k5-b_dependency-graph-minimal-generating-set.md
F2370	Sep 15 21:12 docs/knowledgeos/brainstorming/knowledgeos_theory_research/corpus/knowledge_os_with_lina_puran/20260915-211251_k5-a_systematic-kernel-ablation.md
F2371	Sep 15 21:14 docs/knowledgeos/brainstorming/knowledgeos_theory_research/corpus/knowledge_os_with_lina_puran/20260915-211442_k4-h_coverage-minimality-separating-power-dup.md
F2372	Sep 15 21:19 docs/knowledgeos/brainstorming/knowledgeos_theory_research/corpus/knowledge_os_with_lina_puran/20260915-211951_k5-c_prime-state-event-provenance-factorization.md
F2373	Sep 15 21:21 docs/knowledgeos/brainstorming/knowledgeos_theory_research/corpus/knowledge_os_with_lina_puran/20260915-212122_k5-c_temporal-history-transition-provenance.md
F2374	Sep 15 21:23 docs/knowledgeos/brainstorming/knowledgeos_theory_research/corpus/knowledge_os_with_lina_puran/20260915-212358_k5-d_attribution-frame-joint-reduction.md
F2375	Sep 17 16:26 docs/knowledgeos/brainstorming/knowledgeos_theory_research/corpus/knowledge_os_with_lina_puran/20260917-162602_k5-d_prime-epistemic-relation-stress-test.md
F2376	Sep 17 16:28 docs/knowledgeos/brainstorming/knowledgeos_theory_research/corpus/knowledge_os_with_lina_puran/20260917-162809_k5-e_global-configuration-reduction.md
F2377	Sep 17 16:29 docs/knowledgeos/brainstorming/knowledgeos_theory_research/corpus/knowledge_os_with_lina_puran/20260917-162916_k5-f_global-conformance-missing-capability-search.md
F2378	Sep 17 16:30 docs/knowledgeos/brainstorming/knowledgeos_theory_research/corpus/knowledge_os_with_lina_puran/20260917-163043_k5-g_cross-generator-reconstruction-anchor-compression.md
F2379	Sep 17 16:38 docs/knowledgeos/brainstorming/knowledgeos_theory_research/corpus/knowledge_os_with_lina_puran/20260917-163806_k5-h_anchor-sufficiency-external-delegation.md
F2380	Sep 17 16:39 docs/knowledgeos/brainstorming/knowledgeos_theory_research/corpus/knowledge_os_with_lina_puran/20260917-163921_k5-i_anchor-completeness-terminality.md
F2381	Sep 17 16:43 docs/knowledgeos/brainstorming/knowledgeos_theory_research/corpus/knowledge_os_with_lina_puran/20260917-164344_step-025i_knowledge-identity-algebra.md
F2382	Sep 17 16:44 docs/knowledgeos/brainstorming/knowledgeos_theory_research/corpus/knowledge_os_with_lina_puran/20260917-164451_step-025l_distributed-knowledge-merge-convergence-consistency.md
F2383	Sep 17 16:48 docs/knowledgeos/brainstorming/knowledgeos_theory_research/corpus/knowledge_os_with_lina_puran/20260917-164806_have-read-uploaded-step-274-canonical-knowledge-state-algebra-closure.md
F2384	Sep 17 16:51 docs/knowledgeos/brainstorming/knowledgeos_theory_research/corpus/knowledge_os_with_lina_puran/20260917-165123_step-275_canonical-epistemic-status-algebra.md
F2385	Sep 17 16:55 docs/knowledgeos/brainstorming/knowledgeos_theory_research/corpus/knowledge_os_with_lina_puran/20260917-165521_think-actually-stronger-direction-but-one-important-qualification-can-define.md
F2386	Sep 17 17:27 docs/knowledgeos/brainstorming/knowledgeos_theory_research/corpus/knowledge_os_with_lina_puran/20260917-172745_step-291_representation-independence-alternative-basis-test.md
F2387	Sep 17 18:12 docs/knowledgeos/brainstorming/knowledgeos_theory_research/corpus/knowledge_os_with_lina_puran/20260917-181222_step-291_representation-independence-alternative-basis-test.md
F2388	Sep 17 18:15 docs/knowledgeos/brainstorming/knowledgeos_theory_research/corpus/knowledge_os_with_lina_puran/20260917-181554_step-292_semantic-basis-separation-test.md
F2389	Sep 17 18:16 docs/knowledgeos/brainstorming/knowledgeos_theory_research/corpus/knowledge_os_with_lina_puran/20260917-181613_step-293_law-bearing-relation-basis-reduction.md
F2390	Sep 17 18:17 docs/knowledgeos/brainstorming/knowledgeos_theory_research/corpus/knowledge_os_with_lina_puran/20260917-181735_step-294_epistemic-capability-reconstruction.md
F2391	Sep 17 18:19 docs/knowledgeos/brainstorming/knowledgeos_theory_research/corpus/knowledge_os_with_lina_puran/20260917-181912_step-295_minimal-structural-requirements.md
F2392	Sep 17 18:33 docs/knowledgeos/brainstorming/knowledgeos_theory_research/corpus/knowledge_os_with_lina_puran/20260917-183320_step-296_law-system-minimality.md
F2393	Sep 17 18:34 docs/knowledgeos/brainstorming/knowledgeos_theory_research/corpus/knowledge_os_with_lina_puran/20260917-183438_step-297_semantic-contract-expressiveness.md
F2394	Sep 17 18:35 docs/knowledgeos/brainstorming/knowledgeos_theory_research/corpus/knowledge_os_with_lina_puran/20260917-183439_step-298_law-algebra-irreducibility.md
F2395	Sep 17 19:07 docs/knowledgeos/brainstorming/knowledgeos_theory_research/corpus/knowledge_os_with_lina_puran/20260917-190719_step-457_knowledgeos-step-457.md
F2396	Sep 17 19:09 docs/knowledgeos/brainstorming/knowledgeos_theory_research/corpus/knowledge_os_with_lina_puran/20260917-190920_step-458_knowledgeos-step-458.md
F2397	Sep 17 19:11 docs/knowledgeos/brainstorming/knowledgeos_theory_research/corpus/knowledge_os_with_lina_puran/20260917-191105_step-459_knowledgeos-step-459.md
F2398	Sep 17 19:13 docs/knowledgeos/brainstorming/knowledgeos_theory_research/corpus/knowledge_os_with_lina_puran/20260917-191315_step-460_knowledgeos-step-460.md
F2399	Sep 17 19:15 docs/knowledgeos/brainstorming/knowledgeos_theory_research/corpus/knowledge_os_with_lina_puran/20260917-191528_step-461_knowledgeos-step-461.md
F2400	Sep 17 19:22 docs/knowledgeos/brainstorming/knowledgeos_theory_research/corpus/knowledge_os_with_lina_puran/20260917-192208_step-463_knowledgeos-step-463.md
F2401	Sep 17 19:23 docs/knowledgeos/brainstorming/knowledgeos_theory_research/corpus/knowledge_os_with_lina_puran/20260917-192332_step-464_knowledgeos-step-464.md
F2402	Sep 17 21:17 docs/knowledgeos/brainstorming/knowledgeos_theory_research/corpus/knowledge_os_with_lina_puran/20260917-211759_step-464_knowledgeos-step-464-dup.md
F2403	Sep 17 21:25 docs/knowledgeos/brainstorming/knowledgeos_theory_research/corpus/knowledge_os_with_lina_puran/20260917-183439_step-299_continue-step-299-three-layer-law-irreducibility-test-current-candidate.md
F2404	Sep 17 21:26 docs/knowledgeos/brainstorming/knowledgeos_theory_research/corpus/knowledge_os_with_lina_puran/20260917-183439_step-300_unified-typed-semantic-calculus.md
F2405	Sep 17 21:28 docs/knowledgeos/brainstorming/knowledgeos_theory_research/corpus/knowledge_os_with_lina_puran/20260917-183439_step-301_environment-context-irreducibility.md
F2406	Sep 18 07:17 docs/knowledgeos/brainstorming/knowledgeos_theory_research/corpus/knowledge_os_with_lina_puran/20260917-183439_step-302_kernel-environment-separation.md
F2407	Sep 18 07:18 docs/knowledgeos/brainstorming/knowledgeos_theory_research/corpus/knowledge_os_with_lina_puran/20260917-183439_step-303_semantic-identity-stability.md
F2408	Sep 18 07:20 docs/knowledgeos/brainstorming/knowledgeos_theory_research/corpus/knowledge_os_with_lina_puran/20260917-183439_step-304_identity-algebra-congruence-test.md
F2409	Sep 18 07:21 docs/knowledgeos/brainstorming/knowledgeos_theory_research/corpus/knowledge_os_with_lina_puran/20260917-183439_step-305_identity-law-irreducibility-test.md
F2410	Sep 18 07:22 docs/knowledgeos/brainstorming/knowledgeos_theory_research/corpus/knowledge_os_with_lina_puran/20260917-183439_step-306_continue-step-306-law-bearing-relation-expressiveness-boundary-test-critical.md
F2411	Sep 18 07:30 docs/knowledgeos/brainstorming/knowledgeos_theory_research/corpus/knowledge_os_with_lina_puran/20260917-183439_step-307_dependency-reification-kernel-closure.md
F2412	Sep 18 07:30 docs/knowledgeos/brainstorming/knowledgeos_theory_research/corpus/knowledge_os_with_lina_puran/20260917-183439_step-308_continue-step-308-identity-irreducibility-referential-closure-test-critical-reduction.md
F2413	Sep 18 07:32 docs/knowledgeos/brainstorming/knowledgeos_theory_research/corpus/knowledge_os_with_lina_puran/20260917-183439_step-309_continue-step-309-relation-irreducibility-argument-semantics-test-correct-next.md
F2414	Sep 18 07:33 docs/knowledgeos/brainstorming/knowledgeos_theory_research/corpus/knowledge_os_with_lina_puran/20260917-183439_step-310_continue-step-310-law-interpreter-irreducibility-test-potentially-last-major.md
F2415	Sep 18 07:43 docs/knowledgeos/brainstorming/knowledgeos_theory_research/corpus/knowledge_os_with_lina_puran/20260917-183439_step-311_continue-step-311-computational-closure-test-decisive-stage-have-reduced.md
F2416	Sep 18 07:44 docs/knowledgeos/brainstorming/knowledgeos_theory_research/corpus/knowledge_os_with_lina_puran/20260917-183439_step-312_kernel-interpretation-vs-epistemic-interpretation.md
F2417	Sep 18 07:45 docs/knowledgeos/brainstorming/knowledgeos_theory_research/corpus/knowledge_os_with_lina_puran/20260917-183439_step-313_continue-step-313-minimal-kernel-semantic-language-test-objective-sharper.md
F2418	Sep 18 07:47 docs/knowledgeos/brainstorming/knowledgeos_theory_research/corpus/knowledge_os_with_lina_puran/20260917-183439_step-314_continue-step-314-minimal-kernel-semantic-contract-language-objective-attack.md
F2419	Sep 18 07:48 docs/knowledgeos/brainstorming/knowledgeos_theory_research/corpus/knowledge_os_with_lina_puran/20260917-183439_step-315_semantic-contract-composition-closure.md
F2420	Sep 18 07:50 docs/knowledgeos/brainstorming/knowledgeos_theory_research/corpus/knowledge_os_with_lina_puran/20260917-183439_step-316_semantic-self-reference-stratification-test.md
F2421	Sep 18 07:52 docs/knowledgeos/brainstorming/knowledgeos_theory_research/corpus/knowledge_os_with_lina_puran/20260917-183439_step-317_semantic-contract-soundness-invariant-preservation.md
F2422	Sep 18 07:53 docs/knowledgeos/brainstorming/knowledgeos_theory_research/corpus/knowledge_os_with_lina_puran/20260917-183439_step-318_semantic-contract-verifiability.md
F2423	Sep 18 07:54 docs/knowledgeos/brainstorming/knowledgeos_theory_research/corpus/knowledge_os_with_lina_puran/20260917-183439_step-319_completeness-kernel-semantic-contract-language.md
F2424	Sep 18 07:55 docs/knowledgeos/brainstorming/knowledgeos_theory_research/corpus/knowledge_os_with_lina_puran/20260917-183439_step-320_global-kernel-minimality-closure.md
F2425	Sep 18 08:05 docs/knowledgeos/brainstorming/knowledgeos_theory_research/corpus/knowledge_os_with_lina_puran/20260917-183439_step-321_minimality-semantic-equivalence.md
F2426	Sep 18 08:07 docs/knowledgeos/brainstorming/knowledgeos_theory_research/corpus/knowledge_os_with_lina_puran/20260917-183439_step-322_construction-representation-independent-semantic-equivalence.md
F2427	Sep 18 08:09 docs/knowledgeos/brainstorming/knowledgeos_theory_research/corpus/knowledge_os_with_lina_puran/20260917-183439_step-323_observation-completeness-hidden-dimension-attack.md
F2428	Sep 18 08:25 docs/knowledgeos/brainstorming/knowledgeos_theory_research/corpus/knowledge_os_with_lina_puran/20260917-183439_step-325_formalization-knowledgeos-kernel-calculus.md
F2429	Sep 18 08:27 docs/knowledgeos/brainstorming/knowledgeos_theory_research/corpus/knowledge_os_with_lina_puran/20260917-183439_step-326_inference-rules-knowledgeos-kernel-calculus.md
F2430	Sep 18 08:28 docs/knowledgeos/brainstorming/knowledgeos_theory_research/corpus/knowledge_os_with_lina_puran/20260917-183439_step-327_type-preservation-theorem.md
F2431	Sep 18 08:29 docs/knowledgeos/brainstorming/knowledgeos_theory_research/corpus/knowledge_os_with_lina_puran/20260917-183439_step-328_referential-preservation-theorem.md
F2432	Sep 18 08:32 docs/knowledgeos/brainstorming/knowledgeos_theory_research/corpus/knowledge_os_with_lina_puran/20260917-183439_step-325_formalization-knowledgeos-kernel-calculus-dup.md
F2433	Sep 18 08:34 docs/knowledgeos/brainstorming/knowledgeos_theory_research/corpus/knowledge_os_with_lina_puran/20260917-183439_step-329_integrated-kernel-invariant-preservation-irreducibility.md
F2434	Sep 18 08:35 docs/knowledgeos/brainstorming/knowledgeos_theory_research/corpus/knowledge_os_with_lina_puran/20260917-183439_step-330_kernel-soundness-theorem.md
F2435	Sep 18 08:42 docs/knowledgeos/brainstorming/knowledgeos_theory_research/corpus/knowledge_os_with_lina_puran/20260917-183439_step-331_invariant-basis-reduction.md
F2436	Sep 18 08:50 docs/knowledgeos/brainstorming/knowledgeos_theory_research/corpus/knowledge_os_with_lina_puran/20260917-183439_step-332_state-well-formedness-calculus.md
F2437	Sep 18 08:55 docs/knowledgeos/brainstorming/knowledgeos_theory_research/corpus/knowledge_os_with_lina_puran/20260917-183439_step-333_referential-structure-identity-preservation.md
F2438	Sep 18 08:56 docs/knowledgeos/brainstorming/knowledgeos_theory_research/corpus/knowledge_os_with_lina_puran/20260917-183439_step-334_referential-morphism-calculus.md
F2439	Sep 18 08:57 docs/knowledgeos/brainstorming/knowledgeos_theory_research/corpus/knowledge_os_with_lina_puran/20260917-183439_step-335_semantic-morphism-vs-observational-equivalence.md
F2440	Sep 18 11:03 docs/knowledgeos/brainstorming/knowledgeos_theory_research/corpus/knowledge_os_with_lina_puran/20260918-110337_step-549_sequential-active-acquisition-value-information.md
F2441	Sep 18 11:09 docs/knowledgeos/brainstorming/knowledgeos_theory_research/corpus/knowledge_os_with_lina_puran/20260918-110911_step-549_knowledgeos-revised-mathematical-derivation.md
F2442	Sep 18 11:16 docs/knowledgeos/brainstorming/knowledgeos_theory_research/corpus/knowledge_os_with_lina_puran/20260918-111625_step-550_formal-benchmark-semantics-oracle-separation.md
F2443	Sep 18 13:27 docs/knowledgeos/brainstorming/knowledgeos_theory_research/corpus/knowledge_os_with_lina_puran/20260917-183439_step-336_behavioral-equivalence-bisimulation-test.md
F2444	Sep 18 13:29 docs/knowledgeos/brainstorming/knowledgeos_theory_research/corpus/knowledge_os_with_lina_puran/20260917-183439_step-337_behavioral-irreducibility-test.md
F2445	Sep 18 13:30 docs/knowledgeos/brainstorming/knowledgeos_theory_research/corpus/knowledge_os_with_lina_puran/20260917-183439_step-337_behavioral-irreducibility-test-dup.md
F2446	Sep 18 13:30 docs/knowledgeos/brainstorming/knowledgeos_theory_research/corpus/knowledge_os_with_lina_puran/20260917-183439_step-338_behavioral-full-abstraction-test.md
F2447	Sep 18 13:31 docs/knowledgeos/brainstorming/knowledgeos_theory_research/corpus/knowledge_os_with_lina_puran/20260917-183439_step-339_kernel-operation-separating-family.md
F2448	Sep 18 13:33 docs/knowledgeos/brainstorming/knowledgeos_theory_research/corpus/knowledge_os_with_lina_puran/20260917-183439_step-340_transition-semantics-irreducibility.md
F2449	Sep 18 13:34 docs/knowledgeos/brainstorming/knowledgeos_theory_research/corpus/knowledge_os_with_lina_puran/20260917-183439_step-341_trace-semantics-reduction-test.md
F2450	Sep 18 13:35 docs/knowledgeos/brainstorming/knowledgeos_theory_research/corpus/knowledge_os_with_lina_puran/20260917-183439_step-342_semantic-contract-dependency-fibered-structure-test.md
F2451	Sep 18 13:37 docs/knowledgeos/brainstorming/knowledgeos_theory_research/corpus/knowledge_os_with_lina_puran/20260917-183439_step-342_semantic-contract-dependency-fibered-structure-test-dup.md
F2452	Sep 18 13:37 docs/knowledgeos/brainstorming/knowledgeos_theory_research/corpus/knowledge_os_with_lina_puran/20260917-183439_step-343_semantic-contract-fiber-calculus.md
F2453	Sep 18 13:41 docs/knowledgeos/brainstorming/knowledgeos_theory_research/corpus/knowledge_os_with_lina_puran/20260917-183439_step-344_refinement-congruence-contract-algebra.md
F2454	Sep 18 13:42 docs/knowledgeos/brainstorming/knowledgeos_theory_research/corpus/knowledge_os_with_lina_puran/20260917-183439_step-345_contract-algebra-completion-attack.md
F2455	Sep 18 13:43 docs/knowledgeos/brainstorming/knowledgeos_theory_research/corpus/knowledge_os_with_lina_puran/20260917-183439_step-346_mutual-refinement-vs-semantic-equivalence.md
F2456	Sep 18 13:44 docs/knowledgeos/brainstorming/knowledgeos_theory_research/corpus/knowledge_os_with_lina_puran/20260917-183439_step-347_full-abstraction-attack-semantic-contract-calculus.md
F2457	Sep 18 13:46 docs/knowledgeos/brainstorming/knowledgeos_theory_research/corpus/knowledge_os_with_lina_puran/20260917-183439_step-348_full-abstraction-theorem-attack.md
F2458	Sep 18 13:49 docs/knowledgeos/brainstorming/knowledgeos_theory_research/corpus/knowledge_os_with_lina_puran/20260917-183439_step-349_access-distinguishability-formalization.md
F2459	Sep 18 13:51 docs/knowledgeos/brainstorming/knowledgeos_theory_research/corpus/knowledge_os_with_lina_puran/20260917-183439_step-346_mutual-refinement-vs-semantic-equivalence-dup.md
F2460	Sep 18 13:55 docs/knowledgeos/brainstorming/knowledgeos_theory_research/corpus/knowledge_os_with_lina_puran/20260917-183439_step-349_step-349-access-distinguishability-formalization-continue-step-348-question-deliberately.md
F2461	Sep 18 13:57 docs/knowledgeos/brainstorming/knowledgeos_theory_research/corpus/knowledge_os_with_lina_puran/20260917-183439_step-350_infinite-access-representation-cardinality-attack.md
F2462	Sep 18 14:16 docs/knowledgeos/brainstorming/knowledgeos_theory_research/corpus/knowledge_os_with_lina_puran/20260918-141640_step-552_determination-preserving-active-acquisition.md
F2463	Sep 18 14:17 docs/knowledgeos/brainstorming/knowledgeos_theory_research/corpus/knowledge_os_with_lina_puran/20260918-141741_step-552_determination-preserving-active-acquisition-dup.md
F2464	Sep 18 14:50 docs/knowledgeos/brainstorming/knowledgeos_theory_research/corpus/knowledge_os_with_lina_puran/20260918-145046_step-553_assessment-relative-determination-retraction-cross-regime-validation.md
F2465	Sep 18 14:51 docs/knowledgeos/brainstorming/knowledgeos_theory_research/corpus/knowledge_os_with_lina_puran/20260918-145113_step-552_have-read-attached-step-552-material-substantial-improvement-over-step.md
F2466	Sep 18 14:52 docs/knowledgeos/brainstorming/knowledgeos_theory_research/corpus/knowledge_os_with_lina_puran/20260918-145245_have-read-attached-step-552-material-substantial-improvement-over-step-dup.md
F2467	Sep 18 15:00 docs/knowledgeos/brainstorming/knowledgeos_theory_research/corpus/knowledge_os_with_lina_puran/20260918-150049_step-554_context-assessment-regime-stable-knowledge.md
F2468	Sep 18 15:08 docs/knowledgeos/brainstorming/knowledgeos_theory_research/corpus/knowledge_os_with_lina_puran/20260918-150856_step-553_determination-separability-assessment-stability-retraction.md
F2469	Sep 18 15:13 docs/knowledgeos/brainstorming/knowledgeos_theory_research/corpus/knowledge_os_with_lina_puran/20260918-151300_yes-clean-negative-methodological-result-agree-degeneracy-has-lead-interpretation.md
F2470	Sep 18 15:13 docs/knowledgeos/brainstorming/knowledgeos_theory_research/corpus/knowledge_os_with_lina_puran/20260918-151314_methodological-verification-writing-formal-structure-presented-kr-biocomm-zero-01.md
F2471	Sep 18 15:21 docs/knowledgeos/brainstorming/knowledgeos_theory_research/corpus/knowledge_os_with_lina_puran/20260918-152148_step-554_have-reviewed-both-attached-step-554-artifacts-source-material-they.md
F2472	Sep 18 16:15 docs/knowledgeos/brainstorming/knowledgeos_theory_research/corpus/knowledge_os_with_lina_puran/20260918-161531_step-556_knowledgeos-consolidated-theory-sequential-epistemic-acquisition.md
F2473	Sep 18 16:32 docs/knowledgeos/brainstorming/knowledgeos_theory_research/corpus/knowledge_os_with_lina_puran/20260918-163259_step-557_have-reviewed-attached-step-557-sequential-planner-robustness-model-error.md
F2474	Sep 18 16:44 docs/knowledgeos/brainstorming/knowledgeos_theory_research/corpus/knowledge_os_with_lina_puran/20260918-164457_but-want-make-one-distinction-very-clear-have-not-independently.md
F2475	Sep 18 17:39 docs/knowledgeos/brainstorming/knowledgeos_theory_research/corpus/knowledge_os_with_lina_puran/20260918-173921_step-554_context-assessment-regime-stability-executable-falsification.md
F2476	Sep 18 17:41 docs/knowledgeos/brainstorming/knowledgeos_theory_research/corpus/knowledge_os_with_lina_puran/20260918-174132_step-561_have-reviewed-both-attached-analysis-actual-dummett-book-logical-basis.md
F2477	Sep 18 18:01 docs/knowledgeos/brainstorming/knowledgeos_theory_research/corpus/knowledge_os_with_lina_puran/20260918-180139_step-561_mathematical-meaning.md
F2478	Sep 18 18:48 docs/knowledgeos/brainstorming/knowledgeos_theory_research/corpus/knowledge_os_with_lina_puran/20260918-184823_step-559_knowledgeos-state-space-consolidation.md
F2479	Sep 18 19:33 docs/knowledgeos/brainstorming/knowledgeos_theory_research/corpus/knowledge_os_with_lina_puran/20260918-193346_round-560_non-circularity-definition-dependency-audit.md
F2480	Sep 18 19:35 docs/knowledgeos/brainstorming/knowledgeos_theory_research/corpus/knowledge_os_with_lina_puran/20260918-193541_round-560_non-circularity-definition-dependency-audit-dup.md
F2481	Sep 18 19:36 docs/knowledgeos/brainstorming/knowledgeos_theory_research/corpus/knowledge_os_with_lina_puran/20260918-193639_round-561_factivity-formalization.md
F2482	Sep 18 19:43 docs/knowledgeos/brainstorming/knowledgeos_theory_research/corpus/knowledge_os_with_lina_puran/20260918-194305_round-562_contr-conflict-algebra.md
F2483	Sep 18 19:50 docs/knowledgeos/brainstorming/knowledgeos_theory_research/corpus/knowledge_os_with_lina_puran/20260918-195014_round-563_ordering-selection-semantics.md
F2484	Sep 18 19:53 docs/knowledgeos/brainstorming/knowledgeos_theory_research/corpus/knowledge_os_with_lina_puran/20260918-195353_read-analyse-attached-which-claude-wrote-write-prompt-instructions-senior.md
F2485	Sep 18 19:55 docs/knowledgeos/brainstorming/knowledgeos_theory_research/corpus/knowledge_os_with_lina_puran/20260918-195508_person-decision-process-owner-their-task-1-define-problem-decision.md
F2486	Sep 18 19:55 docs/knowledgeos/brainstorming/knowledgeos_theory_research/corpus/knowledge_os_with_lina_puran/20260918-195514_at-point-kernel-minimality-not-defined-fewest-cells-operators-current.md
F2487	Sep 18 19:55 docs/knowledgeos/brainstorming/knowledgeos_theory_research/corpus/knowledge_os_with_lina_puran/20260918-195530_re-read-attached-document-state-research-next-steps-document-rather.md
F2488	Sep 18 19:55 docs/knowledgeos/brainstorming/knowledgeos_theory_research/corpus/knowledge_os_with_lina_puran/20260918-195546_my-senior-statistician-assessment.md
F2489	Sep 18 19:55 docs/knowledgeos/brainstorming/knowledgeos_theory_research/corpus/knowledge_os_with_lina_puran/20260918-195550_step-284_step-284-gap-analysis-governance-gate-step-285-canonical-k.md
F2490	Sep 18 19:55 docs/knowledgeos/brainstorming/knowledgeos_theory_research/corpus/knowledge_os_with_lina_puran/20260918-195557_after-reading-08-gap-analysis-verdict-07-minimum-implementable-knowledgeos.md
F2491	Sep 18 19:56 docs/knowledgeos/brainstorming/knowledgeos_theory_research/corpus/knowledge_os_with_lina_puran/20260918-195608_knowledgeos-216-step-end-end-theory-verification.md
F2492	Sep 18 20:15 docs/knowledgeos/brainstorming/knowledgeos_theory_research/corpus/knowledge_os_with_lina_puran/20260918-201517_round-564_semantic-equivalence.md
F2493	Sep 18 20:18 docs/knowledgeos/brainstorming/knowledgeos_theory_research/corpus/knowledge_os_with_lina_puran/20260918-201838_round-565_projection-invariants.md
F2494	Sep 18 20:24 docs/knowledgeos/brainstorming/knowledgeos_theory_research/corpus/knowledge_os_with_lina_puran/20260918-202401_step-567_knowledgeos-research-programme-round-566.md
F2495	Sep 18 20:28 docs/knowledgeos/brainstorming/knowledgeos_theory_research/corpus/knowledge_os_with_lina_puran/20260918-202844_step-567_knowledgeos-research-programme-round-567.md
F2496	Sep 18 20:35 docs/knowledgeos/brainstorming/knowledgeos_theory_research/corpus/knowledge_os_with_lina_puran/20260918-203526_step-567_knowledgeos-research-programme-round-568.md
F2497	Sep 18 20:39 docs/knowledgeos/brainstorming/knowledgeos_theory_research/corpus/knowledge_os_with_lina_puran/20260918-203935_step-567_knowledgeos-research-programme-round-569.md
F2498	Sep 18 20:49 docs/knowledgeos/brainstorming/knowledgeos_theory_research/corpus/knowledge_os_with_lina_puran/20260918-204922_step-567_knowledgeos-research-programme-round-570.md
F2499	Sep 18 20:53 docs/knowledgeos/brainstorming/knowledgeos_theory_research/corpus/knowledge_os_with_lina_puran/20260918-205324_step-567_reviewed-attached-round-568-reduction-inquiry-preserving-state-compression-mathematical.md
F2500	Sep 18 20:55 docs/knowledgeos/brainstorming/knowledgeos_theory_research/corpus/knowledge_os_with_lina_puran/20260918-205538_step-567_knowledgeos-research-programme-round-571.md
F2501	Sep 18 21:00 docs/knowledgeos/brainstorming/knowledgeos_theory_research/corpus/knowledge_os_with_lina_puran/20260918-210019_step-567_knowledgeos-round-572.md
F2502	Sep 18 21:22 docs/knowledgeos/brainstorming/knowledgeos_theory_research/corpus/knowledge_os_with_lina_puran/20260918-212249_step-567_knowledgeos-round-573.md
F2503	Sep 18 21:32 docs/knowledgeos/brainstorming/knowledgeos_theory_research/corpus/knowledge_os_with_lina_puran/20260918-213223_step-567_knowledgeos-round-574.md
F2504	Sep 18 21:41 docs/knowledgeos/brainstorming/knowledgeos_theory_research/corpus/knowledge_os_with_lina_puran/20260918-214149_round-575_logical-regime-calculus.md
F2505	Sep 18 21:49 docs/knowledgeos/brainstorming/knowledgeos_theory_research/corpus/knowledge_os_with_lina_puran/20260918-214909_round-576_semantic-calculus-meaning-contract.md
F2506	Sep 18 21:54 docs/knowledgeos/brainstorming/knowledgeos_theory_research/corpus/knowledge_os_with_lina_puran/20260918-215438_round-577_radical-knowledge-frame-relativity-performance-based-epistemology.md
F2507	Sep 18 22:08 docs/knowledgeos/brainstorming/knowledgeos_theory_research/corpus/knowledge_os_with_lina_puran/20260918-220848_round-578_review-formal-frame-calculus-validation.md
F2508	Sep 18 22:13 docs/knowledgeos/brainstorming/knowledgeos_theory_research/corpus/knowledge_os_with_lina_puran/20260918-221304_round-578_review-formal-frame-calculus-validation-critical-analysis.md
F2509	Sep 18 22:19 docs/knowledgeos/brainstorming/knowledgeos_theory_research/corpus/knowledge_os_with_lina_puran/20260918-221904_round-578_executable-target-coverage-frame-calculus.md
F2510	Sep 18 22:26 docs/knowledgeos/brainstorming/knowledgeos_theory_research/corpus/knowledge_os_with_lina_puran/20260918-222647_round-579_critical-review-executable-ontology-assessment.md
F2511	Sep 18 22:32 docs/knowledgeos/brainstorming/knowledgeos_theory_research/corpus/knowledge_os_with_lina_puran/20260918-223207_round-579_review-critical-analysis-ontology-assessment-integration.md
F2512	Sep 18 22:34 docs/knowledgeos/brainstorming/knowledgeos_theory_research/corpus/knowledge_os_with_lina_puran/20260918-223411_round-580_ontology-assessment-reduction-executable-validation.md
F2513	Sep 18 22:42 docs/knowledgeos/brainstorming/knowledgeos_theory_research/corpus/knowledge_os_with_lina_puran/20260918-224228_round-581_assumption-relative-identifiability.md
F2514	Sep 18 22:43 docs/knowledgeos/brainstorming/knowledgeos_theory_research/corpus/knowledge_os_with_lina_puran/20260918-224329_round-581_review-assumption-relative-identifiability-critical-analysis.md
F2515	Sep 18 22:50 docs/knowledgeos/brainstorming/knowledgeos_theory_research/corpus/knowledge_os_with_lina_puran/20260918-225005_round-581_review-assumption-relative-identifiability-critical-analysis-dup.md
F2516	Sep 18 23:13 docs/knowledgeos/brainstorming/knowledgeos_theory_research/corpus/knowledge_os_with_lina_puran/20260918-231307_step-568_have-read-complete-241-page-pdf-vagueness-context-stewart-shapiro.md
F2517	Sep 18 23:18 docs/knowledgeos/brainstorming/knowledgeos_theory_research/corpus/knowledge_os_with_lina_puran/20260918-231815_step-584_knowledgeos-round-583-formal-semantic-closure-implementability.md
F2518	Sep 18 23:20 docs/knowledgeos/brainstorming/knowledgeos_theory_research/corpus/knowledge_os_with_lina_puran/20260918-232044_round-583_review-formal-semantic-closure-implementability.md
F2519	Sep 18 23:23 docs/knowledgeos/brainstorming/knowledgeos_theory_research/corpus/knowledge_os_with_lina_puran/20260918-232303_round-584_semantic-regime-independence.md
F2520	Sep 18 23:25 docs/knowledgeos/brainstorming/knowledgeos_theory_research/corpus/knowledge_os_with_lina_puran/20260918-232535_round-584_review-semantic-regime-independence-critical-analysis.md
F2521	Sep 18 23:28 docs/knowledgeos/brainstorming/knowledgeos_theory_research/corpus/knowledge_os_with_lina_puran/20260917-183439_step-351_access-contract-algebra-epistemic-partition-semantics.md
F2522	Sep 18 23:30 docs/knowledgeos/brainstorming/knowledgeos_theory_research/corpus/knowledge_os_with_lina_puran/20260917-183439_step-352_cross-domain-semantic-contract-completeness-attack.md
F2523	Sep 18 23:31 docs/knowledgeos/brainstorming/knowledgeos_theory_research/corpus/knowledge_os_with_lina_puran/20260917-183439_step-353_semantic-contract-algebra-normal-form.md
F2524	Sep 18 23:34 docs/knowledgeos/brainstorming/knowledgeos_theory_research/corpus/knowledge_os_with_lina_puran/20260917-183439_step-354_compositional-soundness-attack.md
F2525	Sep 18 23:36 docs/knowledgeos/brainstorming/knowledgeos_theory_research/corpus/knowledge_os_with_lina_puran/20260917-183439_step-355_concurrent-semantic-contracts-invariant-preserving-concurrency.md
F2526	Sep 18 23:37 docs/knowledgeos/brainstorming/knowledgeos_theory_research/corpus/knowledge_os_with_lina_puran/20260917-183439_step-356_history-irreducibility-attack.md
F2527	Sep 18 23:41 docs/knowledgeos/brainstorming/knowledgeos_theory_research/corpus/knowledge_os_with_lina_puran/20260917-183439_step-357_temporal-semantics-irreducibility-attack.md
F2528	Sep 18 23:41 docs/knowledgeos/brainstorming/knowledgeos_theory_research/corpus/knowledge_os_with_lina_puran/20260917-183439_step-358_context-irreducibility-attack.md
F2529	Sep 18 23:42 docs/knowledgeos/brainstorming/knowledgeos_theory_research/corpus/knowledge_os_with_lina_puran/20260917-183439_step-359_agent-participant-irreducibility-attack.md
F2530	Sep 18 23:49 docs/knowledgeos/brainstorming/knowledgeos_theory_research/corpus/knowledge_os_with_lina_puran/20260917-183439_step-360_proposition-content-irreducibility-attack.md
F2531	Sep 18 23:54 docs/knowledgeos/brainstorming/knowledgeos_theory_research/corpus/knowledge_os_with_lina_puran/20260917-183439_step-361_term-value-expression-semantic-object-irreducibility-attack.md
F2532	Sep 18 23:55 docs/knowledgeos/brainstorming/knowledgeos_theory_research/corpus/knowledge_os_with_lina_puran/20260917-183439_step-362_transition-semantics-irreducibility-attack.md
F2533	Sep 18 23:56 docs/knowledgeos/brainstorming/knowledgeos_theory_research/corpus/knowledge_os_with_lina_puran/20260917-183439_step-363_semantic-contract-recursion-self-reference-irreducibility-attack.md
F2534	Sep 18 23:57 docs/knowledgeos/brainstorming/knowledgeos_theory_research/corpus/knowledge_os_with_lina_puran/20260917-183439_step-364_event-assertion-fact-state-observation-relation-instance-irreducibility-attack.md
F2535	Sep 18 23:59 docs/knowledgeos/brainstorming/knowledgeos_theory_research/corpus/knowledge_os_with_lina_puran/20260917-183439_step-365_relation-instance-irreducibility-attack.md
F2536	Sep 19 00:01 docs/knowledgeos/brainstorming/knowledgeos_theory_research/corpus/knowledge_os_with_lina_puran/20260917-183439_step-366_state-irreducibility-attack.md
F2537	Sep 19 00:02 docs/knowledgeos/brainstorming/knowledgeos_theory_research/corpus/knowledge_os_with_lina_puran/20260917-183439_step-367_currentness-snapshot-configuration-irreducibility-attack.md
F2538	Sep 19 00:04 docs/knowledgeos/brainstorming/knowledgeos_theory_research/corpus/knowledge_os_with_lina_puran/20260917-183439_step-368_step-368-environment-regime-semantic-context-irreducibility-attack-attack-much.md
F2539	Sep 19 00:05 docs/knowledgeos/brainstorming/knowledgeos_theory_research/corpus/knowledge_os_with_lina_puran/20260917-183439_step-369_satisfaction-irreducibility-attack.md
F2540	Sep 19 00:07 docs/knowledgeos/brainstorming/knowledgeos_theory_research/corpus/knowledge_os_with_lina_puran/20260917-183439_step-370_requirement-criterion-constraint-goal-irreducibility-attack.md
F2541	Sep 19 00:09 docs/knowledgeos/brainstorming/knowledgeos_theory_research/corpus/knowledge_os_with_lina_puran/20260917-183439_step-371_evaluation-result-judgment-evidence-justification-irreducibility-attack.md
F2542	Sep 19 00:10 docs/knowledgeos/brainstorming/knowledgeos_theory_research/corpus/knowledge_os_with_lina_puran/20260919-001012_round-585_cross-regime-translation-target-preservation.md
F2543	Sep 19 00:22 docs/knowledgeos/brainstorming/knowledgeos_theory_research/corpus/knowledge_os_with_lina_puran/20260919-002206_step-584_knowledgeos-round-586.md
F2544	Sep 19 00:50 docs/knowledgeos/brainstorming/knowledgeos_theory_research/corpus/knowledge_os_with_lina_puran/20260919-005030_step-586_have-studied-attached-timothy-williamson-vagueness-focusing-not-only-headline.md
F2545	Sep 19 10:14 docs/knowledgeos/brainstorming/knowledgeos_theory_research/corpus/knowledge_os_with_lina_puran/20260919-101450_round-602_round-602-executable-invariant-engine-have-read-new-master-prompt.md
F2546	Sep 19 10:43 docs/knowledgeos/brainstorming/knowledgeos_theory_research/corpus/knowledge_os_with_lina_puran/20260919-104326_you-continuing-long-running-multi-session-research-program-called-knowledgeos.md
F2547	Sep 19 11:31 docs/knowledgeos/brainstorming/knowledgeos_theory_research/corpus/knowledge_os_with_lina_puran/20260919-113146_r604-6_provenance-history-composition.md
F2548	Sep 19 12:05 docs/knowledgeos/brainstorming/knowledgeos_theory_research/corpus/knowledge_os_with_lina_puran/20260919-120518_independent-review-step-548-identifiability-gated-active-dependency-acquisition.md
F2549	Sep 19 12:05 docs/knowledgeos/brainstorming/knowledgeos_theory_research/corpus/knowledge_os_with_lina_puran/20260919-120542_round-549_independent-review-r549-sequential-active-acquisition.md
F2550	Sep 19 12:18 docs/knowledgeos/brainstorming/knowledgeos_theory_research/corpus/knowledge_os_with_lina_puran/20260919-121819_independent-review-r574-mathematical-admission-regime-closure.md
F2551	Sep 19 12:21 docs/knowledgeos/brainstorming/knowledgeos_theory_research/corpus/knowledge_os_with_lina_puran/20260919-122142_r576_cross-regime-translation-composition.md
F2552	Sep 19 12:27 docs/knowledgeos/brainstorming/knowledgeos_theory_research/corpus/knowledge_os_with_lina_puran/20260919-122718_r577_target-preserving-composition-theorem.md
F2553	Sep 19 12:30 docs/knowledgeos/brainstorming/knowledgeos_theory_research/corpus/knowledge_os_with_lina_puran/20260919-123052_r577_independent-review-r577-target-preserving-composition-theorem.md
F2554	Sep 19 12:32 docs/knowledgeos/brainstorming/knowledgeos_theory_research/corpus/knowledge_os_with_lina_puran/20260919-123249_r578_independent-review-r578-global-compositional-closure.md
F2555	Sep 19 12:34 docs/knowledgeos/brainstorming/knowledgeos_theory_research/corpus/knowledge_os_with_lina_puran/20260919-123402_r579_dependency-acquisition-revision-composition.md
F2556	Sep 19 12:57 docs/knowledgeos/brainstorming/knowledgeos_theory_research/corpus/knowledge_os_with_lina_puran/20260919-125739_r584_completeness-basis.py
F2557	Sep 19 13:01 docs/knowledgeos/brainstorming/knowledgeos_theory_research/corpus/knowledge_os_with_lina_puran/20260919-130152_r585_completeness-verification.py
F2558	Sep 19 13:04 docs/knowledgeos/brainstorming/knowledgeos_theory_research/corpus/knowledge_os_with_lina_puran/20260919-130414_r586_adversarial-completeness-benchmark.py
F2559	Sep 19 13:04 docs/knowledgeos/brainstorming/knowledgeos_theory_research/corpus/knowledge_os_with_lina_puran/20260919-130437_r586_adversarial-completeness-benchmark-dup.py
F2560	Sep 19 13:05 docs/knowledgeos/brainstorming/knowledgeos_theory_research/corpus/knowledge_os_with_lina_puran/20260919-130532_r586_adversarial-completeness-benchmark.md
F2561	Sep 19 13:05 docs/knowledgeos/brainstorming/knowledgeos_theory_research/corpus/knowledge_os_with_lina_puran/20260919-130545_r586_adversarial-completeness-benchmark-dup2.py
F2562	Sep 19 13:10 docs/knowledgeos/brainstorming/knowledgeos_theory_research/corpus/knowledge_os_with_lina_puran/20260919-131006_r587_completeness-certificate-soundness.py
F2563	Sep 19 13:11 docs/knowledgeos/brainstorming/knowledgeos_theory_research/corpus/knowledge_os_with_lina_puran/20260919-131106_r587_completeness-certificate-soundness-dup.py
F2564	Sep 19 13:12 docs/knowledgeos/brainstorming/knowledgeos_theory_research/corpus/knowledge_os_with_lina_puran/20260919-131251_r588_universe-closure-calculus.py
F2565	Sep 19 13:15 docs/knowledgeos/brainstorming/knowledgeos_theory_research/corpus/knowledge_os_with_lina_puran/20260919-131501_r589_compositional-universe-closure.py
F2566	Sep 19 13:16 docs/knowledgeos/brainstorming/knowledgeos_theory_research/corpus/knowledge_os_with_lina_puran/20260919-131645_r590_higher-order-universe-closure.py
F2567	Sep 19 13:17 docs/knowledgeos/brainstorming/knowledgeos_theory_research/corpus/knowledge_os_with_lina_puran/20260919-131706_r590_higher-order-compositional-universe-closure.md
F2568	Sep 19 13:21 docs/knowledgeos/brainstorming/knowledgeos_theory_research/corpus/knowledge_os_with_lina_puran/20260919-132120_r591_higher-order-closure-interaction-completeness.md
F2569	Sep 19 13:21 docs/knowledgeos/brainstorming/knowledgeos_theory_research/corpus/knowledge_os_with_lina_puran/20260919-132132_r591_higher-order-closure-interaction.py
F2570	Sep 19 13:23 docs/knowledgeos/brainstorming/knowledgeos_theory_research/corpus/knowledge_os_with_lina_puran/20260919-132332_r592_dependency-order-bound-soundness.py
F2571	Sep 19 13:24 docs/knowledgeos/brainstorming/knowledgeos_theory_research/corpus/knowledge_os_with_lina_puran/20260919-132425_r592_dependency-order-bound-soundness.md
F2572	Sep 19 13:27 docs/knowledgeos/brainstorming/knowledgeos_theory_research/corpus/knowledge_os_with_lina_puran/20260919-132719_r593_minimal-support-dependency-order.py
F2573	Sep 19 13:27 docs/knowledgeos/brainstorming/knowledgeos_theory_research/corpus/knowledge_os_with_lina_puran/20260919-132748_r593_minimal-support-dependency-order.md
F2574	Sep 19 13:29 docs/knowledgeos/brainstorming/knowledgeos_theory_research/corpus/knowledge_os_with_lina_puran/20260919-132952_r594_minimal-support-hypergraph-semantics.py
F2575	Sep 19 13:33 docs/knowledgeos/brainstorming/knowledgeos_theory_research/corpus/knowledge_os_with_lina_puran/20260919-133311_r595_dependency-semantics.py
F2576	Sep 19 13:33 docs/knowledgeos/brainstorming/knowledgeos_theory_research/corpus/knowledge_os_with_lina_puran/20260919-133332_r595_dependency-semantics-beyond-deterministic-sufficiency.md
F2577	Sep 19 13:35 docs/knowledgeos/brainstorming/knowledgeos_theory_research/corpus/knowledge_os_with_lina_puran/20260919-133514_r596_cross-semantic-dependency-composition.py
F2578	Sep 19 13:39 docs/knowledgeos/brainstorming/knowledgeos_theory_research/corpus/knowledge_os_with_lina_puran/20260919-133947_r597_semantic-associativity.py
F2579	Sep 19 13:40 docs/knowledgeos/brainstorming/knowledgeos_theory_research/corpus/knowledge_os_with_lina_puran/20260919-134034_r597_semantic-associativity-knowledgeos-composition.md
F2580	Sep 19 13:42 docs/knowledgeos/brainstorming/knowledgeos_theory_research/corpus/knowledge_os_with_lina_puran/20260919-134229_r598_associativity-conditions.py
F2581	Sep 19 13:44 docs/knowledgeos/brainstorming/knowledgeos_theory_research/corpus/knowledge_os_with_lina_puran/20260919-134419_r599_identity-category-closure.py
F2582	Sep 19 13:46 docs/knowledgeos/brainstorming/knowledgeos_theory_research/corpus/knowledge_os_with_lina_puran/20260919-134629_r600_well-defined-composition-semantic-equivalence-classes.md
F2583	Sep 19 14:56 docs/knowledgeos/brainstorming/knowledgeos_theory_research/corpus/knowledge_os_with_lina_puran/20260919-145604_r603_adversarial-validation-knowledgeos-invariant-engine.md
F2584	Sep 19 16:00 docs/knowledgeos/brainstorming/knowledgeos_theory_research/corpus/knowledge_os_with_lina_puran/20260919-160048_r604_formal-logic-conformance-benchmark.md
F2585	Sep 19 16:04 docs/knowledgeos/brainstorming/knowledgeos_theory_research/corpus/knowledge_os_with_lina_puran/20260917-183439_step-372_observation-information-evidence-irreducibility-attack.md
F2586	Sep 19 16:06 docs/knowledgeos/brainstorming/knowledgeos_theory_research/corpus/knowledge_os_with_lina_puran/20260917-183439_step-373_hypothesis-belief-claim-assertion-irreducibility-attack.md
F2587	Sep 19 16:07 docs/knowledgeos/brainstorming/knowledgeos_theory_research/corpus/knowledge_os_with_lina_puran/20260917-183439_step-374_constructive-epistemic-composition-completeness-attack.md
F2588	Sep 19 16:09 docs/knowledgeos/brainstorming/knowledgeos_theory_research/corpus/knowledge_os_with_lina_puran/20260917-183439_step-375_epistemic-update-belief-revision-irreducibility-attack.md
F2589	Sep 19 16:11 docs/knowledgeos/brainstorming/knowledgeos_theory_research/corpus/knowledge_os_with_lina_puran/20260917-183439_step-376_satisfaction-revision-monotonicity-attack.md
F2590	Sep 19 16:13 docs/knowledgeos/brainstorming/knowledgeos_theory_research/corpus/knowledge_os_with_lina_puran/20260917-183439_step-377_evidence-sufficiency-satisfaction-closure-irreducibility-attack.md
F2591	Sep 19 16:14 docs/knowledgeos/brainstorming/knowledgeos_theory_research/corpus/knowledge_os_with_lina_puran/20260917-183439_step-378_inquiry-completeness-unknown-unknown-zero-closure-attack.md
F2592	Sep 19 16:15 docs/knowledgeos/brainstorming/knowledgeos_theory_research/corpus/knowledge_os_with_lina_puran/20260917-183439_step-379_requirement-universe-requirement-discovery-completeness-irreducibility-attack.md
F2593	Sep 19 16:17 docs/knowledgeos/brainstorming/knowledgeos_theory_research/corpus/knowledge_os_with_lina_puran/20260917-183439_step-380_zero-metazero-irreducibility-attack.md
F2594	Sep 19 16:18 docs/knowledgeos/brainstorming/knowledgeos_theory_research/corpus/knowledge_os_with_lina_puran/20260917-183439_step-381_boundary-semantics-unknown-underdetermined-insufficient-evidence-conflict-uninterpreted.md
F2595	Sep 19 16:19 docs/knowledgeos/brainstorming/knowledgeos_theory_research/corpus/knowledge_os_with_lina_puran/20260917-183439_step-382_boundary-finding-irreducibility-attack.md
F2596	Sep 19 16:20 docs/knowledgeos/brainstorming/knowledgeos_theory_research/corpus/knowledge_os_with_lina_puran/20260917-183439_step-383_boundary-classification-completeness-attack.md
F2597	Sep 19 16:21 docs/knowledgeos/brainstorming/knowledgeos_theory_research/corpus/knowledge_os_with_lina_puran/20260917-183439_step-384_boundary-composition-orthogonality-attack.md
F2598	Sep 19 16:22 docs/knowledgeos/brainstorming/knowledgeos_theory_research/corpus/knowledge_os_with_lina_puran/20260917-183439_step-385_boundary-dependency-causality-irreducibility-attack.md
F2599	Sep 19 16:23 docs/knowledgeos/brainstorming/knowledgeos_theory_research/corpus/knowledge_os_with_lina_puran/20260917-183439_step-386_dependency-closure-circularity-attack.md
F2600	Sep 19 16:24 docs/knowledgeos/brainstorming/knowledgeos_theory_research/corpus/knowledge_os_with_lina_puran/20260917-183439_step-387_closure-algebra-unification-attack.md
F2601	Sep 19 16:25 docs/knowledgeos/brainstorming/knowledgeos_theory_research/corpus/knowledge_os_with_lina_puran/20260917-183439_step-388_knowledge-order-information-knowledge-monotonicity-attack.md
F2602	Sep 19 16:26 docs/knowledgeos/brainstorming/knowledgeos_theory_research/corpus/knowledge_os_with_lina_puran/20260917-183439_step-389_knowledge-state-vs-knowledge-attribution-irreducibility-attack.md
F2603	Sep 19 16:29 docs/knowledgeos/brainstorming/knowledgeos_theory_research/corpus/knowledge_os_with_lina_puran/20260917-183439_step-390_knowledge-attribution-factivity-truth-access-attack.md
F2604	Sep 19 16:30 docs/knowledgeos/brainstorming/knowledgeos_theory_research/corpus/knowledge_os_with_lina_puran/20260917-183439_step-391_knowledge-attribution-identity-continuity-attack.md
F2605	Sep 19 16:31 docs/knowledgeos/brainstorming/knowledgeos_theory_research/corpus/knowledge_os_with_lina_puran/20260917-183439_step-392_knowledge-attribution-composition-closure-attack.md
F2606	Sep 19 16:33 docs/knowledgeos/brainstorming/knowledgeos_theory_research/corpus/knowledge_os_with_lina_puran/20260917-183439_step-393_knowledge-attribution-modal-relational-semantics-attack.md
F2607	Sep 19 16:34 docs/knowledgeos/brainstorming/knowledgeos_theory_research/corpus/knowledge_os_with_lina_puran/20260917-183439_step-394_epistemic-accessibility-information-partition-irreducibility-attack.md
F2608	Sep 19 16:36 docs/knowledgeos/brainstorming/knowledgeos_theory_research/corpus/knowledge_os_with_lina_puran/20260917-183439_step-395_epistemic-information-order-refinement-irreducibility-attack.md
F2609	Sep 19 16:38 docs/knowledgeos/brainstorming/knowledgeos_theory_research/corpus/knowledge_os_with_lina_puran/20260917-183439_step-396_epistemic-approximation-limit-convergence-attack.md
F2610	Sep 19 16:39 docs/knowledgeos/brainstorming/knowledgeos_theory_research/corpus/knowledge_os_with_lina_puran/20260917-183439_step-397_epistemic-revision-non-monotonicity-algebra-attack.md
F2611	Sep 19 16:41 docs/knowledgeos/brainstorming/knowledgeos_theory_research/corpus/knowledge_os_with_lina_puran/20260917-183439_step-398_branching-alternatives-choice-epistemic-possibility-attack.md
F2612	Sep 19 16:42 docs/knowledgeos/brainstorming/knowledgeos_theory_research/corpus/knowledge_os_with_lina_puran/20260917-183439_step-399_alternative-selection-ranking-preference-ordering-attack.md
F2613	Sep 19 16:44 docs/knowledgeos/brainstorming/knowledgeos_theory_research/corpus/knowledge_os_with_lina_puran/20260917-183439_step-400_collective-knowledge-evidence-fusion-emergent-intelligence-attack.md
F2614	Sep 19 16:45 docs/knowledgeos/brainstorming/knowledgeos_theory_research/corpus/knowledge_os_with_lina_puran/20260917-183439_step-401_learning-feedback-adaptation-epistemic-memory-attack.md
F2615	Sep 19 16:46 docs/knowledgeos/brainstorming/knowledgeos_theory_research/corpus/knowledge_os_with_lina_puran/20260917-183439_step-402_causal-learning-experimentation-intervention-attack.md
F2616	Sep 19 16:47 docs/knowledgeos/brainstorming/knowledgeos_theory_research/corpus/knowledge_os_with_lina_puran/20260917-183439_step-403_active-information-acquisition-experiment-selection-epistemic-value-attack.md
F2617	Sep 19 16:51 docs/knowledgeos/brainstorming/knowledgeos_theory_research/corpus/knowledge_os_with_lina_puran/20260917-183439_step-404_uncertainty-calibration-confidence-risk-attack.md
F2618	Sep 19 16:51 docs/knowledgeos/brainstorming/knowledgeos_theory_research/corpus/knowledge_os_with_lina_puran/20260917-183439_step-405_robustness-distribution-shift-adversarial-inputs-safe-failure-attack.md
F2619	Sep 19 16:52 docs/knowledgeos/brainstorming/knowledgeos_theory_research/corpus/knowledge_os_with_lina_puran/20260917-183439_step-406_verification-validation-testing-certification-epistemic-assurance-attack.md
F2620	Sep 19 16:53 docs/knowledgeos/brainstorming/knowledgeos_theory_research/corpus/knowledge_os_with_lina_puran/20260917-183439_step-407_evidence-aggregation-dependency-correlation-double-counting-determination-composition-attack.md
F2621	Sep 19 16:54 docs/knowledgeos/brainstorming/knowledgeos_theory_research/corpus/knowledge_os_with_lina_puran/20260917-183439_step-408_multi-source-uncertainty-belief-functions-credal-sets-possibility-fuzzy.md
F2622	Sep 19 16:56 docs/knowledgeos/brainstorming/knowledgeos_theory_research/corpus/knowledge_os_with_lina_puran/20260917-183439_step-409_cross-regime-composition-translation-interoperability-semantic-preservation-attack.md
F2623	Sep 19 16:57 docs/knowledgeos/brainstorming/knowledgeos_theory_research/corpus/knowledge_os_with_lina_puran/20260917-183439_step-410_model-disagreement-model-uncertainty-robust-decision-multi-model-epistemic.md
F2624	Sep 19 16:59 docs/knowledgeos/brainstorming/knowledgeos_theory_research/corpus/knowledge_os_with_lina_puran/20260917-183439_step-411_temporal-validity-freshness-staleness-revalidation-time-dependent-decision-correctness.md
F2625	Sep 19 17:00 docs/knowledgeos/brainstorming/knowledgeos_theory_research/corpus/knowledge_os_with_lina_puran/20260917-183439_step-412_epistemic-integrity-authenticity-tamper-evidence-provenance-integrity-attack.md
F2626	Sep 19 17:05 docs/knowledgeos/brainstorming/knowledgeos_theory_research/corpus/knowledge_os_with_lina_puran/20260917-183439_step-413_entity-resolution-semantic-identity-record-linkage-event-identity-attack.md
F2627	Sep 19 17:05 docs/knowledgeos/brainstorming/knowledgeos_theory_research/corpus/knowledge_os_with_lina_puran/20260917-183439_step-414_semantic-equivalence-content-equivalence-logical-equivalence-meaning-preservation-attack.md
F2628	Sep 19 17:16 docs/knowledgeos/brainstorming/knowledgeos_theory_research/corpus/knowledge_os_with_lina_puran/20260919-171653_r605_syntactic-resolution.py
F2629	Sep 19 17:17 docs/knowledgeos/brainstorming/knowledgeos_theory_research/corpus/knowledge_os_with_lina_puran/20260919-171711_r605_syntactic-proof-conformance.md
F2630	Sep 19 17:34 docs/knowledgeos/brainstorming/knowledgeos_theory_research/corpus/knowledge_os_with_lina_puran/20260919-173423_r606_exact-ntp-vs-logical-validity.md
F2631	Sep 19 17:51 docs/knowledgeos/brainstorming/knowledgeos_theory_research/corpus/knowledge_os_with_lina_puran/20260917-183439_step-415_semantic-composition-entailment-quantification-compositional-reasoning-attack.md
F2632	Sep 19 17:53 docs/knowledgeos/brainstorming/knowledgeos_theory_research/corpus/knowledge_os_with_lina_puran/20260917-183439_step-416_reasoning-soundness-completeness-counterexamples-proof-certificates-epistemic-validity-attack.md
F2633	Sep 19 17:55 docs/knowledgeos/brainstorming/knowledgeos_theory_research/corpus/knowledge_os_with_lina_puran/20260917-183439_step-417_explanation-interpretability-faithfulness-causal-explanation-human-understandable-decision-traceability.md
F2634	Sep 19 17:56 docs/knowledgeos/brainstorming/knowledgeos_theory_research/corpus/knowledge_os_with_lina_puran/20260917-183439_step-418_human-machine-epistemic-interaction-trust-calibration-delegation-authority-override.md
F2635	Sep 19 17:57 docs/knowledgeos/brainstorming/knowledgeos_theory_research/corpus/knowledge_os_with_lina_puran/20260917-183439_step-419_temporal-validity-freshness-staleness-expiration-revalidation-time-dependent-knowledge.md
F2636	Sep 19 17:59 docs/knowledgeos/brainstorming/knowledgeos_theory_research/corpus/knowledge_os_with_lina_puran/20260917-183439_step-420_knowledgeos-research-programme-step-420.md
F2637	Sep 19 18:01 docs/knowledgeos/brainstorming/knowledgeos_theory_research/corpus/knowledge_os_with_lina_puran/20260917-183439_step-420_knowledgeos-research-programme-step-421.md
F2638	Sep 19 18:03 docs/knowledgeos/brainstorming/knowledgeos_theory_research/corpus/knowledge_os_with_lina_puran/20260917-183439_step-421_knowledgeos-research-programme-step-421-dup.md
F2639	Sep 19 18:05 docs/knowledgeos/brainstorming/knowledgeos_theory_research/corpus/knowledge_os_with_lina_puran/20260917-183439_step-422_knowledgeos-research-programme-step-422.md
F2640	Sep 19 18:07 docs/knowledgeos/brainstorming/knowledgeos_theory_research/corpus/knowledge_os_with_lina_puran/20260917-183439_step-423_knowledgeos-research-programme-step-423.md
F2641	Sep 19 18:10 docs/knowledgeos/brainstorming/knowledgeos_theory_research/corpus/knowledge_os_with_lina_puran/20260917-183439_step-424_knowledgeos-research-programme-step-424.md
F2642	Sep 19 18:11 docs/knowledgeos/brainstorming/knowledgeos_theory_research/corpus/knowledge_os_with_lina_puran/20260917-183439_step-425_knowledgeos-research-programme-step-425.md
F2643	Sep 19 18:14 docs/knowledgeos/brainstorming/knowledgeos_theory_research/corpus/knowledge_os_with_lina_puran/20260917-183439_step-426_knowledgeos-research-programme-step-426.md
F2644	Sep 19 18:17 docs/knowledgeos/brainstorming/knowledgeos_theory_research/corpus/knowledge_os_with_lina_puran/20260917-183439_step-427_knowledgeos-research-programme-step-427.md
F2645	Sep 19 18:19 docs/knowledgeos/brainstorming/knowledgeos_theory_research/corpus/knowledge_os_with_lina_puran/20260917-183439_step-428_knowledgeos-research-programme-step-428.md
F2646	Sep 19 18:22 docs/knowledgeos/brainstorming/knowledgeos_theory_research/corpus/knowledge_os_with_lina_puran/20260917-183439_step-429_knowledgeos-research-programme-step-429.md
F2647	Sep 19 18:24 docs/knowledgeos/brainstorming/knowledgeos_theory_research/corpus/knowledge_os_with_lina_puran/20260917-183439_step-430_normative-closure-rule-derivation-deontic-inference-policy-composition-constraint.md
F2648	Sep 19 18:32 docs/knowledgeos/brainstorming/knowledgeos_theory_research/corpus/knowledge_os_with_lina_puran/20260917-183439_step-431_governance-conflict-normative-inconsistency-paraconsistent-governance-precedence-cycles-exception.md
F2649	Sep 19 18:33 docs/knowledgeos/brainstorming/knowledgeos_theory_research/corpus/knowledge_os_with_lina_puran/20260917-183439_step-432_decision-governance-inconsistency-conditional-admissibility-temporary-governance-emergency-governance.md
F2650	Sep 19 18:36 docs/knowledgeos/brainstorming/knowledgeos_theory_research/corpus/knowledge_os_with_lina_puran/20260917-183439_step-433_accountability-responsibility-liability-causal-attribution-decision-ownership-auditability-human.md
F2651	Sep 19 18:38 docs/knowledgeos/brainstorming/knowledgeos_theory_research/corpus/knowledge_os_with_lina_puran/20260917-183439_step-434_collective-responsibility-distributed-agency-multi-agent-causation-shared-accountability.md
F2652	Sep 19 18:41 docs/knowledgeos/brainstorming/knowledgeos_theory_research/corpus/knowledge_os_with_lina_puran/20260917-183439_step-435_negotiation-bargaining-strategic-behaviour-incentives-coalition-formation-mechanism-design.md
F2653	Sep 19 19:04 docs/knowledgeos/brainstorming/knowledgeos_theory_research/corpus/knowledge_os_with_lina_puran/20260917-183439_step-436_decision-mechanism-integrity-formal-nexus-decision-problem.md
F2654	Sep 19 19:08 docs/knowledgeos/brainstorming/knowledgeos_theory_research/corpus/knowledge_os_with_lina_puran/20260917-183439_step-437_decision-mechanism-manipulation-bias-fairness-adversarial-evaluation.md
F2655	Sep 19 19:10 docs/knowledgeos/brainstorming/knowledgeos_theory_research/corpus/knowledge_os_with_lina_puran/20260917-183439_step-438_decision-governance-evolution-drift-feedback-loops-decision-regret-self.md
F2656	Sep 19 19:12 docs/knowledgeos/brainstorming/knowledgeos_theory_research/corpus/knowledge_os_with_lina_puran/20260917-183439_step-439_adaptive-closed-loop-knowledgeos-control-stability-self-correction-safe.md
F2657	Sep 19 19:13 docs/knowledgeos/brainstorming/knowledgeos_theory_research/corpus/knowledge_os_with_lina_puran/20260917-183439_step-440_multi-agent-knowledgeos-coordination-distributed-knowledge-negotiation-collective-decision.md
F2658	Sep 19 19:15 docs/knowledgeos/brainstorming/knowledgeos_theory_research/corpus/knowledge_os_with_lina_puran/20260917-183439_step-441_collective-epistemic-state-shared-belief-common-knowledge-distributed-knowledge.md
F2659	Sep 19 19:17 docs/knowledgeos/brainstorming/knowledgeos_theory_research/corpus/knowledge_os_with_lina_puran/20260917-183439_step-442_epistemic-game-theory-strategic-information-signaling-deception-incentives-truth.md
F2660	Sep 19 19:18 docs/knowledgeos/brainstorming/knowledgeos_theory_research/corpus/knowledge_os_with_lina_puran/20260917-183439_step-443_strategic-experimentation-incentive-compatible-knowledge-acquisition-multi-agent-active.md
F2661	Sep 19 19:20 docs/knowledgeos/brainstorming/knowledgeos_theory_research/corpus/knowledge_os_with_lina_puran/20260917-183439_step-444_agency-autonomy-control-action-selection-bounded-autonomy-safe-exploration.md
F2662	Sep 19 19:22 docs/knowledgeos/brainstorming/knowledgeos_theory_research/corpus/knowledge_os_with_lina_puran/20260917-183439_step-448_autonomous-action-planning-execution-control-real-world-intervention-safety.md
F2663	Sep 19 19:23 docs/knowledgeos/brainstorming/knowledgeos_theory_research/corpus/knowledge_os_with_lina_puran/20260917-183439_step-449_recursive-self-improvement-self-modification-meta-learning-capability-growth.md
F2664	Sep 19 19:25 docs/knowledgeos/brainstorming/knowledgeos_theory_research/corpus/knowledge_os_with_lina_puran/20260917-183439_step-445_self-modeling-metacognition-self-assessment-recursive-reasoning-capability-discovery.md
F2665	Sep 19 19:27 docs/knowledgeos/brainstorming/knowledgeos_theory_research/corpus/knowledge_os_with_lina_puran/20260917-183439_step-446_self-identity-continuity-persistence-versioning-forking-cloning-migration-replacement.md
F2666	Sep 19 19:30 docs/knowledgeos/brainstorming/knowledgeos_theory_research/corpus/knowledge_os_with_lina_puran/20260917-183439_step-447_multi-agent-knowledgeos-communication-trust-delegation-negotiation-coordination-cooperation.md
F2667	Sep 19 19:47 docs/knowledgeos/brainstorming/knowledgeos_theory_research/corpus/knowledge_os_with_lina_puran/20260919-194728_knowledgeos-structural-reasoning-principle.md
F2668	Sep 19 19:54 docs/knowledgeos/brainstorming/knowledgeos_theory_research/corpus/knowledge_os_with_lina_puran/20260919-195456_have-reviewed-uploaded-knowledgeos-text-current-working-baseline-main-conclusion.md
F2669	Sep 19 20:03 docs/knowledgeos/brainstorming/knowledgeos_theory_research/corpus/knowledge_os_with_lina_puran/20260919-200350_book-much-more-useful-knowledgeos-than-first-appears-but-not.md
F2670	Sep 19 20:11 docs/knowledgeos/brainstorming/knowledgeos_theory_research/corpus/knowledge_os_with_lina_puran/20260919-201112_have-reviewed-new-book-thinking-algorithms-albert-rutherford-against-current.md
F2671	Sep 19 20:26 docs/knowledgeos/brainstorming/knowledgeos_theory_research/corpus/knowledge_os_with_lina_puran/20260919-202607_r603_reasoning-reference-kernel.py
F2672	Sep 19 20:37 docs/knowledgeos/brainstorming/knowledgeos_theory_research/corpus/knowledge_os_with_lina_puran/20260919-203728_r604_bayesian-dependency.py
F2673	Sep 19 20:49 docs/knowledgeos/brainstorming/knowledgeos_theory_research/corpus/knowledge_os_with_lina_puran/20260919-204902_r605_dependency-semantics-bayesian-model-validation.md
F2674	Sep 19 21:13 docs/knowledgeos/brainstorming/knowledgeos_theory_research/corpus/knowledge_os_with_lina_puran/20260919-211325_after-reviewing-perspective-software-architecture-formal-logic-algebra-knowledgeos-think.md
F2675	Sep 19 21:20 docs/knowledgeos/brainstorming/knowledgeos_theory_research/corpus/knowledge_os_with_lina_puran/20260919-212033_can-extract-most-expected-paragraph.md
F2676	Sep 19 21:24 docs/knowledgeos/brainstorming/knowledgeos_theory_research/corpus/knowledge_os_with_lina_puran/20260919-212430_if-completely-remove-astrological-interpretation-technical-mathematics-vedic-astrology-material.md
F2677	Sep 19 21:37 docs/knowledgeos/brainstorming/knowledgeos_theory_research/corpus/knowledge_os_with_lina_puran/20260919-213734_ound-602-fuzzy-knowledgeos-benchmark-semantic-grade-calculus-attached-document.md
F2678	Sep 19 21:37 docs/knowledgeos/brainstorming/knowledgeos_theory_research/corpus/knowledge_os_with_lina_puran/20260919-213745_fuzzy-logic-could-quite-useful-knowledgeos-but-would-use-very.md
F2679	Sep 19 21:43 docs/knowledgeos/brainstorming/knowledgeos_theory_research/corpus/knowledge_os_with_lina_puran/20260919-214345_have-read-attached-round-602-document-strong-continuation-knowledgeos-architecture.md
F2680	Sep 19 21:56 docs/knowledgeos/brainstorming/knowledgeos_theory_research/corpus/knowledge_os_with_lina_puran/20260919-215639_think-you-describing-something-more-fundamental-than-ordinary-dimensionality-reduction.md
F2681	Sep 19 22:09 docs/knowledgeos/brainstorming/knowledgeos_theory_research/corpus/knowledge_os_with_lina_puran/20260919-220924_would-stop-adding-new-mathematical-ideas-temporarily-perform-hostile-architectural.md
F2682	Sep 19 22:15 docs/knowledgeos/brainstorming/knowledgeos_theory_research/corpus/knowledge_os_with_lina_puran/20260919-221510_clarifies-your-idea-considerably-you-not-proposing-zooming-merely-selecting.md
F2683	Sep 19 22:25 docs/knowledgeos/brainstorming/knowledgeos_theory_research/corpus/knowledge_os_with_lina_puran/20260919-222511_have-read-attached-lord-lens-infinite-knowledge-space-knowledge-element.md
F2684	Sep 19 22:35 docs/knowledgeos/brainstorming/knowledgeos_theory_research/corpus/knowledge_os_with_lina_puran/20260919-223501_have-reviewed-attached-step-276-mathematical-foundation-triangulation-important-step.md
F2685	Sep 19 22:42 docs/knowledgeos/brainstorming/knowledgeos_theory_research/corpus/knowledge_os_with_lina_puran/20260919-224217_exactly-distinction-need-make-two-expressions-not-same-thing-should.md
F2686	Sep 20 08:12 docs/knowledgeos/brainstorming/knowledgeos_theory_research/corpus/knowledge_os_with_lina_puran/20260920-081228_have-treated-two-kernel-definitions-competing-mathematical-hypotheses-rather-than.md
F2687	Sep 20 08:27 docs/knowledgeos/brainstorming/knowledgeos_theory_research/corpus/knowledge_os_with_lina_puran/20260920-082725_conceptually-think-tma-can-knowledgeos-kernel-but-should-make-one.md
F2688	Sep 20 08:28 docs/knowledgeos/brainstorming/knowledgeos_theory_research/corpus/knowledge_os_with_lina_puran/20260920-082815_step-277r_kernel-transformation-reconciliation-executable-minimality-test.md
F2689	Sep 20 08:39 docs/knowledgeos/brainstorming/knowledgeos_theory_research/corpus/knowledge_os_with_lina_puran/20260920-083920_reformulation-stronger-but-would-make-one-important-correction-invariant-not.md
F2690	Sep 20 08:55 docs/knowledgeos/brainstorming/knowledgeos_theory_research/corpus/knowledge_os_with_lina_puran/20260920-085500_after-putting-three-formulations-side-side-think-can-resolve-apparent.md
F2691	Sep 20 09:11 docs/knowledgeos/brainstorming/knowledgeos_theory_research/corpus/knowledge_os_with_lina_puran/20260920-091122_step-025i_r-knowledge-unit-tma-identity-minimal-kernel.md
F2692	Sep 20 09:19 docs/knowledgeos/brainstorming/knowledgeos_theory_research/corpus/knowledge_os_with_lina_puran/20260920-091959_step-025i_r-computational-validation.md
F2693	Sep 20 09:35 docs/knowledgeos/brainstorming/knowledgeos_theory_research/corpus/knowledge_os_with_lina_puran/20260920-093515_semantic-kernel-ablation.md
F2694	Sep 20 09:44 docs/knowledgeos/brainstorming/knowledgeos_theory_research/corpus/20260920-094457_improving-zero-lens-defining-zero-algebra-knowledge.md
F2695	Sep 20 09:45 docs/knowledgeos/brainstorming/knowledgeos_theory_research/corpus/20260920-094516_difference-between-zero-aczel-s-book-zero-lens.md
F2696	Sep 20 09:45 docs/knowledgeos/brainstorming/knowledgeos_theory_research/corpus/20260920-094534_professional-mathematical-analysis-finding-zero-amir-d-aczel.md
F2697	Sep 20 10:23 docs/knowledgeos/brainstorming/knowledgeos_theory_research/corpus/knowledge_os_with_lina_puran/20260920-102316_course-have-read-analyzed-provided-file-which-excerpt-foundational-mathematics.md
F2698	Sep 20 10:29 docs/knowledgeos/brainstorming/knowledgeos_theory_research/corpus/knowledge_os_with_lina_puran/20260920-102912_step-277r_have-reviewed-both-newly-attached-documents-they-directly-relevant-but.md
F2699	Sep 20 10:37 docs/knowledgeos/brainstorming/knowledgeos_theory_research/corpus/knowledge_os_with_lina_puran/20260920-103727_have-studied-attached-kashiwara-schapira-categories-sheaves-also-checked-attached.md
F2700	Sep 20 10:44 docs/knowledgeos/brainstorming/knowledgeos_theory_research/corpus/knowledge_os_with_lina_puran/20260920-104449_step-277r_continued-previous-step-treated-kashiwara-schapira-categories-sheaves-primary-mathematical.md
F2701	Sep 20 10:51 docs/knowledgeos/brainstorming/knowledgeos_theory_research/corpus/knowledge_os_with_lina_puran/20260920-105131_step-001_have-reviewed-attached-implementing-sheaves-manifolds-knowledgeos-algebra-document-full.md
F2702	Sep 20 10:56 docs/knowledgeos/brainstorming/knowledgeos_theory_research/corpus/knowledge_os_with_lina_puran/20260920-105607_step-002_continued-previous-step-treated-attached-sheaf-proposal-specification-tested-rather.md
F2703	Sep 20 11:00 docs/knowledgeos/brainstorming/knowledgeos_theory_research/corpus/knowledge_os_with_lina_puran/20260920-110044_ablation-study.md
F2704	Sep 20 11:10 docs/knowledgeos/brainstorming/knowledgeos_theory_research/corpus/knowledge_os_with_lina_puran/20260920-111028_step-004i_continued-s1-1-work-found-more-important-mathematical-refinement-should.md
F2705	Sep 20 11:14 docs/knowledgeos/brainstorming/knowledgeos_theory_research/corpus/knowledge_os_with_lina_puran/20260920-111444_step-005i_read-attached-proposal-implementing-sheaves-manifolds-knowledgeos-algebra-full-proposal.md
F2706	Sep 20 11:16 docs/knowledgeos/brainstorming/knowledgeos_theory_research/corpus/knowledge_os_with_lina_puran/20260920-111655_would-continue-corrected-s1-2-formulation-rather-than-starting-another.md
F2707	Sep 20 11:28 docs/knowledgeos/brainstorming/knowledgeos_theory_research/corpus/knowledge_os_with_lina_puran/20260920-112807_would-continue-corrected-s1-2-formulation-rather-than-starting-another.md
F2708	Sep 20 11:32 docs/knowledgeos/brainstorming/knowledgeos_theory_research/corpus/knowledge_os_with_lina_puran/20260920-113246_step-007_s1-2b-exact-cellular-knowledgeos-validation.md
F2709	Sep 20 14:36 docs/knowledgeos/brainstorming/knowledgeos_theory_research/corpus/knowledge_os_with_lina_puran/20260920-143646_would-continue-corrected-s1-2-formulation-rather-than-starting-another-dup2.md
F2710	Sep 20 14:39 docs/knowledgeos/brainstorming/knowledgeos_theory_research/corpus/knowledge_os_with_lina_puran/20260920-143931_s1-2b-exact-cellular-knowledgeos-validation-dup.md
F2711	Sep 20 14:40 docs/knowledgeos/brainstorming/knowledgeos_theory_research/corpus/knowledge_os_with_lina_puran/20260920-144043_read-attached-proposal-implementing-sheaves-manifolds-knowledgeos-algebra-full-proposal-dup.md
F2712	Sep 20 14:41 docs/knowledgeos/brainstorming/knowledgeos_theory_research/corpus/knowledge_os_with_lina_puran/20260920-144157_continued-next-step-used-attached-document-research-basis-also-executed-dup.md
F2713	Sep 20 14:43 docs/knowledgeos/brainstorming/knowledgeos_theory_research/corpus/knowledge_os_with_lina_puran/20260920-144333_step-277r_have-reviewed-both-newly-attached-documents-they-directly-relevant-but-dup.md
F2714	Sep 20 14:44 docs/knowledgeos/brainstorming/knowledgeos_theory_research/corpus/knowledge_os_with_lina_puran/20260920-144430_have-studied-attached-kashiwara-schapira-categories-sheaves-also-checked-attached-dup.md
F2715	Sep 20 14:45 docs/knowledgeos/brainstorming/knowledgeos_theory_research/corpus/knowledge_os_with_lina_puran/20260920-144525_step-277r_continued-previous-step-treated-kashiwara-schapira-categories-sheaves-primary-mathematical-dup.md
F2716	Sep 20 14:46 docs/knowledgeos/brainstorming/knowledgeos_theory_research/corpus/knowledge_os_with_lina_puran/20260920-144618_step-277r_next-step-should-not-another-broad-survey-category-theory-have.md
F2717	Sep 20 14:47 docs/knowledgeos/brainstorming/knowledgeos_theory_research/corpus/knowledge_os_with_lina_puran/20260920-144705_have-reviewed-attached-implementing-sheaves-manifolds-knowledgeos-algebra-document-full-dup.md
F2718	Sep 20 14:48 docs/knowledgeos/brainstorming/knowledgeos_theory_research/corpus/knowledge_os_with_lina_puran/20260920-144803_continued-previous-step-treated-attached-sheaf-proposal-specification-tested-rather-dup.md
F2719	Sep 20 14:49 docs/knowledgeos/brainstorming/knowledgeos_theory_research/corpus/knowledge_os_with_lina_puran/20260920-144937_continued-s1-1-work-found-more-important-mathematical-refinement-should-dup.md
F2720	Sep 20 14:54 docs/knowledgeos/brainstorming/knowledgeos_theory_research/corpus/knowledge_os_with_lina_puran/20260920-145412_would-continue-corrected-s1-2-formulation-rather-than-starting-another-dup3.md
F2721	Sep 20 14:54 docs/knowledgeos/brainstorming/knowledgeos_theory_research/corpus/knowledge_os_with_lina_puran/20260920-145456_s1-2b-exact-cellular-knowledgeos-validation-dup2.md
F2722	Sep 20 14:55 docs/knowledgeos/brainstorming/knowledgeos_theory_research/corpus/knowledge_os_with_lina_puran/20260920-145522_have-read-attached-proposal-implementing-sheaves-manifolds-knowledgeos-algebra-full.md
F2723	Sep 20 15:09 docs/knowledgeos/brainstorming/knowledgeos_theory_research/corpus/knowledge_os_with_lina_puran/20260920-150943_have-treated-two-kernel-definitions-competing-mathematical-hypotheses-rather-than-dup.md
F2724	Sep 20 15:12 docs/knowledgeos/brainstorming/knowledgeos_theory_research/corpus/knowledge_os_with_lina_puran/20260920-151246_reformulated-question-20.md
F2725	Sep 20 15:13 docs/knowledgeos/brainstorming/knowledgeos_theory_research/corpus/knowledge_os_with_lina_puran/20260920-151333_have-read-step-25i-knowledge-tma-algebra-identity-continuity-transformation.md
F2726	Sep 20 15:14 docs/knowledgeos/brainstorming/knowledgeos_theory_research/corpus/knowledge_os_with_lina_puran/20260920-151458_after-putting-three-formulations-side-side-think-can-resolve-apparent-dup.md
F2727	Sep 20 15:16 docs/knowledgeos/brainstorming/knowledgeos_theory_research/corpus/knowledge_os_with_lina_puran/20260920-151638_step-025i_r-knowledge-unit-tma-identity-minimal-kernel-dup.md
F2728	Sep 20 15:18 docs/knowledgeos/brainstorming/knowledgeos_theory_research/corpus/knowledge_os_with_lina_puran/20260920-151829_step-025i_r-computational-validation-dup.md
F2729	Sep 20 15:18 docs/knowledgeos/brainstorming/knowledgeos_theory_research/corpus/knowledge_os_with_lina_puran/20260920-151841_step-277r_kernel-transformation-reconciliation-executable-minimality-test-dup.md
F2730	Sep 20 15:18 docs/knowledgeos/brainstorming/knowledgeos_theory_research/corpus/knowledge_os_with_lina_puran/20260920-151845_read-attached-proposal-implementing-sheaves-manifolds-knowledgeos-algebra-full-proposal-dup2.md
F2731	Sep 20 15:18 docs/knowledgeos/brainstorming/knowledgeos_theory_research/corpus/knowledge_os_with_lina_puran/20260920-151849_ablation-study-dup.md
F2732	Sep 20 15:19 docs/knowledgeos/brainstorming/knowledgeos_theory_research/corpus/knowledge_os_with_lina_puran/20260920-151938_step-277r_knowledge-identity-distinction-kernel-minimality.md
F2733	Sep 20 15:20 docs/knowledgeos/brainstorming/knowledgeos_theory_research/corpus/knowledge_os_with_lina_puran/20260920-152028_semantic-kernel-ablation-dup.md
F2734	Sep 20 15:21 docs/knowledgeos/brainstorming/knowledgeos_theory_research/corpus/knowledge_os_with_lina_puran/20260920-152127_step-277r_let-s-continue-actual-implementation-ablation-experiment-rather-than-introducing.md
F2735	Sep 20 15:26 docs/knowledgeos/brainstorming/knowledgeos_theory_research/corpus/knowledge_os_with_lina_puran/20260920-152602_step-277r_continued-previous-step-treated-kashiwara-schapira-categories-sheaves-primary-mathematical-dup2.md
F2736	Sep 20 15:27 docs/knowledgeos/brainstorming/knowledgeos_theory_research/corpus/knowledge_os_with_lina_puran/20260920-152758_step-277r_next-step-should-not-another-broad-survey-category-theory-have-dup.md
F2737	Sep 20 15:29 docs/knowledgeos/brainstorming/knowledgeos_theory_research/corpus/knowledge_os_with_lina_puran/20260920-152912_have-reviewed-attached-implementing-sheaves-manifolds-knowledgeos-algebra-document-full-dup2.md
F2738	Sep 20 15:32 docs/knowledgeos/brainstorming/knowledgeos_theory_research/corpus/knowledge_os_with_lina_puran/20260920-153253_continued-s1-1-work-found-more-important-mathematical-refinement-should-dup2.md
F2739	Sep 20 15:34 docs/knowledgeos/brainstorming/knowledgeos_theory_research/corpus/knowledge_os_with_lina_puran/20260920-153419_read-attached-proposal-implementing-sheaves-manifolds-knowledgeos-algebra-full-proposal-dup3.md
F2740	Sep 20 15:35 docs/knowledgeos/brainstorming/knowledgeos_theory_research/corpus/knowledge_os_with_lina_puran/20260920-153527_would-continue-corrected-s1-2-formulation-rather-than-starting-another-dup4.md
F2741	Sep 20 15:38 docs/knowledgeos/brainstorming/knowledgeos_theory_research/corpus/knowledge_os_with_lina_puran/20260920-153803_have-read-attached-proposal-implementing-sheaves-manifolds-knowledgeos-algebra-full-dup.md
F2742	Sep 20 15:41 docs/knowledgeos/brainstorming/knowledgeos_theory_research/corpus/knowledge_os_with_lina_puran/20260920-154134_continued-work-last-validated-state-treated-previously-attached-knowledgeos-ks.md
F2743	Sep 20 15:46 docs/knowledgeos/brainstorming/knowledgeos_theory_research/corpus/knowledge_os_with_lina_puran/20260920-154601_continued-work-last-validated-state-treated-previously-attached-knowledgeos-ks-dup.md
F2744	Sep 20 15:46 docs/knowledgeos/brainstorming/knowledgeos_theory_research/corpus/knowledge_os_with_lina_puran/20260920-154655_step-lg-02-global-solver-vs-cohomological-reasoning.md
F2745	Sep 20 15:49 docs/knowledgeos/brainstorming/knowledgeos_theory_research/corpus/knowledge_os_with_lina_puran/20260920-154906_step-lg-03-higher-order-topology-benchmark.md
F2746	Sep 20 15:52 docs/knowledgeos/brainstorming/knowledgeos_theory_research/corpus/knowledge_os_with_lina_puran/20260920-155205_next-step-lg-05a-information-matched-factorial-ablation.md
F2747	Sep 20 16:03 docs/knowledgeos/brainstorming/knowledgeos_theory_research/corpus/knowledge_os_with_lina_puran/20260920-160318_lg-05b_information-matched-explainable-solver.md
F2748	Sep 20 16:04 docs/knowledgeos/brainstorming/knowledgeos_theory_research/corpus/knowledge_os_with_lina_puran/20260920-160415_lg-05b_information-matched-explainable-solver-dup.md
F2749	Sep 20 16:06 docs/knowledgeos/brainstorming/knowledgeos_theory_research/corpus/knowledge_os_with_lina_puran/20260920-160642_lg-05b_first-executable-result-information-matched-solver.md
F2750	Sep 20 16:07 docs/knowledgeos/brainstorming/knowledgeos_theory_research/corpus/knowledge_os_with_lina_puran/20260920-160722_lg-05c_obstruction-equivalence-necessary-correction-sheaf-proposal.md
F2751	Sep 20 16:08 docs/knowledgeos/brainstorming/knowledgeos_theory_research/corpus/knowledge_os_with_lina_puran/20260920-160813_lg-05c_structural-equivalence-benchmark.md
F2752	Sep 20 16:09 docs/knowledgeos/brainstorming/knowledgeos_theory_research/corpus/knowledge_os_with_lina_puran/20260920-160901_lg-06_regime-relative-structural-equivalence.md
F2753	Sep 20 16:23 docs/knowledgeos/brainstorming/knowledgeos_theory_research/corpus/knowledge_os_with_lina_puran/20260920-162342_lg-06_regime-relative-structural-equivalence-executable-benchmark-refinement.md
F2754	Sep 20 16:25 docs/knowledgeos/brainstorming/knowledgeos_theory_research/corpus/knowledge_os_with_lina_puran/20260920-162500_lg-06b_adversarial-unseen-topology-structural-equivalence-benchmark.md
F2755	Sep 20 16:26 docs/knowledgeos/brainstorming/knowledgeos_theory_research/corpus/knowledge_os_with_lina_puran/20260920-162633_lg-06c_unseen-topology-structural-generalization.md
F2756	Sep 20 16:27 docs/knowledgeos/brainstorming/knowledgeos_theory_research/corpus/knowledge_os_with_lina_puran/20260920-162734_audit-of-attached-proposal-against-knowledgeos-architecture.md
F2757	Sep 20 16:28 docs/knowledgeos/brainstorming/knowledgeos_theory_research/corpus/knowledge_os_with_lina_puran/20260920-162850_lg-07_information-matched-benchmark.md
F2758	Sep 20 16:29 docs/knowledgeos/brainstorming/knowledgeos_theory_research/corpus/knowledge_os_with_lina_puran/20260920-162942_lg-07a_obstruction-compression-canonicality.md
F2759	Sep 20 16:32 docs/knowledgeos/brainstorming/knowledgeos_theory_research/corpus/knowledge_os_with_lina_puran/20260920-163259_lg-07b_obstruction-representation-equivalence.md
F2760	Sep 20 16:36 docs/knowledgeos/brainstorming/knowledgeos_theory_research/corpus/knowledge_os_with_lina_puran/20260920-163624_lg-07c_certificate-size-verification-cost-independent-verification.md
F2761	Sep 20 16:37 docs/knowledgeos/brainstorming/knowledgeos_theory_research/corpus/knowledge_os_with_lina_puran/20260920-163757_lg-07e_adversarial-ml-structural-equivalence.md
F2762	Sep 20 16:43 docs/knowledgeos/brainstorming/knowledgeos_theory_research/corpus/knowledge_os_with_lina_puran/20260920-164323_lg-07d_compositional-local-global-reasoning.md
F2763	Sep 20 16:45 docs/knowledgeos/brainstorming/knowledgeos_theory_research/corpus/knowledge_os_with_lina_puran/20260920-164548_lg-07f_unseen-topology-structural-generalization.md
F2764	Sep 20 16:48 docs/knowledgeos/brainstorming/knowledgeos_theory_research/corpus/knowledge_os_with_lina_puran/20260920-164853_lg-07g_representation-collision-knowledge-collapse.md
F2765	Sep 20 16:49 docs/knowledgeos/brainstorming/knowledgeos_theory_research/corpus/knowledge_os_with_lina_puran/20260920-164948_lg-07h_certificate-fault-injection-independent-verification.md
F2766	Sep 20 16:51 docs/knowledgeos/brainstorming/knowledgeos_theory_research/corpus/knowledge_os_with_lina_puran/20260920-165105_lg-07i_materiality-weighted-knowledge-collapse.md
F2767	Sep 20 16:52 docs/knowledgeos/brainstorming/knowledgeos_theory_research/corpus/knowledge_os_with_lina_puran/20260920-165205_lg-07j_materiality-dependency-interaction.md
F2768	Sep 20 16:53 docs/knowledgeos/brainstorming/knowledgeos_theory_research/corpus/knowledge_os_with_lina_puran/20260920-165326_lg-07k_higher-order-dependency-materiality.md
F2769	Sep 20 16:54 docs/knowledgeos/brainstorming/knowledgeos_theory_research/corpus/knowledge_os_with_lina_puran/20260920-165450_11-critical-questions-as-a-meta-methodology-for-ablation-falsification.md
F2770	Sep 20 16:57 docs/knowledgeos/brainstorming/knowledgeos_theory_research/corpus/knowledge_os_with_lina_puran/20260920-165707_11-critical-questions-as-a-meta-methodology-for-ablation-falsification-dup.md
F2771	Sep 20 16:58 docs/knowledgeos/brainstorming/knowledgeos_theory_research/corpus/knowledge_os_with_lina_puran/20260920-165839_lg-07l_higher-order-interaction-executed-exact-benchmark.md
F2772	Sep 20 17:00 docs/knowledgeos/brainstorming/knowledgeos_theory_research/corpus/knowledge_os_with_lina_puran/20260920-170058_lg-07m_scalable-compositional-higher-order-interaction-discovery.md
F2773	Sep 20 17:03 docs/knowledgeos/brainstorming/knowledgeos_theory_research/corpus/knowledge_os_with_lina_puran/20260920-170315_lg-07n_mixed-type-interaction-benchmark.md
F2774	Sep 20 17:04 docs/knowledgeos/brainstorming/knowledgeos_theory_research/corpus/knowledge_os_with_lina_puran/20260920-170405_ks-01b_real-knowledgeos-transformation-algebra-category-admissibility-test.md
F2775	Sep 20 17:05 docs/knowledgeos/brainstorming/knowledgeos_theory_research/corpus/knowledge_os_with_lina_puran/20260920-170505_ks-01a-4_can-enriched-knowledgeos-representation-reconstruct-required-categorical-structure.md
F2776	Sep 20 17:05 docs/knowledgeos/brainstorming/knowledgeos_theory_research/corpus/knowledge_os_with_lina_puran/20260920-170547_ks-01a-3_exhaustive-finite-categorical-atlas-exact-yoneda-reconstruction-test.md
F2777	Sep 20 17:06 docs/knowledgeos/brainstorming/knowledgeos_theory_research/corpus/knowledge_os_with_lina_puran/20260920-170636_ks-01a-2_finite-knowledgeos-categorical-atlas.md
F2778	Sep 20 17:07 docs/knowledgeos/brainstorming/knowledgeos_theory_research/corpus/knowledge_os_with_lina_puran/20260920-170730_ks-01a_yoneda-sufficiency-test.md
F2779	Sep 20 17:09 docs/knowledgeos/brainstorming/knowledgeos_theory_research/corpus/knowledge_os_with_lina_puran/20260920-170908_next-step-ks-01-ks-interpretation-executable-knowledgeos-capability-test.md
F2780	Sep 20 17:10 docs/knowledgeos/brainstorming/knowledgeos_theory_research/corpus/knowledge_os_with_lina_puran/20260920-171057_next-step-ks-01-ks-interpretation-executable-knowledgeos-capability-test-dup.md
F2781	Sep 20 17:12 docs/knowledgeos/brainstorming/knowledgeos_theory_research/corpus/knowledge_os_with_lina_puran/20260920-170315_lg-07t_noisy-observation-statistical-sufficiency-representation-robustness.md
F2782	Sep 20 17:15 docs/knowledgeos/brainstorming/knowledgeos_theory_research/corpus/knowledge_os_with_lina_puran/20260920-170315_lg-07s_non-unique-minimal-representations-information-substitution.md
F2783	Sep 20 17:17 docs/knowledgeos/brainstorming/knowledgeos_theory_research/corpus/knowledge_os_with_lina_puran/20260920-170315_lg-07r_refinement-lattice-minimal-information-acquisition.md
F2784	Sep 20 17:18 docs/knowledgeos/brainstorming/knowledgeos_theory_research/corpus/knowledge_os_with_lina_puran/20260920-170315_lg-07q_representation-refinement-new-dimensions-knowledge-recalculation.md
F2785	Sep 20 17:20 docs/knowledgeos/brainstorming/knowledgeos_theory_research/corpus/knowledge_os_with_lina_puran/20260920-170315_lg-07p_representation-invariance-entire-knowledgeos-pipeline.md
F2786	Sep 20 17:21 docs/knowledgeos/brainstorming/knowledgeos_theory_research/corpus/knowledge_os_with_lina_puran/20260920-170315_lg-07o_representation-invariant-interaction.md
F2787	Sep 20 17:28 docs/knowledgeos/brainstorming/knowledgeos_theory_research/corpus/knowledge_os_with_lina_puran/20260920-172801_ks-01b_real-knowledgeos-transformation-algebra-category-admissibility-test-dup.md
F2788	Sep 20 17:29 docs/knowledgeos/brainstorming/knowledgeos_theory_research/corpus/knowledge_os_with_lina_puran/20260920-172933_ks-01a-4_can-enriched-knowledgeos-representation-reconstruct-required-categorical-structure-dup.md
F2789	Sep 20 17:30 docs/knowledgeos/brainstorming/knowledgeos_theory_research/corpus/knowledge_os_with_lina_puran/20260920-173016_ks-01a-3_exhaustive-finite-categorical-atlas-exact-yoneda-reconstruction-test-dup.md
F2790	Sep 20 17:31 docs/knowledgeos/brainstorming/knowledgeos_theory_research/corpus/knowledge_os_with_lina_puran/20260920-173140_ks-01a-2_finite-knowledgeos-categorical-atlas-dup.md
F2791	Sep 20 17:32 docs/knowledgeos/brainstorming/knowledgeos_theory_research/corpus/knowledge_os_with_lina_puran/20260920-173226_ks-01a_yoneda-sufficiency-test-dup.md
F2792	Sep 20 17:34 docs/knowledgeos/brainstorming/knowledgeos_theory_research/corpus/knowledge_os_with_lina_puran/20260920-173415_next-step-ks-01-ks-interpretation-executable-knowledgeos-capability-test-dup2.md
F2793	Sep 20 17:38 docs/knowledgeos/brainstorming/knowledgeos_theory_research/corpus/knowledge_os_with_lina_puran/20260920-173836_lg-07u_provenance-authority-time-dependency-noisy-representation.md
F2794	Sep 20 17:44 docs/knowledgeos/brainstorming/knowledgeos_theory_research/corpus/knowledge_os_with_lina_puran/20260920-174438_audit-of-attached-proposal-against-knowledgeos-architecture-dup.md
F2795	Sep 20 19:30 docs/knowledgeos/brainstorming/knowledgeos_theory_research/corpus/knowledge_os_with_lina_puran/#
F2796	Sep 20 19:43 docs/knowledgeos/brainstorming/knowledgeos_theory_research/corpus/knowledge_os_with_lina_puran/heute
F2797	Sep 20 19:53 docs/knowledgeos/brainstorming/knowledgeos_theory_research/corpus/knowledge_os_with_lina_puran/Round
F2798	Sep 20 20:29 docs/knowledgeos/brainstorming/knowledgeos_theory_research/corpus/knowledge_os_with_lina_puran/Round
F2799	Sep 20 20:42 docs/knowledgeos/brainstorming/knowledgeos_theory_research/corpus/knowledge_os_with_lina_puran/how_to_reconstruct_theory.md
F2800	Sep 21 14:32 docs/knowledgeos/brainstorming/knowledgeos_theory_research/corpus/knowledge_os_with_lina_puran/20260831-104505_analyse-review-attached-file-senior-mathematician-statistician-ddd-architect-expert.md
F2801	Aug 16 21:10 docs/knowledgeos/backlog/EKS-01-governed-knowledge-distribution.md
F2802	Aug 16 21:11 docs/knowledgeos/backlog/EKS-03-historical-document-relocation.md
F2803	Aug 16 21:24 docs/knowledgeos/backlog/EKS-04-lifecycle-handoff-ambiguity.md
F2804	Aug 17 18:17 docs/knowledgeos/developer_guide/developer-guide-set-up-ai-agents-with-knowledgeos.md
F2805	Aug 17 23:08 docs/knowledgeos/backlog/EKS-02-subject-derived-placement-enforcement.md
F2806	Aug 18 16:27 docs/knowledgeos/architecture/README.md
F2807	Aug 18 16:29 docs/knowledgeos/architecture/README
F2808	Aug 18 16:31 docs/knowledgeos/architecture/01-system-context.puml
F2809	Aug 18 16:32 docs/knowledgeos/architecture/02-container-architecture.puml
F2810	Aug 18 16:32 docs/knowledgeos/architecture/03-component-knowledgeos.puml
F2811	Aug 18 16:32 docs/knowledgeos/architecture/04-contract-neutrality-fact-model.puml
F2812	Aug 19 00:28 docs/knowledgeos/architecture/2026-08-18-KOS-AIP04-DISCOVERY-001-adr-aip-04-capability-discovery-proposal.md
F2813	Aug 19 13:28 docs/knowledgeos/architecture/KOS-AIP04-DISCOVERY-001-capability-architecture-analysis.md
F2814	Aug 19 18:23 docs/knowledgeos/architecture/KOS-AIP04-C10-D5-ESTABLISHMENT-CRITERIA-PROPOSAL.md
F2815	Aug 19 19:57 docs/knowledgeos/architecture/KOS-AIP04-C10-E2-RECEIPT-COMPLETENESS.md
F2816	Aug 19 20:50 docs/knowledgeos/architecture/KOS-AIP-GOV-STATE-DURABILITY-ADR.md
F2817	Aug 19 21:18 docs/knowledgeos/architecture/KOS-AIP-GOV-STATE-DURABILITY-IMPLEMENTATION-DESIGN.md
F2818	Aug 19 21:37 docs/knowledgeos/how_far_we_are/202060819_2137_session.md
F2819	Aug 19 21:45 docs/knowledgeos/backlog/EKS-05-knowledge-evidence-boundary.md
F2820	Aug 20 21:56 docs/knowledgeos/architecture/KOS-AIP-GOV-STATE-DURABILITY-MIGRATION-PLAN-AMD4-SUMMARY.md
F2821	Aug 20 21:57 docs/knowledgeos/architecture/KOS-AIP-GOV-STATE-DURABILITY-MIGRATION-PLAN-AMD5-SUMMARY.md
F2822	Aug 21 14:35 docs/knowledgeos/backlog/EKS-06-reference-register-identifier-families.md
F2823	Aug 21 17:48 docs/knowledgeos/architecture/01-KnowledgeOS-Domain-and-Context-Architecture.md
F2824	Aug 21 17:48 docs/knowledgeos/architecture/02-KnowledgeOS-Kernel-and-Platform-Architecture.md
F2825	Aug 21 17:48 docs/knowledgeos/architecture/03-KnowledgeOS-Evidence-Assurance-and-Governance.md
F2826	Aug 21 17:48 docs/knowledgeos/architecture/04-KnowledgeOS-Event-and-Integration-Architecture.md
F2827	Aug 21 17:48 docs/knowledgeos/architecture/05-KnowledgeOS-Architecture-Patterns-and-Technology.md
F2828	Aug 21 17:48 docs/knowledgeos/architecture/06-KnowledgeOS-Operating-Model-and-Product-Architecture.md
F2829	Aug 21 17:48 docs/knowledgeos/architecture/07-KnowledgeOS-Target-Architecture-Review.md
F2830	Aug 21 17:49 docs/knowledgeos/architecture/00-KnowledgeOS-Architecture-Review-Index.md
F2831	Aug 21 19:37 docs/knowledgeos/architecture/KOS-AIP-GOV-STATE-DURABILITY-MIGRATION-PLAN-AMD6-SUMMARY.md
F2832	Aug 21 20:33 docs/knowledgeos/architecture/20260821_2032_EKS
F2833	Aug 21 22:45 docs/knowledgeos/architecture/20260821-2229-PKS-Current-Architecture-Baseline-Stage-2.md
F2834	Aug 21 23:47 docs/knowledgeos/architecture/20260821-2344-KnowledgeOS-Epistemic-Architecture-Investigation.md
F2835	Aug 22 00:41 docs/knowledgeos/architecture/20260821-2140-EKS-Current-Architecture-Baseline-Stage-1.md
F2836	Aug 22 00:56 docs/knowledgeos/backlog/EKS-08-representation-semantics-separation.md
F2837	Aug 22 01:41 docs/knowledgeos/KnowledgeOS_Conceptual_Foundation.md
F2838	Aug 22 01:46 docs/knowledgeos/KnowledgeOS_Epistemic_Control_Systems_Comparison.md
F2839	Aug 22 01:47 docs/knowledgeos/KnowledgeOS_Vedanta_Pramana_Lens.md
F2840	Aug 22 03:20 docs/knowledgeos/architecture/20260821-2259-AIP-Current-Architecture-Reconstruction-Stage-3.md
F2841	Aug 22 09:17 docs/knowledgeos/architecture/20260822-0915-KOS-EP01-P4-Constitutional-Invariant-Map-v1.0.md
F2842	Aug 22 09:29 docs/knowledgeos/architecture/20260822-0927-KOS-EP01-P5-Constitutional-Invariant-Decision-Matrix-v1.0.md
F2843	Aug 22 09:40 docs/knowledgeos/architecture/20260822-0939-KOS-EP01-Step5-Kernel-Decision.md
F2844	Aug 22 09:51 docs/knowledgeos/architecture/20260822-0951-KOS-EP01-Constitution-v1.0.md
F2845	Aug 22 09:56 docs/knowledgeos/architecture/20260822-0955-KOS-EP01-Reference-Architecture-v1.0.md
F2846	Aug 22 12:17 docs/knowledgeos/governance/SESSION-COMPLETION-HANDOFF-PROTOCOL.md
F2847	Aug 22 12:48 docs/knowledgeos/KnowledgeOS_Character_Definition.md
F2848	Aug 22 13:05 docs/knowledgeos/architecture/KOS-AIP-GOV-STATE-DURABILITY-DV-CORRECTION-SUMMARY.md
F2849	Aug 22 13:06 docs/knowledgeos/architecture/KOS-AIP-GOV-STATE-DURABILITY-MIGRATION-PLAN.md
F2850	Aug 22 14:53 docs/knowledgeos/governance/2026-08-22-KOS-SESSION-BOOTSTRAP-001-session-completion.md
F2851	Aug 22 16:51 docs/knowledgeos/governance/2026-08-22-KOS-SESSION-BOOTSTRAP-001-CORRECTION-001-session-completion.md
F2852	Aug 22 21:51 docs/knowledgeos/governance/2026-08-22-KOS-OPERATING-MODEL-001-session-completion.md
F2853	Aug 23 19:57 docs/knowledgeos/governance/2026-08-23-KOS-OPERATING-MODEL-001-AUTHORIZATION-DECISION.md
F2854	Aug 23 19:57 docs/knowledgeos/governance/2026-08-22-KOS-OPERATING-MODEL-001-final-operating-model.md
F2855	Aug 23 19:57 docs/knowledgeos/governance/2026-08-23-KOS-OPERATING-MODEL-001-ADOPTION-DECISION.md
F2856	Aug 24 02:52 docs/knowledgeos/governance/2026-08-24-AST-019-ADOPTION-DECISION.md
F2857	Aug 24 02:52 docs/knowledgeos/governance/2026-08-24-AST-019-AUTHORIZATION-DECISION.md
F2858	Aug 24 03:08 docs/knowledgeos/backlog/EKS-09-activation-write-atomicity.md
F2859	Aug 24 03:08 docs/knowledgeos/backlog/EKS-10-activation-failure-path-coverage.md
F2860	Aug 24 03:08 docs/knowledgeos/backlog/EKS-11-sole-writer-environment-override.md
F2861	Sep 4 22:52 docs/knowledgeos/governance/EPISTEMIC-STATUS-VOCABULARY.md
F2862	Sep 7 17:03 docs/knowledgeos/theory-extraction/01-BOUNDARY-WITH-THREE-MODEL-CONVERGENCE.md
F2863	Sep 7 17:07 docs/knowledgeos/theory-extraction/00-CHARTER.md
F2864	Sep 7 19:33 docs/knowledgeos/theory-extraction/03-STRESS-TEST-REPORT.md
F2865	Sep 7 19:39 docs/knowledgeos/theory-extraction/05-VALIDATION-REPORT-v2.md
F2866	Sep 7 19:44 docs/knowledgeos/theory-extraction/06-PROPOSAL-TO-3MC-MISATTRIBUTION.md
F2867	Sep 7 19:52 docs/knowledgeos/theory-extraction/07-STRESS-REPORT-2.md
F2868	Sep 7 19:53 docs/knowledgeos/theory-extraction/02-ELEMENT-INDEX.md
F2869	Sep 7 19:57 docs/knowledgeos/theory-extraction/elements/KOS-T-0001-K.md
F2870	Sep 7 19:57 docs/knowledgeos/theory-extraction/elements/KOS-T-0002-delta.md
F2871	Sep 7 19:57 docs/knowledgeos/theory-extraction/elements/KOS-T-0003-eq-sem.md
F2872	Sep 7 19:57 docs/knowledgeos/theory-extraction/elements/KOS-T-0004-Qualify.md
F2873	Sep 7 19:57 docs/knowledgeos/theory-extraction/elements/KOS-T-0007-Sigma.md
F2874	Sep 7 19:57 docs/knowledgeos/theory-extraction/elements/KOS-T-0008-Pi.md
F2875	Sep 7 19:57 docs/knowledgeos/theory-extraction/elements/KOS-T-0011-I-register.md
F2876	Sep 7 19:57 docs/knowledgeos/theory-extraction/elements/KOS-T-0009-Zero.md
F2877	Sep 7 19:59 docs/knowledgeos/theory-extraction/04-SCHEMA-v2-AND-AMENDMENT.md
F2878	Sep 7 19:59 docs/knowledgeos/theory-extraction/09-B6-VALIDATION.md
F2879	Sep 7 20:04 docs/knowledgeos/theory-extraction/10-EXTRACTION-UNIT-ANALYSIS.md
F2880	Sep 7 20:12 docs/knowledgeos/theory-extraction/11-P06-DECISION-DOSSIER.md
F2881	Sep 7 20:13 docs/knowledgeos/theory-extraction/12-PHASE-R-PROPOSAL.md
F2882	Sep 7 20:14 docs/knowledgeos/theory-extraction/08-CONCEPTUAL-PROPOSAL-REGISTER.md
F2883	Sep 7 20:22 docs/knowledgeos/theory-extraction/13-ABCD-EVALUATION.md
F2884	Sep 7 20:27 docs/knowledgeos/theory-extraction/14-P06-FOUR-QUESTIONS.md
F2885	Sep 7 20:33 docs/knowledgeos/theory-extraction/15-P06-SEMANTIC-ONTOLOGY.md
F2886	Sep 7 20:41 docs/knowledgeos/theory-extraction/16-P06-PERSISTENCE-IDENTITY-DERIVATION.md
F2887	Sep 7 20:59 docs/knowledgeos/theory-extraction/17-P07-IDENTITY-ADDRESSING-CONTINUITY-DERIVATION.md
F2888	Sep 7 21:10 docs/knowledgeos/theory-extraction/18-P08-MINIMUM-PERSISTENCE-OBLIGATIONS-DERIVATION.md
F2889	Sep 7 21:19 docs/knowledgeos/theory-extraction/19-P09-KERNEL-STABILITY-PRECONDITIONS-DERIVATION.md
F2890	Sep 7 21:29 docs/knowledgeos/theory-extraction/20-CROSS-LANE-CONCURRENCY-RECONCILIATION.md
F2891	Sep 7 21:30 docs/knowledgeos/theory-extraction/21-P09.1-TRANSITION-CLASS-COMPLETENESS-DERIVATION.md
F2892	Sep 7 21:36 docs/knowledgeos/theory-extraction/20a-CROSS-LANE-HANDOVER-RECORDS-T-TO-M.md
F2893	Sep 7 21:38 docs/knowledgeos/theory-extraction/22-P09.2-K4-CAPABILITY-INDEPENDENCE-DERIVATION.md
F2894	Sep 7 21:48 docs/knowledgeos/theory-extraction/23-P09.3-PERSISTENCE-KERNEL-CLOSURE-DERIVATION.md
F2895	Sep 7 21:58 docs/knowledgeos/theory-extraction/24-P10-PERSISTENCE-KERNEL-CLOSURE-BOUNDARY-AND-CROSS-LANE-RESOLUTION.md
F2896	Sep 7 22:39 docs/knowledgeos/theory-extraction/25-INTAKE-001-MD018-MONOTONICITY-RULING-AND-BRANCH-R0-RESOLUTION.md
F2897	Sep 7 22:45 docs/knowledgeos/theory-extraction/26-P11-POST-RULING-KERNEL-RECONCILIATION-AND-RESIDUAL-CLOSURE.md
F2898	Sep 7 22:50 docs/knowledgeos/theory-extraction/27-P12-CROSS-LANE-KERNEL-RESOLUTION-AND-ADMISSION-PREPARATION.md
F2899	Sep 7 22:57 docs/knowledgeos/theory-extraction/28-PROPOSAL-Q1-IDENTITY-RETIREMENT-CANDIDATE-RULING.md
F2900	Sep 7 23:02 docs/knowledgeos/theory-extraction/29-INTAKE-002-IDENTITY-RETIREMENT-ADMITTED-Q1A-Q1B-SEPARATED.md
F2901	Sep 7 23:08 docs/knowledgeos/theory-extraction/30-P13-W6-CAPABILITY-VS-MECHANISM-DERIVATION.md
F2902	Sep 7 23:16 docs/knowledgeos/theory-extraction/31-P14-SEMANTIC-REINTERPRETATION-IDENTITY-ADJUDICATION.md
F2903	Sep 8 09:18 docs/knowledgeos/theory-extraction/32-P15-MODEL-REPLACEMENT-TRANSITION-AND-K2-DERIVATION.md
F2904	Sep 8 09:33 docs/knowledgeos/theory-extraction/33-P16-THIRD-AXIS-AND-TRANSITION-CLOSURE-AUDIT.md
F2905	Sep 8 09:43 docs/knowledgeos/theory-extraction/34-P17-TWO-AXIS-STRUCTURAL-CLAIM-AUDIT.md
F2906	Sep 8 10:23 docs/knowledgeos/theory-extraction/35-P18-KERNEL-IRREDUCIBILITY-AND-INDEPENDENCE-AUDIT.md
F2907	Sep 8 10:39 docs/knowledgeos/theory-extraction/36-P19-KERNEL-DERIVATION-ASSUMPTION-CIRCULARITY-BOUNDARY-AUDIT.md
F2908	Sep 8 10:47 docs/knowledgeos/theory-extraction/37-P20-GROUND-STRATIFICATION-AND-KERNEL-CARDINALITY-AUDIT.md
F2909	Sep 8 11:01 docs/knowledgeos/theory-extraction/38-P21-WITHDRAWAL-VS-SUPERSESSION-TRANSITION-IDENTITY-AUDIT.md
F2910	Sep 8 11:09 docs/knowledgeos/theory-extraction/39-P22-ASSERTION-SUBJECT-HOLDER-CARDINALITY-AND-SCOPE-AUDIT.md
F2911	Sep 8 11:24 docs/knowledgeos/theory-extraction/40-P23-ESTATE-BOUNDARY-REGISTER-SCOPE-AND-DELETION-INVARIANT-AUDIT.md
F2912	Sep 8 11:35 docs/knowledgeos/theory-extraction/41-P24-PROCESS-SUBJECT-ATTRIBUTION-AGENCY-AND-CURRENTNESS-AUDIT.md
F2913	Sep 8 11:48 docs/knowledgeos/theory-extraction/42-P25-RECORD-ATTRIBUTION-AND-PERSISTENCE-OBLIGATION-AUDIT.md
F2914	Sep 8 11:57 docs/knowledgeos/theory-extraction/43-P26-PROVENANCE-CHAIN-UNBROKENNESS-AND-K5-SCOPE-AUDIT.md
F2915	Sep 8 12:09 docs/knowledgeos/theory-extraction/44-P26.1-PROVENANCE-CHAIN-STRUCTURE-AND-UNBROKENNESS-SEMANTICS-AUDIT.md
F2916	Sep 8 13:24 docs/knowledgeos/theory-extraction/45-P27-TG02-INDEPENDENCE-ADMISSIBILITY-VS-PERSISTENCE-AUDIT.md
F2917	Sep 8 13:47 docs/knowledgeos/theory-extraction/46-P28-POLICY-RHO-PERSISTENCE-AND-HISTORICAL-RE-EVALUATION-AUDIT.md
F2918	Sep 8 13:56 docs/knowledgeos/theory-extraction/47-P29-EFFECTIVE-POLICY-REFERENCE-NECESSITY-AUDIT.md
F2919	Sep 8 15:06 docs/knowledgeos/theory-extraction/48-P30-ACCEPTANCE-STATE-PREDICATE-AND-TRANSITION-SEMANTICS-AUDIT.md
F2920	Sep 8 19:27 docs/knowledgeos/theory-extraction/49-P31-PARTIAL-TRANSITION-DOMAIN-REFUSAL-AND-NON-EVENT-PERSISTENCE-AUDIT.md
F2921	Sep 8 19:28 docs/knowledgeos/theory-extraction/P31-COMMISSION-BRIEF-REFUSED-TRANSITION-AND-PARTIALITY-AUDIT.md
F2922	Sep 8 19:34 docs/knowledgeos/theory-extraction/50-P32-GT004-EXPLICIT-UNKNOWN-REASON-AND-K5-SCOPE-AUDIT.md
F2923	Sep 8 19:48 docs/knowledgeos/theory-extraction/51-P33-PROPOSITION-WARRANT-BOUNDARY-AND-KERNEL-INDEPENDENCE-AUDIT.md
F2924	Sep 8 19:56 docs/knowledgeos/theory-extraction/52-P34-ASSERTION-IDENTITY-CORROBORATION-AND-K1-INDEPENDENCE-AUDIT.md
F2925	Sep 8 20:11 docs/knowledgeos/theory-extraction/53-P35-K1-IDENTITY-TARGET-MEANING-VS-RECORD-AUDIT.md
F2926	Sep 8 20:45 docs/knowledgeos/theory-extraction/54-P36-IDENTITY-RESOLUTION-CARDINALITY-AND-K1-PERSISTENCE-NECESSITY-AUDIT.md
F2927	Sep 8 20:58 docs/knowledgeos/theory-extraction/55-P37-OPEN-WORLD-CLOSED-WORLD-IDENTITY-SEMANTICS-AUDIT.md
F2928	Sep 8 21:20 docs/knowledgeos/theory-extraction/56-P38-K1-PAYLOAD-ADJUDICATION-MAPPING-AND-CONTINUITY-AUDIT.md
F2929	Sep 8 21:30 docs/knowledgeos/theory-extraction/57-P39-PERSISTENCE-KERNEL-SCOPE-THEORY-REGISTER-VS-DOMAIN-TRANSFER-AUDIT.md
F2930	Sep 8 21:39 docs/knowledgeos/theory-extraction/58-P40-LEVEL-S-PERSISTENCE-OBLIGATION-DERIVATION-AUDIT.md
F2931	Sep 8 21:54 docs/knowledgeos/theory-extraction/59-P41-RECONSTRUCTIBILITY-VS-RETAINED-HISTORY-T9-P08-COMPATIBILITY-AUDIT.md
F2932	Sep 8 22:02 docs/knowledgeos/theory-extraction/60-P42-LEVEL-S-NORMATIVE-ADOPTION-AND-AUTHORITY-AUDIT.md
F2933	Sep 8 22:08 docs/knowledgeos/theory-extraction/61-P43-R-KERNEL-NORMATIVE-FORCE-ADOPTION-AND-INCORPORATION-AUDIT.md
F2934	Sep 8 22:16 docs/knowledgeos/theory-extraction/62-P44-R-KERNEL-ADOPTABILITY-AND-ARTIFACT-BOUNDARY-AUDIT.md
F2935	Sep 8 22:26 docs/knowledgeos/theory-extraction/63-P45-KNOWLEDGEOS-THEORY-GOVERNANCE-AUTHORITY-AND-SCOPE-AUDIT.md
F2936	Sep 8 22:34 docs/knowledgeos/theory-extraction/64-P46-THEORY-BOUNDARY-INTENTIONAL-DESIGN-OR-GOVERNANCE-GAP-AUDIT.md
F2937	Sep 8 22:35 docs/knowledgeos/backlog/EKS-12-theory-governance-scope-gap.md
F2938	Sep 8 22:43 docs/knowledgeos/theory-extraction/65-P47-PERSISTENCE-KERNEL-MINIMALITY-AND-IRREDUCIBILITY-PROOF-AUDIT.md
F2939	Sep 8 22:44 docs/knowledgeos/backlog/EKS-13-cross-lane-dependency-without-change-notification.md
F2940	Sep 8 22:59 docs/knowledgeos/theory-extraction/66-P48-KERNEL-AXIS-DETERMINACY-AUDIT.md
F2941	Sep 8 23:07 docs/knowledgeos/theory-extraction/67-P49-REPRESENTATION-ALGEBRA-AND-COMPLEXITY-ADMISSIBILITY-AUDIT.md
F2942	Sep 8 23:15 docs/knowledgeos/theory-extraction/68-P50-PERSISTENCE-KERNEL-OBJECT-TYPE-AND-ADEQUACY-AUDIT.md
F2943	Sep 8 23:16 docs/knowledgeos/backlog/EKS-15-out-of-root-evidence-admission-mechanism.md
F2944	Sep 8 23:20 docs/knowledgeos/theory-extraction/69-P51-WITNESS-SET-COMPLETENESS-AUDIT.md
F2945	Sep 8 23:26 docs/knowledgeos/theory-extraction/70-P52-MINIMALITY-CORPUS-ARCHAEOLOGY-AND-ARTIFACT-LIFECYCLE-SCOPE-AUDIT.md
F2946	Sep 8 23:33 docs/knowledgeos/theory-extraction/71-P53-MINKER-SEMANTIC-TRANSFER-AND-ADMISSIBILITY-AUDIT.md
F2947	Sep 8 23:50 docs/knowledgeos/theory-extraction/72-P54-CAPABILITY-GRANULARITY-RESOLUTION-ARCHAEOLOGY-AUDIT.md
F2948	Sep 9 00:06 docs/knowledgeos/theory-extraction/73-P55-PART-XIX-P08-PERSISTENCE-CRITERION-COMPATIBILITY-AUDIT.md
F2949	Sep 9 00:07 docs/knowledgeos/backlog/EKS-17-duplicate-research-roots-split-one-programme.md
F2950	Sep 9 00:16 docs/knowledgeos/theory-extraction/74-P56-LEVEL-S-R-BRIDGE-ARCHAEOLOGY-AND-TYPE-COMPATIBILITY-AUDIT.md
F2951	Sep 9 00:17 docs/knowledgeos/backlog/EKS-19-no-registry-of-already-spoken-for-directories.md
F2952	Sep 9 00:33 docs/knowledgeos/backlog/EKS-20-derivations-that-do-not-record-their-sources.md
F2953	Sep 9 00:33 docs/knowledgeos/theory-extraction/75-P57-BRAINSTORMING-ARCHAEOLOGY-GATE-SCOPE-EXECUTION-AND-SOURCE-OVERLAP-AUDIT.md
F2954	Sep 9 00:39 docs/knowledgeos/backlog/EKS-07-multi-process-coordination.md
F2955	Sep 9 00:43 docs/knowledgeos/theory-extraction/76-P58-FA7-CAPABILITY-LEVEL-TRACEABILITY-AUDIT.md
F2956	Sep 9 00:58 docs/knowledgeos/theory-extraction/77-P59-TRACE-WITNESSABILITY-AND-CAPABILITY-ORDERING-AUDIT.md
F2957	Sep 9 01:07 docs/knowledgeos/theory-extraction/78-P60-RETENTION-OBLIGATION-CAPABILITY-TYPING-AND-REALIZATION-AUDIT.md
F2958	Sep 9 07:33 docs/knowledgeos/theory-extraction/79-P61-WHICH-FORMAL-PROGRAMME-DOES-THE-KERNEL-ANSWER-TO-AUDIT.md
F2959	Sep 9 07:45 docs/knowledgeos/theory-extraction/80-P62-S3-LINEAGE-SUCCESSION-AND-ABANDONMENT-AUDIT.md
F2960	Sep 9 07:46 docs/knowledgeos/backlog/EKS-23-two-independent-capability-vocabularies-never-reconciled.md
F2961	Sep 9 07:46 docs/knowledgeos/backlog/EKS-22-a-large-body-of-theory-with-no-status-and-no-anchor.md
F2962	Sep 9 07:54 docs/knowledgeos/theory-extraction/81-P63-S0-FALSIFICATION-IMPACT-ON-S3-INHERITED-CONTENT-AUDIT.md
F2963	Sep 9 08:01 docs/knowledgeos/theory-extraction/82-P64-BREAKTHROUGH-CLAIM-ARCHAEOLOGY-AND-DERIVATION-IDENTITY-AUDIT.md
F2964	Sep 9 08:08 docs/knowledgeos/theory-extraction/83-P65-PSTAR-THEOREM-VS-ANALYTIC-DEFINITION-AUDIT.md
F2965	Sep 9 08:18 docs/knowledgeos/theory-extraction/84-P66-SUFFICIENCY-AUDIT-OF-THE-11-CELL-KERNEL.md
F2966	Sep 9 08:18 docs/knowledgeos/backlog/EKS-18-open-questions-register-with-no-route-to-the-work.md
F2967	Sep 9 08:24 docs/knowledgeos/theory-extraction/85-P67-OPEN-WORLD-CLOSED-WORLD-READING-FOR-K3-AUDIT.md
F2968	Sep 9 08:37 docs/knowledgeos/theory-extraction/86-P68-TK1-TK2-INTAKE-AND-K0-MATHEMATICAL-KERNEL-DISCOVERY.md
F2969	Sep 9 08:41 docs/knowledgeos/theory-extraction/87-P69-WHAT-POSITIVE-WITNESS-DOES-K3-NAME.md
F2970	Sep 9 08:44 docs/knowledgeos/theory-extraction/88-P70-SEVEN-WITNESSES-ARTIFACT-INSIDE-OMEGA-AUDIT.md
F2971	Sep 9 08:50 docs/knowledgeos/theory-extraction/89-P71-FORWARD-READ-OF-THE-S1-THREAD-AND-ITS-DISPOSITION.md
F2972	Sep 9 09:26 docs/knowledgeos/theory-extraction/90-P72-DO-K0-FRAMES-DISCHARGE-STEPS-1-TO-4-AUDIT.md
F2973	Sep 9 09:27 docs/knowledgeos/backlog/EKS-25-a-commissioned-programme-stopped-awaiting-a-review-that-has-not-come.md
F2974	Sep 9 11:56 docs/knowledgeos/theory-extraction/91-P73-TIMESTAMP-THREAD-METHOD-ADOPTION-AND-THE-ETA-THREAD.md
F2975	Sep 9 12:01 docs/knowledgeos/theory-extraction/92-P74-IS-STEP-161-A-FOURTH-CONTRACT-NOTION.md
F2976	Sep 9 12:02 docs/knowledgeos/backlog/EKS-14-research-construct-named-as-a-product-component.md
F2977	Sep 9 12:10 docs/knowledgeos/theory-extraction/93-P75-PROVENANCE-AUDIT-STEP-167-168-TO-GN-46.md
F2978	Sep 9 12:10 docs/knowledgeos/backlog/EKS-26-completed-coverage-claims-decay-silently-as-the-corpus-grows.md
F2979	Sep 9 12:10 docs/knowledgeos/backlog/EKS-24-thread-conclusions-live-in-files-no-search-ranks.md
F2980	Sep 9 12:20 docs/knowledgeos/theory-extraction/94-P76-DO-THE-88-TVF-FINDINGS-BEAR-ON-K1-K11.md
F2981	Sep 9 12:29 docs/knowledgeos/theory-extraction/95-P77-S-R-TRANSITION-BRIDGE-AUDIT.md
F2982	Sep 9 12:30 docs/knowledgeos/backlog/EKS-21-negative-findings-have-no-positive-control.md
F2983	Sep 9 12:33 docs/knowledgeos/backlog/EKS-27-the-same-mathematical-symbol-means-two-different-things.md
F2984	Sep 9 12:34 docs/knowledgeos/theory-extraction/96-P78-COMPLETE-READ-OF-A3W-NO-SINGLE-SYSTEM-STATE.md
F2985	Sep 9 12:36 docs/knowledgeos/backlog/EKS-28-two-governance-commissions-on-sibling-kernel-questions-never-cross-reference.md
F2986	Sep 9 12:54 docs/knowledgeos/backlog/EKS-29-a-construct-is-credited-to-the-wrong-document.md
F2987	Sep 9 12:54 docs/knowledgeos/theory-extraction/97-P79-LAYER-PROVENANCE-AUDIT-OF-K1-K11.md
F2988	Sep 9 13:05 docs/knowledgeos/theory-extraction/98-P80-COMPLETE-DERIVATION-AUDIT-OF-THE-P09.3-DECOMPOSITION.md
F2989	Sep 9 13:33 docs/knowledgeos/theory-extraction/99-P81-THIRD-INDIVIDUATION-AXIS-AUDIT.md
F2990	Sep 9 13:34 docs/knowledgeos/backlog/EKS-16-derivation-without-consulting-existing-theory.md
F2991	Sep 9 13:35 docs/knowledgeos/backlog/EKS-30-no-register-of-a-lanes-own-settled-questions.md
F2992	Sep 9 13:57 docs/knowledgeos/theory-extraction/100-P82-R0-GOVERNANCE-AND-SCOPE-AUDIT.md
F2993	Sep 9 13:59 docs/knowledgeos/backlog/EKS-32-a-ruling-that-fixes-the-kernel-size-is-in-no-governance-register.md
F2994	Sep 9 14:31 docs/knowledgeos/theory-extraction/101-P83-CORRECTION-VS-REGRESSION-DISCRIMINATOR-AUDIT.md
F2995	Sep 9 15:28 docs/knowledgeos/theory-extraction/102-P84-MD018-STATUS-CHAIN-OBJECT-IDENTIFICATION.md
F2996	Sep 9 15:29 docs/knowledgeos/backlog/EKS-33-a-binding-ruling-governs-a-register-that-cannot-carry-it.md
F2997	Sep 9 15:40 docs/knowledgeos/theory-extraction/103-P85-F4-SEMANTIC-BACKBONE-RECOVERY-REACH-AND-FAMILY-COLLISION.md
F2998	Sep 9 15:41 docs/knowledgeos/backlog/EKS-34-a-naming-collision-split-across-an-information-barrier.md
F2999	Sep 9 15:50 docs/knowledgeos/theory-extraction/104-READ-RECORD-NINE-F4-FILES-AND-CORRECTIONS-TO-P85.md
F3000	Sep 9 15:59 docs/knowledgeos/theory-extraction/105-READ-RECORD-2026-09-02-SAT-THREAD-AND-THE-APPROVED-TODO-REGISTER.md
F3001	Sep 9 16:06 docs/knowledgeos/theory-extraction/106-READ-RECORD-2026-09-04-EQUIV-SEM-MINKER-AND-A-REVERSED-BLOCK.md
F3002	Sep 9 16:07 docs/knowledgeos/backlog/EKS-35-file-timestamps-do-not-encode-argument-order.md
F3003	Sep 9 16:42 docs/knowledgeos/backlog/EKS-36-two-same-day-research-threads-on-sibling-evaluation-questions-never-cross-reference.md
F3004	Sep 9 16:47 docs/knowledgeos/theory-extraction/107-P86-CONTRADICTION-CONTR-PREREQUISITE-AUDIT.md
F3005	Sep 9 16:58 docs/knowledgeos/theory-extraction/108-P87-R-REQ-REQUIRED-DISTINCTIONS-AUDIT.md
F3006	Sep 9 16:59 docs/knowledgeos/backlog/EKS-31-externally-authored-analysis-files-enter-the-primary-corpus-without-provenance-markers.md
F3007	Sep 9 17:05 docs/knowledgeos/theory-extraction/109-P88-IS-T-ENUMERABLE-FROM-THE-CORPUS.md
F3008	Sep 9 17:18 docs/knowledgeos/theory-extraction/110-P89-N4-GOVERNANCE-ADOPTION-AUDIT.md
F3009	Sep 9 17:19 docs/knowledgeos/backlog/EKS-38-two-decision-registers-share-one-id-space.md
F3010	Sep 9 17:27 docs/knowledgeos/theory-extraction/111-P90-EKS38-GOVERNANCE-CONTROL-AUDIT.md
F3011	Sep 9 17:27 docs/knowledgeos/backlog/EKS-37-the-highest-leverage-item-is-typed-as-both-a-derivation-and-a-decision.md
F3012	Sep 9 17:37 docs/knowledgeos/theory-extraction/112-P91-R-REQ-HISTORICAL-RECONSTRUCTION.md
F3013	Sep 9 17:38 docs/knowledgeos/backlog/EKS-39-a-research-object-silently-changed-from-a-test-into-a-list.md
F3014	Sep 9 17:55 docs/knowledgeos/theory-extraction/113-P92-THE-R-REQ-DEFINITION-DOCUMENT.md
F3015	Sep 9 17:59 docs/knowledgeos/theory-extraction/114-P93-THE-182011-182017-182019-READ.md
F3016	Sep 9 18:00 docs/knowledgeos/backlog/EKS-40-one-batch-gives-contradictory-dispositions-of-the-same-item.md
F3017	Sep 9 18:08 docs/knowledgeos/theory-extraction/115-P94-CHRONOLOGICAL-LINEAGE-TRACE.md
F3018	Sep 9 18:47 docs/knowledgeos/theory-extraction/116-P95-COMPLETED-CHRONOLOGICAL-READ-270-TO-272A.md
F3019	Sep 9 19:02 docs/knowledgeos/backlog/EKS-42-two-documents-share-one-section-numbering-space.md
F3020	Sep 9 19:08 docs/knowledgeos/theory-extraction/117-P96-QUEUE-DRIVEN-CHRONOLOGICAL-READ.md
F3021	Sep 9 19:23 docs/knowledgeos/theory-extraction/reconstruction/census.py
F3022	Sep 9 19:23 docs/knowledgeos/theory-extraction/reconstruction/01-CORPUS-CENSUS.tsv
F3023	Sep 9 19:23 docs/knowledgeos/theory-extraction/reconstruction/01-CENSUS-SUMMARY.json
F3024	Sep 9 19:24 docs/knowledgeos/theory-extraction/reconstruction/extract.py
F3025	Sep 9 19:24 docs/knowledgeos/theory-extraction/reconstruction/02-DOC-RECORDS.jsonl
F3026	Sep 9 19:24 docs/knowledgeos/theory-extraction/reconstruction/02-SYMBOL-INDEX.jsonl
F3027	Sep 9 19:25 docs/knowledgeos/theory-extraction/reconstruction/timeline.py
F3028	Sep 9 19:25 docs/knowledgeos/theory-extraction/reconstruction/03-BIRTH-POINTS.tsv
F3029	Sep 9 19:25 docs/knowledgeos/theory-extraction/reconstruction/03-THEORY-TIMELINE.tsv
F3030	Sep 9 19:25 docs/knowledgeos/theory-extraction/reconstruction/03-FORM-CHANGES.jsonl
F3031	Sep 9 19:28 docs/knowledgeos/theory-extraction/reconstruction/.gitignore
F3032	Sep 9 19:38 docs/knowledgeos/theory-extraction/118-P97-TRUE-BIRTH-OF-SAT-AND-REQUIREMENTS.md
F3033	Sep 9 19:38 docs/knowledgeos/backlog/EKS-43-a-sanskrit-word-and-a-core-formal-operator-share-one-name.md
F3034	Sep 9 19:39 docs/knowledgeos/backlog/EKS-41-req-req-symbol-denotes-two-unrelated-formal-objects.md
F3035	Sep 9 20:22 docs/knowledgeos/backlog/EKS-44-the-satisfaction-definition-is-typed-but-never-computed-even-in-its-own-example.md
F3036	Sep 9 20:33 docs/knowledgeos/backlog/EKS-45-two-independently-reconstructed-delta-t-freezes-cite-the-same-source-but-were-never-compared.md
F3037	Sep 9 22:53 docs/knowledgeos/backlog/EKS-46-a-qualified-result-becomes-an-unqualified-one-three-minutes-later.md
F3038	Sep 9 22:54 docs/knowledgeos/backlog/EKS-47-gamma-has-no-definition-anywhere-and-EC-is-never-instantiated.md
F3039	Sep 9 23:18 docs/knowledgeos/backlog/EKS-48-no-authorized-route-to-construct-missing-sat-chain-semantics.md
F3040	Sep 10 08:51 docs/knowledgeos/theory-extraction/reconstruction/09-EVIDENCE-LOG.md
F3041	Sep 10 10:13 docs/knowledgeos/backlog/EKS-50-a-third-independent-classification-governance-pipeline-was-found-unintegrated.md
F3042	Sep 10 10:13 docs/knowledgeos/backlog/00_index.md
F3043	Sep 10 10:53 docs/knowledgeos/backlog/EKS-51-one-symbol-was-reused-for-a-different-concept-43-minutes-later.md
F3044	Sep 10 10:53 docs/knowledgeos/backlog/EKS-49-a-commissioning-lane-and-an-executing-lane-never-tell-each-other.md
F3045	Sep 10 11:16 docs/knowledgeos/backlog/EKS-52-lanes-do-not-enumerate-each-other-so-the-same-work-is-done-repeatedly.md
F3046	Sep 10 11:33 docs/knowledgeos/backlog/EKS-54-a-single-theory-rewrite-defines-its-own-core-symbols-six-different-ways.md
F3047	Sep 10 11:41 docs/knowledgeos/backlog/EKS-53-a-deliberate-restart-replaced-a-finished-definition-with-an-unfinished-one.md
F3048	Sep 10 11:58 docs/knowledgeos/backlog/EKS-55-a-tested-superior-evaluator-existed-before-det-r-and-was-never-consulted.md
F3049	Sep 10 16:35 docs/knowledgeos/backlog/EKS-56-two-workstreams-gave-one-issue-number-to-two-different-issues-and-one-was-already-closed.md
F3050	Sep 10 17:22 docs/knowledgeos/theory-extraction/reconstruction/08-COVERAGE-LEDGER.md
F3051	Sep 10 18:47 docs/knowledgeos/theory-extraction/reconstruction/commission/00-COMMISSION-REGISTER.md
F3052	Sep 10 23:20 docs/knowledgeos/theory-extraction/reconstruction/07-THEORYSTATE-CHRONICLE.md
F3053	Sep 10 23:43 docs/knowledgeos/theory-extraction/reconstruction/governance/00-GOVERNANCE-EVIDENCE-REGISTER.md
F3054	Sep 11 00:04 docs/knowledgeos/theory-extraction/reconstruction/lineage/00-BIRTH-POINT-ANALYSIS.md
F3055	Sep 11 00:33 docs/knowledgeos/theory-extraction/reconstruction/05-DEFINITION-EVOLUTION-REGISTRY.tsv
F3056	Sep 11 00:33 docs/knowledgeos/theory-extraction/reconstruction/04-LINEAGE-EDGES.tsv
F3057	Sep 11 00:34 docs/knowledgeos/theory-extraction/reconstruction/06-GAP-REGISTER.md
F3058	Sep 11 00:40 docs/knowledgeos/theory-extraction/reconstruction/reconciliation/01-ZERO-RECONCILIATION.md
F3059	Sep 11 00:55 docs/knowledgeos/theory-extraction/reconstruction/reconciliation/02-SAT-RECONCILIATION.md
F3060	Sep 11 00:57 docs/knowledgeos/theory-extraction/reconstruction/reconciliation/03-DELTA-RECONCILIATION.md
F3061	Sep 11 00:59 docs/knowledgeos/theory-extraction/reconstruction/reconciliation/04-GAMMA-RECONCILIATION.md
F3062	Sep 11 01:03 docs/knowledgeos/theory-extraction/reconstruction/reconciliation/05-DEPENDENCY-CLOSURE.md
F3063	Sep 11 01:06 docs/knowledgeos/theory-extraction/reconstruction/reconciliation/06-V12-MEMBERSHIP.md
F3064	Sep 11 01:08 docs/knowledgeos/theory-extraction/reconstruction/reconciliation/07-REMAINING-FOUR.md
F3065	Sep 11 01:10 docs/knowledgeos/theory-extraction/reconstruction/reconciliation/08-CLOSURE-MATRIX-AND-VERDICT.md
F3066	Sep 11 01:11 docs/knowledgeos/theory-extraction/reconstruction/00-PROTOCOL-AND-CHECKPOINT.md
F3067	Sep 11 01:24 docs/knowledgeos/theory-extraction/reconstruction/resolution/01-V12-BASELINE-IDENTITY-AUDIT.md
F3068	Sep 11 01:27 docs/knowledgeos/theory-extraction/reconstruction/resolution/02-GAMMA-RESOLUTION.md
F3069	Sep 11 01:30 docs/knowledgeos/theory-extraction/reconstruction/resolution/03-OCORE-RESOLUTION.md
F3070	Sep 11 01:32 docs/knowledgeos/theory-extraction/reconstruction/resolution/04-SEMEQ-RESOLUTION.md
F3071	Sep 11 01:34 docs/knowledgeos/theory-extraction/reconstruction/resolution/05-QUALIFY-RESOLUTION.md
F3072	Sep 11 01:36 docs/knowledgeos/theory-extraction/reconstruction/resolution/06-SAT-RESOLUTION.md
F3073	Sep 11 01:39 docs/knowledgeos/theory-extraction/reconstruction/resolution/07-DELTA-RESOLUTION.md
F3074	Sep 11 01:43 docs/knowledgeos/theory-extraction/reconstruction/resolution/08-ZERO-RESOLUTION.md
F3075	Sep 11 01:45 docs/knowledgeos/theory-extraction/reconstruction/resolution/09-RREQ-PC-RESOLUTION.md
F3076	Sep 11 01:47 docs/knowledgeos/theory-extraction/reconstruction/resolution/10-KT-DELTA-OMEGA-EVAL-DET.md
F3077	Sep 11 01:50 docs/knowledgeos/theory-extraction/reconstruction/resolution/11-CYCLE-REAUDIT.md
F3078	Sep 11 01:52 docs/knowledgeos/theory-extraction/reconstruction/resolution/12-FINAL-V12-CLOSURE-MATRIX.md
F3079	Sep 11 01:54 docs/knowledgeos/theory-extraction/reconstruction/resolution/13-EQUALITY-GATE-AND-CYCLE-RECONCILIATION.md
F3080	Sep 11 01:57 docs/knowledgeos/theory-extraction/reconstruction/resolution/14-R6-VERIFICATION-AND-LAST-TWO-POINTS.md
F3081	Sep 22 01:58 docs/knowledgeos/list_of_files_to_read.log
