test_id	test_class	test_method	phpunit_result	assertions	time_s	first_detail_line	structural_layer	structural_area	business_intent	business_invariant	lifecycle_state	capability	actor	authorization	entry_point	authoritative_decision_source	business_decision_ownership	fixture_assumptions	expected_behaviour	failure_classification	evidence	coverage_contribution	coverage_gap	legacy_observation	open_question
Tests\Architecture\ElectionStateMachineConsistencyTest::test_all_constitution_actions_have_required_fields	Tests\Architecture\ElectionStateMachineConsistencyTest	test_all_constitution_actions_have_required_fields	PASSED	120	0.031		Architecture (structural)	Election — general	NOT_ESTABLISHED	NOT_ESTABLISHED	NOT_ESTABLISHED	NOT_ESTABLISHED	NOT_ESTABLISHED	NOT_ESTABLISHED	NOT_ESTABLISHED	NOT_ESTABLISHED	Unknown	NOT_ESTABLISHED	NOT_ESTABLISHED	n/a — passed	PHPUnit JUnit run 2026-08-12 (L1 only)	NOT_ESTABLISHED	NOT_ESTABLISHED	NOT_ESTABLISHED	NOT_ESTABLISHED
Tests\Architecture\ElectionStateMachineConsistencyTest::test_constitution_defines_core_actions	Tests\Architecture\ElectionStateMachineConsistencyTest	test_constitution_defines_core_actions	PASSED	8	0.032		Architecture (structural)	Election — general	NOT_ESTABLISHED	NOT_ESTABLISHED	NOT_ESTABLISHED	NOT_ESTABLISHED	NOT_ESTABLISHED	NOT_ESTABLISHED	NOT_ESTABLISHED	NOT_ESTABLISHED	Unknown	NOT_ESTABLISHED	NOT_ESTABLISHED	n/a — passed	PHPUnit JUnit run 2026-08-12 (L1 only)	NOT_ESTABLISHED	NOT_ESTABLISHED	NOT_ESTABLISHED	NOT_ESTABLISHED
Tests\Architecture\ElectionStateMachineConsistencyTest::test_engine_returns_all_constitution_allowed_actions	Tests\Architecture\ElectionStateMachineConsistencyTest	test_engine_returns_all_constitution_allowed_actions	PASSED	2	0.047		Architecture (structural)	Election — general	NOT_ESTABLISHED	NOT_ESTABLISHED	NOT_ESTABLISHED	NOT_ESTABLISHED	NOT_ESTABLISHED	NOT_ESTABLISHED	NOT_ESTABLISHED	NOT_ESTABLISHED	Unknown	NOT_ESTABLISHED	NOT_ESTABLISHED	n/a — passed	PHPUnit JUnit run 2026-08-12 (L1 only)	NOT_ESTABLISHED	NOT_ESTABLISHED	NOT_ESTABLISHED	NOT_ESTABLISHED
Tests\Architecture\ElectionStateMachineConsistencyTest::test_engine_uses_election_clock_service_for_voting_window	Tests\Architecture\ElectionStateMachineConsistencyTest	test_engine_uses_election_clock_service_for_voting_window	PASSED	2	0.076		Architecture (structural)	Election — general	NOT_ESTABLISHED	NOT_ESTABLISHED	NOT_ESTABLISHED	NOT_ESTABLISHED	NOT_ESTABLISHED	NOT_ESTABLISHED	NOT_ESTABLISHED	NOT_ESTABLISHED	Unknown	NOT_ESTABLISHED	NOT_ESTABLISHED	n/a — passed	PHPUnit JUnit run 2026-08-12 (L1 only)	NOT_ESTABLISHED	NOT_ESTABLISHED	NOT_ESTABLISHED	NOT_ESTABLISHED
Tests\Architecture\ElectionStateMachineConsistencyTest::test_frontend_contains_all_php_enum_actions	Tests\Architecture\ElectionStateMachineConsistencyTest	test_frontend_contains_all_php_enum_actions	PASSED	18	0.034		Architecture (structural)	Election — general	NOT_ESTABLISHED	NOT_ESTABLISHED	NOT_ESTABLISHED	NOT_ESTABLISHED	NOT_ESTABLISHED	NOT_ESTABLISHED	NOT_ESTABLISHED	NOT_ESTABLISHED	Unknown	NOT_ESTABLISHED	NOT_ESTABLISHED	n/a — passed	PHPUnit JUnit run 2026-08-12 (L1 only)	NOT_ESTABLISHED	NOT_ESTABLISHED	NOT_ESTABLISHED	NOT_ESTABLISHED
Tests\Architecture\ElectionStateMachineConsistencyTest::test_lock_voting_enum_case_is_removed	Tests\Architecture\ElectionStateMachineConsistencyTest	test_lock_voting_enum_case_is_removed	PASSED	1	0.029		Architecture (structural)	Election — general	NOT_ESTABLISHED	NOT_ESTABLISHED	NOT_ESTABLISHED	NOT_ESTABLISHED	NOT_ESTABLISHED	NOT_ESTABLISHED	NOT_ESTABLISHED	NOT_ESTABLISHED	Unknown	NOT_ESTABLISHED	NOT_ESTABLISHED	n/a — passed	PHPUnit JUnit run 2026-08-12 (L1 only)	NOT_ESTABLISHED	NOT_ESTABLISHED	NOT_ESTABLISHED	NOT_ESTABLISHED
Tests\Architecture\ElectionStateMachineConsistencyTest::test_lock_voting_is_not_a_constitutional_action	Tests\Architecture\ElectionStateMachineConsistencyTest	test_lock_voting_is_not_a_constitutional_action	PASSED	1	0.027		Architecture (structural)	Election — general	NOT_ESTABLISHED	NOT_ESTABLISHED	NOT_ESTABLISHED	NOT_ESTABLISHED	NOT_ESTABLISHED	NOT_ESTABLISHED	NOT_ESTABLISHED	NOT_ESTABLISHED	Unknown	NOT_ESTABLISHED	NOT_ESTABLISHED	n/a — passed	PHPUnit JUnit run 2026-08-12 (L1 only)	NOT_ESTABLISHED	NOT_ESTABLISHED	NOT_ESTABLISHED	NOT_ESTABLISHED
Tests\Architecture\ElectionStateMachineConsistencyTest::test_resume_action_is_defined_in_constitution	Tests\Architecture\ElectionStateMachineConsistencyTest	test_resume_action_is_defined_in_constitution	PASSED	1	0.028		Architecture (structural)	Election — general	NOT_ESTABLISHED	NOT_ESTABLISHED	NOT_ESTABLISHED	NOT_ESTABLISHED	NOT_ESTABLISHED	NOT_ESTABLISHED	NOT_ESTABLISHED	NOT_ESTABLISHED	Unknown	NOT_ESTABLISHED	NOT_ESTABLISHED	n/a — passed	PHPUnit JUnit run 2026-08-12 (L1 only)	NOT_ESTABLISHED	NOT_ESTABLISHED	NOT_ESTABLISHED	NOT_ESTABLISHED
Tests\Architecture\ElectionStateMachineConsistencyTest::test_resume_enum_case_exists	Tests\Architecture\ElectionStateMachineConsistencyTest	test_resume_enum_case_exists	PASSED	1	0.028		Architecture (structural)	Election — general	NOT_ESTABLISHED	NOT_ESTABLISHED	NOT_ESTABLISHED	NOT_ESTABLISHED	NOT_ESTABLISHED	NOT_ESTABLISHED	NOT_ESTABLISHED	NOT_ESTABLISHED	Unknown	NOT_ESTABLISHED	NOT_ESTABLISHED	n/a — passed	PHPUnit JUnit run 2026-08-12 (L1 only)	NOT_ESTABLISHED	NOT_ESTABLISHED	NOT_ESTABLISHED	NOT_ESTABLISHED
Tests\Architecture\ElectionStateMachineConsistencyTest::test_suspend_action_is_defined_in_constitution	Tests\Architecture\ElectionStateMachineConsistencyTest	test_suspend_action_is_defined_in_constitution	PASSED	1	0.028		Architecture (structural)	Election — general	NOT_ESTABLISHED	NOT_ESTABLISHED	NOT_ESTABLISHED	NOT_ESTABLISHED	NOT_ESTABLISHED	NOT_ESTABLISHED	NOT_ESTABLISHED	NOT_ESTABLISHED	Unknown	NOT_ESTABLISHED	NOT_ESTABLISHED	n/a — passed	PHPUnit JUnit run 2026-08-12 (L1 only)	NOT_ESTABLISHED	NOT_ESTABLISHED	NOT_ESTABLISHED	NOT_ESTABLISHED
Tests\Architecture\ElectionStateMachineConsistencyTest::test_suspend_enum_case_exists	Tests\Architecture\ElectionStateMachineConsistencyTest	test_suspend_enum_case_exists	PASSED	1	0.029		Architecture (structural)	Election — general	NOT_ESTABLISHED	NOT_ESTABLISHED	NOT_ESTABLISHED	NOT_ESTABLISHED	NOT_ESTABLISHED	NOT_ESTABLISHED	NOT_ESTABLISHED	NOT_ESTABLISHED	Unknown	NOT_ESTABLISHED	NOT_ESTABLISHED	n/a — passed	PHPUnit JUnit run 2026-08-12 (L1 only)	NOT_ESTABLISHED	NOT_ESTABLISHED	NOT_ESTABLISHED	NOT_ESTABLISHED
Tests\Architecture\ElectionStateMachineConsistencyTest::test_voting_active_pause_voting_has_been_removed	Tests\Architecture\ElectionStateMachineConsistencyTest	test_voting_active_pause_voting_has_been_removed	PASSED	1	4.084		Architecture (structural)	Election — general	NOT_ESTABLISHED	NOT_ESTABLISHED	NOT_ESTABLISHED	NOT_ESTABLISHED	NOT_ESTABLISHED	NOT_ESTABLISHED	NOT_ESTABLISHED	NOT_ESTABLISHED	Unknown	NOT_ESTABLISHED	NOT_ESTABLISHED	n/a — passed	PHPUnit JUnit run 2026-08-12 (L1 only)	NOT_ESTABLISHED	NOT_ESTABLISHED	NOT_ESTABLISHED	NOT_ESTABLISHED
Tests\Architecture\Election\ElectionLifecycleStateConsistencyTest::test_lifecycle_engine_computes_counting_state_when_voting_window_has_ended	Tests\Architecture\Election\ElectionLifecycleStateConsistencyTest	test_lifecycle_engine_computes_counting_state_when_voting_window_has_ended	PASSED	1	4.150		Architecture (structural)	Election — general	NOT_ESTABLISHED	NOT_ESTABLISHED	NOT_ESTABLISHED	NOT_ESTABLISHED	NOT_ESTABLISHED	NOT_ESTABLISHED	NOT_ESTABLISHED	NOT_ESTABLISHED	Unknown	NOT_ESTABLISHED	NOT_ESTABLISHED	n/a — passed	PHPUnit JUnit run 2026-08-12 (L1 only)	NOT_ESTABLISHED	NOT_ESTABLISHED	NOT_ESTABLISHED	NOT_ESTABLISHED
Tests\Architecture\Election\ElectionLifecycleStateConsistencyTest::test_lifecycle_engine_computes_voting_active_state_when_voting_window_is_open	Tests\Architecture\Election\ElectionLifecycleStateConsistencyTest	test_lifecycle_engine_computes_voting_active_state_when_voting_window_is_open	PASSED	1	0.034		Architecture (structural)	Election — general	NOT_ESTABLISHED	NOT_ESTABLISHED	NOT_ESTABLISHED	NOT_ESTABLISHED	NOT_ESTABLISHED	NOT_ESTABLISHED	NOT_ESTABLISHED	NOT_ESTABLISHED	Unknown	NOT_ESTABLISHED	NOT_ESTABLISHED	n/a — passed	PHPUnit JUnit run 2026-08-12 (L1 only)	NOT_ESTABLISHED	NOT_ESTABLISHED	NOT_ESTABLISHED	NOT_ESTABLISHED
Tests\Architecture\Election\TenantContextIsolationTest::test_belongs_to_tenant_scope_reads_tenant_context_over_session_when_set	Tests\Architecture\Election\TenantContextIsolationTest	test_belongs_to_tenant_scope_reads_tenant_context_over_session_when_set	PASSED	2	0.065		Architecture (structural)	Election — general	NOT_ESTABLISHED	NOT_ESTABLISHED	NOT_ESTABLISHED	NOT_ESTABLISHED	NOT_ESTABLISHED	NOT_ESTABLISHED	NOT_ESTABLISHED	NOT_ESTABLISHED	Unknown	NOT_ESTABLISHED	NOT_ESTABLISHED	n/a — passed	PHPUnit JUnit run 2026-08-12 (L1 only)	NOT_ESTABLISHED	NOT_ESTABLISHED	NOT_ESTABLISHED	NOT_ESTABLISHED
Tests\Architecture\Election\TenantContextIsolationTest::test_stale_tenant_context_explains_voting_test_failures	Tests\Architecture\Election\TenantContextIsolationTest	test_stale_tenant_context_explains_voting_test_failures	PASSED	2	0.052		Architecture (structural)	Election — general	NOT_ESTABLISHED	NOT_ESTABLISHED	NOT_ESTABLISHED	NOT_ESTABLISHED	NOT_ESTABLISHED	NOT_ESTABLISHED	NOT_ESTABLISHED	NOT_ESTABLISHED	Unknown	NOT_ESTABLISHED	NOT_ESTABLISHED	n/a — passed	PHPUnit JUnit run 2026-08-12 (L1 only)	NOT_ESTABLISHED	NOT_ESTABLISHED	NOT_ESTABLISHED	NOT_ESTABLISHED
Tests\Architecture\Election\TenantContextIsolationTest::test_tenant_context_must_be_empty_at_start_of_each_test	Tests\Architecture\Election\TenantContextIsolationTest	test_tenant_context_must_be_empty_at_start_of_each_test	PASSED	1	0.029		Architecture (structural)	Election — general	NOT_ESTABLISHED	NOT_ESTABLISHED	NOT_ESTABLISHED	NOT_ESTABLISHED	NOT_ESTABLISHED	NOT_ESTABLISHED	NOT_ESTABLISHED	NOT_ESTABLISHED	Unknown	NOT_ESTABLISHED	NOT_ESTABLISHED	n/a — passed	PHPUnit JUnit run 2026-08-12 (L1 only)	NOT_ESTABLISHED	NOT_ESTABLISHED	NOT_ESTABLISHED	NOT_ESTABLISHED
Tests\Feature\Election\CapacityApprovalTest::auto_submit_creates_single_system_audit_record	Tests\Feature\Election\CapacityApprovalTest	auto_submit_creates_single_system_audit_record	PASSED	4	0.051		Feature/HTTP (structural)	Election — general	NOT_ESTABLISHED	NOT_ESTABLISHED	NOT_ESTABLISHED	NOT_ESTABLISHED	NOT_ESTABLISHED	NOT_ESTABLISHED	NOT_ESTABLISHED	NOT_ESTABLISHED	Unknown	NOT_ESTABLISHED	NOT_ESTABLISHED	n/a — passed	PHPUnit JUnit run 2026-08-12 (L1 only)	NOT_ESTABLISHED	NOT_ESTABLISHED	NOT_ESTABLISHED	NOT_ESTABLISHED
Tests\Feature\Election\CapacityApprovalTest::can_import_voters_up_to_expected_count	Tests\Feature\Election\CapacityApprovalTest	can_import_voters_up_to_expected_count	PASSED	1	0.151		Feature/HTTP (structural)	Election — general	NOT_ESTABLISHED	NOT_ESTABLISHED	NOT_ESTABLISHED	NOT_ESTABLISHED	NOT_ESTABLISHED	NOT_ESTABLISHED	NOT_ESTABLISHED	NOT_ESTABLISHED	Unknown	NOT_ESTABLISHED	NOT_ESTABLISHED	n/a — passed	PHPUnit JUnit run 2026-08-12 (L1 only)	NOT_ESTABLISHED	NOT_ESTABLISHED	NOT_ESTABLISHED	NOT_ESTABLISHED
Tests\Feature\Election\CapacityApprovalTest::cannot_import_more_voters_than_expected_count	Tests\Feature\Election\CapacityApprovalTest	cannot_import_more_voters_than_expected_count	PASSED	2	0.162		Feature/HTTP (structural)	Election — general	NOT_ESTABLISHED	NOT_ESTABLISHED	NOT_ESTABLISHED	NOT_ESTABLISHED	NOT_ESTABLISHED	NOT_ESTABLISHED	NOT_ESTABLISHED	NOT_ESTABLISHED	Unknown	NOT_ESTABLISHED	NOT_ESTABLISHED	n/a — passed	PHPUnit JUnit run 2026-08-12 (L1 only)	NOT_ESTABLISHED	NOT_ESTABLISHED	NOT_ESTABLISHED	NOT_ESTABLISHED
Tests\Feature\Election\CapacityApprovalTest::election_with_expected_40_voters_auto_approves	Tests\Feature\Election\CapacityApprovalTest	election_with_expected_40_voters_auto_approves	PASSED	1	4.033		Feature/HTTP (structural)	Election — general	NOT_ESTABLISHED	NOT_ESTABLISHED	NOT_ESTABLISHED	NOT_ESTABLISHED	NOT_ESTABLISHED	NOT_ESTABLISHED	NOT_ESTABLISHED	NOT_ESTABLISHED	Unknown	NOT_ESTABLISHED	NOT_ESTABLISHED	n/a — passed	PHPUnit JUnit run 2026-08-12 (L1 only)	NOT_ESTABLISHED	NOT_ESTABLISHED	NOT_ESTABLISHED	NOT_ESTABLISHED
Tests\Feature\Election\CapacityApprovalTest::election_with_expected_41_voters_goes_to_pending_approval	Tests\Feature\Election\CapacityApprovalTest	election_with_expected_41_voters_goes_to_pending_approval	PASSED	1	0.073		Feature/HTTP (structural)	Election — general	NOT_ESTABLISHED	NOT_ESTABLISHED	NOT_ESTABLISHED	NOT_ESTABLISHED	NOT_ESTABLISHED	NOT_ESTABLISHED	NOT_ESTABLISHED	NOT_ESTABLISHED	Unknown	NOT_ESTABLISHED	NOT_ESTABLISHED	n/a — passed	PHPUnit JUnit run 2026-08-12 (L1 only)	NOT_ESTABLISHED	NOT_ESTABLISHED	NOT_ESTABLISHED	NOT_ESTABLISHED
Tests\Feature\Election\CapacityApprovalTest::manual_submit_creates_manual_audit_record	Tests\Feature\Election\CapacityApprovalTest	manual_submit_creates_manual_audit_record	PASSED	4	0.059		Feature/HTTP (structural)	Election — general	NOT_ESTABLISHED	NOT_ESTABLISHED	NOT_ESTABLISHED	NOT_ESTABLISHED	NOT_ESTABLISHED	NOT_ESTABLISHED	NOT_ESTABLISHED	NOT_ESTABLISHED	Unknown	NOT_ESTABLISHED	NOT_ESTABLISHED	n/a — passed	PHPUnit JUnit run 2026-08-12 (L1 only)	NOT_ESTABLISHED	NOT_ESTABLISHED	NOT_ESTABLISHED	NOT_ESTABLISHED
Tests\Feature\Election\CapacityApprovalTest::requires_approval_returns_false_when_at_limit	Tests\Feature\Election\CapacityApprovalTest	requires_approval_returns_false_when_at_limit	PASSED	1	0.045		Feature/HTTP (structural)	Election — general	NOT_ESTABLISHED	NOT_ESTABLISHED	NOT_ESTABLISHED	NOT_ESTABLISHED	NOT_ESTABLISHED	NOT_ESTABLISHED	NOT_ESTABLISHED	NOT_ESTABLISHED	Unknown	NOT_ESTABLISHED	NOT_ESTABLISHED	n/a — passed	PHPUnit JUnit run 2026-08-12 (L1 only)	NOT_ESTABLISHED	NOT_ESTABLISHED	NOT_ESTABLISHED	NOT_ESTABLISHED
Tests\Feature\Election\CapacityApprovalTest::requires_approval_returns_true_when_over_limit	Tests\Feature\Election\CapacityApprovalTest	requires_approval_returns_true_when_over_limit	PASSED	1	0.046		Feature/HTTP (structural)	Election — general	NOT_ESTABLISHED	NOT_ESTABLISHED	NOT_ESTABLISHED	NOT_ESTABLISHED	NOT_ESTABLISHED	NOT_ESTABLISHED	NOT_ESTABLISHED	NOT_ESTABLISHED	Unknown	NOT_ESTABLISHED	NOT_ESTABLISHED	n/a — passed	PHPUnit JUnit run 2026-08-12 (L1 only)	NOT_ESTABLISHED	NOT_ESTABLISHED	NOT_ESTABLISHED	NOT_ESTABLISHED
Tests\Feature\Election\ConstitutionalParityIntegrationTest::test_closed_lifecycle_extraction_and_parity	Tests\Feature\Election\ConstitutionalParityIntegrationTest	test_closed_lifecycle_extraction_and_parity	ERROR	0	0.043	Illuminate\Database\Eloquent\ModelNotFoundException: No query results for model [App\Models\Election] a27c0b6d-f2aa-41ec-8c4a-2a8b1d507d93	Feature/HTTP (structural)	Election — general	NOT_ESTABLISHED	NOT_ESTABLISHED	NOT_ESTABLISHED	NOT_ESTABLISHED	NOT_ESTABLISHED	NOT_ESTABLISHED	NOT_ESTABLISHED	NOT_ESTABLISHED	Unknown	NOT_ESTABLISHED	NOT_ESTABLISHED	Mechanism not yet established	PHPUnit JUnit run 2026-08-12 (L1 only)	NOT_ESTABLISHED	NOT_ESTABLISHED	NOT_ESTABLISHED	NOT_ESTABLISHED
Tests\Feature\Election\ConstitutionalParityIntegrationTest::test_divergence_ledger_records_with_provenance	Tests\Feature\Election\ConstitutionalParityIntegrationTest	test_divergence_ledger_records_with_provenance	ERROR	0	0.046	Illuminate\Database\Eloquent\ModelNotFoundException: No query results for model [App\Models\Election] a27c0b6e-165c-417e-9573-315084ce4d8f	Feature/HTTP (structural)	Election — general	NOT_ESTABLISHED	NOT_ESTABLISHED	NOT_ESTABLISHED	NOT_ESTABLISHED	NOT_ESTABLISHED	NOT_ESTABLISHED	NOT_ESTABLISHED	NOT_ESTABLISHED	Unknown	NOT_ESTABLISHED	NOT_ESTABLISHED	Mechanism not yet established	PHPUnit JUnit run 2026-08-12 (L1 only)	NOT_ESTABLISHED	NOT_ESTABLISHED	NOT_ESTABLISHED	NOT_ESTABLISHED
Tests\Feature\Election\ConstitutionalParityIntegrationTest::test_happy_path_extraction_and_parity	Tests\Feature\Election\ConstitutionalParityIntegrationTest	test_happy_path_extraction_and_parity	ERROR	0	0.052	Illuminate\Database\Eloquent\ModelNotFoundException: No query results for model [App\Models\Election] a27c0b6d-cd44-457e-b453-16e99de3c9e3	Feature/HTTP (structural)	Election — general	NOT_ESTABLISHED	NOT_ESTABLISHED	NOT_ESTABLISHED	NOT_ESTABLISHED	NOT_ESTABLISHED	NOT_ESTABLISHED	NOT_ESTABLISHED	NOT_ESTABLISHED	Unknown	NOT_ESTABLISHED	NOT_ESTABLISHED	Mechanism not yet established	PHPUnit JUnit run 2026-08-12 (L1 only)	NOT_ESTABLISHED	NOT_ESTABLISHED	NOT_ESTABLISHED	NOT_ESTABLISHED
Tests\Feature\Election\ConstitutionalParityIntegrationTest::test_ip_restriction_extraction_and_parity	Tests\Feature\Election\ConstitutionalParityIntegrationTest	test_ip_restriction_extraction_and_parity	ERROR	0	0.045	Illuminate\Database\Eloquent\ModelNotFoundException: No query results for model [App\Models\Election] a27c0b6e-046b-4099-b55f-24d136042698	Feature/HTTP (structural)	Election — general	NOT_ESTABLISHED	NOT_ESTABLISHED	NOT_ESTABLISHED	NOT_ESTABLISHED	NOT_ESTABLISHED	NOT_ESTABLISHED	NOT_ESTABLISHED	NOT_ESTABLISHED	Unknown	NOT_ESTABLISHED	NOT_ESTABLISHED	Mechanism not yet established	PHPUnit JUnit run 2026-08-12 (L1 only)	NOT_ESTABLISHED	NOT_ESTABLISHED	NOT_ESTABLISHED	NOT_ESTABLISHED
Tests\Feature\Election\ConstitutionalParityIntegrationTest::test_suspension_overlay_extraction_and_parity	Tests\Feature\Election\ConstitutionalParityIntegrationTest	test_suspension_overlay_extraction_and_parity	ERROR	0	0.045	Illuminate\Database\Eloquent\ModelNotFoundException: No query results for model [App\Models\Election] a27c0b6d-e12c-404c-8bb6-c73d550bdb19	Feature/HTTP (structural)	Election — general	NOT_ESTABLISHED	NOT_ESTABLISHED	NOT_ESTABLISHED	NOT_ESTABLISHED	NOT_ESTABLISHED	NOT_ESTABLISHED	NOT_ESTABLISHED	NOT_ESTABLISHED	Unknown	NOT_ESTABLISHED	NOT_ESTABLISHED	Mechanism not yet established	PHPUnit JUnit run 2026-08-12 (L1 only)	NOT_ESTABLISHED	NOT_ESTABLISHED	NOT_ESTABLISHED	NOT_ESTABLISHED
Tests\Feature\Election\ConstitutionalVotingProtectionTest::test_agreement_allowed_during_ready_for_voting	Tests\Feature\Election\ConstitutionalVotingProtectionTest	test_agreement_allowed_during_ready_for_voting	PASSED	1	0.097		Feature/HTTP (structural)	Election — general	NOT_ESTABLISHED	NOT_ESTABLISHED	NOT_ESTABLISHED	NOT_ESTABLISHED	NOT_ESTABLISHED	NOT_ESTABLISHED	NOT_ESTABLISHED	NOT_ESTABLISHED	Unknown	NOT_ESTABLISHED	NOT_ESTABLISHED	n/a — passed	PHPUnit JUnit run 2026-08-12 (L1 only)	NOT_ESTABLISHED	NOT_ESTABLISHED	NOT_ESTABLISHED	NOT_ESTABLISHED
Tests\Feature\Election\ConstitutionalVotingProtectionTest::test_can_vote_when_voting_active	Tests\Feature\Election\ConstitutionalVotingProtectionTest	test_can_vote_when_voting_active	PASSED	1	0.062		Feature/HTTP (structural)	Election — general	NOT_ESTABLISHED	NOT_ESTABLISHED	NOT_ESTABLISHED	NOT_ESTABLISHED	NOT_ESTABLISHED	NOT_ESTABLISHED	NOT_ESTABLISHED	NOT_ESTABLISHED	Unknown	NOT_ESTABLISHED	NOT_ESTABLISHED	n/a — passed	PHPUnit JUnit run 2026-08-12 (L1 only)	NOT_ESTABLISHED	NOT_ESTABLISHED	NOT_ESTABLISHED	NOT_ESTABLISHED
Tests\Feature\Election\ConstitutionalVotingProtectionTest::test_cannot_vote_after_election_closed	Tests\Feature\Election\ConstitutionalVotingProtectionTest	test_cannot_vote_after_election_closed	PASSED	1	0.060		Feature/HTTP (structural)	Election — general	NOT_ESTABLISHED	NOT_ESTABLISHED	NOT_ESTABLISHED	NOT_ESTABLISHED	NOT_ESTABLISHED	NOT_ESTABLISHED	NOT_ESTABLISHED	NOT_ESTABLISHED	Unknown	NOT_ESTABLISHED	NOT_ESTABLISHED	n/a — passed	PHPUnit JUnit run 2026-08-12 (L1 only)	NOT_ESTABLISHED	NOT_ESTABLISHED	NOT_ESTABLISHED	NOT_ESTABLISHED
Tests\Feature\Election\ConstitutionalVotingProtectionTest::test_cannot_vote_during_nomination_phase	Tests\Feature\Election\ConstitutionalVotingProtectionTest	test_cannot_vote_during_nomination_phase	PASSED	2	0.063		Feature/HTTP (structural)	Election — general	NOT_ESTABLISHED	NOT_ESTABLISHED	NOT_ESTABLISHED	NOT_ESTABLISHED	NOT_ESTABLISHED	NOT_ESTABLISHED	NOT_ESTABLISHED	NOT_ESTABLISHED	Unknown	NOT_ESTABLISHED	NOT_ESTABLISHED	n/a — passed	PHPUnit JUnit run 2026-08-12 (L1 only)	NOT_ESTABLISHED	NOT_ESTABLISHED	NOT_ESTABLISHED	NOT_ESTABLISHED
Tests\Feature\Election\ConstitutionalVotingProtectionTest::test_cannot_vote_during_setup_administration	Tests\Feature\Election\ConstitutionalVotingProtectionTest	test_cannot_vote_during_setup_administration	PASSED	2	0.092		Feature/HTTP (structural)	Election — general	NOT_ESTABLISHED	NOT_ESTABLISHED	NOT_ESTABLISHED	NOT_ESTABLISHED	NOT_ESTABLISHED	NOT_ESTABLISHED	NOT_ESTABLISHED	NOT_ESTABLISHED	Unknown	NOT_ESTABLISHED	NOT_ESTABLISHED	n/a — passed	PHPUnit JUnit run 2026-08-12 (L1 only)	NOT_ESTABLISHED	NOT_ESTABLISHED	NOT_ESTABLISHED	NOT_ESTABLISHED
Tests\Feature\Election\ConstitutionalVotingProtectionTest::test_cannot_vote_during_suspended_overlay	Tests\Feature\Election\ConstitutionalVotingProtectionTest	test_cannot_vote_during_suspended_overlay	PASSED	1	0.074		Feature/HTTP (structural)	Election — general	NOT_ESTABLISHED	NOT_ESTABLISHED	NOT_ESTABLISHED	NOT_ESTABLISHED	NOT_ESTABLISHED	NOT_ESTABLISHED	NOT_ESTABLISHED	NOT_ESTABLISHED	Unknown	NOT_ESTABLISHED	NOT_ESTABLISHED	n/a — passed	PHPUnit JUnit run 2026-08-12 (L1 only)	NOT_ESTABLISHED	NOT_ESTABLISHED	NOT_ESTABLISHED	NOT_ESTABLISHED
Tests\Feature\Election\ConstitutionalVotingProtectionTest::test_code_creation_allowed_during_setup	Tests\Feature\Election\ConstitutionalVotingProtectionTest	test_code_creation_allowed_during_setup	PASSED	1	0.062		Feature/HTTP (structural)	Election — general	NOT_ESTABLISHED	NOT_ESTABLISHED	NOT_ESTABLISHED	NOT_ESTABLISHED	NOT_ESTABLISHED	NOT_ESTABLISHED	NOT_ESTABLISHED	NOT_ESTABLISHED	Unknown	NOT_ESTABLISHED	NOT_ESTABLISHED	n/a — passed	PHPUnit JUnit run 2026-08-12 (L1 only)	NOT_ESTABLISHED	NOT_ESTABLISHED	NOT_ESTABLISHED	NOT_ESTABLISHED
Tests\Feature\Election\ConstitutionalVotingProtectionTest::test_direct_post_to_vote_store_blocked_when_not_voting_active	Tests\Feature\Election\ConstitutionalVotingProtectionTest	test_direct_post_to_vote_store_blocked_when_not_voting_active	PASSED	2	0.060		Feature/HTTP (structural)	Election — general	NOT_ESTABLISHED	NOT_ESTABLISHED	NOT_ESTABLISHED	NOT_ESTABLISHED	NOT_ESTABLISHED	NOT_ESTABLISHED	NOT_ESTABLISHED	NOT_ESTABLISHED	Unknown	NOT_ESTABLISHED	NOT_ESTABLISHED	n/a — passed	PHPUnit JUnit run 2026-08-12 (L1 only)	NOT_ESTABLISHED	NOT_ESTABLISHED	NOT_ESTABLISHED	NOT_ESTABLISHED
Tests\Feature\Election\ConstitutionalVotingProtectionTest::test_direct_route_to_elections_show_blocked_when_not_voting_active	Tests\Feature\Election\ConstitutionalVotingProtectionTest	test_direct_route_to_elections_show_blocked_when_not_voting_active	PASSED	1	0.117		Feature/HTTP (structural)	Election — general	NOT_ESTABLISHED	NOT_ESTABLISHED	NOT_ESTABLISHED	NOT_ESTABLISHED	NOT_ESTABLISHED	NOT_ESTABLISHED	NOT_ESTABLISHED	NOT_ESTABLISHED	Unknown	NOT_ESTABLISHED	NOT_ESTABLISHED	n/a — passed	PHPUnit JUnit run 2026-08-12 (L1 only)	NOT_ESTABLISHED	NOT_ESTABLISHED	NOT_ESTABLISHED	NOT_ESTABLISHED
Tests\Feature\Election\ConstitutionalVotingProtectionTest::test_expired_slug_can_reach_code_creation_during_non_voting	Tests\Feature\Election\ConstitutionalVotingProtectionTest	test_expired_slug_can_reach_code_creation_during_non_voting	PASSED	1	0.060		Feature/HTTP (structural)	Election — general	NOT_ESTABLISHED	NOT_ESTABLISHED	NOT_ESTABLISHED	NOT_ESTABLISHED	NOT_ESTABLISHED	NOT_ESTABLISHED	NOT_ESTABLISHED	NOT_ESTABLISHED	Unknown	NOT_ESTABLISHED	NOT_ESTABLISHED	n/a — passed	PHPUnit JUnit run 2026-08-12 (L1 only)	NOT_ESTABLISHED	NOT_ESTABLISHED	NOT_ESTABLISHED	NOT_ESTABLISHED
Tests\Feature\Election\ConstitutionalVotingProtectionTest::test_skipping_steps_blocked_when_not_voting_active	Tests\Feature\Election\ConstitutionalVotingProtectionTest	test_skipping_steps_blocked_when_not_voting_active	PASSED	1	0.063		Feature/HTTP (structural)	Election — general	NOT_ESTABLISHED	NOT_ESTABLISHED	NOT_ESTABLISHED	NOT_ESTABLISHED	NOT_ESTABLISHED	NOT_ESTABLISHED	NOT_ESTABLISHED	NOT_ESTABLISHED	Unknown	NOT_ESTABLISHED	NOT_ESTABLISHED	n/a — passed	PHPUnit JUnit run 2026-08-12 (L1 only)	NOT_ESTABLISHED	NOT_ESTABLISHED	NOT_ESTABLISHED	NOT_ESTABLISHED
Tests\Feature\Election\ConstitutionalVotingProtectionTest::test_slug_possession_does_not_imply_voting_authority	Tests\Feature\Election\ConstitutionalVotingProtectionTest	test_slug_possession_does_not_imply_voting_authority	PASSED	2	0.062		Feature/HTTP (structural)	Election — general	NOT_ESTABLISHED	NOT_ESTABLISHED	NOT_ESTABLISHED	NOT_ESTABLISHED	NOT_ESTABLISHED	NOT_ESTABLISHED	NOT_ESTABLISHED	NOT_ESTABLISHED	Unknown	NOT_ESTABLISHED	NOT_ESTABLISHED	n/a — passed	PHPUnit JUnit run 2026-08-12 (L1 only)	NOT_ESTABLISHED	NOT_ESTABLISHED	NOT_ESTABLISHED	NOT_ESTABLISHED
Tests\Feature\Election\CsvVoterImportTest::admin_can_import_voters_via_csv	Tests\Feature\Election\CsvVoterImportTest	admin_can_import_voters_via_csv	PASSED	1	0.127		Feature/HTTP (structural)	Election — general	NOT_ESTABLISHED	NOT_ESTABLISHED	NOT_ESTABLISHED	NOT_ESTABLISHED	NOT_ESTABLISHED	NOT_ESTABLISHED	NOT_ESTABLISHED	NOT_ESTABLISHED	Unknown	NOT_ESTABLISHED	NOT_ESTABLISHED	n/a — passed	PHPUnit JUnit run 2026-08-12 (L1 only)	NOT_ESTABLISHED	NOT_ESTABLISHED	NOT_ESTABLISHED	NOT_ESTABLISHED
Tests\Feature\Election\CsvVoterImportTest::csv_import_handles_large_files_gracefully	Tests\Feature\Election\CsvVoterImportTest	csv_import_handles_large_files_gracefully	PASSED	1	0.219		Feature/HTTP (structural)	Election — general	NOT_ESTABLISHED	NOT_ESTABLISHED	NOT_ESTABLISHED	NOT_ESTABLISHED	NOT_ESTABLISHED	NOT_ESTABLISHED	NOT_ESTABLISHED	NOT_ESTABLISHED	Unknown	NOT_ESTABLISHED	NOT_ESTABLISHED	n/a — passed	PHPUnit JUnit run 2026-08-12 (L1 only)	NOT_ESTABLISHED	NOT_ESTABLISHED	NOT_ESTABLISHED	NOT_ESTABLISHED
Tests\Feature\Election\CsvVoterImportTest::csv_import_respects_membership_mode	Tests\Feature\Election\CsvVoterImportTest	csv_import_respects_membership_mode	PASSED	1	0.171		Feature/HTTP (structural)	Election — general	NOT_ESTABLISHED	NOT_ESTABLISHED	NOT_ESTABLISHED	NOT_ESTABLISHED	NOT_ESTABLISHED	NOT_ESTABLISHED	NOT_ESTABLISHED	NOT_ESTABLISHED	Unknown	NOT_ESTABLISHED	NOT_ESTABLISHED	n/a — passed	PHPUnit JUnit run 2026-08-12 (L1 only)	NOT_ESTABLISHED	NOT_ESTABLISHED	NOT_ESTABLISHED	NOT_ESTABLISHED
Tests\Feature\Election\CsvVoterImportTest::csv_import_skips_already_assigned_voters	Tests\Feature\Election\CsvVoterImportTest	csv_import_skips_already_assigned_voters	PASSED	1	0.082		Feature/HTTP (structural)	Election — general	NOT_ESTABLISHED	NOT_ESTABLISHED	NOT_ESTABLISHED	NOT_ESTABLISHED	NOT_ESTABLISHED	NOT_ESTABLISHED	NOT_ESTABLISHED	NOT_ESTABLISHED	Unknown	NOT_ESTABLISHED	NOT_ESTABLISHED	n/a — passed	PHPUnit JUnit run 2026-08-12 (L1 only)	NOT_ESTABLISHED	NOT_ESTABLISHED	NOT_ESTABLISHED	NOT_ESTABLISHED
Tests\Feature\Election\CsvVoterImportTest::csv_import_validates_email_format	Tests\Feature\Election\CsvVoterImportTest	csv_import_validates_email_format	PASSED	1	0.090		Feature/HTTP (structural)	Election — general	NOT_ESTABLISHED	NOT_ESTABLISHED	NOT_ESTABLISHED	NOT_ESTABLISHED	NOT_ESTABLISHED	NOT_ESTABLISHED	NOT_ESTABLISHED	NOT_ESTABLISHED	Unknown	NOT_ESTABLISHED	NOT_ESTABLISHED	n/a — passed	PHPUnit JUnit run 2026-08-12 (L1 only)	NOT_ESTABLISHED	NOT_ESTABLISHED	NOT_ESTABLISHED	NOT_ESTABLISHED
Tests\Feature\Election\CurrentStateColumnDropTest::test_current_state_column_does_not_exist_on_elections_table	Tests\Feature\Election\CurrentStateColumnDropTest	test_current_state_column_does_not_exist_on_elections_table	PASSED	1	0.031		Feature/HTTP (structural)	Election — general	NOT_ESTABLISHED	NOT_ESTABLISHED	NOT_ESTABLISHED	NOT_ESTABLISHED	NOT_ESTABLISHED	NOT_ESTABLISHED	NOT_ESTABLISHED	NOT_ESTABLISHED	Unknown	NOT_ESTABLISHED	NOT_ESTABLISHED	n/a — passed	PHPUnit JUnit run 2026-08-12 (L1 only)	NOT_ESTABLISHED	NOT_ESTABLISHED	NOT_ESTABLISHED	NOT_ESTABLISHED
Tests\Feature\Election\ElectionActivationTest::test_begin_setup_sets_setup_started_at	Tests\Feature\Election\ElectionActivationTest	test_begin_setup_sets_setup_started_at	PASSED	2	0.082		Feature/HTTP (structural)	Election — general	NOT_ESTABLISHED	NOT_ESTABLISHED	NOT_ESTABLISHED	NOT_ESTABLISHED	NOT_ESTABLISHED	NOT_ESTABLISHED	NOT_ESTABLISHED	NOT_ESTABLISHED	Unknown	NOT_ESTABLISHED	NOT_ESTABLISHED	n/a — passed	PHPUnit JUnit run 2026-08-12 (L1 only)	NOT_ESTABLISHED	NOT_ESTABLISHED	NOT_ESTABLISHED	NOT_ESTABLISHED
Tests\Feature\Election\ElectionActivationTest::test_cannot_activate_already_active_election	Tests\Feature\Election\ElectionActivationTest	test_cannot_activate_already_active_election	PASSED	1	0.086		Feature/HTTP (structural)	Election — general	NOT_ESTABLISHED	NOT_ESTABLISHED	NOT_ESTABLISHED	NOT_ESTABLISHED	NOT_ESTABLISHED	NOT_ESTABLISHED	NOT_ESTABLISHED	NOT_ESTABLISHED	Unknown	NOT_ESTABLISHED	NOT_ESTABLISHED	n/a — passed	PHPUnit JUnit run 2026-08-12 (L1 only)	NOT_ESTABLISHED	NOT_ESTABLISHED	NOT_ESTABLISHED	NOT_ESTABLISHED
Tests\Feature\Election\ElectionActivationTest::test_cannot_activate_completed_election	Tests\Feature\Election\ElectionActivationTest	test_cannot_activate_completed_election	PASSED	1	0.091		Feature/HTTP (structural)	Election — general	NOT_ESTABLISHED	NOT_ESTABLISHED	NOT_ESTABLISHED	NOT_ESTABLISHED	NOT_ESTABLISHED	NOT_ESTABLISHED	NOT_ESTABLISHED	NOT_ESTABLISHED	Unknown	NOT_ESTABLISHED	NOT_ESTABLISHED	n/a — passed	PHPUnit JUnit run 2026-08-12 (L1 only)	NOT_ESTABLISHED	NOT_ESTABLISHED	NOT_ESTABLISHED	NOT_ESTABLISHED
Tests\Feature\Election\ElectionActivationTest::test_chief_can_activate_planned_election	Tests\Feature\Election\ElectionActivationTest	test_chief_can_activate_planned_election	PASSED	5	0.095		Feature/HTTP (structural)	Election — general	NOT_ESTABLISHED	NOT_ESTABLISHED	NOT_ESTABLISHED	NOT_ESTABLISHED	NOT_ESTABLISHED	NOT_ESTABLISHED	NOT_ESTABLISHED	NOT_ESTABLISHED	Unknown	NOT_ESTABLISHED	NOT_ESTABLISHED	n/a — passed	PHPUnit JUnit run 2026-08-12 (L1 only)	NOT_ESTABLISHED	NOT_ESTABLISHED	NOT_ESTABLISHED	NOT_ESTABLISHED
Tests\Feature\Election\ElectionActivationTest::test_commissioner_cannot_activate_election	Tests\Feature\Election\ElectionActivationTest	test_commissioner_cannot_activate_election	PASSED	2	0.088		Feature/HTTP (structural)	Election — general	NOT_ESTABLISHED	NOT_ESTABLISHED	NOT_ESTABLISHED	NOT_ESTABLISHED	NOT_ESTABLISHED	NOT_ESTABLISHED	NOT_ESTABLISHED	NOT_ESTABLISHED	Unknown	NOT_ESTABLISHED	NOT_ESTABLISHED	n/a — passed	PHPUnit JUnit run 2026-08-12 (L1 only)	NOT_ESTABLISHED	NOT_ESTABLISHED	NOT_ESTABLISHED	NOT_ESTABLISHED
Tests\Feature\Election\ElectionActivationTest::test_deputy_can_activate_planned_election	Tests\Feature\Election\ElectionActivationTest	test_deputy_can_activate_planned_election	PASSED	3	0.100		Feature/HTTP (structural)	Election — general	NOT_ESTABLISHED	NOT_ESTABLISHED	NOT_ESTABLISHED	NOT_ESTABLISHED	NOT_ESTABLISHED	NOT_ESTABLISHED	NOT_ESTABLISHED	NOT_ESTABLISHED	Unknown	NOT_ESTABLISHED	NOT_ESTABLISHED	n/a — passed	PHPUnit JUnit run 2026-08-12 (L1 only)	NOT_ESTABLISHED	NOT_ESTABLISHED	NOT_ESTABLISHED	NOT_ESTABLISHED
Tests\Feature\Election\ElectionActivationTest::test_email_notification_not_sent_to_inactive_chiefs	Tests\Feature\Election\ElectionActivationTest	test_email_notification_not_sent_to_inactive_chiefs	FAILURE	1	0.096	The expected [App\Notifications\ElectionReadyForActivation] notification was not sent.	Feature/HTTP (structural)	Election — general	NOT_ESTABLISHED	NOT_ESTABLISHED	NOT_ESTABLISHED	NOT_ESTABLISHED	NOT_ESTABLISHED	NOT_ESTABLISHED	NOT_ESTABLISHED	NOT_ESTABLISHED	Unknown	NOT_ESTABLISHED	NOT_ESTABLISHED	Mechanism not yet established	PHPUnit JUnit run 2026-08-12 (L1 only)	NOT_ESTABLISHED	NOT_ESTABLISHED	NOT_ESTABLISHED	NOT_ESTABLISHED
Tests\Feature\Election\ElectionActivationTest::test_email_notification_sent_to_all_active_chiefs	Tests\Feature\Election\ElectionActivationTest	test_email_notification_sent_to_all_active_chiefs	FAILURE	1	0.097	The expected [App\Notifications\ElectionReadyForActivation] notification was not sent.	Feature/HTTP (structural)	Election — general	NOT_ESTABLISHED	NOT_ESTABLISHED	NOT_ESTABLISHED	NOT_ESTABLISHED	NOT_ESTABLISHED	NOT_ESTABLISHED	NOT_ESTABLISHED	NOT_ESTABLISHED	Unknown	NOT_ESTABLISHED	NOT_ESTABLISHED	Mechanism not yet established	PHPUnit JUnit run 2026-08-12 (L1 only)	NOT_ESTABLISHED	NOT_ESTABLISHED	NOT_ESTABLISHED	NOT_ESTABLISHED
Tests\Feature\Election\ElectionActivationTest::test_email_notification_sent_to_chief_when_election_created	Tests\Feature\Election\ElectionActivationTest	test_email_notification_sent_to_chief_when_election_created	FAILURE	1	0.093	The expected [App\Notifications\ElectionReadyForActivation] notification was not sent.	Feature/HTTP (structural)	Election — general	NOT_ESTABLISHED	NOT_ESTABLISHED	NOT_ESTABLISHED	NOT_ESTABLISHED	NOT_ESTABLISHED	NOT_ESTABLISHED	NOT_ESTABLISHED	NOT_ESTABLISHED	Unknown	NOT_ESTABLISHED	NOT_ESTABLISHED	Mechanism not yet established	PHPUnit JUnit run 2026-08-12 (L1 only)	NOT_ESTABLISHED	NOT_ESTABLISHED	NOT_ESTABLISHED	NOT_ESTABLISHED
Tests\Feature\Election\ElectionActivationTest::test_owner_cannot_activate_election	Tests\Feature\Election\ElectionActivationTest	test_owner_cannot_activate_election	PASSED	2	0.088		Feature/HTTP (structural)	Election — general	NOT_ESTABLISHED	NOT_ESTABLISHED	NOT_ESTABLISHED	NOT_ESTABLISHED	NOT_ESTABLISHED	NOT_ESTABLISHED	NOT_ESTABLISHED	NOT_ESTABLISHED	Unknown	NOT_ESTABLISHED	NOT_ESTABLISHED	n/a — passed	PHPUnit JUnit run 2026-08-12 (L1 only)	NOT_ESTABLISHED	NOT_ESTABLISHED	NOT_ESTABLISHED	NOT_ESTABLISHED
Tests\Feature\Election\ElectionAuditLogMigrationTest::test_election_audit_logs_table_exists	Tests\Feature\Election\ElectionAuditLogMigrationTest	test_election_audit_logs_table_exists	PASSED	1	0.033		Feature/HTTP (structural)	Election — general	NOT_ESTABLISHED	NOT_ESTABLISHED	NOT_ESTABLISHED	NOT_ESTABLISHED	NOT_ESTABLISHED	NOT_ESTABLISHED	NOT_ESTABLISHED	NOT_ESTABLISHED	Unknown	NOT_ESTABLISHED	NOT_ESTABLISHED	n/a — passed	PHPUnit JUnit run 2026-08-12 (L1 only)	NOT_ESTABLISHED	NOT_ESTABLISHED	NOT_ESTABLISHED	NOT_ESTABLISHED
Tests\Feature\Election\ElectionAuditLogMigrationTest::test_has_all_required_columns	Tests\Feature\Election\ElectionAuditLogMigrationTest	test_has_all_required_columns	PASSED	11	0.046		Feature/HTTP (structural)	Election — general	NOT_ESTABLISHED	NOT_ESTABLISHED	NOT_ESTABLISHED	NOT_ESTABLISHED	NOT_ESTABLISHED	NOT_ESTABLISHED	NOT_ESTABLISHED	NOT_ESTABLISHED	Unknown	NOT_ESTABLISHED	NOT_ESTABLISHED	n/a — passed	PHPUnit JUnit run 2026-08-12 (L1 only)	NOT_ESTABLISHED	NOT_ESTABLISHED	NOT_ESTABLISHED	NOT_ESTABLISHED
Tests\Feature\Election\ElectionAuditLogMigrationTest::test_json_columns_exist	Tests\Feature\Election\ElectionAuditLogMigrationTest	test_json_columns_exist	PASSED	2	0.031		Feature/HTTP (structural)	Election — general	NOT_ESTABLISHED	NOT_ESTABLISHED	NOT_ESTABLISHED	NOT_ESTABLISHED	NOT_ESTABLISHED	NOT_ESTABLISHED	NOT_ESTABLISHED	NOT_ESTABLISHED	Unknown	NOT_ESTABLISHED	NOT_ESTABLISHED	n/a — passed	PHPUnit JUnit run 2026-08-12 (L1 only)	NOT_ESTABLISHED	NOT_ESTABLISHED	NOT_ESTABLISHED	NOT_ESTABLISHED
Tests\Feature\Election\ElectionAuditLogModelTest::test_belongs_to_election	Tests\Feature\Election\ElectionAuditLogModelTest	test_belongs_to_election	PASSED	2	0.039		Feature/HTTP (structural)	Election — general	NOT_ESTABLISHED	NOT_ESTABLISHED	NOT_ESTABLISHED	NOT_ESTABLISHED	NOT_ESTABLISHED	NOT_ESTABLISHED	NOT_ESTABLISHED	NOT_ESTABLISHED	Unknown	NOT_ESTABLISHED	NOT_ESTABLISHED	n/a — passed	PHPUnit JUnit run 2026-08-12 (L1 only)	NOT_ESTABLISHED	NOT_ESTABLISHED	NOT_ESTABLISHED	NOT_ESTABLISHED
Tests\Feature\Election\ElectionAuditLogModelTest::test_belongs_to_user	Tests\Feature\Election\ElectionAuditLogModelTest	test_belongs_to_user	PASSED	2	0.069		Feature/HTTP (structural)	Election — general	NOT_ESTABLISHED	NOT_ESTABLISHED	NOT_ESTABLISHED	NOT_ESTABLISHED	NOT_ESTABLISHED	NOT_ESTABLISHED	NOT_ESTABLISHED	NOT_ESTABLISHED	Unknown	NOT_ESTABLISHED	NOT_ESTABLISHED	n/a — passed	PHPUnit JUnit run 2026-08-12 (L1 only)	NOT_ESTABLISHED	NOT_ESTABLISHED	NOT_ESTABLISHED	NOT_ESTABLISHED
Tests\Feature\Election\ElectionAuditLogModelTest::test_casts_new_values_as_array	Tests\Feature\Election\ElectionAuditLogModelTest	test_casts_new_values_as_array	PASSED	2	0.034		Feature/HTTP (structural)	Election — general	NOT_ESTABLISHED	NOT_ESTABLISHED	NOT_ESTABLISHED	NOT_ESTABLISHED	NOT_ESTABLISHED	NOT_ESTABLISHED	NOT_ESTABLISHED	NOT_ESTABLISHED	Unknown	NOT_ESTABLISHED	NOT_ESTABLISHED	n/a — passed	PHPUnit JUnit run 2026-08-12 (L1 only)	NOT_ESTABLISHED	NOT_ESTABLISHED	NOT_ESTABLISHED	NOT_ESTABLISHED
Tests\Feature\Election\ElectionAuditLogModelTest::test_casts_old_values_as_array	Tests\Feature\Election\ElectionAuditLogModelTest	test_casts_old_values_as_array	PASSED	2	0.033		Feature/HTTP (structural)	Election — general	NOT_ESTABLISHED	NOT_ESTABLISHED	NOT_ESTABLISHED	NOT_ESTABLISHED	NOT_ESTABLISHED	NOT_ESTABLISHED	NOT_ESTABLISHED	NOT_ESTABLISHED	Unknown	NOT_ESTABLISHED	NOT_ESTABLISHED	n/a — passed	PHPUnit JUnit run 2026-08-12 (L1 only)	NOT_ESTABLISHED	NOT_ESTABLISHED	NOT_ESTABLISHED	NOT_ESTABLISHED
Tests\Feature\Election\ElectionAuditLogModelTest::test_model_uses_uuid_primary_key	Tests\Feature\Election\ElectionAuditLogModelTest	test_model_uses_uuid_primary_key	PASSED	2	0.034		Feature/HTTP (structural)	Election — general	NOT_ESTABLISHED	NOT_ESTABLISHED	NOT_ESTABLISHED	NOT_ESTABLISHED	NOT_ESTABLISHED	NOT_ESTABLISHED	NOT_ESTABLISHED	NOT_ESTABLISHED	Unknown	NOT_ESTABLISHED	NOT_ESTABLISHED	n/a — passed	PHPUnit JUnit run 2026-08-12 (L1 only)	NOT_ESTABLISHED	NOT_ESTABLISHED	NOT_ESTABLISHED	NOT_ESTABLISHED
Tests\Feature\Election\ElectionAuditLogModelTest::test_record_method_captures_request_data_automatically	Tests\Feature\Election\ElectionAuditLogModelTest	test_record_method_captures_request_data_automatically	PASSED	5	0.048		Feature/HTTP (structural)	Election — general	NOT_ESTABLISHED	NOT_ESTABLISHED	NOT_ESTABLISHED	NOT_ESTABLISHED	NOT_ESTABLISHED	NOT_ESTABLISHED	NOT_ESTABLISHED	NOT_ESTABLISHED	Unknown	NOT_ESTABLISHED	NOT_ESTABLISHED	n/a — passed	PHPUnit JUnit run 2026-08-12 (L1 only)	NOT_ESTABLISHED	NOT_ESTABLISHED	NOT_ESTABLISHED	NOT_ESTABLISHED
Tests\Feature\Election\ElectionAuditLogModelTest::test_scope_for_action	Tests\Feature\Election\ElectionAuditLogModelTest	test_scope_for_action	PASSED	2	0.036		Feature/HTTP (structural)	Election — general	NOT_ESTABLISHED	NOT_ESTABLISHED	NOT_ESTABLISHED	NOT_ESTABLISHED	NOT_ESTABLISHED	NOT_ESTABLISHED	NOT_ESTABLISHED	NOT_ESTABLISHED	Unknown	NOT_ESTABLISHED	NOT_ESTABLISHED	n/a — passed	PHPUnit JUnit run 2026-08-12 (L1 only)	NOT_ESTABLISHED	NOT_ESTABLISHED	NOT_ESTABLISHED	NOT_ESTABLISHED
Tests\Feature\Election\ElectionAuditLogModelTest::test_scope_for_election	Tests\Feature\Election\ElectionAuditLogModelTest	test_scope_for_election	PASSED	2	0.037		Feature/HTTP (structural)	Election — general	NOT_ESTABLISHED	NOT_ESTABLISHED	NOT_ESTABLISHED	NOT_ESTABLISHED	NOT_ESTABLISHED	NOT_ESTABLISHED	NOT_ESTABLISHED	NOT_ESTABLISHED	Unknown	NOT_ESTABLISHED	NOT_ESTABLISHED	n/a — passed	PHPUnit JUnit run 2026-08-12 (L1 only)	NOT_ESTABLISHED	NOT_ESTABLISHED	NOT_ESTABLISHED	NOT_ESTABLISHED
Tests\Feature\Election\ElectionAuditLogModelTest::test_static_record_method_creates_log	Tests\Feature\Election\ElectionAuditLogModelTest	test_static_record_method_creates_log	PASSED	6	0.045		Feature/HTTP (structural)	Election — general	NOT_ESTABLISHED	NOT_ESTABLISHED	NOT_ESTABLISHED	NOT_ESTABLISHED	NOT_ESTABLISHED	NOT_ESTABLISHED	NOT_ESTABLISHED	NOT_ESTABLISHED	Unknown	NOT_ESTABLISHED	NOT_ESTABLISHED	n/a — passed	PHPUnit JUnit run 2026-08-12 (L1 only)	NOT_ESTABLISHED	NOT_ESTABLISHED	NOT_ESTABLISHED	NOT_ESTABLISHED
Tests\Feature\Election\ElectionCreationTest::test_cannot_submit_demo_type	Tests\Feature\Election\ElectionCreationTest	test_cannot_submit_demo_type	PASSED	2	0.102		Feature/HTTP (structural)	Election — general	NOT_ESTABLISHED	NOT_ESTABLISHED	NOT_ESTABLISHED	NOT_ESTABLISHED	NOT_ESTABLISHED	NOT_ESTABLISHED	NOT_ESTABLISHED	NOT_ESTABLISHED	Unknown	NOT_ESTABLISHED	NOT_ESTABLISHED	n/a — passed	PHPUnit JUnit run 2026-08-12 (L1 only)	NOT_ESTABLISHED	NOT_ESTABLISHED	NOT_ESTABLISHED	NOT_ESTABLISHED
Tests\Feature\Election\ElectionCreationTest::test_create_page_renders_timezone_field	Tests\Feature\Election\ElectionCreationTest	test_create_page_renders_timezone_field	PASSED	2	0.103		Feature/HTTP (structural)	Election — general	NOT_ESTABLISHED	NOT_ESTABLISHED	NOT_ESTABLISHED	NOT_ESTABLISHED	NOT_ESTABLISHED	NOT_ESTABLISHED	NOT_ESTABLISHED	NOT_ESTABLISHED	Unknown	NOT_ESTABLISHED	NOT_ESTABLISHED	n/a — passed	PHPUnit JUnit run 2026-08-12 (L1 only)	NOT_ESTABLISHED	NOT_ESTABLISHED	NOT_ESTABLISHED	NOT_ESTABLISHED
Tests\Feature\Election\ElectionCreationTest::test_description_is_optional	Tests\Feature\Election\ElectionCreationTest	test_description_is_optional	PASSED	2	0.153		Feature/HTTP (structural)	Election — general	NOT_ESTABLISHED	NOT_ESTABLISHED	NOT_ESTABLISHED	NOT_ESTABLISHED	NOT_ESTABLISHED	NOT_ESTABLISHED	NOT_ESTABLISHED	NOT_ESTABLISHED	Unknown	NOT_ESTABLISHED	NOT_ESTABLISHED	n/a — passed	PHPUnit JUnit run 2026-08-12 (L1 only)	NOT_ESTABLISHED	NOT_ESTABLISHED	NOT_ESTABLISHED	NOT_ESTABLISHED
Tests\Feature\Election\ElectionCreationTest::test_draft_election_created_with_null_dates	Tests\Feature\Election\ElectionCreationTest	test_draft_election_created_with_null_dates	PASSED	4	0.151		Feature/HTTP (structural)	Election — general	NOT_ESTABLISHED	NOT_ESTABLISHED	NOT_ESTABLISHED	NOT_ESTABLISHED	NOT_ESTABLISHED	NOT_ESTABLISHED	NOT_ESTABLISHED	NOT_ESTABLISHED	Unknown	NOT_ESTABLISHED	NOT_ESTABLISHED	n/a — passed	PHPUnit JUnit run 2026-08-12 (L1 only)	NOT_ESTABLISHED	NOT_ESTABLISHED	NOT_ESTABLISHED	NOT_ESTABLISHED
Tests\Feature\Election\ElectionCreationTest::test_draft_election_state_is_draft	Tests\Feature\Election\ElectionCreationTest	test_draft_election_state_is_draft	PASSED	1	0.147		Feature/HTTP (structural)	Election — general	NOT_ESTABLISHED	NOT_ESTABLISHED	NOT_ESTABLISHED	NOT_ESTABLISHED	NOT_ESTABLISHED	NOT_ESTABLISHED	NOT_ESTABLISHED	NOT_ESTABLISHED	Unknown	NOT_ESTABLISHED	NOT_ESTABLISHED	n/a — passed	PHPUnit JUnit run 2026-08-12 (L1 only)	NOT_ESTABLISHED	NOT_ESTABLISHED	NOT_ESTABLISHED	NOT_ESTABLISHED
Tests\Feature\Election\ElectionCreationTest::test_election_chief_cannot_create_election	Tests\Feature\Election\ElectionCreationTest	test_election_chief_cannot_create_election	PASSED	2	0.106		Feature/HTTP (structural)	Election — general	NOT_ESTABLISHED	NOT_ESTABLISHED	NOT_ESTABLISHED	NOT_ESTABLISHED	NOT_ESTABLISHED	NOT_ESTABLISHED	NOT_ESTABLISHED	NOT_ESTABLISHED	Unknown	NOT_ESTABLISHED	NOT_ESTABLISHED	n/a — passed	PHPUnit JUnit run 2026-08-12 (L1 only)	NOT_ESTABLISHED	NOT_ESTABLISHED	NOT_ESTABLISHED	NOT_ESTABLISHED
Tests\Feature\Election\ElectionCreationTest::test_election_commissioner_cannot_create_election	Tests\Feature\Election\ElectionCreationTest	test_election_commissioner_cannot_create_election	PASSED	2	0.104		Feature/HTTP (structural)	Election — general	NOT_ESTABLISHED	NOT_ESTABLISHED	NOT_ESTABLISHED	NOT_ESTABLISHED	NOT_ESTABLISHED	NOT_ESTABLISHED	NOT_ESTABLISHED	NOT_ESTABLISHED	Unknown	NOT_ESTABLISHED	NOT_ESTABLISHED	n/a — passed	PHPUnit JUnit run 2026-08-12 (L1 only)	NOT_ESTABLISHED	NOT_ESTABLISHED	NOT_ESTABLISHED	NOT_ESTABLISHED
Tests\Feature\Election\ElectionCreationTest::test_election_defaults_to_draft_state	Tests\Feature\Election\ElectionCreationTest	test_election_defaults_to_draft_state	PASSED	1	0.147		Feature/HTTP (structural)	Election — general	NOT_ESTABLISHED	NOT_ESTABLISHED	NOT_ESTABLISHED	NOT_ESTABLISHED	NOT_ESTABLISHED	NOT_ESTABLISHED	NOT_ESTABLISHED	NOT_ESTABLISHED	Unknown	NOT_ESTABLISHED	NOT_ESTABLISHED	n/a — passed	PHPUnit JUnit run 2026-08-12 (L1 only)	NOT_ESTABLISHED	NOT_ESTABLISHED	NOT_ESTABLISHED	NOT_ESTABLISHED
Tests\Feature\Election\ElectionCreationTest::test_election_deputy_cannot_create_election	Tests\Feature\Election\ElectionCreationTest	test_election_deputy_cannot_create_election	PASSED	2	0.104		Feature/HTTP (structural)	Election — general	NOT_ESTABLISHED	NOT_ESTABLISHED	NOT_ESTABLISHED	NOT_ESTABLISHED	NOT_ESTABLISHED	NOT_ESTABLISHED	NOT_ESTABLISHED	NOT_ESTABLISHED	Unknown	NOT_ESTABLISHED	NOT_ESTABLISHED	n/a — passed	PHPUnit JUnit run 2026-08-12 (L1 only)	NOT_ESTABLISHED	NOT_ESTABLISHED	NOT_ESTABLISHED	NOT_ESTABLISHED
Tests\Feature\Election\ElectionCreationTest::test_election_name_must_be_unique_within_organisation	Tests\Feature\Election\ElectionCreationTest	test_election_name_must_be_unique_within_organisation	PASSED	2	0.107		Feature/HTTP (structural)	Election — general	NOT_ESTABLISHED	NOT_ESTABLISHED	NOT_ESTABLISHED	NOT_ESTABLISHED	NOT_ESTABLISHED	NOT_ESTABLISHED	NOT_ESTABLISHED	NOT_ESTABLISHED	Unknown	NOT_ESTABLISHED	NOT_ESTABLISHED	n/a — passed	PHPUnit JUnit run 2026-08-12 (L1 only)	NOT_ESTABLISHED	NOT_ESTABLISHED	NOT_ESTABLISHED	NOT_ESTABLISHED
Tests\Feature\Election\ElectionCreationTest::test_election_requires_expected_voter_count	Tests\Feature\Election\ElectionCreationTest	test_election_requires_expected_voter_count	PASSED	2	0.114		Feature/HTTP (structural)	Election — general	NOT_ESTABLISHED	NOT_ESTABLISHED	NOT_ESTABLISHED	NOT_ESTABLISHED	NOT_ESTABLISHED	NOT_ESTABLISHED	NOT_ESTABLISHED	NOT_ESTABLISHED	Unknown	NOT_ESTABLISHED	NOT_ESTABLISHED	n/a — passed	PHPUnit JUnit run 2026-08-12 (L1 only)	NOT_ESTABLISHED	NOT_ESTABLISHED	NOT_ESTABLISHED	NOT_ESTABLISHED
Tests\Feature\Election\ElectionCreationTest::test_election_requires_name	Tests\Feature\Election\ElectionCreationTest	test_election_requires_name	PASSED	2	0.107		Feature/HTTP (structural)	Election — general	NOT_ESTABLISHED	NOT_ESTABLISHED	NOT_ESTABLISHED	NOT_ESTABLISHED	NOT_ESTABLISHED	NOT_ESTABLISHED	NOT_ESTABLISHED	NOT_ESTABLISHED	Unknown	NOT_ESTABLISHED	NOT_ESTABLISHED	n/a — passed	PHPUnit JUnit run 2026-08-12 (L1 only)	NOT_ESTABLISHED	NOT_ESTABLISHED	NOT_ESTABLISHED	NOT_ESTABLISHED
Tests\Feature\Election\ElectionCreationTest::test_election_type_is_always_real	Tests\Feature\Election\ElectionCreationTest	test_election_type_is_always_real	PASSED	1	0.150		Feature/HTTP (structural)	Election — general	NOT_ESTABLISHED	NOT_ESTABLISHED	NOT_ESTABLISHED	NOT_ESTABLISHED	NOT_ESTABLISHED	NOT_ESTABLISHED	NOT_ESTABLISHED	NOT_ESTABLISHED	Unknown	NOT_ESTABLISHED	NOT_ESTABLISHED	n/a — passed	PHPUnit JUnit run 2026-08-12 (L1 only)	NOT_ESTABLISHED	NOT_ESTABLISHED	NOT_ESTABLISHED	NOT_ESTABLISHED
Tests\Feature\Election\ElectionCreationTest::test_expected_voter_count_is_saved_on_creation	Tests\Feature\Election\ElectionCreationTest	test_expected_voter_count_is_saved_on_creation	PASSED	1	0.151		Feature/HTTP (structural)	Election — general	NOT_ESTABLISHED	NOT_ESTABLISHED	NOT_ESTABLISHED	NOT_ESTABLISHED	NOT_ESTABLISHED	NOT_ESTABLISHED	NOT_ESTABLISHED	NOT_ESTABLISHED	Unknown	NOT_ESTABLISHED	NOT_ESTABLISHED	n/a — passed	PHPUnit JUnit run 2026-08-12 (L1 only)	NOT_ESTABLISHED	NOT_ESTABLISHED	NOT_ESTABLISHED	NOT_ESTABLISHED
Tests\Feature\Election\ElectionCreationTest::test_expected_voter_count_must_be_at_least_1	Tests\Feature\Election\ElectionCreationTest	test_expected_voter_count_must_be_at_least_1	PASSED	2	0.112		Feature/HTTP (structural)	Election — general	NOT_ESTABLISHED	NOT_ESTABLISHED	NOT_ESTABLISHED	NOT_ESTABLISHED	NOT_ESTABLISHED	NOT_ESTABLISHED	NOT_ESTABLISHED	NOT_ESTABLISHED	Unknown	NOT_ESTABLISHED	NOT_ESTABLISHED	n/a — passed	PHPUnit JUnit run 2026-08-12 (L1 only)	NOT_ESTABLISHED	NOT_ESTABLISHED	NOT_ESTABLISHED	NOT_ESTABLISHED
Tests\Feature\Election\ElectionCreationTest::test_large_election_saves_expected_voter_count_for_manual_review	Tests\Feature\Election\ElectionCreationTest	test_large_election_saves_expected_voter_count_for_manual_review	PASSED	1	0.137		Feature/HTTP (structural)	Election — general	NOT_ESTABLISHED	NOT_ESTABLISHED	NOT_ESTABLISHED	NOT_ESTABLISHED	NOT_ESTABLISHED	NOT_ESTABLISHED	NOT_ESTABLISHED	NOT_ESTABLISHED	Unknown	NOT_ESTABLISHED	NOT_ESTABLISHED	n/a — passed	PHPUnit JUnit run 2026-08-12 (L1 only)	NOT_ESTABLISHED	NOT_ESTABLISHED	NOT_ESTABLISHED	NOT_ESTABLISHED
Tests\Feature\Election\ElectionCreationTest::test_officer_from_different_org_cannot_create_election	Tests\Feature\Election\ElectionCreationTest	test_officer_from_different_org_cannot_create_election	PASSED	2	0.120		Feature/HTTP (structural)	Election — general	NOT_ESTABLISHED	NOT_ESTABLISHED	NOT_ESTABLISHED	NOT_ESTABLISHED	NOT_ESTABLISHED	NOT_ESTABLISHED	NOT_ESTABLISHED	NOT_ESTABLISHED	Unknown	NOT_ESTABLISHED	NOT_ESTABLISHED	n/a — passed	PHPUnit JUnit run 2026-08-12 (L1 only)	NOT_ESTABLISHED	NOT_ESTABLISHED	NOT_ESTABLISHED	NOT_ESTABLISHED
Tests\Feature\Election\ElectionCreationTest::test_organisation_admin_can_create_election	Tests\Feature\Election\ElectionCreationTest	test_organisation_admin_can_create_election	PASSED	2	0.150		Feature/HTTP (structural)	Election — general	NOT_ESTABLISHED	NOT_ESTABLISHED	NOT_ESTABLISHED	NOT_ESTABLISHED	NOT_ESTABLISHED	NOT_ESTABLISHED	NOT_ESTABLISHED	NOT_ESTABLISHED	Unknown	NOT_ESTABLISHED	NOT_ESTABLISHED	n/a — passed	PHPUnit JUnit run 2026-08-12 (L1 only)	NOT_ESTABLISHED	NOT_ESTABLISHED	NOT_ESTABLISHED	NOT_ESTABLISHED
Tests\Feature\Election\ElectionCreationTest::test_organisation_owner_can_create_election	Tests\Feature\Election\ElectionCreationTest	test_organisation_owner_can_create_election	PASSED	8	0.218		Feature/HTTP (structural)	Election — general	NOT_ESTABLISHED	NOT_ESTABLISHED	NOT_ESTABLISHED	NOT_ESTABLISHED	NOT_ESTABLISHED	NOT_ESTABLISHED	NOT_ESTABLISHED	NOT_ESTABLISHED	Unknown	NOT_ESTABLISHED	NOT_ESTABLISHED	n/a — passed	PHPUnit JUnit run 2026-08-12 (L1 only)	NOT_ESTABLISHED	NOT_ESTABLISHED	NOT_ESTABLISHED	NOT_ESTABLISHED
Tests\Feature\Election\ElectionCreationTest::test_policy_only_allows_owner_and_admin_to_create	Tests\Feature\Election\ElectionCreationTest	test_policy_only_allows_owner_and_admin_to_create	PASSED	6	0.096		Feature/HTTP (structural)	Election — general	NOT_ESTABLISHED	NOT_ESTABLISHED	NOT_ESTABLISHED	NOT_ESTABLISHED	NOT_ESTABLISHED	NOT_ESTABLISHED	NOT_ESTABLISHED	NOT_ESTABLISHED	Unknown	NOT_ESTABLISHED	NOT_ESTABLISHED	n/a — passed	PHPUnit JUnit run 2026-08-12 (L1 only)	NOT_ESTABLISHED	NOT_ESTABLISHED	NOT_ESTABLISHED	NOT_ESTABLISHED
Tests\Feature\Election\ElectionCreationTest::test_regular_member_cannot_create_election	Tests\Feature\Election\ElectionCreationTest	test_regular_member_cannot_create_election	PASSED	2	0.105		Feature/HTTP (structural)	Election — general	NOT_ESTABLISHED	NOT_ESTABLISHED	NOT_ESTABLISHED	NOT_ESTABLISHED	NOT_ESTABLISHED	NOT_ESTABLISHED	NOT_ESTABLISHED	NOT_ESTABLISHED	Unknown	NOT_ESTABLISHED	NOT_ESTABLISHED	n/a — passed	PHPUnit JUnit run 2026-08-12 (L1 only)	NOT_ESTABLISHED	NOT_ESTABLISHED	NOT_ESTABLISHED	NOT_ESTABLISHED
Tests\Feature\Election\ElectionCreationTest::test_same_election_name_is_allowed_in_different_organisation	Tests\Feature\Election\ElectionCreationTest	test_same_election_name_is_allowed_in_different_organisation	PASSED	2	0.157		Feature/HTTP (structural)	Election — general	NOT_ESTABLISHED	NOT_ESTABLISHED	NOT_ESTABLISHED	NOT_ESTABLISHED	NOT_ESTABLISHED	NOT_ESTABLISHED	NOT_ESTABLISHED	NOT_ESTABLISHED	Unknown	NOT_ESTABLISHED	NOT_ESTABLISHED	n/a — passed	PHPUnit JUnit run 2026-08-12 (L1 only)	NOT_ESTABLISHED	NOT_ESTABLISHED	NOT_ESTABLISHED	NOT_ESTABLISHED
Tests\Feature\Election\ElectionCreationTest::test_slug_is_generated_on_creation	Tests\Feature\Election\ElectionCreationTest	test_slug_is_generated_on_creation	PASSED	2	0.146		Feature/HTTP (structural)	Election — general	NOT_ESTABLISHED	NOT_ESTABLISHED	NOT_ESTABLISHED	NOT_ESTABLISHED	NOT_ESTABLISHED	NOT_ESTABLISHED	NOT_ESTABLISHED	NOT_ESTABLISHED	Unknown	NOT_ESTABLISHED	NOT_ESTABLISHED	n/a — passed	PHPUnit JUnit run 2026-08-12 (L1 only)	NOT_ESTABLISHED	NOT_ESTABLISHED	NOT_ESTABLISHED	NOT_ESTABLISHED
Tests\Feature\Election\ElectionCreationTest::test_small_election_saves_expected_voter_count_for_auto_approval	Tests\Feature\Election\ElectionCreationTest	test_small_election_saves_expected_voter_count_for_auto_approval	PASSED	1	0.144		Feature/HTTP (structural)	Election — general	NOT_ESTABLISHED	NOT_ESTABLISHED	NOT_ESTABLISHED	NOT_ESTABLISHED	NOT_ESTABLISHED	NOT_ESTABLISHED	NOT_ESTABLISHED	NOT_ESTABLISHED	Unknown	NOT_ESTABLISHED	NOT_ESTABLISHED	n/a — passed	PHPUnit JUnit run 2026-08-12 (L1 only)	NOT_ESTABLISHED	NOT_ESTABLISHED	NOT_ESTABLISHED	NOT_ESTABLISHED
Tests\Feature\Election\ElectionCreationTest::test_success_flash_message_on_creation	Tests\Feature\Election\ElectionCreationTest	test_success_flash_message_on_creation	PASSED	1	0.150		Feature/HTTP (structural)	Election — general	NOT_ESTABLISHED	NOT_ESTABLISHED	NOT_ESTABLISHED	NOT_ESTABLISHED	NOT_ESTABLISHED	NOT_ESTABLISHED	NOT_ESTABLISHED	NOT_ESTABLISHED	Unknown	NOT_ESTABLISHED	NOT_ESTABLISHED	n/a — passed	PHPUnit JUnit run 2026-08-12 (L1 only)	NOT_ESTABLISHED	NOT_ESTABLISHED	NOT_ESTABLISHED	NOT_ESTABLISHED
Tests\Feature\Election\ElectionDashboardAccessTest::test_chief_can_access_management_dashboard	Tests\Feature\Election\ElectionDashboardAccessTest	test_chief_can_access_management_dashboard	PASSED	10	0.114		Feature/HTTP (structural)	Election — general	NOT_ESTABLISHED	NOT_ESTABLISHED	NOT_ESTABLISHED	NOT_ESTABLISHED	NOT_ESTABLISHED	NOT_ESTABLISHED	NOT_ESTABLISHED	NOT_ESTABLISHED	Unknown	NOT_ESTABLISHED	NOT_ESTABLISHED	n/a — passed	PHPUnit JUnit run 2026-08-12 (L1 only)	NOT_ESTABLISHED	NOT_ESTABLISHED	NOT_ESTABLISHED	NOT_ESTABLISHED
Tests\Feature\Election\ElectionDashboardAccessTest::test_chief_can_access_viewboard	Tests\Feature\Election\ElectionDashboardAccessTest	test_chief_can_access_viewboard	PASSED	1	0.105		Feature/HTTP (structural)	Election — general	NOT_ESTABLISHED	NOT_ESTABLISHED	NOT_ESTABLISHED	NOT_ESTABLISHED	NOT_ESTABLISHED	NOT_ESTABLISHED	NOT_ESTABLISHED	NOT_ESTABLISHED	Unknown	NOT_ESTABLISHED	NOT_ESTABLISHED	n/a — passed	PHPUnit JUnit run 2026-08-12 (L1 only)	NOT_ESTABLISHED	NOT_ESTABLISHED	NOT_ESTABLISHED	NOT_ESTABLISHED
Tests\Feature\Election\ElectionDashboardAccessTest::test_chief_can_open_and_close_voting	Tests\Feature\Election\ElectionDashboardAccessTest	test_chief_can_open_and_close_voting	PASSED	3	0.108		Feature/HTTP (structural)	Election — general	NOT_ESTABLISHED	NOT_ESTABLISHED	NOT_ESTABLISHED	NOT_ESTABLISHED	NOT_ESTABLISHED	NOT_ESTABLISHED	NOT_ESTABLISHED	NOT_ESTABLISHED	Unknown	NOT_ESTABLISHED	NOT_ESTABLISHED	n/a — passed	PHPUnit JUnit run 2026-08-12 (L1 only)	NOT_ESTABLISHED	NOT_ESTABLISHED	NOT_ESTABLISHED	NOT_ESTABLISHED
Tests\Feature\Election\ElectionDashboardAccessTest::test_chief_can_publish_results	Tests\Feature\Election\ElectionDashboardAccessTest	test_chief_can_publish_results	PASSED	1	0.102		Feature/HTTP (structural)	Election — general	NOT_ESTABLISHED	NOT_ESTABLISHED	NOT_ESTABLISHED	NOT_ESTABLISHED	NOT_ESTABLISHED	NOT_ESTABLISHED	NOT_ESTABLISHED	NOT_ESTABLISHED	Unknown	NOT_ESTABLISHED	NOT_ESTABLISHED	n/a — passed	PHPUnit JUnit run 2026-08-12 (L1 only)	NOT_ESTABLISHED	NOT_ESTABLISHED	NOT_ESTABLISHED	NOT_ESTABLISHED
Tests\Feature\Election\ElectionDashboardAccessTest::test_commissioner_can_access_viewboard	Tests\Feature\Election\ElectionDashboardAccessTest	test_commissioner_can_access_viewboard	PASSED	10	0.110		Feature/HTTP (structural)	Election — general	NOT_ESTABLISHED	NOT_ESTABLISHED	NOT_ESTABLISHED	NOT_ESTABLISHED	NOT_ESTABLISHED	NOT_ESTABLISHED	NOT_ESTABLISHED	NOT_ESTABLISHED	Unknown	NOT_ESTABLISHED	NOT_ESTABLISHED	n/a — passed	PHPUnit JUnit run 2026-08-12 (L1 only)	NOT_ESTABLISHED	NOT_ESTABLISHED	NOT_ESTABLISHED	NOT_ESTABLISHED
Tests\Feature\Election\ElectionDashboardAccessTest::test_commissioner_cannot_access_management_dashboard	Tests\Feature\Election\ElectionDashboardAccessTest	test_commissioner_cannot_access_management_dashboard	PASSED	1	0.088		Feature/HTTP (structural)	Election — general	NOT_ESTABLISHED	NOT_ESTABLISHED	NOT_ESTABLISHED	NOT_ESTABLISHED	NOT_ESTABLISHED	NOT_ESTABLISHED	NOT_ESTABLISHED	NOT_ESTABLISHED	Unknown	NOT_ESTABLISHED	NOT_ESTABLISHED	n/a — passed	PHPUnit JUnit run 2026-08-12 (L1 only)	NOT_ESTABLISHED	NOT_ESTABLISHED	NOT_ESTABLISHED	NOT_ESTABLISHED
Tests\Feature\Election\ElectionDashboardAccessTest::test_deputy_can_access_management_dashboard	Tests\Feature\Election\ElectionDashboardAccessTest	test_deputy_can_access_management_dashboard	PASSED	10	0.110		Feature/HTTP (structural)	Election — general	NOT_ESTABLISHED	NOT_ESTABLISHED	NOT_ESTABLISHED	NOT_ESTABLISHED	NOT_ESTABLISHED	NOT_ESTABLISHED	NOT_ESTABLISHED	NOT_ESTABLISHED	Unknown	NOT_ESTABLISHED	NOT_ESTABLISHED	n/a — passed	PHPUnit JUnit run 2026-08-12 (L1 only)	NOT_ESTABLISHED	NOT_ESTABLISHED	NOT_ESTABLISHED	NOT_ESTABLISHED
Tests\Feature\Election\ElectionDashboardAccessTest::test_deputy_cannot_publish_results	Tests\Feature\Election\ElectionDashboardAccessTest	test_deputy_cannot_publish_results	PASSED	1	0.098		Feature/HTTP (structural)	Election — general	NOT_ESTABLISHED	NOT_ESTABLISHED	NOT_ESTABLISHED	NOT_ESTABLISHED	NOT_ESTABLISHED	NOT_ESTABLISHED	NOT_ESTABLISHED	NOT_ESTABLISHED	Unknown	NOT_ESTABLISHED	NOT_ESTABLISHED	n/a — passed	PHPUnit JUnit run 2026-08-12 (L1 only)	NOT_ESTABLISHED	NOT_ESTABLISHED	NOT_ESTABLISHED	NOT_ESTABLISHED
Tests\Feature\Election\ElectionDashboardAccessTest::test_non_officer_cannot_access_management_dashboard	Tests\Feature\Election\ElectionDashboardAccessTest	test_non_officer_cannot_access_management_dashboard	PASSED	1	0.101		Feature/HTTP (structural)	Election — general	NOT_ESTABLISHED	NOT_ESTABLISHED	NOT_ESTABLISHED	NOT_ESTABLISHED	NOT_ESTABLISHED	NOT_ESTABLISHED	NOT_ESTABLISHED	NOT_ESTABLISHED	Unknown	NOT_ESTABLISHED	NOT_ESTABLISHED	n/a — passed	PHPUnit JUnit run 2026-08-12 (L1 only)	NOT_ESTABLISHED	NOT_ESTABLISHED	NOT_ESTABLISHED	NOT_ESTABLISHED
Tests\Feature\Election\ElectionDashboardAccessTest::test_non_officer_cannot_access_viewboard	Tests\Feature\Election\ElectionDashboardAccessTest	test_non_officer_cannot_access_viewboard	PASSED	1	0.101		Feature/HTTP (structural)	Election — general	NOT_ESTABLISHED	NOT_ESTABLISHED	NOT_ESTABLISHED	NOT_ESTABLISHED	NOT_ESTABLISHED	NOT_ESTABLISHED	NOT_ESTABLISHED	NOT_ESTABLISHED	Unknown	NOT_ESTABLISHED	NOT_ESTABLISHED	n/a — passed	PHPUnit JUnit run 2026-08-12 (L1 only)	NOT_ESTABLISHED	NOT_ESTABLISHED	NOT_ESTABLISHED	NOT_ESTABLISHED
Tests\Feature\Election\ElectionDashboardAccessTest::test_officer_from_different_org_cannot_access_election	Tests\Feature\Election\ElectionDashboardAccessTest	test_officer_from_different_org_cannot_access_election	PASSED	1	0.116		Feature/HTTP (structural)	Election — general	NOT_ESTABLISHED	NOT_ESTABLISHED	NOT_ESTABLISHED	NOT_ESTABLISHED	NOT_ESTABLISHED	NOT_ESTABLISHED	NOT_ESTABLISHED	NOT_ESTABLISHED	Unknown	NOT_ESTABLISHED	NOT_ESTABLISHED	n/a — passed	PHPUnit JUnit run 2026-08-12 (L1 only)	NOT_ESTABLISHED	NOT_ESTABLISHED	NOT_ESTABLISHED	NOT_ESTABLISHED
Tests\Feature\Election\ElectionDashboardAccessTest::test_pending_officer_cannot_access_management_dashboard	Tests\Feature\Election\ElectionDashboardAccessTest	test_pending_officer_cannot_access_management_dashboard	PASSED	1	0.105		Feature/HTTP (structural)	Election — general	NOT_ESTABLISHED	NOT_ESTABLISHED	NOT_ESTABLISHED	NOT_ESTABLISHED	NOT_ESTABLISHED	NOT_ESTABLISHED	NOT_ESTABLISHED	NOT_ESTABLISHED	Unknown	NOT_ESTABLISHED	NOT_ESTABLISHED	n/a — passed	PHPUnit JUnit run 2026-08-12 (L1 only)	NOT_ESTABLISHED	NOT_ESTABLISHED	NOT_ESTABLISHED	NOT_ESTABLISHED
Tests\Feature\Election\ElectionDashboardCapabilitiesTest::test_capabilities_map_has_all_required_actions	Tests\Feature\Election\ElectionDashboardCapabilitiesTest	test_capabilities_map_has_all_required_actions	PASSED	15	0.048		Feature/HTTP (structural)	Election — general	NOT_ESTABLISHED	NOT_ESTABLISHED	NOT_ESTABLISHED	NOT_ESTABLISHED	NOT_ESTABLISHED	NOT_ESTABLISHED	NOT_ESTABLISHED	NOT_ESTABLISHED	Unknown	NOT_ESTABLISHED	NOT_ESTABLISHED	n/a — passed	PHPUnit JUnit run 2026-08-12 (L1 only)	NOT_ESTABLISHED	NOT_ESTABLISHED	NOT_ESTABLISHED	NOT_ESTABLISHED
Tests\Feature\Election\ElectionDashboardCapabilitiesTest::test_capability_entry_has_required_fields	Tests\Feature\Election\ElectionDashboardCapabilitiesTest	test_capability_entry_has_required_fields	PASSED	105	0.050		Feature/HTTP (structural)	Election — general	NOT_ESTABLISHED	NOT_ESTABLISHED	NOT_ESTABLISHED	NOT_ESTABLISHED	NOT_ESTABLISHED	NOT_ESTABLISHED	NOT_ESTABLISHED	NOT_ESTABLISHED	Unknown	NOT_ESTABLISHED	NOT_ESTABLISHED	n/a — passed	PHPUnit JUnit run 2026-08-12 (L1 only)	NOT_ESTABLISHED	NOT_ESTABLISHED	NOT_ESTABLISHED	NOT_ESTABLISHED
Tests\Feature\Election\ElectionDashboardCapabilitiesTest::test_election_dashboard_receives_stateMachine_with_capabilities	Tests\Feature\Election\ElectionDashboardCapabilitiesTest	test_election_dashboard_receives_stateMachine_with_capabilities	PASSED	1	0.060		Feature/HTTP (structural)	Election — general	NOT_ESTABLISHED	NOT_ESTABLISHED	NOT_ESTABLISHED	NOT_ESTABLISHED	NOT_ESTABLISHED	NOT_ESTABLISHED	NOT_ESTABLISHED	NOT_ESTABLISHED	Unknown	NOT_ESTABLISHED	NOT_ESTABLISHED	n/a — passed	PHPUnit JUnit run 2026-08-12 (L1 only)	NOT_ESTABLISHED	NOT_ESTABLISHED	NOT_ESTABLISHED	NOT_ESTABLISHED
Tests\Feature\Election\ElectionDashboardCapabilitiesTest::test_stateMachine_data_structure_includes_all_required_fields	Tests\Feature\Election\ElectionDashboardCapabilitiesTest	test_stateMachine_data_structure_includes_all_required_fields	PASSED	9	0.048		Feature/HTTP (structural)	Election — general	NOT_ESTABLISHED	NOT_ESTABLISHED	NOT_ESTABLISHED	NOT_ESTABLISHED	NOT_ESTABLISHED	NOT_ESTABLISHED	NOT_ESTABLISHED	NOT_ESTABLISHED	Unknown	NOT_ESTABLISHED	NOT_ESTABLISHED	n/a — passed	PHPUnit JUnit run 2026-08-12 (L1 only)	NOT_ESTABLISHED	NOT_ESTABLISHED	NOT_ESTABLISHED	NOT_ESTABLISHED
Tests\Feature\Election\ElectionGracePeriodUITest::test_can_toggle_allow_auto_transition	Tests\Feature\Election\ElectionGracePeriodUITest	test_can_toggle_allow_auto_transition	PASSED	3	0.072		Feature/HTTP (structural)	Election — general	NOT_ESTABLISHED	NOT_ESTABLISHED	NOT_ESTABLISHED	NOT_ESTABLISHED	NOT_ESTABLISHED	NOT_ESTABLISHED	NOT_ESTABLISHED	NOT_ESTABLISHED	Unknown	NOT_ESTABLISHED	NOT_ESTABLISHED	n/a — passed	PHPUnit JUnit run 2026-08-12 (L1 only)	NOT_ESTABLISHED	NOT_ESTABLISHED	NOT_ESTABLISHED	NOT_ESTABLISHED
Tests\Feature\Election\ElectionGracePeriodUITest::test_can_update_auto_transition_grace_days	Tests\Feature\Election\ElectionGracePeriodUITest	test_can_update_auto_transition_grace_days	PASSED	2	0.058		Feature/HTTP (structural)	Election — general	NOT_ESTABLISHED	NOT_ESTABLISHED	NOT_ESTABLISHED	NOT_ESTABLISHED	NOT_ESTABLISHED	NOT_ESTABLISHED	NOT_ESTABLISHED	NOT_ESTABLISHED	Unknown	NOT_ESTABLISHED	NOT_ESTABLISHED	n/a — passed	PHPUnit JUnit run 2026-08-12 (L1 only)	NOT_ESTABLISHED	NOT_ESTABLISHED	NOT_ESTABLISHED	NOT_ESTABLISHED
Tests\Feature\Election\ElectionGracePeriodUITest::test_timeline_view_shows_grace_period_settings	Tests\Feature\Election\ElectionGracePeriodUITest	test_timeline_view_shows_grace_period_settings	FAILURE	1	0.055	Expected response status code [200] but received 403.	Feature/HTTP (structural)	Election — general	NOT_ESTABLISHED	NOT_ESTABLISHED	NOT_ESTABLISHED	NOT_ESTABLISHED	NOT_ESTABLISHED	NOT_ESTABLISHED	NOT_ESTABLISHED	NOT_ESTABLISHED	Unknown	NOT_ESTABLISHED	NOT_ESTABLISHED	Mechanism not yet established	PHPUnit JUnit run 2026-08-12 (L1 only)	NOT_ESTABLISHED	NOT_ESTABLISHED	NOT_ESTABLISHED	NOT_ESTABLISHED
Tests\Feature\Election\ElectionManagementConstitutionalTest::test_activate_cannot_reactivate_already_active_election	Tests\Feature\Election\ElectionManagementConstitutionalTest	test_activate_cannot_reactivate_already_active_election	PASSED	1	0.059		Feature/HTTP (structural)	Election — general	NOT_ESTABLISHED	NOT_ESTABLISHED	NOT_ESTABLISHED	NOT_ESTABLISHED	NOT_ESTABLISHED	NOT_ESTABLISHED	NOT_ESTABLISHED	NOT_ESTABLISHED	Unknown	NOT_ESTABLISHED	NOT_ESTABLISHED	n/a — passed	PHPUnit JUnit run 2026-08-12 (L1 only)	NOT_ESTABLISHED	NOT_ESTABLISHED	NOT_ESTABLISHED	NOT_ESTABLISHED
Tests\Feature\Election\ElectionManagementConstitutionalTest::test_activate_uses_election_lifecycle_not_status_field	Tests\Feature\Election\ElectionManagementConstitutionalTest	test_activate_uses_election_lifecycle_not_status_field	PASSED	1	0.065		Feature/HTTP (structural)	Election — general	NOT_ESTABLISHED	NOT_ESTABLISHED	NOT_ESTABLISHED	NOT_ESTABLISHED	NOT_ESTABLISHED	NOT_ESTABLISHED	NOT_ESTABLISHED	NOT_ESTABLISHED	Unknown	NOT_ESTABLISHED	NOT_ESTABLISHED	n/a — passed	PHPUnit JUnit run 2026-08-12 (L1 only)	NOT_ESTABLISHED	NOT_ESTABLISHED	NOT_ESTABLISHED	NOT_ESTABLISHED
Tests\Feature\Election\ElectionManagementConstitutionalTest::test_index_filters_by_state_field_not_deprecated_status	Tests\Feature\Election\ElectionManagementConstitutionalTest	test_index_filters_by_state_field_not_deprecated_status	ERROR	0	0.086	Symfony\Component\Routing\Exception\RouteNotFoundException: Route [elections.index] not defined.	Feature/HTTP (structural)	Election — general	NOT_ESTABLISHED	NOT_ESTABLISHED	NOT_ESTABLISHED	NOT_ESTABLISHED	NOT_ESTABLISHED	NOT_ESTABLISHED	NOT_ESTABLISHED	NOT_ESTABLISHED	Unknown	NOT_ESTABLISHED	NOT_ESTABLISHED	Mechanism not yet established	PHPUnit JUnit run 2026-08-12 (L1 only)	NOT_ESTABLISHED	NOT_ESTABLISHED	NOT_ESTABLISHED	NOT_ESTABLISHED
Tests\Feature\Election\ElectionManagementConstitutionalTest::test_update_voting_dates_allowed_before_voting_starts	Tests\Feature\Election\ElectionManagementConstitutionalTest	test_update_voting_dates_allowed_before_voting_starts	ERROR	0	0.056	Symfony\Component\Routing\Exception\RouteNotFoundException: Route [elections.update-voting-dates] not defined.	Feature/HTTP (structural)	Election — general	NOT_ESTABLISHED	NOT_ESTABLISHED	NOT_ESTABLISHED	NOT_ESTABLISHED	NOT_ESTABLISHED	NOT_ESTABLISHED	NOT_ESTABLISHED	NOT_ESTABLISHED	Unknown	NOT_ESTABLISHED	NOT_ESTABLISHED	Mechanism not yet established	PHPUnit JUnit run 2026-08-12 (L1 only)	NOT_ESTABLISHED	NOT_ESTABLISHED	NOT_ESTABLISHED	NOT_ESTABLISHED
Tests\Feature\Election\ElectionManagementConstitutionalTest::test_update_voting_dates_uses_election_clock_service_not_raw_now	Tests\Feature\Election\ElectionManagementConstitutionalTest	test_update_voting_dates_uses_election_clock_service_not_raw_now	ERROR	0	0.098	Symfony\Component\Routing\Exception\RouteNotFoundException: Route [elections.update-voting-dates] not defined.	Feature/HTTP (structural)	Election — general	NOT_ESTABLISHED	NOT_ESTABLISHED	NOT_ESTABLISHED	NOT_ESTABLISHED	NOT_ESTABLISHED	NOT_ESTABLISHED	NOT_ESTABLISHED	NOT_ESTABLISHED	Unknown	NOT_ESTABLISHED	NOT_ESTABLISHED	Mechanism not yet established	PHPUnit JUnit run 2026-08-12 (L1 only)	NOT_ESTABLISHED	NOT_ESTABLISHED	NOT_ESTABLISHED	NOT_ESTABLISHED
Tests\Feature\Election\ElectionMembershipInfrastructureTest::test_assign_voter_invalidates_voter_count_cache	Tests\Feature\Election\ElectionMembershipInfrastructureTest	test_assign_voter_invalidates_voter_count_cache	PASSED	1	0.065		Feature/HTTP (structural)	Election — general	NOT_ESTABLISHED	NOT_ESTABLISHED	NOT_ESTABLISHED	NOT_ESTABLISHED	NOT_ESTABLISHED	NOT_ESTABLISHED	NOT_ESTABLISHED	NOT_ESTABLISHED	Unknown	NOT_ESTABLISHED	NOT_ESTABLISHED	n/a — passed	PHPUnit JUnit run 2026-08-12 (L1 only)	NOT_ESTABLISHED	NOT_ESTABLISHED	NOT_ESTABLISHED	NOT_ESTABLISHED
Tests\Feature\Election\ElectionMembershipInfrastructureTest::test_assign_voter_invalidates_voter_stats_cache	Tests\Feature\Election\ElectionMembershipInfrastructureTest	test_assign_voter_invalidates_voter_stats_cache	PASSED	1	0.056		Feature/HTTP (structural)	Election — general	NOT_ESTABLISHED	NOT_ESTABLISHED	NOT_ESTABLISHED	NOT_ESTABLISHED	NOT_ESTABLISHED	NOT_ESTABLISHED	NOT_ESTABLISHED	NOT_ESTABLISHED	Unknown	NOT_ESTABLISHED	NOT_ESTABLISHED	n/a — passed	PHPUnit JUnit run 2026-08-12 (L1 only)	NOT_ESTABLISHED	NOT_ESTABLISHED	NOT_ESTABLISHED	NOT_ESTABLISHED
Tests\Feature\Election\ElectionMembershipInfrastructureTest::test_bulk_assign_voters_invalidates_cache	Tests\Feature\Election\ElectionMembershipInfrastructureTest	test_bulk_assign_voters_invalidates_cache	PASSED	2	0.063		Feature/HTTP (structural)	Election — general	NOT_ESTABLISHED	NOT_ESTABLISHED	NOT_ESTABLISHED	NOT_ESTABLISHED	NOT_ESTABLISHED	NOT_ESTABLISHED	NOT_ESTABLISHED	NOT_ESTABLISHED	Unknown	NOT_ESTABLISHED	NOT_ESTABLISHED	n/a — passed	PHPUnit JUnit run 2026-08-12 (L1 only)	NOT_ESTABLISHED	NOT_ESTABLISHED	NOT_ESTABLISHED	NOT_ESTABLISHED
Tests\Feature\Election\ElectionMembershipInfrastructureTest::test_cache_invalidation_is_election_scoped	Tests\Feature\Election\ElectionMembershipInfrastructureTest	test_cache_invalidation_is_election_scoped	PASSED	1	0.063		Feature/HTTP (structural)	Election — general	NOT_ESTABLISHED	NOT_ESTABLISHED	NOT_ESTABLISHED	NOT_ESTABLISHED	NOT_ESTABLISHED	NOT_ESTABLISHED	NOT_ESTABLISHED	NOT_ESTABLISHED	Unknown	NOT_ESTABLISHED	NOT_ESTABLISHED	n/a — passed	PHPUnit JUnit run 2026-08-12 (L1 only)	NOT_ESTABLISHED	NOT_ESTABLISHED	NOT_ESTABLISHED	NOT_ESTABLISHED
Tests\Feature\Election\ElectionMembershipInfrastructureTest::test_cache_invalidation_is_synchronous	Tests\Feature\Election\ElectionMembershipInfrastructureTest	test_cache_invalidation_is_synchronous	PASSED	1	0.054		Feature/HTTP (structural)	Election — general	NOT_ESTABLISHED	NOT_ESTABLISHED	NOT_ESTABLISHED	NOT_ESTABLISHED	NOT_ESTABLISHED	NOT_ESTABLISHED	NOT_ESTABLISHED	NOT_ESTABLISHED	Unknown	NOT_ESTABLISHED	NOT_ESTABLISHED	n/a — passed	PHPUnit JUnit run 2026-08-12 (L1 only)	NOT_ESTABLISHED	NOT_ESTABLISHED	NOT_ESTABLISHED	NOT_ESTABLISHED
Tests\Feature\Election\ElectionMembershipInfrastructureTest::test_cache_keys_include_election_id	Tests\Feature\Election\ElectionMembershipInfrastructureTest	test_cache_keys_include_election_id	PASSED	2	0.055		Feature/HTTP (structural)	Election — general	NOT_ESTABLISHED	NOT_ESTABLISHED	NOT_ESTABLISHED	NOT_ESTABLISHED	NOT_ESTABLISHED	NOT_ESTABLISHED	NOT_ESTABLISHED	NOT_ESTABLISHED	Unknown	NOT_ESTABLISHED	NOT_ESTABLISHED	n/a — passed	PHPUnit JUnit run 2026-08-12 (L1 only)	NOT_ESTABLISHED	NOT_ESTABLISHED	NOT_ESTABLISHED	NOT_ESTABLISHED
Tests\Feature\Election\ElectionMembershipInfrastructureTest::test_membership_delete_invalidates_cache	Tests\Feature\Election\ElectionMembershipInfrastructureTest	test_membership_delete_invalidates_cache	PASSED	2	0.057		Feature/HTTP (structural)	Election — general	NOT_ESTABLISHED	NOT_ESTABLISHED	NOT_ESTABLISHED	NOT_ESTABLISHED	NOT_ESTABLISHED	NOT_ESTABLISHED	NOT_ESTABLISHED	NOT_ESTABLISHED	Unknown	NOT_ESTABLISHED	NOT_ESTABLISHED	n/a — passed	PHPUnit JUnit run 2026-08-12 (L1 only)	NOT_ESTABLISHED	NOT_ESTABLISHED	NOT_ESTABLISHED	NOT_ESTABLISHED
Tests\Feature\Election\ElectionMembershipInfrastructureTest::test_membership_update_invalidates_cache	Tests\Feature\Election\ElectionMembershipInfrastructureTest	test_membership_update_invalidates_cache	PASSED	2	0.058		Feature/HTTP (structural)	Election — general	NOT_ESTABLISHED	NOT_ESTABLISHED	NOT_ESTABLISHED	NOT_ESTABLISHED	NOT_ESTABLISHED	NOT_ESTABLISHED	NOT_ESTABLISHED	NOT_ESTABLISHED	Unknown	NOT_ESTABLISHED	NOT_ESTABLISHED	n/a — passed	PHPUnit JUnit run 2026-08-12 (L1 only)	NOT_ESTABLISHED	NOT_ESTABLISHED	NOT_ESTABLISHED	NOT_ESTABLISHED
Tests\Feature\Election\ElectionMembershipInfrastructureTest::test_multiple_elections_have_independent_caches	Tests\Feature\Election\ElectionMembershipInfrastructureTest	test_multiple_elections_have_independent_caches	PASSED	1	0.069		Feature/HTTP (structural)	Election — general	NOT_ESTABLISHED	NOT_ESTABLISHED	NOT_ESTABLISHED	NOT_ESTABLISHED	NOT_ESTABLISHED	NOT_ESTABLISHED	NOT_ESTABLISHED	NOT_ESTABLISHED	Unknown	NOT_ESTABLISHED	NOT_ESTABLISHED	n/a — passed	PHPUnit JUnit run 2026-08-12 (L1 only)	NOT_ESTABLISHED	NOT_ESTABLISHED	NOT_ESTABLISHED	NOT_ESTABLISHED
Tests\Feature\Election\ElectionMembershipPersistenceTest::test_assign_voter_persists_metadata_as_json	Tests\Feature\Election\ElectionMembershipPersistenceTest	test_assign_voter_persists_metadata_as_json	PASSED	1	0.058		Feature/HTTP (structural)	Election — general	NOT_ESTABLISHED	NOT_ESTABLISHED	NOT_ESTABLISHED	NOT_ESTABLISHED	NOT_ESTABLISHED	NOT_ESTABLISHED	NOT_ESTABLISHED	NOT_ESTABLISHED	Unknown	NOT_ESTABLISHED	NOT_ESTABLISHED	n/a — passed	PHPUnit JUnit run 2026-08-12 (L1 only)	NOT_ESTABLISHED	NOT_ESTABLISHED	NOT_ESTABLISHED	NOT_ESTABLISHED
Tests\Feature\Election\ElectionMembershipPersistenceTest::test_assign_voter_persists_to_database	Tests\Feature\Election\ElectionMembershipPersistenceTest	test_assign_voter_persists_to_database	PASSED	1	0.059		Feature/HTTP (structural)	Election — general	NOT_ESTABLISHED	NOT_ESTABLISHED	NOT_ESTABLISHED	NOT_ESTABLISHED	NOT_ESTABLISHED	NOT_ESTABLISHED	NOT_ESTABLISHED	NOT_ESTABLISHED	Unknown	NOT_ESTABLISHED	NOT_ESTABLISHED	n/a — passed	PHPUnit JUnit run 2026-08-12 (L1 only)	NOT_ESTABLISHED	NOT_ESTABLISHED	NOT_ESTABLISHED	NOT_ESTABLISHED
Tests\Feature\Election\ElectionMembershipPersistenceTest::test_assign_voter_sets_assigned_at	Tests\Feature\Election\ElectionMembershipPersistenceTest	test_assign_voter_sets_assigned_at	PASSED	3	0.060		Feature/HTTP (structural)	Election — general	NOT_ESTABLISHED	NOT_ESTABLISHED	NOT_ESTABLISHED	NOT_ESTABLISHED	NOT_ESTABLISHED	NOT_ESTABLISHED	NOT_ESTABLISHED	NOT_ESTABLISHED	Unknown	NOT_ESTABLISHED	NOT_ESTABLISHED	n/a — passed	PHPUnit JUnit run 2026-08-12 (L1 only)	NOT_ESTABLISHED	NOT_ESTABLISHED	NOT_ESTABLISHED	NOT_ESTABLISHED
Tests\Feature\Election\ElectionMembershipPersistenceTest::test_assign_voter_unique_constraint_prevents_duplicates	Tests\Feature\Election\ElectionMembershipPersistenceTest	test_assign_voter_unique_constraint_prevents_duplicates	PASSED	1	0.060		Feature/HTTP (structural)	Election — general	NOT_ESTABLISHED	NOT_ESTABLISHED	NOT_ESTABLISHED	NOT_ESTABLISHED	NOT_ESTABLISHED	NOT_ESTABLISHED	NOT_ESTABLISHED	NOT_ESTABLISHED	Unknown	NOT_ESTABLISHED	NOT_ESTABLISHED	n/a — passed	PHPUnit JUnit run 2026-08-12 (L1 only)	NOT_ESTABLISHED	NOT_ESTABLISHED	NOT_ESTABLISHED	NOT_ESTABLISHED
Tests\Feature\Election\ElectionMembershipPersistenceTest::test_bulk_assign_voters_creates_records_efficiently	Tests\Feature\Election\ElectionMembershipPersistenceTest	test_bulk_assign_voters_creates_records_efficiently	PASSED	3	0.067		Feature/HTTP (structural)	Election — general	NOT_ESTABLISHED	NOT_ESTABLISHED	NOT_ESTABLISHED	NOT_ESTABLISHED	NOT_ESTABLISHED	NOT_ESTABLISHED	NOT_ESTABLISHED	NOT_ESTABLISHED	Unknown	NOT_ESTABLISHED	NOT_ESTABLISHED	n/a — passed	PHPUnit JUnit run 2026-08-12 (L1 only)	NOT_ESTABLISHED	NOT_ESTABLISHED	NOT_ESTABLISHED	NOT_ESTABLISHED
Tests\Feature\Election\ElectionMembershipPersistenceTest::test_bulk_assign_voters_persists_all_records	Tests\Feature\Election\ElectionMembershipPersistenceTest	test_bulk_assign_voters_persists_all_records	PASSED	1	0.065		Feature/HTTP (structural)	Election — general	NOT_ESTABLISHED	NOT_ESTABLISHED	NOT_ESTABLISHED	NOT_ESTABLISHED	NOT_ESTABLISHED	NOT_ESTABLISHED	NOT_ESTABLISHED	NOT_ESTABLISHED	Unknown	NOT_ESTABLISHED	NOT_ESTABLISHED	n/a — passed	PHPUnit JUnit run 2026-08-12 (L1 only)	NOT_ESTABLISHED	NOT_ESTABLISHED	NOT_ESTABLISHED	NOT_ESTABLISHED
Tests\Feature\Election\ElectionMembershipPersistenceTest::test_bulk_assign_voters_returns_expected_structure	Tests\Feature\Election\ElectionMembershipPersistenceTest	test_bulk_assign_voters_returns_expected_structure	PASSED	1	0.056		Feature/HTTP (structural)	Election — general	NOT_ESTABLISHED	NOT_ESTABLISHED	NOT_ESTABLISHED	NOT_ESTABLISHED	NOT_ESTABLISHED	NOT_ESTABLISHED	NOT_ESTABLISHED	NOT_ESTABLISHED	Unknown	NOT_ESTABLISHED	NOT_ESTABLISHED	n/a — passed	PHPUnit JUnit run 2026-08-12 (L1 only)	NOT_ESTABLISHED	NOT_ESTABLISHED	NOT_ESTABLISHED	NOT_ESTABLISHED
Tests\Feature\Election\ElectionMembershipPersistenceTest::test_election_membership_has_fk_to_elections	Tests\Feature\Election\ElectionMembershipPersistenceTest	test_election_membership_has_fk_to_elections	PASSED	1	0.059		Feature/HTTP (structural)	Election — general	NOT_ESTABLISHED	NOT_ESTABLISHED	NOT_ESTABLISHED	NOT_ESTABLISHED	NOT_ESTABLISHED	NOT_ESTABLISHED	NOT_ESTABLISHED	NOT_ESTABLISHED	Unknown	NOT_ESTABLISHED	NOT_ESTABLISHED	n/a — passed	PHPUnit JUnit run 2026-08-12 (L1 only)	NOT_ESTABLISHED	NOT_ESTABLISHED	NOT_ESTABLISHED	NOT_ESTABLISHED
Tests\Feature\Election\ElectionMembershipPersistenceTest::test_election_membership_has_fk_to_organisations	Tests\Feature\Election\ElectionMembershipPersistenceTest	test_election_membership_has_fk_to_organisations	PASSED	1	0.060		Feature/HTTP (structural)	Election — general	NOT_ESTABLISHED	NOT_ESTABLISHED	NOT_ESTABLISHED	NOT_ESTABLISHED	NOT_ESTABLISHED	NOT_ESTABLISHED	NOT_ESTABLISHED	NOT_ESTABLISHED	Unknown	NOT_ESTABLISHED	NOT_ESTABLISHED	n/a — passed	PHPUnit JUnit run 2026-08-12 (L1 only)	NOT_ESTABLISHED	NOT_ESTABLISHED	NOT_ESTABLISHED	NOT_ESTABLISHED
Tests\Feature\Election\ElectionMembershipPersistenceTest::test_election_membership_has_fk_to_users	Tests\Feature\Election\ElectionMembershipPersistenceTest	test_election_membership_has_fk_to_users	PASSED	1	0.076		Feature/HTTP (structural)	Election — general	NOT_ESTABLISHED	NOT_ESTABLISHED	NOT_ESTABLISHED	NOT_ESTABLISHED	NOT_ESTABLISHED	NOT_ESTABLISHED	NOT_ESTABLISHED	NOT_ESTABLISHED	Unknown	NOT_ESTABLISHED	NOT_ESTABLISHED	n/a — passed	PHPUnit JUnit run 2026-08-12 (L1 only)	NOT_ESTABLISHED	NOT_ESTABLISHED	NOT_ESTABLISHED	NOT_ESTABLISHED
Tests\Feature\Election\ElectionMembershipPersistenceTest::test_election_membership_hydration	Tests\Feature\Election\ElectionMembershipPersistenceTest	test_election_membership_hydration	PASSED	4	0.061		Feature/HTTP (structural)	Election — general	NOT_ESTABLISHED	NOT_ESTABLISHED	NOT_ESTABLISHED	NOT_ESTABLISHED	NOT_ESTABLISHED	NOT_ESTABLISHED	NOT_ESTABLISHED	NOT_ESTABLISHED	Unknown	NOT_ESTABLISHED	NOT_ESTABLISHED	n/a — passed	PHPUnit JUnit run 2026-08-12 (L1 only)	NOT_ESTABLISHED	NOT_ESTABLISHED	NOT_ESTABLISHED	NOT_ESTABLISHED
Tests\Feature\Election\ElectionModelLockAndAuditTest::test_complete_administration_still_works	Tests\Feature\Election\ElectionModelLockAndAuditTest	test_complete_administration_still_works	ERROR	0	0.059	App\Exceptions\InvalidTransitionException: Action 'complete_administration' not allowed in state 'draft'. Allowed states: setup_administration	Feature/HTTP (structural)	Election — general	NOT_ESTABLISHED	NOT_ESTABLISHED	NOT_ESTABLISHED	NOT_ESTABLISHED	NOT_ESTABLISHED	NOT_ESTABLISHED	NOT_ESTABLISHED	NOT_ESTABLISHED	Unknown	NOT_ESTABLISHED	NOT_ESTABLISHED	Mechanism not yet established	PHPUnit JUnit run 2026-08-12 (L1 only)	NOT_ESTABLISHED	NOT_ESTABLISHED	NOT_ESTABLISHED	NOT_ESTABLISHED
Tests\Feature\Election\ElectionModelLockAndAuditTest::test_complete_nomination_locks_voting_on_start	Tests\Feature\Election\ElectionModelLockAndAuditTest	test_complete_nomination_locks_voting_on_start	FAILURE	2	0.066	Failed asserting that false is true.	Feature/HTTP (structural)	Election — general	NOT_ESTABLISHED	NOT_ESTABLISHED	NOT_ESTABLISHED	NOT_ESTABLISHED	NOT_ESTABLISHED	NOT_ESTABLISHED	NOT_ESTABLISHED	NOT_ESTABLISHED	Unknown	NOT_ESTABLISHED	NOT_ESTABLISHED	Mechanism not yet established	PHPUnit JUnit run 2026-08-12 (L1 only)	NOT_ESTABLISHED	NOT_ESTABLISHED	NOT_ESTABLISHED	NOT_ESTABLISHED
Tests\Feature\Election\ElectionModelLockAndAuditTest::test_enforce_voting_lock_sets_timestamp_and_actor	Tests\Feature\Election\ElectionModelLockAndAuditTest	test_enforce_voting_lock_sets_timestamp_and_actor	PASSED	2	0.050		Feature/HTTP (structural)	Election — general	NOT_ESTABLISHED	NOT_ESTABLISHED	NOT_ESTABLISHED	NOT_ESTABLISHED	NOT_ESTABLISHED	NOT_ESTABLISHED	NOT_ESTABLISHED	NOT_ESTABLISHED	Unknown	NOT_ESTABLISHED	NOT_ESTABLISHED	n/a — passed	PHPUnit JUnit run 2026-08-12 (L1 only)	NOT_ESTABLISHED	NOT_ESTABLISHED	NOT_ESTABLISHED	NOT_ESTABLISHED
Tests\Feature\Election\ElectionModelLockAndAuditTest::test_enforce_voting_lock_sets_voting_locked_true	Tests\Feature\Election\ElectionModelLockAndAuditTest	test_enforce_voting_lock_sets_voting_locked_true	PASSED	1	0.047		Feature/HTTP (structural)	Election — general	NOT_ESTABLISHED	NOT_ESTABLISHED	NOT_ESTABLISHED	NOT_ESTABLISHED	NOT_ESTABLISHED	NOT_ESTABLISHED	NOT_ESTABLISHED	NOT_ESTABLISHED	Unknown	NOT_ESTABLISHED	NOT_ESTABLISHED	n/a — passed	PHPUnit JUnit run 2026-08-12 (L1 only)	NOT_ESTABLISHED	NOT_ESTABLISHED	NOT_ESTABLISHED	NOT_ESTABLISHED
Tests\Feature\Election\ElectionModelLockAndAuditTest::test_get_state_machine_is_memoized	Tests\Feature\Election\ElectionModelLockAndAuditTest	test_get_state_machine_is_memoized	PASSED	1	0.033		Feature/HTTP (structural)	Election — general	NOT_ESTABLISHED	NOT_ESTABLISHED	NOT_ESTABLISHED	NOT_ESTABLISHED	NOT_ESTABLISHED	NOT_ESTABLISHED	NOT_ESTABLISHED	NOT_ESTABLISHED	Unknown	NOT_ESTABLISHED	NOT_ESTABLISHED	n/a — passed	PHPUnit JUnit run 2026-08-12 (L1 only)	NOT_ESTABLISHED	NOT_ESTABLISHED	NOT_ESTABLISHED	NOT_ESTABLISHED
Tests\Feature\Election\ElectionModelLockAndAuditTest::test_get_state_machine_returns_election_state_machine_instance	Tests\Feature\Election\ElectionModelLockAndAuditTest	test_get_state_machine_returns_election_state_machine_instance	PASSED	1	0.037		Feature/HTTP (structural)	Election — general	NOT_ESTABLISHED	NOT_ESTABLISHED	NOT_ESTABLISHED	NOT_ESTABLISHED	NOT_ESTABLISHED	NOT_ESTABLISHED	NOT_ESTABLISHED	NOT_ESTABLISHED	Unknown	NOT_ESTABLISHED	NOT_ESTABLISHED	n/a — passed	PHPUnit JUnit run 2026-08-12 (L1 only)	NOT_ESTABLISHED	NOT_ESTABLISHED	NOT_ESTABLISHED	NOT_ESTABLISHED
Tests\Feature\Election\ElectionModelLockAndAuditTest::test_lock_results_sets_results_locked	Tests\Feature\Election\ElectionModelLockAndAuditTest	test_lock_results_sets_results_locked	PASSED	1	0.041		Feature/HTTP (structural)	Election — general	NOT_ESTABLISHED	NOT_ESTABLISHED	NOT_ESTABLISHED	NOT_ESTABLISHED	NOT_ESTABLISHED	NOT_ESTABLISHED	NOT_ESTABLISHED	NOT_ESTABLISHED	Unknown	NOT_ESTABLISHED	NOT_ESTABLISHED	n/a — passed	PHPUnit JUnit run 2026-08-12 (L1 only)	NOT_ESTABLISHED	NOT_ESTABLISHED	NOT_ESTABLISHED	NOT_ESTABLISHED
Tests\Feature\Election\ElectionModelLockAndAuditTest::test_log_state_change_also_creates_election_audit_log_record	Tests\Feature\Election\ElectionModelLockAndAuditTest	test_log_state_change_also_creates_election_audit_log_record	PASSED	1	0.038		Feature/HTTP (structural)	Election — general	NOT_ESTABLISHED	NOT_ESTABLISHED	NOT_ESTABLISHED	NOT_ESTABLISHED	NOT_ESTABLISHED	NOT_ESTABLISHED	NOT_ESTABLISHED	NOT_ESTABLISHED	Unknown	NOT_ESTABLISHED	NOT_ESTABLISHED	n/a — passed	PHPUnit JUnit run 2026-08-12 (L1 only)	NOT_ESTABLISHED	NOT_ESTABLISHED	NOT_ESTABLISHED	NOT_ESTABLISHED
Tests\Feature\Election\ElectionModelLockAndAuditTest::test_log_state_change_still_appends_to_json_column	Tests\Feature\Election\ElectionModelLockAndAuditTest	test_log_state_change_still_appends_to_json_column	PASSED	3	0.035		Feature/HTTP (structural)	Election — general	NOT_ESTABLISHED	NOT_ESTABLISHED	NOT_ESTABLISHED	NOT_ESTABLISHED	NOT_ESTABLISHED	NOT_ESTABLISHED	NOT_ESTABLISHED	NOT_ESTABLISHED	Unknown	NOT_ESTABLISHED	NOT_ESTABLISHED	n/a — passed	PHPUnit JUnit run 2026-08-12 (L1 only)	NOT_ESTABLISHED	NOT_ESTABLISHED	NOT_ESTABLISHED	NOT_ESTABLISHED
Tests\Feature\Election\ElectionOnlyModeTest::test_election_only_bulk_assign_accepts_users_without_member_record	Tests\Feature\Election\ElectionOnlyModeTest	test_election_only_bulk_assign_accepts_users_without_member_record	PASSED	3	0.105		Feature/HTTP (structural)	Election — general	NOT_ESTABLISHED	NOT_ESTABLISHED	NOT_ESTABLISHED	NOT_ESTABLISHED	NOT_ESTABLISHED	NOT_ESTABLISHED	NOT_ESTABLISHED	NOT_ESTABLISHED	Unknown	NOT_ESTABLISHED	NOT_ESTABLISHED	n/a — passed	PHPUnit JUnit run 2026-08-12 (L1 only)	NOT_ESTABLISHED	NOT_ESTABLISHED	NOT_ESTABLISHED	NOT_ESTABLISHED
Tests\Feature\Election\ElectionOnlyModeTest::test_election_only_dropdown_shows_all_active_org_users	Tests\Feature\Election\ElectionOnlyModeTest	test_election_only_dropdown_shows_all_active_org_users	PASSED	2	0.094		Feature/HTTP (structural)	Election — general	NOT_ESTABLISHED	NOT_ESTABLISHED	NOT_ESTABLISHED	NOT_ESTABLISHED	NOT_ESTABLISHED	NOT_ESTABLISHED	NOT_ESTABLISHED	NOT_ESTABLISHED	Unknown	NOT_ESTABLISHED	NOT_ESTABLISHED	n/a — passed	PHPUnit JUnit run 2026-08-12 (L1 only)	NOT_ESTABLISHED	NOT_ESTABLISHED	NOT_ESTABLISHED	NOT_ESTABLISHED
Tests\Feature\Election\ElectionOnlyModeTest::test_election_only_mode_can_be_set_to_false	Tests\Feature\Election\ElectionOnlyModeTest	test_election_only_mode_can_be_set_to_false	PASSED	3	0.085		Feature/HTTP (structural)	Election — general	NOT_ESTABLISHED	NOT_ESTABLISHED	NOT_ESTABLISHED	NOT_ESTABLISHED	NOT_ESTABLISHED	NOT_ESTABLISHED	NOT_ESTABLISHED	NOT_ESTABLISHED	Unknown	NOT_ESTABLISHED	NOT_ESTABLISHED	n/a — passed	PHPUnit JUnit run 2026-08-12 (L1 only)	NOT_ESTABLISHED	NOT_ESTABLISHED	NOT_ESTABLISHED	NOT_ESTABLISHED
Tests\Feature\Election\ElectionOnlyModeTest::test_election_only_single_assign_accepts_user_without_member_record	Tests\Feature\Election\ElectionOnlyModeTest	test_election_only_single_assign_accepts_user_without_member_record	PASSED	2	0.126		Feature/HTTP (structural)	Election — general	NOT_ESTABLISHED	NOT_ESTABLISHED	NOT_ESTABLISHED	NOT_ESTABLISHED	NOT_ESTABLISHED	NOT_ESTABLISHED	NOT_ESTABLISHED	NOT_ESTABLISHED	Unknown	NOT_ESTABLISHED	NOT_ESTABLISHED	n/a — passed	PHPUnit JUnit run 2026-08-12 (L1 only)	NOT_ESTABLISHED	NOT_ESTABLISHED	NOT_ESTABLISHED	NOT_ESTABLISHED
Tests\Feature\Election\ElectionOnlyModeTest::test_election_only_user_without_member_record_is_eligible	Tests\Feature\Election\ElectionOnlyModeTest	test_election_only_user_without_member_record_is_eligible	PASSED	2	0.094		Feature/HTTP (structural)	Election — general	NOT_ESTABLISHED	NOT_ESTABLISHED	NOT_ESTABLISHED	NOT_ESTABLISHED	NOT_ESTABLISHED	NOT_ESTABLISHED	NOT_ESTABLISHED	NOT_ESTABLISHED	Unknown	NOT_ESTABLISHED	NOT_ESTABLISHED	n/a — passed	PHPUnit JUnit run 2026-08-12 (L1 only)	NOT_ESTABLISHED	NOT_ESTABLISHED	NOT_ESTABLISHED	NOT_ESTABLISHED
Tests\Feature\Election\ElectionOnlyModeTest::test_full_membership_dropdown_only_shows_members_with_paid_exempt	Tests\Feature\Election\ElectionOnlyModeTest	test_full_membership_dropdown_only_shows_members_with_paid_exempt	PASSED	2	0.116		Feature/HTTP (structural)	Election — general	NOT_ESTABLISHED	NOT_ESTABLISHED	NOT_ESTABLISHED	NOT_ESTABLISHED	NOT_ESTABLISHED	NOT_ESTABLISHED	NOT_ESTABLISHED	NOT_ESTABLISHED	Unknown	NOT_ESTABLISHED	NOT_ESTABLISHED	n/a — passed	PHPUnit JUnit run 2026-08-12 (L1 only)	NOT_ESTABLISHED	NOT_ESTABLISHED	NOT_ESTABLISHED	NOT_ESTABLISHED
Tests\Feature\Election\ElectionOnlyModeTest::test_full_membership_org_defaults_to_true_for_new_orgs	Tests\Feature\Election\ElectionOnlyModeTest	test_full_membership_org_defaults_to_true_for_new_orgs	PASSED	3	0.086		Feature/HTTP (structural)	Election — general	NOT_ESTABLISHED	NOT_ESTABLISHED	NOT_ESTABLISHED	NOT_ESTABLISHED	NOT_ESTABLISHED	NOT_ESTABLISHED	NOT_ESTABLISHED	NOT_ESTABLISHED	Unknown	NOT_ESTABLISHED	NOT_ESTABLISHED	n/a — passed	PHPUnit JUnit run 2026-08-12 (L1 only)	NOT_ESTABLISHED	NOT_ESTABLISHED	NOT_ESTABLISHED	NOT_ESTABLISHED
Tests\Feature\Election\ElectionOnlyModeTest::test_full_membership_single_assign_rejects_user_without_member_record	Tests\Feature\Election\ElectionOnlyModeTest	test_full_membership_single_assign_rejects_user_without_member_record	PASSED	4	0.145		Feature/HTTP (structural)	Election — general	NOT_ESTABLISHED	NOT_ESTABLISHED	NOT_ESTABLISHED	NOT_ESTABLISHED	NOT_ESTABLISHED	NOT_ESTABLISHED	NOT_ESTABLISHED	NOT_ESTABLISHED	Unknown	NOT_ESTABLISHED	NOT_ESTABLISHED	n/a — passed	PHPUnit JUnit run 2026-08-12 (L1 only)	NOT_ESTABLISHED	NOT_ESTABLISHED	NOT_ESTABLISHED	NOT_ESTABLISHED
Tests\Feature\Election\ElectionOnlyModeTest::test_full_membership_user_with_active_member_is_eligible	Tests\Feature\Election\ElectionOnlyModeTest	test_full_membership_user_with_active_member_is_eligible	PASSED	1	0.108		Feature/HTTP (structural)	Election — general	NOT_ESTABLISHED	NOT_ESTABLISHED	NOT_ESTABLISHED	NOT_ESTABLISHED	NOT_ESTABLISHED	NOT_ESTABLISHED	NOT_ESTABLISHED	NOT_ESTABLISHED	Unknown	NOT_ESTABLISHED	NOT_ESTABLISHED	n/a — passed	PHPUnit JUnit run 2026-08-12 (L1 only)	NOT_ESTABLISHED	NOT_ESTABLISHED	NOT_ESTABLISHED	NOT_ESTABLISHED
Tests\Feature\Election\ElectionOnlyModeTest::test_full_membership_user_without_member_record_is_not_eligible	Tests\Feature\Election\ElectionOnlyModeTest	test_full_membership_user_without_member_record_is_not_eligible	PASSED	1	0.099		Feature/HTTP (structural)	Election — general	NOT_ESTABLISHED	NOT_ESTABLISHED	NOT_ESTABLISHED	NOT_ESTABLISHED	NOT_ESTABLISHED	NOT_ESTABLISHED	NOT_ESTABLISHED	NOT_ESTABLISHED	Unknown	NOT_ESTABLISHED	NOT_ESTABLISHED	n/a — passed	PHPUnit JUnit run 2026-08-12 (L1 only)	NOT_ESTABLISHED	NOT_ESTABLISHED	NOT_ESTABLISHED	NOT_ESTABLISHED
Tests\Feature\Election\ElectionPolicyStateAwareTest::test_cast_vote_allowed_during_voting_state	Tests\Feature\Election\ElectionPolicyStateAwareTest	test_cast_vote_allowed_during_voting_state	PASSED	1	0.060		Feature/HTTP (structural)	Election — general	NOT_ESTABLISHED	NOT_ESTABLISHED	NOT_ESTABLISHED	NOT_ESTABLISHED	NOT_ESTABLISHED	NOT_ESTABLISHED	NOT_ESTABLISHED	NOT_ESTABLISHED	Unknown	NOT_ESTABLISHED	NOT_ESTABLISHED	n/a — passed	PHPUnit JUnit run 2026-08-12 (L1 only)	NOT_ESTABLISHED	NOT_ESTABLISHED	NOT_ESTABLISHED	NOT_ESTABLISHED
Tests\Feature\Election\ElectionPolicyStateAwareTest::test_cast_vote_denied_after_voting_ends	Tests\Feature\Election\ElectionPolicyStateAwareTest	test_cast_vote_denied_after_voting_ends	PASSED	1	0.055		Feature/HTTP (structural)	Election — general	NOT_ESTABLISHED	NOT_ESTABLISHED	NOT_ESTABLISHED	NOT_ESTABLISHED	NOT_ESTABLISHED	NOT_ESTABLISHED	NOT_ESTABLISHED	NOT_ESTABLISHED	Unknown	NOT_ESTABLISHED	NOT_ESTABLISHED	n/a — passed	PHPUnit JUnit run 2026-08-12 (L1 only)	NOT_ESTABLISHED	NOT_ESTABLISHED	NOT_ESTABLISHED	NOT_ESTABLISHED
Tests\Feature\Election\ElectionPolicyStateAwareTest::test_cast_vote_denied_outside_voting_state	Tests\Feature\Election\ElectionPolicyStateAwareTest	test_cast_vote_denied_outside_voting_state	PASSED	1	0.054		Feature/HTTP (structural)	Election — general	NOT_ESTABLISHED	NOT_ESTABLISHED	NOT_ESTABLISHED	NOT_ESTABLISHED	NOT_ESTABLISHED	NOT_ESTABLISHED	NOT_ESTABLISHED	NOT_ESTABLISHED	Unknown	NOT_ESTABLISHED	NOT_ESTABLISHED	n/a — passed	PHPUnit JUnit run 2026-08-12 (L1 only)	NOT_ESTABLISHED	NOT_ESTABLISHED	NOT_ESTABLISHED	NOT_ESTABLISHED
Tests\Feature\Election\ElectionPolicyStateAwareTest::test_manage_settings_allowed_in_administration_for_officer	Tests\Feature\Election\ElectionPolicyStateAwareTest	test_manage_settings_allowed_in_administration_for_officer	PASSED	1	0.062		Feature/HTTP (structural)	Election — general	NOT_ESTABLISHED	NOT_ESTABLISHED	NOT_ESTABLISHED	NOT_ESTABLISHED	NOT_ESTABLISHED	NOT_ESTABLISHED	NOT_ESTABLISHED	NOT_ESTABLISHED	Unknown	NOT_ESTABLISHED	NOT_ESTABLISHED	n/a — passed	PHPUnit JUnit run 2026-08-12 (L1 only)	NOT_ESTABLISHED	NOT_ESTABLISHED	NOT_ESTABLISHED	NOT_ESTABLISHED
Tests\Feature\Election\ElectionPolicyStateAwareTest::test_manage_settings_allowed_in_nomination_for_officer	Tests\Feature\Election\ElectionPolicyStateAwareTest	test_manage_settings_allowed_in_nomination_for_officer	PASSED	1	0.058		Feature/HTTP (structural)	Election — general	NOT_ESTABLISHED	NOT_ESTABLISHED	NOT_ESTABLISHED	NOT_ESTABLISHED	NOT_ESTABLISHED	NOT_ESTABLISHED	NOT_ESTABLISHED	NOT_ESTABLISHED	Unknown	NOT_ESTABLISHED	NOT_ESTABLISHED	n/a — passed	PHPUnit JUnit run 2026-08-12 (L1 only)	NOT_ESTABLISHED	NOT_ESTABLISHED	NOT_ESTABLISHED	NOT_ESTABLISHED
Tests\Feature\Election\ElectionPolicyStateAwareTest::test_manage_settings_denied_during_results_pending_for_officer	Tests\Feature\Election\ElectionPolicyStateAwareTest	test_manage_settings_denied_during_results_pending_for_officer	PASSED	2	0.055		Feature/HTTP (structural)	Election — general	NOT_ESTABLISHED	NOT_ESTABLISHED	NOT_ESTABLISHED	NOT_ESTABLISHED	NOT_ESTABLISHED	NOT_ESTABLISHED	NOT_ESTABLISHED	NOT_ESTABLISHED	Unknown	NOT_ESTABLISHED	NOT_ESTABLISHED	n/a — passed	PHPUnit JUnit run 2026-08-12 (L1 only)	NOT_ESTABLISHED	NOT_ESTABLISHED	NOT_ESTABLISHED	NOT_ESTABLISHED
Tests\Feature\Election\ElectionPolicyStateAwareTest::test_manage_settings_denied_during_voting_for_officer	Tests\Feature\Election\ElectionPolicyStateAwareTest	test_manage_settings_denied_during_voting_for_officer	PASSED	1	0.060		Feature/HTTP (structural)	Election — general	NOT_ESTABLISHED	NOT_ESTABLISHED	NOT_ESTABLISHED	NOT_ESTABLISHED	NOT_ESTABLISHED	NOT_ESTABLISHED	NOT_ESTABLISHED	NOT_ESTABLISHED	Unknown	NOT_ESTABLISHED	NOT_ESTABLISHED	n/a — passed	PHPUnit JUnit run 2026-08-12 (L1 only)	NOT_ESTABLISHED	NOT_ESTABLISHED	NOT_ESTABLISHED	NOT_ESTABLISHED
Tests\Feature\Election\ElectionPolicyStateAwareTest::test_manage_settings_denied_in_results_state	Tests\Feature\Election\ElectionPolicyStateAwareTest	test_manage_settings_denied_in_results_state	PASSED	1	0.055		Feature/HTTP (structural)	Election — general	NOT_ESTABLISHED	NOT_ESTABLISHED	NOT_ESTABLISHED	NOT_ESTABLISHED	NOT_ESTABLISHED	NOT_ESTABLISHED	NOT_ESTABLISHED	NOT_ESTABLISHED	Unknown	NOT_ESTABLISHED	NOT_ESTABLISHED	n/a — passed	PHPUnit JUnit run 2026-08-12 (L1 only)	NOT_ESTABLISHED	NOT_ESTABLISHED	NOT_ESTABLISHED	NOT_ESTABLISHED
Tests\Feature\Election\ElectionPolicyStateAwareTest::test_view_results_allowed_in_results_state	Tests\Feature\Election\ElectionPolicyStateAwareTest	test_view_results_allowed_in_results_state	PASSED	1	0.058		Feature/HTTP (structural)	Election — general	NOT_ESTABLISHED	NOT_ESTABLISHED	NOT_ESTABLISHED	NOT_ESTABLISHED	NOT_ESTABLISHED	NOT_ESTABLISHED	NOT_ESTABLISHED	NOT_ESTABLISHED	Unknown	NOT_ESTABLISHED	NOT_ESTABLISHED	n/a — passed	PHPUnit JUnit run 2026-08-12 (L1 only)	NOT_ESTABLISHED	NOT_ESTABLISHED	NOT_ESTABLISHED	NOT_ESTABLISHED
Tests\Feature\Election\ElectionPolicyStateAwareTest::test_view_results_denied_before_publication	Tests\Feature\Election\ElectionPolicyStateAwareTest	test_view_results_denied_before_publication	PASSED	2	0.057		Feature/HTTP (structural)	Election — general	NOT_ESTABLISHED	NOT_ESTABLISHED	NOT_ESTABLISHED	NOT_ESTABLISHED	NOT_ESTABLISHED	NOT_ESTABLISHED	NOT_ESTABLISHED	NOT_ESTABLISHED	Unknown	NOT_ESTABLISHED	NOT_ESTABLISHED	n/a — passed	PHPUnit JUnit run 2026-08-12 (L1 only)	NOT_ESTABLISHED	NOT_ESTABLISHED	NOT_ESTABLISHED	NOT_ESTABLISHED
Tests\Feature\Election\ElectionPolicyTest::test_admin_cannot_manage_voters	Tests\Feature\Election\ElectionPolicyTest	test_admin_cannot_manage_voters	PASSED	1	0.046		Feature/HTTP (structural)	Election — general	NOT_ESTABLISHED	NOT_ESTABLISHED	NOT_ESTABLISHED	NOT_ESTABLISHED	NOT_ESTABLISHED	NOT_ESTABLISHED	NOT_ESTABLISHED	NOT_ESTABLISHED	Unknown	NOT_ESTABLISHED	NOT_ESTABLISHED	n/a — passed	PHPUnit JUnit run 2026-08-12 (L1 only)	NOT_ESTABLISHED	NOT_ESTABLISHED	NOT_ESTABLISHED	NOT_ESTABLISHED
Tests\Feature\Election\ElectionPolicyTest::test_chief_can_manage_voters	Tests\Feature\Election\ElectionPolicyTest	test_chief_can_manage_voters	PASSED	1	0.047		Feature/HTTP (structural)	Election — general	NOT_ESTABLISHED	NOT_ESTABLISHED	NOT_ESTABLISHED	NOT_ESTABLISHED	NOT_ESTABLISHED	NOT_ESTABLISHED	NOT_ESTABLISHED	NOT_ESTABLISHED	Unknown	NOT_ESTABLISHED	NOT_ESTABLISHED	n/a — passed	PHPUnit JUnit run 2026-08-12 (L1 only)	NOT_ESTABLISHED	NOT_ESTABLISHED	NOT_ESTABLISHED	NOT_ESTABLISHED
Tests\Feature\Election\ElectionPolicyTest::test_commissioner_cannot_manage_voters	Tests\Feature\Election\ElectionPolicyTest	test_commissioner_cannot_manage_voters	PASSED	1	0.049		Feature/HTTP (structural)	Election — general	NOT_ESTABLISHED	NOT_ESTABLISHED	NOT_ESTABLISHED	NOT_ESTABLISHED	NOT_ESTABLISHED	NOT_ESTABLISHED	NOT_ESTABLISHED	NOT_ESTABLISHED	Unknown	NOT_ESTABLISHED	NOT_ESTABLISHED	n/a — passed	PHPUnit JUnit run 2026-08-12 (L1 only)	NOT_ESTABLISHED	NOT_ESTABLISHED	NOT_ESTABLISHED	NOT_ESTABLISHED
Tests\Feature\Election\ElectionPolicyTest::test_deputy_can_manage_voters	Tests\Feature\Election\ElectionPolicyTest	test_deputy_can_manage_voters	PASSED	1	0.053		Feature/HTTP (structural)	Election — general	NOT_ESTABLISHED	NOT_ESTABLISHED	NOT_ESTABLISHED	NOT_ESTABLISHED	NOT_ESTABLISHED	NOT_ESTABLISHED	NOT_ESTABLISHED	NOT_ESTABLISHED	Unknown	NOT_ESTABLISHED	NOT_ESTABLISHED	n/a — passed	PHPUnit JUnit run 2026-08-12 (L1 only)	NOT_ESTABLISHED	NOT_ESTABLISHED	NOT_ESTABLISHED	NOT_ESTABLISHED
Tests\Feature\Election\ElectionPolicyTest::test_owner_cannot_manage_voters	Tests\Feature\Election\ElectionPolicyTest	test_owner_cannot_manage_voters	PASSED	1	0.049		Feature/HTTP (structural)	Election — general	NOT_ESTABLISHED	NOT_ESTABLISHED	NOT_ESTABLISHED	NOT_ESTABLISHED	NOT_ESTABLISHED	NOT_ESTABLISHED	NOT_ESTABLISHED	NOT_ESTABLISHED	Unknown	NOT_ESTABLISHED	NOT_ESTABLISHED	n/a — passed	PHPUnit JUnit run 2026-08-12 (L1 only)	NOT_ESTABLISHED	NOT_ESTABLISHED	NOT_ESTABLISHED	NOT_ESTABLISHED
Tests\Feature\Election\ElectionPolicyTest::test_plain_member_cannot_manage_voters	Tests\Feature\Election\ElectionPolicyTest	test_plain_member_cannot_manage_voters	PASSED	1	0.045		Feature/HTTP (structural)	Election — general	NOT_ESTABLISHED	NOT_ESTABLISHED	NOT_ESTABLISHED	NOT_ESTABLISHED	NOT_ESTABLISHED	NOT_ESTABLISHED	NOT_ESTABLISHED	NOT_ESTABLISHED	Unknown	NOT_ESTABLISHED	NOT_ESTABLISHED	n/a — passed	PHPUnit JUnit run 2026-08-12 (L1 only)	NOT_ESTABLISHED	NOT_ESTABLISHED	NOT_ESTABLISHED	NOT_ESTABLISHED
Tests\Feature\Election\ElectionProgressTest::progress_contains_all_main_states	Tests\Feature\Election\ElectionProgressTest	progress_contains_all_main_states	PASSED	10	0.034		Feature/HTTP (structural)	Election — general	NOT_ESTABLISHED	NOT_ESTABLISHED	NOT_ESTABLISHED	NOT_ESTABLISHED	NOT_ESTABLISHED	NOT_ESTABLISHED	NOT_ESTABLISHED	NOT_ESTABLISHED	Unknown	NOT_ESTABLISHED	NOT_ESTABLISHED	n/a — passed	PHPUnit JUnit run 2026-08-12 (L1 only)	NOT_ESTABLISHED	NOT_ESTABLISHED	NOT_ESTABLISHED	NOT_ESTABLISHED
Tests\Feature\Election\ElectionProgressTest::progress_marks_next_state_future_when_basics_incomplete	Tests\Feature\Election\ElectionProgressTest	progress_marks_next_state_future_when_basics_incomplete	PASSED	3	0.034		Feature/HTTP (structural)	Election — general	NOT_ESTABLISHED	NOT_ESTABLISHED	NOT_ESTABLISHED	NOT_ESTABLISHED	NOT_ESTABLISHED	NOT_ESTABLISHED	NOT_ESTABLISHED	NOT_ESTABLISHED	Unknown	NOT_ESTABLISHED	NOT_ESTABLISHED	n/a — passed	PHPUnit JUnit run 2026-08-12 (L1 only)	NOT_ESTABLISHED	NOT_ESTABLISHED	NOT_ESTABLISHED	NOT_ESTABLISHED
Tests\Feature\Election\ElectionProgressTest::progress_marks_next_state_future_when_prerequisites_met	Tests\Feature\Election\ElectionProgressTest	progress_marks_next_state_future_when_prerequisites_met	PASSED	2	0.062		Feature/HTTP (structural)	Election — general	NOT_ESTABLISHED	NOT_ESTABLISHED	NOT_ESTABLISHED	NOT_ESTABLISHED	NOT_ESTABLISHED	NOT_ESTABLISHED	NOT_ESTABLISHED	NOT_ESTABLISHED	Unknown	NOT_ESTABLISHED	NOT_ESTABLISHED	n/a — passed	PHPUnit JUnit run 2026-08-12 (L1 only)	NOT_ESTABLISHED	NOT_ESTABLISHED	NOT_ESTABLISHED	NOT_ESTABLISHED
Tests\Feature\Election\ElectionProgressTest::progress_marks_states_beyond_next_as_future_not_blocked	Tests\Feature\Election\ElectionProgressTest	progress_marks_states_beyond_next_as_future_not_blocked	PASSED	3	0.036		Feature/HTTP (structural)	Election — general	NOT_ESTABLISHED	NOT_ESTABLISHED	NOT_ESTABLISHED	NOT_ESTABLISHED	NOT_ESTABLISHED	NOT_ESTABLISHED	NOT_ESTABLISHED	NOT_ESTABLISHED	Unknown	NOT_ESTABLISHED	NOT_ESTABLISHED	n/a — passed	PHPUnit JUnit run 2026-08-12 (L1 only)	NOT_ESTABLISHED	NOT_ESTABLISHED	NOT_ESTABLISHED	NOT_ESTABLISHED
Tests\Feature\Election\ElectionProgressTest::progress_marks_voting_blocked_when_nomination_not_completed	Tests\Feature\Election\ElectionProgressTest	progress_marks_voting_blocked_when_nomination_not_completed	PASSED	3	0.038		Feature/HTTP (structural)	Election — general	NOT_ESTABLISHED	NOT_ESTABLISHED	NOT_ESTABLISHED	NOT_ESTABLISHED	NOT_ESTABLISHED	NOT_ESTABLISHED	NOT_ESTABLISHED	NOT_ESTABLISHED	Unknown	NOT_ESTABLISHED	NOT_ESTABLISHED	n/a — passed	PHPUnit JUnit run 2026-08-12 (L1 only)	NOT_ESTABLISHED	NOT_ESTABLISHED	NOT_ESTABLISHED	NOT_ESTABLISHED
Tests\Feature\Election\ElectionProgressTest::progress_returns_array_of_states	Tests\Feature\Election\ElectionProgressTest	progress_returns_array_of_states	PASSED	40	0.037		Feature/HTTP (structural)	Election — general	NOT_ESTABLISHED	NOT_ESTABLISHED	NOT_ESTABLISHED	NOT_ESTABLISHED	NOT_ESTABLISHED	NOT_ESTABLISHED	NOT_ESTABLISHED	NOT_ESTABLISHED	Unknown	NOT_ESTABLISHED	NOT_ESTABLISHED	n/a — passed	PHPUnit JUnit run 2026-08-12 (L1 only)	NOT_ESTABLISHED	NOT_ESTABLISHED	NOT_ESTABLISHED	NOT_ESTABLISHED
Tests\Feature\Election\ElectionSettingsControllerTest::active_election_with_confirmation_allows_update	Tests\Feature\Election\ElectionSettingsControllerTest	active_election_with_confirmation_allows_update	PASSED	2	0.069		Feature/HTTP (structural)	Election — general	NOT_ESTABLISHED	NOT_ESTABLISHED	NOT_ESTABLISHED	NOT_ESTABLISHED	NOT_ESTABLISHED	NOT_ESTABLISHED	NOT_ESTABLISHED	NOT_ESTABLISHED	Unknown	NOT_ESTABLISHED	NOT_ESTABLISHED	n/a — passed	PHPUnit JUnit run 2026-08-12 (L1 only)	NOT_ESTABLISHED	NOT_ESTABLISHED	NOT_ESTABLISHED	NOT_ESTABLISHED
Tests\Feature\Election\ElectionSettingsControllerTest::active_election_with_votes_requires_confirmation	Tests\Feature\Election\ElectionSettingsControllerTest	active_election_with_votes_requires_confirmation	PASSED	2	0.065		Feature/HTTP (structural)	Election — general	NOT_ESTABLISHED	NOT_ESTABLISHED	NOT_ESTABLISHED	NOT_ESTABLISHED	NOT_ESTABLISHED	NOT_ESTABLISHED	NOT_ESTABLISHED	NOT_ESTABLISHED	Unknown	NOT_ESTABLISHED	NOT_ESTABLISHED	n/a — passed	PHPUnit JUnit run 2026-08-12 (L1 only)	NOT_ESTABLISHED	NOT_ESTABLISHED	NOT_ESTABLISHED	NOT_ESTABLISHED
Tests\Feature\Election\ElectionSettingsControllerTest::admin_can_update_basic_settings	Tests\Feature\Election\ElectionSettingsControllerTest	admin_can_update_basic_settings	PASSED	3	0.067		Feature/HTTP (structural)	Election — general	NOT_ESTABLISHED	NOT_ESTABLISHED	NOT_ESTABLISHED	NOT_ESTABLISHED	NOT_ESTABLISHED	NOT_ESTABLISHED	NOT_ESTABLISHED	NOT_ESTABLISHED	Unknown	NOT_ESTABLISHED	NOT_ESTABLISHED	n/a — passed	PHPUnit JUnit run 2026-08-12 (L1 only)	NOT_ESTABLISHED	NOT_ESTABLISHED	NOT_ESTABLISHED	NOT_ESTABLISHED
Tests\Feature\Election\ElectionSettingsControllerTest::admin_can_view_election_settings_page	Tests\Feature\Election\ElectionSettingsControllerTest	admin_can_view_election_settings_page	PASSED	13	0.072		Feature/HTTP (structural)	Election — general	NOT_ESTABLISHED	NOT_ESTABLISHED	NOT_ESTABLISHED	NOT_ESTABLISHED	NOT_ESTABLISHED	NOT_ESTABLISHED	NOT_ESTABLISHED	NOT_ESTABLISHED	Unknown	NOT_ESTABLISHED	NOT_ESTABLISHED	n/a — passed	PHPUnit JUnit run 2026-08-12 (L1 only)	NOT_ESTABLISHED	NOT_ESTABLISHED	NOT_ESTABLISHED	NOT_ESTABLISHED
Tests\Feature\Election\ElectionSettingsControllerTest::array_fields_are_properly_detected_for_changes	Tests\Feature\Election\ElectionSettingsControllerTest	array_fields_are_properly_detected_for_changes	PASSED	2	0.066		Feature/HTTP (structural)	Election — general	NOT_ESTABLISHED	NOT_ESTABLISHED	NOT_ESTABLISHED	NOT_ESTABLISHED	NOT_ESTABLISHED	NOT_ESTABLISHED	NOT_ESTABLISHED	NOT_ESTABLISHED	Unknown	NOT_ESTABLISHED	NOT_ESTABLISHED	n/a — passed	PHPUnit JUnit run 2026-08-12 (L1 only)	NOT_ESTABLISHED	NOT_ESTABLISHED	NOT_ESTABLISHED	NOT_ESTABLISHED
Tests\Feature\Election\ElectionSettingsControllerTest::no_changes_recorded_if_all_values_remain_same	Tests\Feature\Election\ElectionSettingsControllerTest	no_changes_recorded_if_all_values_remain_same	PASSED	2	0.080		Feature/HTTP (structural)	Election — general	NOT_ESTABLISHED	NOT_ESTABLISHED	NOT_ESTABLISHED	NOT_ESTABLISHED	NOT_ESTABLISHED	NOT_ESTABLISHED	NOT_ESTABLISHED	NOT_ESTABLISHED	Unknown	NOT_ESTABLISHED	NOT_ESTABLISHED	n/a — passed	PHPUnit JUnit run 2026-08-12 (L1 only)	NOT_ESTABLISHED	NOT_ESTABLISHED	NOT_ESTABLISHED	NOT_ESTABLISHED
Tests\Feature\Election\ElectionSettingsControllerTest::non_admin_cannot_view_election_settings	Tests\Feature\Election\ElectionSettingsControllerTest	non_admin_cannot_view_election_settings	PASSED	1	0.069		Feature/HTTP (structural)	Election — general	NOT_ESTABLISHED	NOT_ESTABLISHED	NOT_ESTABLISHED	NOT_ESTABLISHED	NOT_ESTABLISHED	NOT_ESTABLISHED	NOT_ESTABLISHED	NOT_ESTABLISHED	Unknown	NOT_ESTABLISHED	NOT_ESTABLISHED	n/a — passed	PHPUnit JUnit run 2026-08-12 (L1 only)	NOT_ESTABLISHED	NOT_ESTABLISHED	NOT_ESTABLISHED	NOT_ESTABLISHED
Tests\Feature\Election\ElectionSettingsControllerTest::optimistic_locking_prevents_stale_writes	Tests\Feature\Election\ElectionSettingsControllerTest	optimistic_locking_prevents_stale_writes	PASSED	3	0.065		Feature/HTTP (structural)	Election — general	NOT_ESTABLISHED	NOT_ESTABLISHED	NOT_ESTABLISHED	NOT_ESTABLISHED	NOT_ESTABLISHED	NOT_ESTABLISHED	NOT_ESTABLISHED	NOT_ESTABLISHED	Unknown	NOT_ESTABLISHED	NOT_ESTABLISHED	n/a — passed	PHPUnit JUnit run 2026-08-12 (L1 only)	NOT_ESTABLISHED	NOT_ESTABLISHED	NOT_ESTABLISHED	NOT_ESTABLISHED
Tests\Feature\Election\ElectionSettingsControllerTest::settings_cache_is_invalidated_on_update	Tests\Feature\Election\ElectionSettingsControllerTest	settings_cache_is_invalidated_on_update	PASSED	4	0.066		Feature/HTTP (structural)	Election — general	NOT_ESTABLISHED	NOT_ESTABLISHED	NOT_ESTABLISHED	NOT_ESTABLISHED	NOT_ESTABLISHED	NOT_ESTABLISHED	NOT_ESTABLISHED	NOT_ESTABLISHED	Unknown	NOT_ESTABLISHED	NOT_ESTABLISHED	n/a — passed	PHPUnit JUnit run 2026-08-12 (L1 only)	NOT_ESTABLISHED	NOT_ESTABLISHED	NOT_ESTABLISHED	NOT_ESTABLISHED
Tests\Feature\Election\ElectionSettingsControllerTest::settings_changes_are_recorded_in_audit_trail	Tests\Feature\Election\ElectionSettingsControllerTest	settings_changes_are_recorded_in_audit_trail	PASSED	5	0.062		Feature/HTTP (structural)	Election — general	NOT_ESTABLISHED	NOT_ESTABLISHED	NOT_ESTABLISHED	NOT_ESTABLISHED	NOT_ESTABLISHED	NOT_ESTABLISHED	NOT_ESTABLISHED	NOT_ESTABLISHED	Unknown	NOT_ESTABLISHED	NOT_ESTABLISHED	n/a — passed	PHPUnit JUnit run 2026-08-12 (L1 only)	NOT_ESTABLISHED	NOT_ESTABLISHED	NOT_ESTABLISHED	NOT_ESTABLISHED
Tests\Feature\Election\ElectionSettingsControllerTest::settings_page_shows_has_votes_flag_for_demo_election	Tests\Feature\Election\ElectionSettingsControllerTest	settings_page_shows_has_votes_flag_for_demo_election	PASSED	10	0.085		Feature/HTTP (structural)	Election — general	NOT_ESTABLISHED	NOT_ESTABLISHED	NOT_ESTABLISHED	NOT_ESTABLISHED	NOT_ESTABLISHED	NOT_ESTABLISHED	NOT_ESTABLISHED	NOT_ESTABLISHED	Unknown	NOT_ESTABLISHED	NOT_ESTABLISHED	n/a — passed	PHPUnit JUnit run 2026-08-12 (L1 only)	NOT_ESTABLISHED	NOT_ESTABLISHED	NOT_ESTABLISHED	NOT_ESTABLISHED
Tests\Feature\Election\ElectionSettingsControllerTest::validation_rejects_invalid_ip_restriction_max	Tests\Feature\Election\ElectionSettingsControllerTest	validation_rejects_invalid_ip_restriction_max	PASSED	2	0.071		Feature/HTTP (structural)	Election — general	NOT_ESTABLISHED	NOT_ESTABLISHED	NOT_ESTABLISHED	NOT_ESTABLISHED	NOT_ESTABLISHED	NOT_ESTABLISHED	NOT_ESTABLISHED	NOT_ESTABLISHED	Unknown	NOT_ESTABLISHED	NOT_ESTABLISHED	n/a — passed	PHPUnit JUnit run 2026-08-12 (L1 only)	NOT_ESTABLISHED	NOT_ESTABLISHED	NOT_ESTABLISHED	NOT_ESTABLISHED
Tests\Feature\Election\ElectionSettingsControllerTest::validation_rejects_invalid_voter_verification_mode	Tests\Feature\Election\ElectionSettingsControllerTest	validation_rejects_invalid_voter_verification_mode	PASSED	2	0.067		Feature/HTTP (structural)	Election — general	NOT_ESTABLISHED	NOT_ESTABLISHED	NOT_ESTABLISHED	NOT_ESTABLISHED	NOT_ESTABLISHED	NOT_ESTABLISHED	NOT_ESTABLISHED	NOT_ESTABLISHED	Unknown	NOT_ESTABLISHED	NOT_ESTABLISHED	n/a — passed	PHPUnit JUnit run 2026-08-12 (L1 only)	NOT_ESTABLISHED	NOT_ESTABLISHED	NOT_ESTABLISHED	NOT_ESTABLISHED
Tests\Feature\Election\ElectionSettingsServiceTest::test_database_setting_overrides_env_value	Tests\Feature\Election\ElectionSettingsServiceTest	test_database_setting_overrides_env_value	PASSED	1	0.037		Feature/HTTP (structural)	Election — general	NOT_ESTABLISHED	NOT_ESTABLISHED	NOT_ESTABLISHED	NOT_ESTABLISHED	NOT_ESTABLISHED	NOT_ESTABLISHED	NOT_ESTABLISHED	NOT_ESTABLISHED	Unknown	NOT_ESTABLISHED	NOT_ESTABLISHED	n/a — passed	PHPUnit JUnit run 2026-08-12 (L1 only)	NOT_ESTABLISHED	NOT_ESTABLISHED	NOT_ESTABLISHED	NOT_ESTABLISHED
Tests\Feature\Election\ElectionSettingsServiceTest::test_falls_back_to_default_when_neither_set	Tests\Feature\Election\ElectionSettingsServiceTest	test_falls_back_to_default_when_neither_set	PASSED	1	0.035		Feature/HTTP (structural)	Election — general	NOT_ESTABLISHED	NOT_ESTABLISHED	NOT_ESTABLISHED	NOT_ESTABLISHED	NOT_ESTABLISHED	NOT_ESTABLISHED	NOT_ESTABLISHED	NOT_ESTABLISHED	Unknown	NOT_ESTABLISHED	NOT_ESTABLISHED	n/a — passed	PHPUnit JUnit run 2026-08-12 (L1 only)	NOT_ESTABLISHED	NOT_ESTABLISHED	NOT_ESTABLISHED	NOT_ESTABLISHED
Tests\Feature\Election\ElectionSettingsServiceTest::test_falls_back_to_env_when_database_not_set	Tests\Feature\Election\ElectionSettingsServiceTest	test_falls_back_to_env_when_database_not_set	PASSED	1	0.038		Feature/HTTP (structural)	Election — general	NOT_ESTABLISHED	NOT_ESTABLISHED	NOT_ESTABLISHED	NOT_ESTABLISHED	NOT_ESTABLISHED	NOT_ESTABLISHED	NOT_ESTABLISHED	NOT_ESTABLISHED	Unknown	NOT_ESTABLISHED	NOT_ESTABLISHED	n/a — passed	PHPUnit JUnit run 2026-08-12 (L1 only)	NOT_ESTABLISHED	NOT_ESTABLISHED	NOT_ESTABLISHED	NOT_ESTABLISHED
Tests\Feature\Election\ElectionSettingsServiceTest::test_selection_constraint_maps_correctly_to_select_all_required	Tests\Feature\Election\ElectionSettingsServiceTest	test_selection_constraint_maps_correctly_to_select_all_required	PASSED	5	0.044		Feature/HTTP (structural)	Election — general	NOT_ESTABLISHED	NOT_ESTABLISHED	NOT_ESTABLISHED	NOT_ESTABLISHED	NOT_ESTABLISHED	NOT_ESTABLISHED	NOT_ESTABLISHED	NOT_ESTABLISHED	Unknown	NOT_ESTABLISHED	NOT_ESTABLISHED	n/a — passed	PHPUnit JUnit run 2026-08-12 (L1 only)	NOT_ESTABLISHED	NOT_ESTABLISHED	NOT_ESTABLISHED	NOT_ESTABLISHED
Tests\Feature\Election\ElectionSettingsTest::test_admin_can_update_settings	Tests\Feature\Election\ElectionSettingsTest	test_admin_can_update_settings	PASSED	10	0.073		Feature/HTTP (structural)	Election — general	NOT_ESTABLISHED	NOT_ESTABLISHED	NOT_ESTABLISHED	NOT_ESTABLISHED	NOT_ESTABLISHED	NOT_ESTABLISHED	NOT_ESTABLISHED	NOT_ESTABLISHED	Unknown	NOT_ESTABLISHED	NOT_ESTABLISHED	n/a — passed	PHPUnit JUnit run 2026-08-12 (L1 only)	NOT_ESTABLISHED	NOT_ESTABLISHED	NOT_ESTABLISHED	NOT_ESTABLISHED
Tests\Feature\Election\ElectionSettingsTest::test_admin_can_view_settings_page	Tests\Feature\Election\ElectionSettingsTest	test_admin_can_view_settings_page	PASSED	10	0.080		Feature/HTTP (structural)	Election — general	NOT_ESTABLISHED	NOT_ESTABLISHED	NOT_ESTABLISHED	NOT_ESTABLISHED	NOT_ESTABLISHED	NOT_ESTABLISHED	NOT_ESTABLISHED	NOT_ESTABLISHED	Unknown	NOT_ESTABLISHED	NOT_ESTABLISHED	n/a — passed	PHPUnit JUnit run 2026-08-12 (L1 only)	NOT_ESTABLISHED	NOT_ESTABLISHED	NOT_ESTABLISHED	NOT_ESTABLISHED
Tests\Feature\Election\ElectionSettingsTest::test_ip_restriction_blocks_excess_votes_from_same_ip	Tests\Feature\Election\ElectionSettingsTest	test_ip_restriction_blocks_excess_votes_from_same_ip	FAILURE	1	0.093	Expected response status code [403] but received 302.	Feature/HTTP (structural)	Election — general	NOT_ESTABLISHED	NOT_ESTABLISHED	NOT_ESTABLISHED	NOT_ESTABLISHED	NOT_ESTABLISHED	NOT_ESTABLISHED	NOT_ESTABLISHED	NOT_ESTABLISHED	Unknown	NOT_ESTABLISHED	NOT_ESTABLISHED	Mechanism not yet established	PHPUnit JUnit run 2026-08-12 (L1 only)	NOT_ESTABLISHED	NOT_ESTABLISHED	NOT_ESTABLISHED	NOT_ESTABLISHED
Tests\Feature\Election\ElectionSettingsTest::test_no_vote_option_setting_persists_correctly	Tests\Feature\Election\ElectionSettingsTest	test_no_vote_option_setting_persists_correctly	PASSED	3	0.074		Feature/HTTP (structural)	Election — general	NOT_ESTABLISHED	NOT_ESTABLISHED	NOT_ESTABLISHED	NOT_ESTABLISHED	NOT_ESTABLISHED	NOT_ESTABLISHED	NOT_ESTABLISHED	NOT_ESTABLISHED	Unknown	NOT_ESTABLISHED	NOT_ESTABLISHED	n/a — passed	PHPUnit JUnit run 2026-08-12 (L1 only)	NOT_ESTABLISHED	NOT_ESTABLISHED	NOT_ESTABLISHED	NOT_ESTABLISHED
Tests\Feature\Election\ElectionSettingsTest::test_non_admin_cannot_update_settings	Tests\Feature\Election\ElectionSettingsTest	test_non_admin_cannot_update_settings	PASSED	1	0.075		Feature/HTTP (structural)	Election — general	NOT_ESTABLISHED	NOT_ESTABLISHED	NOT_ESTABLISHED	NOT_ESTABLISHED	NOT_ESTABLISHED	NOT_ESTABLISHED	NOT_ESTABLISHED	NOT_ESTABLISHED	Unknown	NOT_ESTABLISHED	NOT_ESTABLISHED	n/a — passed	PHPUnit JUnit run 2026-08-12 (L1 only)	NOT_ESTABLISHED	NOT_ESTABLISHED	NOT_ESTABLISHED	NOT_ESTABLISHED
Tests\Feature\Election\ElectionSettingsTest::test_optimistic_lock_rejects_stale_version	Tests\Feature\Election\ElectionSettingsTest	test_optimistic_lock_rejects_stale_version	PASSED	3	0.072		Feature/HTTP (structural)	Election — general	NOT_ESTABLISHED	NOT_ESTABLISHED	NOT_ESTABLISHED	NOT_ESTABLISHED	NOT_ESTABLISHED	NOT_ESTABLISHED	NOT_ESTABLISHED	NOT_ESTABLISHED	Unknown	NOT_ESTABLISHED	NOT_ESTABLISHED	n/a — passed	PHPUnit JUnit run 2026-08-12 (L1 only)	NOT_ESTABLISHED	NOT_ESTABLISHED	NOT_ESTABLISHED	NOT_ESTABLISHED
Tests\Feature\Election\ElectionSettingsTest::test_selection_constraint_persists_correctly	Tests\Feature\Election\ElectionSettingsTest	test_selection_constraint_persists_correctly	PASSED	3	0.082		Feature/HTTP (structural)	Election — general	NOT_ESTABLISHED	NOT_ESTABLISHED	NOT_ESTABLISHED	NOT_ESTABLISHED	NOT_ESTABLISHED	NOT_ESTABLISHED	NOT_ESTABLISHED	NOT_ESTABLISHED	Unknown	NOT_ESTABLISHED	NOT_ESTABLISHED	n/a — passed	PHPUnit JUnit run 2026-08-12 (L1 only)	NOT_ESTABLISHED	NOT_ESTABLISHED	NOT_ESTABLISHED	NOT_ESTABLISHED
Tests\Feature\Election\ElectionSettingsTest::test_settings_version_increments_on_each_update	Tests\Feature\Election\ElectionSettingsTest	test_settings_version_increments_on_each_update	PASSED	2	0.075		Feature/HTTP (structural)	Election — general	NOT_ESTABLISHED	NOT_ESTABLISHED	NOT_ESTABLISHED	NOT_ESTABLISHED	NOT_ESTABLISHED	NOT_ESTABLISHED	NOT_ESTABLISHED	NOT_ESTABLISHED	Unknown	NOT_ESTABLISHED	NOT_ESTABLISHED	n/a — passed	PHPUnit JUnit run 2026-08-12 (L1 only)	NOT_ESTABLISHED	NOT_ESTABLISHED	NOT_ESTABLISHED	NOT_ESTABLISHED
Tests\Feature\Election\ElectionSettingsTest::test_whitelisted_ip_bypasses_restriction	Tests\Feature\Election\ElectionSettingsTest	test_whitelisted_ip_bypasses_restriction	PASSED	1	0.089		Feature/HTTP (structural)	Election — general	NOT_ESTABLISHED	NOT_ESTABLISHED	NOT_ESTABLISHED	NOT_ESTABLISHED	NOT_ESTABLISHED	NOT_ESTABLISHED	NOT_ESTABLISHED	NOT_ESTABLISHED	Unknown	NOT_ESTABLISHED	NOT_ESTABLISHED	n/a — passed	PHPUnit JUnit run 2026-08-12 (L1 only)	NOT_ESTABLISHED	NOT_ESTABLISHED	NOT_ESTABLISHED	NOT_ESTABLISHED
Tests\Feature\Election\ElectionShowControllerTest::dashboard_resolver_redirects_to_elections_show_for_single_election	Tests\Feature\Election\ElectionShowControllerTest	dashboard_resolver_redirects_to_elections_show_for_single_election	FAILURE	1	0.053	Failed asserting that 'http://localhost/organisations/test-org-6a7c62506ef34' [ASCII](length: 53) contains "/elections/test-election-6a7c62506f518" [ASCII](length: 38).	Feature/HTTP (structural)	Election — general	NOT_ESTABLISHED	NOT_ESTABLISHED	NOT_ESTABLISHED	NOT_ESTABLISHED	NOT_ESTABLISHED	NOT_ESTABLISHED	NOT_ESTABLISHED	NOT_ESTABLISHED	Unknown	NOT_ESTABLISHED	NOT_ESTABLISHED	Mechanism not yet established	PHPUnit JUnit run 2026-08-12 (L1 only)	NOT_ESTABLISHED	NOT_ESTABLISHED	NOT_ESTABLISHED	NOT_ESTABLISHED
Tests\Feature\Election\ElectionShowControllerTest::demo_election_returns_404	Tests\Feature\Election\ElectionShowControllerTest	demo_election_returns_404	PASSED	1	0.052		Feature/HTTP (structural)	Election — general	NOT_ESTABLISHED	NOT_ESTABLISHED	NOT_ESTABLISHED	NOT_ESTABLISHED	NOT_ESTABLISHED	NOT_ESTABLISHED	NOT_ESTABLISHED	NOT_ESTABLISHED	Unknown	NOT_ESTABLISHED	NOT_ESTABLISHED	n/a — passed	PHPUnit JUnit run 2026-08-12 (L1 only)	NOT_ESTABLISHED	NOT_ESTABLISHED	NOT_ESTABLISHED	NOT_ESTABLISHED
Tests\Feature\Election\ElectionShowControllerTest::eligible_voter_sees_can_vote_true_and_has_voted_false	Tests\Feature\Election\ElectionShowControllerTest	eligible_voter_sees_can_vote_true_and_has_voted_false	FAILURE	11	0.068	Property [canVote] does not match the expected value.	Feature/HTTP (structural)	Election — general	NOT_ESTABLISHED	NOT_ESTABLISHED	NOT_ESTABLISHED	NOT_ESTABLISHED	NOT_ESTABLISHED	NOT_ESTABLISHED	NOT_ESTABLISHED	NOT_ESTABLISHED	Unknown	NOT_ESTABLISHED	NOT_ESTABLISHED	Mechanism not yet established	PHPUnit JUnit run 2026-08-12 (L1 only)	NOT_ESTABLISHED	NOT_ESTABLISHED	NOT_ESTABLISHED	NOT_ESTABLISHED
Tests\Feature\Election\ElectionShowControllerTest::guest_is_redirected_to_login	Tests\Feature\Election\ElectionShowControllerTest	guest_is_redirected_to_login	PASSED	2	0.036		Feature/HTTP (structural)	Election — general	NOT_ESTABLISHED	NOT_ESTABLISHED	NOT_ESTABLISHED	NOT_ESTABLISHED	NOT_ESTABLISHED	NOT_ESTABLISHED	NOT_ESTABLISHED	NOT_ESTABLISHED	Unknown	NOT_ESTABLISHED	NOT_ESTABLISHED	n/a — passed	PHPUnit JUnit run 2026-08-12 (L1 only)	NOT_ESTABLISHED	NOT_ESTABLISHED	NOT_ESTABLISHED	NOT_ESTABLISHED
Tests\Feature\Election\ElectionShowControllerTest::non_member_sees_can_vote_false	Tests\Feature\Election\ElectionShowControllerTest	non_member_sees_can_vote_false	PASSED	13	0.060		Feature/HTTP (structural)	Election — general	NOT_ESTABLISHED	NOT_ESTABLISHED	NOT_ESTABLISHED	NOT_ESTABLISHED	NOT_ESTABLISHED	NOT_ESTABLISHED	NOT_ESTABLISHED	NOT_ESTABLISHED	Unknown	NOT_ESTABLISHED	NOT_ESTABLISHED	n/a — passed	PHPUnit JUnit run 2026-08-12 (L1 only)	NOT_ESTABLISHED	NOT_ESTABLISHED	NOT_ESTABLISHED	NOT_ESTABLISHED
Tests\Feature\Election\ElectionShowControllerTest::renders_election_show_inertia_component	Tests\Feature\Election\ElectionShowControllerTest	renders_election_show_inertia_component	PASSED	10	0.068		Feature/HTTP (structural)	Election — general	NOT_ESTABLISHED	NOT_ESTABLISHED	NOT_ESTABLISHED	NOT_ESTABLISHED	NOT_ESTABLISHED	NOT_ESTABLISHED	NOT_ESTABLISHED	NOT_ESTABLISHED	Unknown	NOT_ESTABLISHED	NOT_ESTABLISHED	n/a — passed	PHPUnit JUnit run 2026-08-12 (L1 only)	NOT_ESTABLISHED	NOT_ESTABLISHED	NOT_ESTABLISHED	NOT_ESTABLISHED
Tests\Feature\Election\ElectionShowControllerTest::start_for_already_voted_redirects_with_info	Tests\Feature\Election\ElectionShowControllerTest	start_for_already_voted_redirects_with_info	FAILURE	3	0.066	Session is missing expected key [info].	Feature/HTTP (structural)	Election — general	NOT_ESTABLISHED	NOT_ESTABLISHED	NOT_ESTABLISHED	NOT_ESTABLISHED	NOT_ESTABLISHED	NOT_ESTABLISHED	NOT_ESTABLISHED	NOT_ESTABLISHED	Unknown	NOT_ESTABLISHED	NOT_ESTABLISHED	Mechanism not yet established	PHPUnit JUnit run 2026-08-12 (L1 only)	NOT_ESTABLISHED	NOT_ESTABLISHED	NOT_ESTABLISHED	NOT_ESTABLISHED
Tests\Feature\Election\ElectionShowControllerTest::start_for_eligible_voter_creates_voter_slug_and_redirects	Tests\Feature\Election\ElectionShowControllerTest	start_for_eligible_voter_creates_voter_slug_and_redirects	FAILURE	2	0.056	Failed asserting that 'http://localhost/elections/test-election-6a7c62507b460' [ASCII](length: 54) contains "/v/" [ASCII](length: 3).	Feature/HTTP (structural)	Election — general	NOT_ESTABLISHED	NOT_ESTABLISHED	NOT_ESTABLISHED	NOT_ESTABLISHED	NOT_ESTABLISHED	NOT_ESTABLISHED	NOT_ESTABLISHED	NOT_ESTABLISHED	Unknown	NOT_ESTABLISHED	NOT_ESTABLISHED	Mechanism not yet established	PHPUnit JUnit run 2026-08-12 (L1 only)	NOT_ESTABLISHED	NOT_ESTABLISHED	NOT_ESTABLISHED	NOT_ESTABLISHED
Tests\Feature\Election\ElectionShowControllerTest::start_for_non_member_redirects_with_error	Tests\Feature\Election\ElectionShowControllerTest	start_for_non_member_redirects_with_error	PASSED	3	0.054		Feature/HTTP (structural)	Election — general	NOT_ESTABLISHED	NOT_ESTABLISHED	NOT_ESTABLISHED	NOT_ESTABLISHED	NOT_ESTABLISHED	NOT_ESTABLISHED	NOT_ESTABLISHED	NOT_ESTABLISHED	Unknown	NOT_ESTABLISHED	NOT_ESTABLISHED	n/a — passed	PHPUnit JUnit run 2026-08-12 (L1 only)	NOT_ESTABLISHED	NOT_ESTABLISHED	NOT_ESTABLISHED	NOT_ESTABLISHED
Tests\Feature\Election\ElectionShowControllerTest::start_reuses_existing_active_voter_slug	Tests\Feature\Election\ElectionShowControllerTest	start_reuses_existing_active_voter_slug	PASSED	1	0.058		Feature/HTTP (structural)	Election — general	NOT_ESTABLISHED	NOT_ESTABLISHED	NOT_ESTABLISHED	NOT_ESTABLISHED	NOT_ESTABLISHED	NOT_ESTABLISHED	NOT_ESTABLISHED	NOT_ESTABLISHED	Unknown	NOT_ESTABLISHED	NOT_ESTABLISHED	n/a — passed	PHPUnit JUnit run 2026-08-12 (L1 only)	NOT_ESTABLISHED	NOT_ESTABLISHED	NOT_ESTABLISHED	NOT_ESTABLISHED
Tests\Feature\Election\ElectionShowControllerTest::unknown_slug_returns_404	Tests\Feature\Election\ElectionShowControllerTest	unknown_slug_returns_404	PASSED	1	0.052		Feature/HTTP (structural)	Election — general	NOT_ESTABLISHED	NOT_ESTABLISHED	NOT_ESTABLISHED	NOT_ESTABLISHED	NOT_ESTABLISHED	NOT_ESTABLISHED	NOT_ESTABLISHED	NOT_ESTABLISHED	Unknown	NOT_ESTABLISHED	NOT_ESTABLISHED	n/a — passed	PHPUnit JUnit run 2026-08-12 (L1 only)	NOT_ESTABLISHED	NOT_ESTABLISHED	NOT_ESTABLISHED	NOT_ESTABLISHED
Tests\Feature\Election\ElectionShowControllerTest::voted_user_sees_has_voted_true_and_can_vote_false	Tests\Feature\Election\ElectionShowControllerTest	voted_user_sees_has_voted_true_and_can_vote_false	FAILURE	11	0.065	Property [hasVoted] does not match the expected value.	Feature/HTTP (structural)	Election — general	NOT_ESTABLISHED	NOT_ESTABLISHED	NOT_ESTABLISHED	NOT_ESTABLISHED	NOT_ESTABLISHED	NOT_ESTABLISHED	NOT_ESTABLISHED	NOT_ESTABLISHED	Unknown	NOT_ESTABLISHED	NOT_ESTABLISHED	Mechanism not yet established	PHPUnit JUnit run 2026-08-12 (L1 only)	NOT_ESTABLISHED	NOT_ESTABLISHED	NOT_ESTABLISHED	NOT_ESTABLISHED
Tests\Feature\Election\ElectionStateMachineCapabilitiesTest::test_allowed_actions_removed_from_state_machine_prop	Tests\Feature\Election\ElectionStateMachineCapabilitiesTest	test_allowed_actions_removed_from_state_machine_prop	PASSED	2	0.075		Feature/HTTP (structural)	Election — general	NOT_ESTABLISHED	NOT_ESTABLISHED	NOT_ESTABLISHED	NOT_ESTABLISHED	NOT_ESTABLISHED	NOT_ESTABLISHED	NOT_ESTABLISHED	NOT_ESTABLISHED	Unknown	NOT_ESTABLISHED	NOT_ESTABLISHED	n/a — passed	PHPUnit JUnit run 2026-08-12 (L1 only)	NOT_ESTABLISHED	NOT_ESTABLISHED	NOT_ESTABLISHED	NOT_ESTABLISHED
Tests\Feature\Election\ElectionStateMachineCapabilitiesTest::test_capabilities_actions_match_constitution_exactly_no_gaps_no_extras	Tests\Feature\Election\ElectionStateMachineCapabilitiesTest	test_capabilities_actions_match_constitution_exactly_no_gaps_no_extras	FAILURE	11	0.075	Capabilities must contain exactly 14 actions (no gaps, no extras)	Feature/HTTP (structural)	Election — general	NOT_ESTABLISHED	NOT_ESTABLISHED	NOT_ESTABLISHED	NOT_ESTABLISHED	NOT_ESTABLISHED	NOT_ESTABLISHED	NOT_ESTABLISHED	NOT_ESTABLISHED	Unknown	NOT_ESTABLISHED	NOT_ESTABLISHED	Mechanism not yet established	PHPUnit JUnit run 2026-08-12 (L1 only)	NOT_ESTABLISHED	NOT_ESTABLISHED	NOT_ESTABLISHED	NOT_ESTABLISHED
Tests\Feature\Election\ElectionStateMachineCapabilitiesTest::test_capabilities_contains_exactly_all_constitution_actions	Tests\Feature\Election\ElectionStateMachineCapabilitiesTest	test_capabilities_contains_exactly_all_constitution_actions	FAILURE	11	0.080	Capabilities must contain exactly the constitution actions, no more, no less	Feature/HTTP (structural)	Election — general	NOT_ESTABLISHED	NOT_ESTABLISHED	NOT_ESTABLISHED	NOT_ESTABLISHED	NOT_ESTABLISHED	NOT_ESTABLISHED	NOT_ESTABLISHED	NOT_ESTABLISHED	Unknown	NOT_ESTABLISHED	NOT_ESTABLISHED	Mechanism not yet established	PHPUnit JUnit run 2026-08-12 (L1 only)	NOT_ESTABLISHED	NOT_ESTABLISHED	NOT_ESTABLISHED	NOT_ESTABLISHED
Tests\Feature\Election\ElectionStateMachineCapabilitiesTest::test_capabilities_metadata_contains_resolver_version_and_timestamp	Tests\Feature\Election\ElectionStateMachineCapabilitiesTest	test_capabilities_metadata_contains_resolver_version_and_timestamp	PASSED	17	0.072		Feature/HTTP (structural)	Election — general	NOT_ESTABLISHED	NOT_ESTABLISHED	NOT_ESTABLISHED	NOT_ESTABLISHED	NOT_ESTABLISHED	NOT_ESTABLISHED	NOT_ESTABLISHED	NOT_ESTABLISHED	Unknown	NOT_ESTABLISHED	NOT_ESTABLISHED	n/a — passed	PHPUnit JUnit run 2026-08-12 (L1 only)	NOT_ESTABLISHED	NOT_ESTABLISHED	NOT_ESTABLISHED	NOT_ESTABLISHED
Tests\Feature\Election\ElectionStateMachineCapabilitiesTest::test_each_capability_entry_has_allowed_and_denial_reason_fields	Tests\Feature\Election\ElectionStateMachineCapabilitiesTest	test_each_capability_entry_has_allowed_and_denial_reason_fields	PASSED	82	0.073		Feature/HTTP (structural)	Election — general	NOT_ESTABLISHED	NOT_ESTABLISHED	NOT_ESTABLISHED	NOT_ESTABLISHED	NOT_ESTABLISHED	NOT_ESTABLISHED	NOT_ESTABLISHED	NOT_ESTABLISHED	Unknown	NOT_ESTABLISHED	NOT_ESTABLISHED	n/a — passed	PHPUnit JUnit run 2026-08-12 (L1 only)	NOT_ESTABLISHED	NOT_ESTABLISHED	NOT_ESTABLISHED	NOT_ESTABLISHED
Tests\Feature\Election\ElectionStateMachineCapabilitiesTest::test_management_index_returns_capabilities_in_state_machine_prop	Tests\Feature\Election\ElectionStateMachineCapabilitiesTest	test_management_index_returns_capabilities_in_state_machine_prop	PASSED	10	0.069		Feature/HTTP (structural)	Election — general	NOT_ESTABLISHED	NOT_ESTABLISHED	NOT_ESTABLISHED	NOT_ESTABLISHED	NOT_ESTABLISHED	NOT_ESTABLISHED	NOT_ESTABLISHED	NOT_ESTABLISHED	Unknown	NOT_ESTABLISHED	NOT_ESTABLISHED	n/a — passed	PHPUnit JUnit run 2026-08-12 (L1 only)	NOT_ESTABLISHED	NOT_ESTABLISHED	NOT_ESTABLISHED	NOT_ESTABLISHED
Tests\Feature\Election\ElectionStateMachineCapabilitiesTest::test_open_voting_blocked_reason_removed_from_inertia_props	Tests\Feature\Election\ElectionStateMachineCapabilitiesTest	test_open_voting_blocked_reason_removed_from_inertia_props	PASSED	2	0.069		Feature/HTTP (structural)	Election — general	NOT_ESTABLISHED	NOT_ESTABLISHED	NOT_ESTABLISHED	NOT_ESTABLISHED	NOT_ESTABLISHED	NOT_ESTABLISHED	NOT_ESTABLISHED	NOT_ESTABLISHED	Unknown	NOT_ESTABLISHED	NOT_ESTABLISHED	n/a — passed	PHPUnit JUnit run 2026-08-12 (L1 only)	NOT_ESTABLISHED	NOT_ESTABLISHED	NOT_ESTABLISHED	NOT_ESTABLISHED
Tests\Feature\Election\ElectionStateMachineCapabilitiesTest::test_suspended_election_capabilities_denies_all_except_resume	Tests\Feature\Election\ElectionStateMachineCapabilitiesTest	test_suspended_election_capabilities_denies_all_except_resume	PASSED	22	0.072		Feature/HTTP (structural)	Election — general	NOT_ESTABLISHED	NOT_ESTABLISHED	NOT_ESTABLISHED	NOT_ESTABLISHED	NOT_ESTABLISHED	NOT_ESTABLISHED	NOT_ESTABLISHED	NOT_ESTABLISHED	Unknown	NOT_ESTABLISHED	NOT_ESTABLISHED	n/a — passed	PHPUnit JUnit run 2026-08-12 (L1 only)	NOT_ESTABLISHED	NOT_ESTABLISHED	NOT_ESTABLISHED	NOT_ESTABLISHED
Tests\Feature\Election\ElectionStateMachineCapabilitiesTest::test_unauthenticated_user_gets_all_capabilities_denied	Tests\Feature\Election\ElectionStateMachineCapabilitiesTest	test_unauthenticated_user_gets_all_capabilities_denied	PASSED	1	0.051		Feature/HTTP (structural)	Election — general	NOT_ESTABLISHED	NOT_ESTABLISHED	NOT_ESTABLISHED	NOT_ESTABLISHED	NOT_ESTABLISHED	NOT_ESTABLISHED	NOT_ESTABLISHED	NOT_ESTABLISHED	Unknown	NOT_ESTABLISHED	NOT_ESTABLISHED	n/a — passed	PHPUnit JUnit run 2026-08-12 (L1 only)	NOT_ESTABLISHED	NOT_ESTABLISHED	NOT_ESTABLISHED	NOT_ESTABLISHED
Tests\Feature\Election\ElectionStateMachineProjectionTest::test_completedStates_respects_progression_order	Tests\Feature\Election\ElectionStateMachineProjectionTest	test_completedStates_respects_progression_order	PASSED	9	0.072		Feature/HTTP (structural)	Election — general	NOT_ESTABLISHED	NOT_ESTABLISHED	NOT_ESTABLISHED	NOT_ESTABLISHED	NOT_ESTABLISHED	NOT_ESTABLISHED	NOT_ESTABLISHED	NOT_ESTABLISHED	Unknown	NOT_ESTABLISHED	NOT_ESTABLISHED	n/a — passed	PHPUnit JUnit run 2026-08-12 (L1 only)	NOT_ESTABLISHED	NOT_ESTABLISHED	NOT_ESTABLISHED	NOT_ESTABLISHED
Tests\Feature\Election\ElectionStateMachineProjectionTest::test_completedStates_structure_and_types	Tests\Feature\Election\ElectionStateMachineProjectionTest	test_completedStates_structure_and_types	PASSED	10	0.071		Feature/HTTP (structural)	Election — general	NOT_ESTABLISHED	NOT_ESTABLISHED	NOT_ESTABLISHED	NOT_ESTABLISHED	NOT_ESTABLISHED	NOT_ESTABLISHED	NOT_ESTABLISHED	NOT_ESTABLISHED	Unknown	NOT_ESTABLISHED	NOT_ESTABLISHED	n/a — passed	PHPUnit JUnit run 2026-08-12 (L1 only)	NOT_ESTABLISHED	NOT_ESTABLISHED	NOT_ESTABLISHED	NOT_ESTABLISHED
Tests\Feature\Election\ElectionStateMachineProjectionTest::test_draft_has_empty_completedStates_and_projection_available	Tests\Feature\Election\ElectionStateMachineProjectionTest	test_draft_has_empty_completedStates_and_projection_available	PASSED	12	0.073		Feature/HTTP (structural)	Election — general	NOT_ESTABLISHED	NOT_ESTABLISHED	NOT_ESTABLISHED	NOT_ESTABLISHED	NOT_ESTABLISHED	NOT_ESTABLISHED	NOT_ESTABLISHED	NOT_ESTABLISHED	Unknown	NOT_ESTABLISHED	NOT_ESTABLISHED	n/a — passed	PHPUnit JUnit run 2026-08-12 (L1 only)	NOT_ESTABLISHED	NOT_ESTABLISHED	NOT_ESTABLISHED	NOT_ESTABLISHED
Tests\Feature\Election\ElectionStateMachineProjectionTest::test_stateMachine_includes_completedStates_and_projectionAvailable	Tests\Feature\Election\ElectionStateMachineProjectionTest	test_stateMachine_includes_completedStates_and_projectionAvailable	PASSED	10	0.072		Feature/HTTP (structural)	Election — general	NOT_ESTABLISHED	NOT_ESTABLISHED	NOT_ESTABLISHED	NOT_ESTABLISHED	NOT_ESTABLISHED	NOT_ESTABLISHED	NOT_ESTABLISHED	NOT_ESTABLISHED	Unknown	NOT_ESTABLISHED	NOT_ESTABLISHED	n/a — passed	PHPUnit JUnit run 2026-08-12 (L1 only)	NOT_ESTABLISHED	NOT_ESTABLISHED	NOT_ESTABLISHED	NOT_ESTABLISHED
Tests\Feature\Election\ElectionStateTransitionMigrationTest::test_election_id_is_indexed	Tests\Feature\Election\ElectionStateTransitionMigrationTest	test_election_id_is_indexed	PASSED	1	0.031		Feature/HTTP (structural)	Election — general	NOT_ESTABLISHED	NOT_ESTABLISHED	NOT_ESTABLISHED	NOT_ESTABLISHED	NOT_ESTABLISHED	NOT_ESTABLISHED	NOT_ESTABLISHED	NOT_ESTABLISHED	Unknown	NOT_ESTABLISHED	NOT_ESTABLISHED	n/a — passed	PHPUnit JUnit run 2026-08-12 (L1 only)	NOT_ESTABLISHED	NOT_ESTABLISHED	NOT_ESTABLISHED	NOT_ESTABLISHED
Tests\Feature\Election\ElectionStateTransitionMigrationTest::test_election_state_transitions_table_exists	Tests\Feature\Election\ElectionStateTransitionMigrationTest	test_election_state_transitions_table_exists	PASSED	1	0.031		Feature/HTTP (structural)	Election — general	NOT_ESTABLISHED	NOT_ESTABLISHED	NOT_ESTABLISHED	NOT_ESTABLISHED	NOT_ESTABLISHED	NOT_ESTABLISHED	NOT_ESTABLISHED	NOT_ESTABLISHED	Unknown	NOT_ESTABLISHED	NOT_ESTABLISHED	n/a — passed	PHPUnit JUnit run 2026-08-12 (L1 only)	NOT_ESTABLISHED	NOT_ESTABLISHED	NOT_ESTABLISHED	NOT_ESTABLISHED
Tests\Feature\Election\ElectionStateTransitionMigrationTest::test_has_no_updated_at_column	Tests\Feature\Election\ElectionStateTransitionMigrationTest	test_has_no_updated_at_column	PASSED	1	0.031		Feature/HTTP (structural)	Election — general	NOT_ESTABLISHED	NOT_ESTABLISHED	NOT_ESTABLISHED	NOT_ESTABLISHED	NOT_ESTABLISHED	NOT_ESTABLISHED	NOT_ESTABLISHED	NOT_ESTABLISHED	Unknown	NOT_ESTABLISHED	NOT_ESTABLISHED	n/a — passed	PHPUnit JUnit run 2026-08-12 (L1 only)	NOT_ESTABLISHED	NOT_ESTABLISHED	NOT_ESTABLISHED	NOT_ESTABLISHED
Tests\Feature\Election\ElectionStateTransitionMigrationTest::test_has_required_columns	Tests\Feature\Election\ElectionStateTransitionMigrationTest	test_has_required_columns	PASSED	9	0.042		Feature/HTTP (structural)	Election — general	NOT_ESTABLISHED	NOT_ESTABLISHED	NOT_ESTABLISHED	NOT_ESTABLISHED	NOT_ESTABLISHED	NOT_ESTABLISHED	NOT_ESTABLISHED	NOT_ESTABLISHED	Unknown	NOT_ESTABLISHED	NOT_ESTABLISHED	n/a — passed	PHPUnit JUnit run 2026-08-12 (L1 only)	NOT_ESTABLISHED	NOT_ESTABLISHED	NOT_ESTABLISHED	NOT_ESTABLISHED
Tests\Feature\Election\ElectionStateTransitionModelTest::test_creating_hook_sets_created_at	Tests\Feature\Election\ElectionStateTransitionModelTest	test_creating_hook_sets_created_at	PASSED	2	0.068		Feature/HTTP (structural)	Election — general	NOT_ESTABLISHED	NOT_ESTABLISHED	NOT_ESTABLISHED	NOT_ESTABLISHED	NOT_ESTABLISHED	NOT_ESTABLISHED	NOT_ESTABLISHED	NOT_ESTABLISHED	Unknown	NOT_ESTABLISHED	NOT_ESTABLISHED	n/a — passed	PHPUnit JUnit run 2026-08-12 (L1 only)	NOT_ESTABLISHED	NOT_ESTABLISHED	NOT_ESTABLISHED	NOT_ESTABLISHED
Tests\Feature\Election\ElectionStateTransitionModelTest::test_deleting_model_throws_runtime_exception	Tests\Feature\Election\ElectionStateTransitionModelTest	test_deleting_model_throws_runtime_exception	PASSED	2	0.034		Feature/HTTP (structural)	Election — general	NOT_ESTABLISHED	NOT_ESTABLISHED	NOT_ESTABLISHED	NOT_ESTABLISHED	NOT_ESTABLISHED	NOT_ESTABLISHED	NOT_ESTABLISHED	NOT_ESTABLISHED	Unknown	NOT_ESTABLISHED	NOT_ESTABLISHED	n/a — passed	PHPUnit JUnit run 2026-08-12 (L1 only)	NOT_ESTABLISHED	NOT_ESTABLISHED	NOT_ESTABLISHED	NOT_ESTABLISHED
Tests\Feature\Election\ElectionStateTransitionModelTest::test_model_belongs_to_actor_user	Tests\Feature\Election\ElectionStateTransitionModelTest	test_model_belongs_to_actor_user	PASSED	2	0.063		Feature/HTTP (structural)	Election — general	NOT_ESTABLISHED	NOT_ESTABLISHED	NOT_ESTABLISHED	NOT_ESTABLISHED	NOT_ESTABLISHED	NOT_ESTABLISHED	NOT_ESTABLISHED	NOT_ESTABLISHED	Unknown	NOT_ESTABLISHED	NOT_ESTABLISHED	n/a — passed	PHPUnit JUnit run 2026-08-12 (L1 only)	NOT_ESTABLISHED	NOT_ESTABLISHED	NOT_ESTABLISHED	NOT_ESTABLISHED
Tests\Feature\Election\ElectionStateTransitionModelTest::test_model_belongs_to_election	Tests\Feature\Election\ElectionStateTransitionModelTest	test_model_belongs_to_election	PASSED	2	0.036		Feature/HTTP (structural)	Election — general	NOT_ESTABLISHED	NOT_ESTABLISHED	NOT_ESTABLISHED	NOT_ESTABLISHED	NOT_ESTABLISHED	NOT_ESTABLISHED	NOT_ESTABLISHED	NOT_ESTABLISHED	Unknown	NOT_ESTABLISHED	NOT_ESTABLISHED	n/a — passed	PHPUnit JUnit run 2026-08-12 (L1 only)	NOT_ESTABLISHED	NOT_ESTABLISHED	NOT_ESTABLISHED	NOT_ESTABLISHED
Tests\Feature\Election\ElectionStateTransitionModelTest::test_model_casts_metadata_as_array	Tests\Feature\Election\ElectionStateTransitionModelTest	test_model_casts_metadata_as_array	PASSED	2	0.039		Feature/HTTP (structural)	Election — general	NOT_ESTABLISHED	NOT_ESTABLISHED	NOT_ESTABLISHED	NOT_ESTABLISHED	NOT_ESTABLISHED	NOT_ESTABLISHED	NOT_ESTABLISHED	NOT_ESTABLISHED	Unknown	NOT_ESTABLISHED	NOT_ESTABLISHED	n/a — passed	PHPUnit JUnit run 2026-08-12 (L1 only)	NOT_ESTABLISHED	NOT_ESTABLISHED	NOT_ESTABLISHED	NOT_ESTABLISHED
Tests\Feature\Election\ElectionStateTransitionModelTest::test_model_has_no_timestamps_flag	Tests\Feature\Election\ElectionStateTransitionModelTest	test_model_has_no_timestamps_flag	PASSED	1	0.033		Feature/HTTP (structural)	Election — general	NOT_ESTABLISHED	NOT_ESTABLISHED	NOT_ESTABLISHED	NOT_ESTABLISHED	NOT_ESTABLISHED	NOT_ESTABLISHED	NOT_ESTABLISHED	NOT_ESTABLISHED	Unknown	NOT_ESTABLISHED	NOT_ESTABLISHED	n/a — passed	PHPUnit JUnit run 2026-08-12 (L1 only)	NOT_ESTABLISHED	NOT_ESTABLISHED	NOT_ESTABLISHED	NOT_ESTABLISHED
Tests\Feature\Election\ElectionStateTransitionModelTest::test_model_uses_uuid_primary_key	Tests\Feature\Election\ElectionStateTransitionModelTest	test_model_uses_uuid_primary_key	PASSED	2	0.043		Feature/HTTP (structural)	Election — general	NOT_ESTABLISHED	NOT_ESTABLISHED	NOT_ESTABLISHED	NOT_ESTABLISHED	NOT_ESTABLISHED	NOT_ESTABLISHED	NOT_ESTABLISHED	NOT_ESTABLISHED	Unknown	NOT_ESTABLISHED	NOT_ESTABLISHED	n/a — passed	PHPUnit JUnit run 2026-08-12 (L1 only)	NOT_ESTABLISHED	NOT_ESTABLISHED	NOT_ESTABLISHED	NOT_ESTABLISHED
Tests\Feature\Election\ElectionStateTransitionModelTest::test_scope_for_election_filters_by_election_id	Tests\Feature\Election\ElectionStateTransitionModelTest	test_scope_for_election_filters_by_election_id	PASSED	2	0.039		Feature/HTTP (structural)	Election — general	NOT_ESTABLISHED	NOT_ESTABLISHED	NOT_ESTABLISHED	NOT_ESTABLISHED	NOT_ESTABLISHED	NOT_ESTABLISHED	NOT_ESTABLISHED	NOT_ESTABLISHED	Unknown	NOT_ESTABLISHED	NOT_ESTABLISHED	n/a — passed	PHPUnit JUnit run 2026-08-12 (L1 only)	NOT_ESTABLISHED	NOT_ESTABLISHED	NOT_ESTABLISHED	NOT_ESTABLISHED
Tests\Feature\Election\ElectionStateTransitionModelTest::test_scope_latest_orders_by_created_at_desc	Tests\Feature\Election\ElectionStateTransitionModelTest	test_scope_latest_orders_by_created_at_desc	PASSED	1	1.038		Feature/HTTP (structural)	Election — general	NOT_ESTABLISHED	NOT_ESTABLISHED	NOT_ESTABLISHED	NOT_ESTABLISHED	NOT_ESTABLISHED	NOT_ESTABLISHED	NOT_ESTABLISHED	NOT_ESTABLISHED	Unknown	NOT_ESTABLISHED	NOT_ESTABLISHED	n/a — passed	PHPUnit JUnit run 2026-08-12 (L1 only)	NOT_ESTABLISHED	NOT_ESTABLISHED	NOT_ESTABLISHED	NOT_ESTABLISHED
Tests\Feature\Election\ElectionStateTransitionModelTest::test_updating_model_throws_runtime_exception	Tests\Feature\Election\ElectionStateTransitionModelTest	test_updating_model_throws_runtime_exception	PASSED	2	0.034		Feature/HTTP (structural)	Election — general	NOT_ESTABLISHED	NOT_ESTABLISHED	NOT_ESTABLISHED	NOT_ESTABLISHED	NOT_ESTABLISHED	NOT_ESTABLISHED	NOT_ESTABLISHED	NOT_ESTABLISHED	Unknown	NOT_ESTABLISHED	NOT_ESTABLISHED	n/a — passed	PHPUnit JUnit run 2026-08-12 (L1 only)	NOT_ESTABLISHED	NOT_ESTABLISHED	NOT_ESTABLISHED	NOT_ESTABLISHED
Tests\Feature\Election\ElectionSuspensionTest::setup_administration_suspend_resume_preserves_lifecycle_position	Tests\Feature\Election\ElectionSuspensionTest	setup_administration_suspend_resume_preserves_lifecycle_position	PASSED	3	0.082		Feature/HTTP (structural)	Election — general	NOT_ESTABLISHED	NOT_ESTABLISHED	NOT_ESTABLISHED	NOT_ESTABLISHED	NOT_ESTABLISHED	NOT_ESTABLISHED	NOT_ESTABLISHED	NOT_ESTABLISHED	Unknown	NOT_ESTABLISHED	NOT_ESTABLISHED	n/a — passed	PHPUnit JUnit run 2026-08-12 (L1 only)	NOT_ESTABLISHED	NOT_ESTABLISHED	NOT_ESTABLISHED	NOT_ESTABLISHED
Tests\Feature\Election\ElectionSuspensionTest::setup_nomination_suspend_resume_preserves_lifecycle_position	Tests\Feature\Election\ElectionSuspensionTest	setup_nomination_suspend_resume_preserves_lifecycle_position	PASSED	3	0.086		Feature/HTTP (structural)	Election — general	NOT_ESTABLISHED	NOT_ESTABLISHED	NOT_ESTABLISHED	NOT_ESTABLISHED	NOT_ESTABLISHED	NOT_ESTABLISHED	NOT_ESTABLISHED	NOT_ESTABLISHED	Unknown	NOT_ESTABLISHED	NOT_ESTABLISHED	n/a — passed	PHPUnit JUnit run 2026-08-12 (L1 only)	NOT_ESTABLISHED	NOT_ESTABLISHED	NOT_ESTABLISHED	NOT_ESTABLISHED
Tests\Feature\Election\ElectionSuspensionTest::suspend_accepts_valid_categories	Tests\Feature\Election\ElectionSuspensionTest	suspend_accepts_valid_categories	PASSED	18	0.542		Feature/HTTP (structural)	Election — general	NOT_ESTABLISHED	NOT_ESTABLISHED	NOT_ESTABLISHED	NOT_ESTABLISHED	NOT_ESTABLISHED	NOT_ESTABLISHED	NOT_ESTABLISHED	NOT_ESTABLISHED	Unknown	NOT_ESTABLISHED	NOT_ESTABLISHED	n/a — passed	PHPUnit JUnit run 2026-08-12 (L1 only)	NOT_ESTABLISHED	NOT_ESTABLISHED	NOT_ESTABLISHED	NOT_ESTABLISHED
Tests\Feature\Election\ElectionSuspensionTest::suspend_allowed_for_chief	Tests\Feature\Election\ElectionSuspensionTest	suspend_allowed_for_chief	PASSED	2	0.065		Feature/HTTP (structural)	Election — general	NOT_ESTABLISHED	NOT_ESTABLISHED	NOT_ESTABLISHED	NOT_ESTABLISHED	NOT_ESTABLISHED	NOT_ESTABLISHED	NOT_ESTABLISHED	NOT_ESTABLISHED	Unknown	NOT_ESTABLISHED	NOT_ESTABLISHED	n/a — passed	PHPUnit JUnit run 2026-08-12 (L1 only)	NOT_ESTABLISHED	NOT_ESTABLISHED	NOT_ESTABLISHED	NOT_ESTABLISHED
Tests\Feature\Election\ElectionSuspensionTest::suspend_allowed_for_platform_admin	Tests\Feature\Election\ElectionSuspensionTest	suspend_allowed_for_platform_admin	PASSED	2	0.071		Feature/HTTP (structural)	Election — general	NOT_ESTABLISHED	NOT_ESTABLISHED	NOT_ESTABLISHED	NOT_ESTABLISHED	NOT_ESTABLISHED	NOT_ESTABLISHED	NOT_ESTABLISHED	NOT_ESTABLISHED	Unknown	NOT_ESTABLISHED	NOT_ESTABLISHED	n/a — passed	PHPUnit JUnit run 2026-08-12 (L1 only)	NOT_ESTABLISHED	NOT_ESTABLISHED	NOT_ESTABLISHED	NOT_ESTABLISHED
Tests\Feature\Election\ElectionSuspensionTest::suspend_creates_governance_audit_record	Tests\Feature\Election\ElectionSuspensionTest	suspend_creates_governance_audit_record	PASSED	6	0.097		Feature/HTTP (structural)	Election — general	NOT_ESTABLISHED	NOT_ESTABLISHED	NOT_ESTABLISHED	NOT_ESTABLISHED	NOT_ESTABLISHED	NOT_ESTABLISHED	NOT_ESTABLISHED	NOT_ESTABLISHED	Unknown	NOT_ESTABLISHED	NOT_ESTABLISHED	n/a — passed	PHPUnit JUnit run 2026-08-12 (L1 only)	NOT_ESTABLISHED	NOT_ESTABLISHED	NOT_ESTABLISHED	NOT_ESTABLISHED
Tests\Feature\Election\ElectionSuspensionTest::suspend_denied_for_deputy	Tests\Feature\Election\ElectionSuspensionTest	suspend_denied_for_deputy	PASSED	1	0.076		Feature/HTTP (structural)	Election — general	NOT_ESTABLISHED	NOT_ESTABLISHED	NOT_ESTABLISHED	NOT_ESTABLISHED	NOT_ESTABLISHED	NOT_ESTABLISHED	NOT_ESTABLISHED	NOT_ESTABLISHED	Unknown	NOT_ESTABLISHED	NOT_ESTABLISHED	n/a — passed	PHPUnit JUnit run 2026-08-12 (L1 only)	NOT_ESTABLISHED	NOT_ESTABLISHED	NOT_ESTABLISHED	NOT_ESTABLISHED
Tests\Feature\Election\ElectionSuspensionTest::suspend_denied_for_ordinary_user	Tests\Feature\Election\ElectionSuspensionTest	suspend_denied_for_ordinary_user	PASSED	1	0.071		Feature/HTTP (structural)	Election — general	NOT_ESTABLISHED	NOT_ESTABLISHED	NOT_ESTABLISHED	NOT_ESTABLISHED	NOT_ESTABLISHED	NOT_ESTABLISHED	NOT_ESTABLISHED	NOT_ESTABLISHED	Unknown	NOT_ESTABLISHED	NOT_ESTABLISHED	n/a — passed	PHPUnit JUnit run 2026-08-12 (L1 only)	NOT_ESTABLISHED	NOT_ESTABLISHED	NOT_ESTABLISHED	NOT_ESTABLISHED
Tests\Feature\Election\ElectionSuspensionTest::suspend_fails_when_already_suspended	Tests\Feature\Election\ElectionSuspensionTest	suspend_fails_when_already_suspended	PASSED	2	0.086		Feature/HTTP (structural)	Election — general	NOT_ESTABLISHED	NOT_ESTABLISHED	NOT_ESTABLISHED	NOT_ESTABLISHED	NOT_ESTABLISHED	NOT_ESTABLISHED	NOT_ESTABLISHED	NOT_ESTABLISHED	Unknown	NOT_ESTABLISHED	NOT_ESTABLISHED	n/a — passed	PHPUnit JUnit run 2026-08-12 (L1 only)	NOT_ESTABLISHED	NOT_ESTABLISHED	NOT_ESTABLISHED	NOT_ESTABLISHED
Tests\Feature\Election\ElectionSuspensionTest::suspend_rejects_invalid_category	Tests\Feature\Election\ElectionSuspensionTest	suspend_rejects_invalid_category	PASSED	2	0.070		Feature/HTTP (structural)	Election — general	NOT_ESTABLISHED	NOT_ESTABLISHED	NOT_ESTABLISHED	NOT_ESTABLISHED	NOT_ESTABLISHED	NOT_ESTABLISHED	NOT_ESTABLISHED	NOT_ESTABLISHED	Unknown	NOT_ESTABLISHED	NOT_ESTABLISHED	n/a — passed	PHPUnit JUnit run 2026-08-12 (L1 only)	NOT_ESTABLISHED	NOT_ESTABLISHED	NOT_ESTABLISHED	NOT_ESTABLISHED
Tests\Feature\Election\ElectionSuspensionTest::suspend_route_redirects_when_chief_posts	Tests\Feature\Election\ElectionSuspensionTest	suspend_route_redirects_when_chief_posts	PASSED	4	0.072		Feature/HTTP (structural)	Election — general	NOT_ESTABLISHED	NOT_ESTABLISHED	NOT_ESTABLISHED	NOT_ESTABLISHED	NOT_ESTABLISHED	NOT_ESTABLISHED	NOT_ESTABLISHED	NOT_ESTABLISHED	Unknown	NOT_ESTABLISHED	NOT_ESTABLISHED	n/a — passed	PHPUnit JUnit run 2026-08-12 (L1 only)	NOT_ESTABLISHED	NOT_ESTABLISHED	NOT_ESTABLISHED	NOT_ESTABLISHED
Tests\Feature\Election\ElectionSuspensionTest::suspend_sets_suspended_at_and_engine_derives_suspended	Tests\Feature\Election\ElectionSuspensionTest	suspend_sets_suspended_at_and_engine_derives_suspended	PASSED	11	0.099		Feature/HTTP (structural)	Election — general	NOT_ESTABLISHED	NOT_ESTABLISHED	NOT_ESTABLISHED	NOT_ESTABLISHED	NOT_ESTABLISHED	NOT_ESTABLISHED	NOT_ESTABLISHED	NOT_ESTABLISHED	Unknown	NOT_ESTABLISHED	NOT_ESTABLISHED	n/a — passed	PHPUnit JUnit run 2026-08-12 (L1 only)	NOT_ESTABLISHED	NOT_ESTABLISHED	NOT_ESTABLISHED	NOT_ESTABLISHED
Tests\Feature\Election\ElectionSuspensionTest::suspend_stores_governance_metadata	Tests\Feature\Election\ElectionSuspensionTest	suspend_stores_governance_metadata	PASSED	8	0.065		Feature/HTTP (structural)	Election — general	NOT_ESTABLISHED	NOT_ESTABLISHED	NOT_ESTABLISHED	NOT_ESTABLISHED	NOT_ESTABLISHED	NOT_ESTABLISHED	NOT_ESTABLISHED	NOT_ESTABLISHED	Unknown	NOT_ESTABLISHED	NOT_ESTABLISHED	n/a — passed	PHPUnit JUnit run 2026-08-12 (L1 only)	NOT_ESTABLISHED	NOT_ESTABLISHED	NOT_ESTABLISHED	NOT_ESTABLISHED
Tests\Feature\Election\ElectionSuspensionTest::suspend_then_resume_restores_full_capability_map	Tests\Feature\Election\ElectionSuspensionTest	suspend_then_resume_restores_full_capability_map	PASSED	48	0.192		Feature/HTTP (structural)	Election — general	NOT_ESTABLISHED	NOT_ESTABLISHED	NOT_ESTABLISHED	NOT_ESTABLISHED	NOT_ESTABLISHED	NOT_ESTABLISHED	NOT_ESTABLISHED	NOT_ESTABLISHED	Unknown	NOT_ESTABLISHED	NOT_ESTABLISHED	n/a — passed	PHPUnit JUnit run 2026-08-12 (L1 only)	NOT_ESTABLISHED	NOT_ESTABLISHED	NOT_ESTABLISHED	NOT_ESTABLISHED
Tests\Feature\Election\ElectionSuspensionTest::suspend_validates_reason_min_length	Tests\Feature\Election\ElectionSuspensionTest	suspend_validates_reason_min_length	PASSED	3	0.066		Feature/HTTP (structural)	Election — general	NOT_ESTABLISHED	NOT_ESTABLISHED	NOT_ESTABLISHED	NOT_ESTABLISHED	NOT_ESTABLISHED	NOT_ESTABLISHED	NOT_ESTABLISHED	NOT_ESTABLISHED	Unknown	NOT_ESTABLISHED	NOT_ESTABLISHED	n/a — passed	PHPUnit JUnit run 2026-08-12 (L1 only)	NOT_ESTABLISHED	NOT_ESTABLISHED	NOT_ESTABLISHED	NOT_ESTABLISHED
Tests\Feature\Election\ElectionSuspensionTest::suspend_validates_reason_required	Tests\Feature\Election\ElectionSuspensionTest	suspend_validates_reason_required	PASSED	3	0.067		Feature/HTTP (structural)	Election — general	NOT_ESTABLISHED	NOT_ESTABLISHED	NOT_ESTABLISHED	NOT_ESTABLISHED	NOT_ESTABLISHED	NOT_ESTABLISHED	NOT_ESTABLISHED	NOT_ESTABLISHED	Unknown	NOT_ESTABLISHED	NOT_ESTABLISHED	n/a — passed	PHPUnit JUnit run 2026-08-12 (L1 only)	NOT_ESTABLISHED	NOT_ESTABLISHED	NOT_ESTABLISHED	NOT_ESTABLISHED
Tests\Feature\Election\ElectionSuspensionTest::suspension_does_not_alter_lifecycle_progression	Tests\Feature\Election\ElectionSuspensionTest	suspension_does_not_alter_lifecycle_progression	PASSED	7	0.138		Feature/HTTP (structural)	Election — general	NOT_ESTABLISHED	NOT_ESTABLISHED	NOT_ESTABLISHED	NOT_ESTABLISHED	NOT_ESTABLISHED	NOT_ESTABLISHED	NOT_ESTABLISHED	NOT_ESTABLISHED	Unknown	NOT_ESTABLISHED	NOT_ESTABLISHED	n/a — passed	PHPUnit JUnit run 2026-08-12 (L1 only)	NOT_ESTABLISHED	NOT_ESTABLISHED	NOT_ESTABLISHED	NOT_ESTABLISHED
Tests\Feature\Election\ElectionSuspensionTest::suspension_does_not_appear_in_lifecycle_progression	Tests\Feature\Election\ElectionSuspensionTest	suspension_does_not_appear_in_lifecycle_progression	PASSED	3	0.100		Feature/HTTP (structural)	Election — general	NOT_ESTABLISHED	NOT_ESTABLISHED	NOT_ESTABLISHED	NOT_ESTABLISHED	NOT_ESTABLISHED	NOT_ESTABLISHED	NOT_ESTABLISHED	NOT_ESTABLISHED	Unknown	NOT_ESTABLISHED	NOT_ESTABLISHED	n/a — passed	PHPUnit JUnit run 2026-08-12 (L1 only)	NOT_ESTABLISHED	NOT_ESTABLISHED	NOT_ESTABLISHED	NOT_ESTABLISHED
Tests\Feature\Election\ElectionSuspensionTest::suspension_overlay_short_circuits_all_capabilities_except_resume	Tests\Feature\Election\ElectionSuspensionTest	suspension_overlay_short_circuits_all_capabilities_except_resume	PASSED	39	0.161		Feature/HTTP (structural)	Election — general	NOT_ESTABLISHED	NOT_ESTABLISHED	NOT_ESTABLISHED	NOT_ESTABLISHED	NOT_ESTABLISHED	NOT_ESTABLISHED	NOT_ESTABLISHED	NOT_ESTABLISHED	Unknown	NOT_ESTABLISHED	NOT_ESTABLISHED	n/a — passed	PHPUnit JUnit run 2026-08-12 (L1 only)	NOT_ESTABLISHED	NOT_ESTABLISHED	NOT_ESTABLISHED	NOT_ESTABLISHED
Tests\Feature\Election\ElectionSuspensionTest::test_capabilities_blocked_during_suspension	Tests\Feature\Election\ElectionSuspensionTest	test_capabilities_blocked_during_suspension	PASSED	15	0.071		Feature/HTTP (structural)	Election — general	NOT_ESTABLISHED	NOT_ESTABLISHED	NOT_ESTABLISHED	NOT_ESTABLISHED	NOT_ESTABLISHED	NOT_ESTABLISHED	NOT_ESTABLISHED	NOT_ESTABLISHED	Unknown	NOT_ESTABLISHED	NOT_ESTABLISHED	n/a — passed	PHPUnit JUnit run 2026-08-12 (L1 only)	NOT_ESTABLISHED	NOT_ESTABLISHED	NOT_ESTABLISHED	NOT_ESTABLISHED
Tests\Feature\Election\ElectionSuspensionTest::test_resume_clears_suspension_flags_only	Tests\Feature\Election\ElectionSuspensionTest	test_resume_clears_suspension_flags_only	PASSED	8	0.045		Feature/HTTP (structural)	Election — general	NOT_ESTABLISHED	NOT_ESTABLISHED	NOT_ESTABLISHED	NOT_ESTABLISHED	NOT_ESTABLISHED	NOT_ESTABLISHED	NOT_ESTABLISHED	NOT_ESTABLISHED	Unknown	NOT_ESTABLISHED	NOT_ESTABLISHED	n/a — passed	PHPUnit JUnit run 2026-08-12 (L1 only)	NOT_ESTABLISHED	NOT_ESTABLISHED	NOT_ESTABLISHED	NOT_ESTABLISHED
Tests\Feature\Election\ElectionSuspensionTest::test_resume_does_not_restore_from_context_column	Tests\Feature\Election\ElectionSuspensionTest	test_resume_does_not_restore_from_context_column	PASSED	2	0.038		Feature/HTTP (structural)	Election — general	NOT_ESTABLISHED	NOT_ESTABLISHED	NOT_ESTABLISHED	NOT_ESTABLISHED	NOT_ESTABLISHED	NOT_ESTABLISHED	NOT_ESTABLISHED	NOT_ESTABLISHED	Unknown	NOT_ESTABLISHED	NOT_ESTABLISHED	n/a — passed	PHPUnit JUnit run 2026-08-12 (L1 only)	NOT_ESTABLISHED	NOT_ESTABLISHED	NOT_ESTABLISHED	NOT_ESTABLISHED
Tests\Feature\Election\ElectionSuspensionTest::test_suspend_captures_lifecycle_context	Tests\Feature\Election\ElectionSuspensionTest	test_suspend_captures_lifecycle_context	PASSED	3	0.035		Feature/HTTP (structural)	Election — general	NOT_ESTABLISHED	NOT_ESTABLISHED	NOT_ESTABLISHED	NOT_ESTABLISHED	NOT_ESTABLISHED	NOT_ESTABLISHED	NOT_ESTABLISHED	NOT_ESTABLISHED	Unknown	NOT_ESTABLISHED	NOT_ESTABLISHED	n/a — passed	PHPUnit JUnit run 2026-08-12 (L1 only)	NOT_ESTABLISHED	NOT_ESTABLISHED	NOT_ESTABLISHED	NOT_ESTABLISHED
Tests\Feature\Election\ElectionSuspensionTest::test_suspend_stores_governance_metadata	Tests\Feature\Election\ElectionSuspensionTest	test_suspend_stores_governance_metadata	PASSED	4	0.045		Feature/HTTP (structural)	Election — general	NOT_ESTABLISHED	NOT_ESTABLISHED	NOT_ESTABLISHED	NOT_ESTABLISHED	NOT_ESTABLISHED	NOT_ESTABLISHED	NOT_ESTABLISHED	NOT_ESTABLISHED	Unknown	NOT_ESTABLISHED	NOT_ESTABLISHED	n/a — passed	PHPUnit JUnit run 2026-08-12 (L1 only)	NOT_ESTABLISHED	NOT_ESTABLISHED	NOT_ESTABLISHED	NOT_ESTABLISHED
Tests\Feature\Election\ElectionSuspensionTest::test_suspension_does_not_mutate_business_facts	Tests\Feature\Election\ElectionSuspensionTest	test_suspension_does_not_mutate_business_facts	PASSED	7	0.034		Feature/HTTP (structural)	Election — general	NOT_ESTABLISHED	NOT_ESTABLISHED	NOT_ESTABLISHED	NOT_ESTABLISHED	NOT_ESTABLISHED	NOT_ESTABLISHED	NOT_ESTABLISHED	NOT_ESTABLISHED	Unknown	NOT_ESTABLISHED	NOT_ESTABLISHED	n/a — passed	PHPUnit JUnit run 2026-08-12 (L1 only)	NOT_ESTABLISHED	NOT_ESTABLISHED	NOT_ESTABLISHED	NOT_ESTABLISHED
Tests\Feature\Election\ElectionSuspensionTest::voting_active_suspend_resume_preserves_lifecycle_position	Tests\Feature\Election\ElectionSuspensionTest	voting_active_suspend_resume_preserves_lifecycle_position	PASSED	3	0.102		Feature/HTTP (structural)	Election — general	NOT_ESTABLISHED	NOT_ESTABLISHED	NOT_ESTABLISHED	NOT_ESTABLISHED	NOT_ESTABLISHED	NOT_ESTABLISHED	NOT_ESTABLISHED	NOT_ESTABLISHED	Unknown	NOT_ESTABLISHED	NOT_ESTABLISHED	n/a — passed	PHPUnit JUnit run 2026-08-12 (L1 only)	NOT_ESTABLISHED	NOT_ESTABLISHED	NOT_ESTABLISHED	NOT_ESTABLISHED
Tests\Feature\Election\ElectionTransitionToMethodTest::cache_lock_is_released_after_successful_transition	Tests\Feature\Election\ElectionTransitionToMethodTest	cache_lock_is_released_after_successful_transition	PASSED	1	0.084		Feature/HTTP (structural)	Election — general	NOT_ESTABLISHED	NOT_ESTABLISHED	NOT_ESTABLISHED	NOT_ESTABLISHED	NOT_ESTABLISHED	NOT_ESTABLISHED	NOT_ESTABLISHED	NOT_ESTABLISHED	Unknown	NOT_ESTABLISHED	NOT_ESTABLISHED	n/a — passed	PHPUnit JUnit run 2026-08-12 (L1 only)	NOT_ESTABLISHED	NOT_ESTABLISHED	NOT_ESTABLISHED	NOT_ESTABLISHED
Tests\Feature\Election\ElectionTransitionToMethodTest::cannot_open_voting_twice	Tests\Feature\Election\ElectionTransitionToMethodTest	cannot_open_voting_twice	PASSED	2	0.081		Feature/HTTP (structural)	Election — general	NOT_ESTABLISHED	NOT_ESTABLISHED	NOT_ESTABLISHED	NOT_ESTABLISHED	NOT_ESTABLISHED	NOT_ESTABLISHED	NOT_ESTABLISHED	NOT_ESTABLISHED	Unknown	NOT_ESTABLISHED	NOT_ESTABLISHED	n/a — passed	PHPUnit JUnit run 2026-08-12 (L1 only)	NOT_ESTABLISHED	NOT_ESTABLISHED	NOT_ESTABLISHED	NOT_ESTABLISHED
Tests\Feature\Election\ElectionTransitionToMethodTest::concurrent_transitions_are_blocked_with_cache_lock	Tests\Feature\Election\ElectionTransitionToMethodTest	concurrent_transitions_are_blocked_with_cache_lock	PASSED	1	4.825		Feature/HTTP (structural)	Election — general	NOT_ESTABLISHED	NOT_ESTABLISHED	NOT_ESTABLISHED	NOT_ESTABLISHED	NOT_ESTABLISHED	NOT_ESTABLISHED	NOT_ESTABLISHED	NOT_ESTABLISHED	Unknown	NOT_ESTABLISHED	NOT_ESTABLISHED	n/a — passed	PHPUnit JUnit run 2026-08-12 (L1 only)	NOT_ESTABLISHED	NOT_ESTABLISHED	NOT_ESTABLISHED	NOT_ESTABLISHED
Tests\Feature\Election\ElectionTransitionToMethodTest::deputy_cannot_perform_chief_only_actions	Tests\Feature\Election\ElectionTransitionToMethodTest	deputy_cannot_perform_chief_only_actions	PASSED	2	0.080		Feature/HTTP (structural)	Election — general	NOT_ESTABLISHED	NOT_ESTABLISHED	NOT_ESTABLISHED	NOT_ESTABLISHED	NOT_ESTABLISHED	NOT_ESTABLISHED	NOT_ESTABLISHED	NOT_ESTABLISHED	Unknown	NOT_ESTABLISHED	NOT_ESTABLISHED	n/a — passed	PHPUnit JUnit run 2026-08-12 (L1 only)	NOT_ESTABLISHED	NOT_ESTABLISHED	NOT_ESTABLISHED	NOT_ESTABLISHED
Tests\Feature\Election\ElectionTransitionToMethodTest::invalid_transition_throws_exception	Tests\Feature\Election\ElectionTransitionToMethodTest	invalid_transition_throws_exception	PASSED	1	0.074		Feature/HTTP (structural)	Election — general	NOT_ESTABLISHED	NOT_ESTABLISHED	NOT_ESTABLISHED	NOT_ESTABLISHED	NOT_ESTABLISHED	NOT_ESTABLISHED	NOT_ESTABLISHED	NOT_ESTABLISHED	Unknown	NOT_ESTABLISHED	NOT_ESTABLISHED	n/a — passed	PHPUnit JUnit run 2026-08-12 (L1 only)	NOT_ESTABLISHED	NOT_ESTABLISHED	NOT_ESTABLISHED	NOT_ESTABLISHED
Tests\Feature\Election\ElectionTransitionToMethodTest::missing_timezone_rejects_open_voting	Tests\Feature\Election\ElectionTransitionToMethodTest	missing_timezone_rejects_open_voting	PASSED	1	0.085		Feature/HTTP (structural)	Election — general	NOT_ESTABLISHED	NOT_ESTABLISHED	NOT_ESTABLISHED	NOT_ESTABLISHED	NOT_ESTABLISHED	NOT_ESTABLISHED	NOT_ESTABLISHED	NOT_ESTABLISHED	Unknown	NOT_ESTABLISHED	NOT_ESTABLISHED	n/a — passed	PHPUnit JUnit run 2026-08-12 (L1 only)	NOT_ESTABLISHED	NOT_ESTABLISHED	NOT_ESTABLISHED	NOT_ESTABLISHED
Tests\Feature\Election\ElectionTransitionToMethodTest::missing_voting_window_rejects_open_voting	Tests\Feature\Election\ElectionTransitionToMethodTest	missing_voting_window_rejects_open_voting	PASSED	1	0.078		Feature/HTTP (structural)	Election — general	NOT_ESTABLISHED	NOT_ESTABLISHED	NOT_ESTABLISHED	NOT_ESTABLISHED	NOT_ESTABLISHED	NOT_ESTABLISHED	NOT_ESTABLISHED	NOT_ESTABLISHED	Unknown	NOT_ESTABLISHED	NOT_ESTABLISHED	n/a — passed	PHPUnit JUnit run 2026-08-12 (L1 only)	NOT_ESTABLISHED	NOT_ESTABLISHED	NOT_ESTABLISHED	NOT_ESTABLISHED
Tests\Feature\Election\ElectionTransitionToMethodTest::rollback_on_validation_failure_restores_original_flags	Tests\Feature\Election\ElectionTransitionToMethodTest	rollback_on_validation_failure_restores_original_flags	PASSED	2	0.077		Feature/HTTP (structural)	Election — general	NOT_ESTABLISHED	NOT_ESTABLISHED	NOT_ESTABLISHED	NOT_ESTABLISHED	NOT_ESTABLISHED	NOT_ESTABLISHED	NOT_ESTABLISHED	NOT_ESTABLISHED	Unknown	NOT_ESTABLISHED	NOT_ESTABLISHED	n/a — passed	PHPUnit JUnit run 2026-08-12 (L1 only)	NOT_ESTABLISHED	NOT_ESTABLISHED	NOT_ESTABLISHED	NOT_ESTABLISHED
Tests\Feature\Election\ElectionTransitionToMethodTest::transition_creates_immutable_audit_record	Tests\Feature\Election\ElectionTransitionToMethodTest	transition_creates_immutable_audit_record	PASSED	2	0.104		Feature/HTTP (structural)	Election — general	NOT_ESTABLISHED	NOT_ESTABLISHED	NOT_ESTABLISHED	NOT_ESTABLISHED	NOT_ESTABLISHED	NOT_ESTABLISHED	NOT_ESTABLISHED	NOT_ESTABLISHED	Unknown	NOT_ESTABLISHED	NOT_ESTABLISHED	n/a — passed	PHPUnit JUnit run 2026-08-12 (L1 only)	NOT_ESTABLISHED	NOT_ESTABLISHED	NOT_ESTABLISHED	NOT_ESTABLISHED
Tests\Feature\Election\ElectionTransitionToMethodTest::transition_dispatches_election_state_changed_event	Tests\Feature\Election\ElectionTransitionToMethodTest	transition_dispatches_election_state_changed_event	PASSED	3	0.078		Feature/HTTP (structural)	Election — general	NOT_ESTABLISHED	NOT_ESTABLISHED	NOT_ESTABLISHED	NOT_ESTABLISHED	NOT_ESTABLISHED	NOT_ESTABLISHED	NOT_ESTABLISHED	NOT_ESTABLISHED	Unknown	NOT_ESTABLISHED	NOT_ESTABLISHED	n/a — passed	PHPUnit JUnit run 2026-08-12 (L1 only)	NOT_ESTABLISHED	NOT_ESTABLISHED	NOT_ESTABLISHED	NOT_ESTABLISHED
Tests\Feature\Election\ElectionTransitionToMethodTest::transition_to_voting_locks_voting_immediately	Tests\Feature\Election\ElectionTransitionToMethodTest	transition_to_voting_locks_voting_immediately	PASSED	3	0.079		Feature/HTTP (structural)	Election — general	NOT_ESTABLISHED	NOT_ESTABLISHED	NOT_ESTABLISHED	NOT_ESTABLISHED	NOT_ESTABLISHED	NOT_ESTABLISHED	NOT_ESTABLISHED	NOT_ESTABLISHED	Unknown	NOT_ESTABLISHED	NOT_ESTABLISHED	n/a — passed	PHPUnit JUnit run 2026-08-12 (L1 only)	NOT_ESTABLISHED	NOT_ESTABLISHED	NOT_ESTABLISHED	NOT_ESTABLISHED
Tests\Feature\Election\ElectionTransitionToMethodTest::transition_to_voting_sets_nomination_completed	Tests\Feature\Election\ElectionTransitionToMethodTest	transition_to_voting_sets_nomination_completed	PASSED	1	0.085		Feature/HTTP (structural)	Election — general	NOT_ESTABLISHED	NOT_ESTABLISHED	NOT_ESTABLISHED	NOT_ESTABLISHED	NOT_ESTABLISHED	NOT_ESTABLISHED	NOT_ESTABLISHED	NOT_ESTABLISHED	Unknown	NOT_ESTABLISHED	NOT_ESTABLISHED	n/a — passed	PHPUnit JUnit run 2026-08-12 (L1 only)	NOT_ESTABLISHED	NOT_ESTABLISHED	NOT_ESTABLISHED	NOT_ESTABLISHED
Tests\Feature\Election\ElectionTransitionToMethodTest::transition_uses_database_transaction	Tests\Feature\Election\ElectionTransitionToMethodTest	transition_uses_database_transaction	PASSED	2	0.078		Feature/HTTP (structural)	Election — general	NOT_ESTABLISHED	NOT_ESTABLISHED	NOT_ESTABLISHED	NOT_ESTABLISHED	NOT_ESTABLISHED	NOT_ESTABLISHED	NOT_ESTABLISHED	NOT_ESTABLISHED	Unknown	NOT_ESTABLISHED	NOT_ESTABLISHED	n/a — passed	PHPUnit JUnit run 2026-08-12 (L1 only)	NOT_ESTABLISHED	NOT_ESTABLISHED	NOT_ESTABLISHED	NOT_ESTABLISHED
Tests\Feature\Election\ElectionTransitionToMethodTest::transitions_to_valid_target_state	Tests\Feature\Election\ElectionTransitionToMethodTest	transitions_to_valid_target_state	PASSED	5	0.082		Feature/HTTP (structural)	Election — general	NOT_ESTABLISHED	NOT_ESTABLISHED	NOT_ESTABLISHED	NOT_ESTABLISHED	NOT_ESTABLISHED	NOT_ESTABLISHED	NOT_ESTABLISHED	NOT_ESTABLISHED	Unknown	NOT_ESTABLISHED	NOT_ESTABLISHED	n/a — passed	PHPUnit JUnit run 2026-08-12 (L1 only)	NOT_ESTABLISHED	NOT_ESTABLISHED	NOT_ESTABLISHED	NOT_ESTABLISHED
Tests\Feature\Election\ElectionTransitionToMethodTest::unauthenticated_user_cannot_perform_user_role_actions	Tests\Feature\Election\ElectionTransitionToMethodTest	unauthenticated_user_cannot_perform_user_role_actions	PASSED	2	0.071		Feature/HTTP (structural)	Election — general	NOT_ESTABLISHED	NOT_ESTABLISHED	NOT_ESTABLISHED	NOT_ESTABLISHED	NOT_ESTABLISHED	NOT_ESTABLISHED	NOT_ESTABLISHED	NOT_ESTABLISHED	Unknown	NOT_ESTABLISHED	NOT_ESTABLISHED	n/a — passed	PHPUnit JUnit run 2026-08-12 (L1 only)	NOT_ESTABLISHED	NOT_ESTABLISHED	NOT_ESTABLISHED	NOT_ESTABLISHED
Tests\Feature\Election\ElectionVoterManagementTest::test_cannot_act_on_membership_belonging_to_different_election	Tests\Feature\Election\ElectionVoterManagementTest	test_cannot_act_on_membership_belonging_to_different_election	PASSED	1	0.094		Feature/HTTP (structural)	Election — general	NOT_ESTABLISHED	NOT_ESTABLISHED	NOT_ESTABLISHED	NOT_ESTABLISHED	NOT_ESTABLISHED	NOT_ESTABLISHED	NOT_ESTABLISHED	NOT_ESTABLISHED	Unknown	NOT_ESTABLISHED	NOT_ESTABLISHED	n/a — passed	PHPUnit JUnit run 2026-08-12 (L1 only)	NOT_ESTABLISHED	NOT_ESTABLISHED	NOT_ESTABLISHED	NOT_ESTABLISHED
Tests\Feature\Election\ElectionVoterManagementTest::test_cannot_approve_already_active_voter	Tests\Feature\Election\ElectionVoterManagementTest	test_cannot_approve_already_active_voter	PASSED	2	0.092		Feature/HTTP (structural)	Election — general	NOT_ESTABLISHED	NOT_ESTABLISHED	NOT_ESTABLISHED	NOT_ESTABLISHED	NOT_ESTABLISHED	NOT_ESTABLISHED	NOT_ESTABLISHED	NOT_ESTABLISHED	Unknown	NOT_ESTABLISHED	NOT_ESTABLISHED	n/a — passed	PHPUnit JUnit run 2026-08-12 (L1 only)	NOT_ESTABLISHED	NOT_ESTABLISHED	NOT_ESTABLISHED	NOT_ESTABLISHED
Tests\Feature\Election\ElectionVoterManagementTest::test_cannot_suspend_already_inactive_voter	Tests\Feature\Election\ElectionVoterManagementTest	test_cannot_suspend_already_inactive_voter	PASSED	2	0.094		Feature/HTTP (structural)	Election — general	NOT_ESTABLISHED	NOT_ESTABLISHED	NOT_ESTABLISHED	NOT_ESTABLISHED	NOT_ESTABLISHED	NOT_ESTABLISHED	NOT_ESTABLISHED	NOT_ESTABLISHED	Unknown	NOT_ESTABLISHED	NOT_ESTABLISHED	n/a — passed	PHPUnit JUnit run 2026-08-12 (L1 only)	NOT_ESTABLISHED	NOT_ESTABLISHED	NOT_ESTABLISHED	NOT_ESTABLISHED
Tests\Feature\Election\ElectionVoterManagementTest::test_chief_can_approve_a_voter	Tests\Feature\Election\ElectionVoterManagementTest	test_chief_can_approve_a_voter	PASSED	2	0.118		Feature/HTTP (structural)	Election — general	NOT_ESTABLISHED	NOT_ESTABLISHED	NOT_ESTABLISHED	NOT_ESTABLISHED	NOT_ESTABLISHED	NOT_ESTABLISHED	NOT_ESTABLISHED	NOT_ESTABLISHED	Unknown	NOT_ESTABLISHED	NOT_ESTABLISHED	n/a — passed	PHPUnit JUnit run 2026-08-12 (L1 only)	NOT_ESTABLISHED	NOT_ESTABLISHED	NOT_ESTABLISHED	NOT_ESTABLISHED
Tests\Feature\Election\ElectionVoterManagementTest::test_chief_can_suspend_a_voter	Tests\Feature\Election\ElectionVoterManagementTest	test_chief_can_suspend_a_voter	PASSED	2	0.116		Feature/HTTP (structural)	Election — general	NOT_ESTABLISHED	NOT_ESTABLISHED	NOT_ESTABLISHED	NOT_ESTABLISHED	NOT_ESTABLISHED	NOT_ESTABLISHED	NOT_ESTABLISHED	NOT_ESTABLISHED	Unknown	NOT_ESTABLISHED	NOT_ESTABLISHED	n/a — passed	PHPUnit JUnit run 2026-08-12 (L1 only)	NOT_ESTABLISHED	NOT_ESTABLISHED	NOT_ESTABLISHED	NOT_ESTABLISHED
Tests\Feature\Election\ElectionVoterManagementTest::test_commissioner_cannot_approve_a_voter	Tests\Feature\Election\ElectionVoterManagementTest	test_commissioner_cannot_approve_a_voter	PASSED	2	0.099		Feature/HTTP (structural)	Election — general	NOT_ESTABLISHED	NOT_ESTABLISHED	NOT_ESTABLISHED	NOT_ESTABLISHED	NOT_ESTABLISHED	NOT_ESTABLISHED	NOT_ESTABLISHED	NOT_ESTABLISHED	Unknown	NOT_ESTABLISHED	NOT_ESTABLISHED	n/a — passed	PHPUnit JUnit run 2026-08-12 (L1 only)	NOT_ESTABLISHED	NOT_ESTABLISHED	NOT_ESTABLISHED	NOT_ESTABLISHED
Tests\Feature\Election\ElectionVoterManagementTest::test_commissioner_cannot_suspend_a_voter	Tests\Feature\Election\ElectionVoterManagementTest	test_commissioner_cannot_suspend_a_voter	PASSED	2	0.086		Feature/HTTP (structural)	Election — general	NOT_ESTABLISHED	NOT_ESTABLISHED	NOT_ESTABLISHED	NOT_ESTABLISHED	NOT_ESTABLISHED	NOT_ESTABLISHED	NOT_ESTABLISHED	NOT_ESTABLISHED	Unknown	NOT_ESTABLISHED	NOT_ESTABLISHED	n/a — passed	PHPUnit JUnit run 2026-08-12 (L1 only)	NOT_ESTABLISHED	NOT_ESTABLISHED	NOT_ESTABLISHED	NOT_ESTABLISHED
Tests\Feature\Election\ElectionVoterManagementTest::test_deputy_can_approve_a_voter	Tests\Feature\Election\ElectionVoterManagementTest	test_deputy_can_approve_a_voter	PASSED	2	0.115		Feature/HTTP (structural)	Election — general	NOT_ESTABLISHED	NOT_ESTABLISHED	NOT_ESTABLISHED	NOT_ESTABLISHED	NOT_ESTABLISHED	NOT_ESTABLISHED	NOT_ESTABLISHED	NOT_ESTABLISHED	Unknown	NOT_ESTABLISHED	NOT_ESTABLISHED	n/a — passed	PHPUnit JUnit run 2026-08-12 (L1 only)	NOT_ESTABLISHED	NOT_ESTABLISHED	NOT_ESTABLISHED	NOT_ESTABLISHED
Tests\Feature\Election\ElectionVoterManagementTest::test_deputy_can_suspend_a_voter	Tests\Feature\Election\ElectionVoterManagementTest	test_deputy_can_suspend_a_voter	PASSED	2	0.113		Feature/HTTP (structural)	Election — general	NOT_ESTABLISHED	NOT_ESTABLISHED	NOT_ESTABLISHED	NOT_ESTABLISHED	NOT_ESTABLISHED	NOT_ESTABLISHED	NOT_ESTABLISHED	NOT_ESTABLISHED	Unknown	NOT_ESTABLISHED	NOT_ESTABLISHED	n/a — passed	PHPUnit JUnit run 2026-08-12 (L1 only)	NOT_ESTABLISHED	NOT_ESTABLISHED	NOT_ESTABLISHED	NOT_ESTABLISHED
Tests\Feature\Election\ElectionVoterManagementTest::test_officer_from_different_org_cannot_approve_voter	Tests\Feature\Election\ElectionVoterManagementTest	test_officer_from_different_org_cannot_approve_voter	PASSED	2	0.095		Feature/HTTP (structural)	Election — general	NOT_ESTABLISHED	NOT_ESTABLISHED	NOT_ESTABLISHED	NOT_ESTABLISHED	NOT_ESTABLISHED	NOT_ESTABLISHED	NOT_ESTABLISHED	NOT_ESTABLISHED	Unknown	NOT_ESTABLISHED	NOT_ESTABLISHED	n/a — passed	PHPUnit JUnit run 2026-08-12 (L1 only)	NOT_ESTABLISHED	NOT_ESTABLISHED	NOT_ESTABLISHED	NOT_ESTABLISHED
Tests\Feature\Election\ElectionVoterSuspensionTest::test_cannot_propose_suspension_for_voted_voter	Tests\Feature\Election\ElectionVoterSuspensionTest	test_cannot_propose_suspension_for_voted_voter	PASSED	3	0.096		Feature/HTTP (structural)	Election — general	NOT_ESTABLISHED	NOT_ESTABLISHED	NOT_ESTABLISHED	NOT_ESTABLISHED	NOT_ESTABLISHED	NOT_ESTABLISHED	NOT_ESTABLISHED	NOT_ESTABLISHED	Unknown	NOT_ESTABLISHED	NOT_ESTABLISHED	n/a — passed	PHPUnit JUnit run 2026-08-12 (L1 only)	NOT_ESTABLISHED	NOT_ESTABLISHED	NOT_ESTABLISHED	NOT_ESTABLISHED
Tests\Feature\Election\ElectionVoterSuspensionTest::test_cannot_propose_suspension_when_already_proposed	Tests\Feature\Election\ElectionVoterSuspensionTest	test_cannot_propose_suspension_when_already_proposed	PASSED	2	0.082		Feature/HTTP (structural)	Election — general	NOT_ESTABLISHED	NOT_ESTABLISHED	NOT_ESTABLISHED	NOT_ESTABLISHED	NOT_ESTABLISHED	NOT_ESTABLISHED	NOT_ESTABLISHED	NOT_ESTABLISHED	Unknown	NOT_ESTABLISHED	NOT_ESTABLISHED	n/a — passed	PHPUnit JUnit run 2026-08-12 (L1 only)	NOT_ESTABLISHED	NOT_ESTABLISHED	NOT_ESTABLISHED	NOT_ESTABLISHED
Tests\Feature\Election\ElectionVoterSuspensionTest::test_non_proposer_cannot_cancel_proposal	Tests\Feature\Election\ElectionVoterSuspensionTest	test_non_proposer_cannot_cancel_proposal	PASSED	1	0.088		Feature/HTTP (structural)	Election — general	NOT_ESTABLISHED	NOT_ESTABLISHED	NOT_ESTABLISHED	NOT_ESTABLISHED	NOT_ESTABLISHED	NOT_ESTABLISHED	NOT_ESTABLISHED	NOT_ESTABLISHED	Unknown	NOT_ESTABLISHED	NOT_ESTABLISHED	n/a — passed	PHPUnit JUnit run 2026-08-12 (L1 only)	NOT_ESTABLISHED	NOT_ESTABLISHED	NOT_ESTABLISHED	NOT_ESTABLISHED
Tests\Feature\Election\ElectionVoterSuspensionTest::test_officer_can_propose_suspension	Tests\Feature\Election\ElectionVoterSuspensionTest	test_officer_can_propose_suspension	PASSED	3	0.101		Feature/HTTP (structural)	Election — general	NOT_ESTABLISHED	NOT_ESTABLISHED	NOT_ESTABLISHED	NOT_ESTABLISHED	NOT_ESTABLISHED	NOT_ESTABLISHED	NOT_ESTABLISHED	NOT_ESTABLISHED	Unknown	NOT_ESTABLISHED	NOT_ESTABLISHED	n/a — passed	PHPUnit JUnit run 2026-08-12 (L1 only)	NOT_ESTABLISHED	NOT_ESTABLISHED	NOT_ESTABLISHED	NOT_ESTABLISHED
Tests\Feature\Election\ElectionVoterSuspensionTest::test_proposer_can_cancel_proposal	Tests\Feature\Election\ElectionVoterSuspensionTest	test_proposer_can_cancel_proposal	PASSED	4	0.107		Feature/HTTP (structural)	Election — general	NOT_ESTABLISHED	NOT_ESTABLISHED	NOT_ESTABLISHED	NOT_ESTABLISHED	NOT_ESTABLISHED	NOT_ESTABLISHED	NOT_ESTABLISHED	NOT_ESTABLISHED	Unknown	NOT_ESTABLISHED	NOT_ESTABLISHED	n/a — passed	PHPUnit JUnit run 2026-08-12 (L1 only)	NOT_ESTABLISHED	NOT_ESTABLISHED	NOT_ESTABLISHED	NOT_ESTABLISHED
Tests\Feature\Election\ElectionVoterSuspensionTest::test_proposer_cannot_confirm_own_proposal	Tests\Feature\Election\ElectionVoterSuspensionTest	test_proposer_cannot_confirm_own_proposal	PASSED	3	0.085		Feature/HTTP (structural)	Election — general	NOT_ESTABLISHED	NOT_ESTABLISHED	NOT_ESTABLISHED	NOT_ESTABLISHED	NOT_ESTABLISHED	NOT_ESTABLISHED	NOT_ESTABLISHED	NOT_ESTABLISHED	Unknown	NOT_ESTABLISHED	NOT_ESTABLISHED	n/a — passed	PHPUnit JUnit run 2026-08-12 (L1 only)	NOT_ESTABLISHED	NOT_ESTABLISHED	NOT_ESTABLISHED	NOT_ESTABLISHED
Tests\Feature\Election\ElectionVoterSuspensionTest::test_second_officer_can_confirm_suspension	Tests\Feature\Election\ElectionVoterSuspensionTest	test_second_officer_can_confirm_suspension	PASSED	4	0.106		Feature/HTTP (structural)	Election — general	NOT_ESTABLISHED	NOT_ESTABLISHED	NOT_ESTABLISHED	NOT_ESTABLISHED	NOT_ESTABLISHED	NOT_ESTABLISHED	NOT_ESTABLISHED	NOT_ESTABLISHED	Unknown	NOT_ESTABLISHED	NOT_ESTABLISHED	n/a — passed	PHPUnit JUnit run 2026-08-12 (L1 only)	NOT_ESTABLISHED	NOT_ESTABLISHED	NOT_ESTABLISHED	NOT_ESTABLISHED
Tests\Feature\Election\ElectionVotingLockColumnsMigrationTest::test_has_results_locked_at_column	Tests\Feature\Election\ElectionVotingLockColumnsMigrationTest	test_has_results_locked_at_column	PASSED	1	0.034		Feature/HTTP (structural)	Election — general	NOT_ESTABLISHED	NOT_ESTABLISHED	NOT_ESTABLISHED	NOT_ESTABLISHED	NOT_ESTABLISHED	NOT_ESTABLISHED	NOT_ESTABLISHED	NOT_ESTABLISHED	Unknown	NOT_ESTABLISHED	NOT_ESTABLISHED	n/a — passed	PHPUnit JUnit run 2026-08-12 (L1 only)	NOT_ESTABLISHED	NOT_ESTABLISHED	NOT_ESTABLISHED	NOT_ESTABLISHED
Tests\Feature\Election\ElectionVotingLockColumnsMigrationTest::test_has_results_locked_column	Tests\Feature\Election\ElectionVotingLockColumnsMigrationTest	test_has_results_locked_column	PASSED	1	0.033		Feature/HTTP (structural)	Election — general	NOT_ESTABLISHED	NOT_ESTABLISHED	NOT_ESTABLISHED	NOT_ESTABLISHED	NOT_ESTABLISHED	NOT_ESTABLISHED	NOT_ESTABLISHED	NOT_ESTABLISHED	Unknown	NOT_ESTABLISHED	NOT_ESTABLISHED	n/a — passed	PHPUnit JUnit run 2026-08-12 (L1 only)	NOT_ESTABLISHED	NOT_ESTABLISHED	NOT_ESTABLISHED	NOT_ESTABLISHED
Tests\Feature\Election\ElectionVotingLockColumnsMigrationTest::test_has_voting_locked_at_column	Tests\Feature\Election\ElectionVotingLockColumnsMigrationTest	test_has_voting_locked_at_column	PASSED	1	0.033		Feature/HTTP (structural)	Election — general	NOT_ESTABLISHED	NOT_ESTABLISHED	NOT_ESTABLISHED	NOT_ESTABLISHED	NOT_ESTABLISHED	NOT_ESTABLISHED	NOT_ESTABLISHED	NOT_ESTABLISHED	Unknown	NOT_ESTABLISHED	NOT_ESTABLISHED	n/a — passed	PHPUnit JUnit run 2026-08-12 (L1 only)	NOT_ESTABLISHED	NOT_ESTABLISHED	NOT_ESTABLISHED	NOT_ESTABLISHED
Tests\Feature\Election\ElectionVotingLockColumnsMigrationTest::test_has_voting_locked_by_column	Tests\Feature\Election\ElectionVotingLockColumnsMigrationTest	test_has_voting_locked_by_column	PASSED	1	0.033		Feature/HTTP (structural)	Election — general	NOT_ESTABLISHED	NOT_ESTABLISHED	NOT_ESTABLISHED	NOT_ESTABLISHED	NOT_ESTABLISHED	NOT_ESTABLISHED	NOT_ESTABLISHED	NOT_ESTABLISHED	Unknown	NOT_ESTABLISHED	NOT_ESTABLISHED	n/a — passed	PHPUnit JUnit run 2026-08-12 (L1 only)	NOT_ESTABLISHED	NOT_ESTABLISHED	NOT_ESTABLISHED	NOT_ESTABLISHED
Tests\Feature\Election\ElectionVotingLockColumnsMigrationTest::test_has_voting_locked_column	Tests\Feature\Election\ElectionVotingLockColumnsMigrationTest	test_has_voting_locked_column	PASSED	1	0.032		Feature/HTTP (structural)	Election — general	NOT_ESTABLISHED	NOT_ESTABLISHED	NOT_ESTABLISHED	NOT_ESTABLISHED	NOT_ESTABLISHED	NOT_ESTABLISHED	NOT_ESTABLISHED	NOT_ESTABLISHED	Unknown	NOT_ESTABLISHED	NOT_ESTABLISHED	n/a — passed	PHPUnit JUnit run 2026-08-12 (L1 only)	NOT_ESTABLISHED	NOT_ESTABLISHED	NOT_ESTABLISHED	NOT_ESTABLISHED
Tests\Feature\Election\ElectionVotingLockColumnsMigrationTest::test_results_locked_column_exists	Tests\Feature\Election\ElectionVotingLockColumnsMigrationTest	test_results_locked_column_exists	PASSED	1	0.032		Feature/HTTP (structural)	Election — general	NOT_ESTABLISHED	NOT_ESTABLISHED	NOT_ESTABLISHED	NOT_ESTABLISHED	NOT_ESTABLISHED	NOT_ESTABLISHED	NOT_ESTABLISHED	NOT_ESTABLISHED	Unknown	NOT_ESTABLISHED	NOT_ESTABLISHED	n/a — passed	PHPUnit JUnit run 2026-08-12 (L1 only)	NOT_ESTABLISHED	NOT_ESTABLISHED	NOT_ESTABLISHED	NOT_ESTABLISHED
Tests\Feature\Election\ElectionVotingLockColumnsMigrationTest::test_voting_locked_column_exists	Tests\Feature\Election\ElectionVotingLockColumnsMigrationTest	test_voting_locked_column_exists	PASSED	1	0.038		Feature/HTTP (structural)	Election — general	NOT_ESTABLISHED	NOT_ESTABLISHED	NOT_ESTABLISHED	NOT_ESTABLISHED	NOT_ESTABLISHED	NOT_ESTABLISHED	NOT_ESTABLISHED	NOT_ESTABLISHED	Unknown	NOT_ESTABLISHED	NOT_ESTABLISHED	n/a — passed	PHPUnit JUnit run 2026-08-12 (L1 only)	NOT_ESTABLISHED	NOT_ESTABLISHED	NOT_ESTABLISHED	NOT_ESTABLISHED
Tests\Feature\Election\GraduatedStrictActivationTest::test_enforcement_level_checks_work_correctly	Tests\Feature\Election\GraduatedStrictActivationTest	test_enforcement_level_checks_work_correctly	PASSED	6	0.029		Feature/HTTP (structural)	Election — general	NOT_ESTABLISHED	NOT_ESTABLISHED	NOT_ESTABLISHED	NOT_ESTABLISHED	NOT_ESTABLISHED	NOT_ESTABLISHED	NOT_ESTABLISHED	NOT_ESTABLISHED	Unknown	NOT_ESTABLISHED	NOT_ESTABLISHED	n/a — passed	PHPUnit JUnit run 2026-08-12 (L1 only)	NOT_ESTABLISHED	NOT_ESTABLISHED	NOT_ESTABLISHED	NOT_ESTABLISHED
Tests\Feature\Election\GraduatedStrictActivationTest::test_level_1_metrics_strict_records_without_blocking	Tests\Feature\Election\GraduatedStrictActivationTest	test_level_1_metrics_strict_records_without_blocking	PASSED	6	0.029		Feature/HTTP (structural)	Election — general	NOT_ESTABLISHED	NOT_ESTABLISHED	NOT_ESTABLISHED	NOT_ESTABLISHED	NOT_ESTABLISHED	NOT_ESTABLISHED	NOT_ESTABLISHED	NOT_ESTABLISHED	Unknown	NOT_ESTABLISHED	NOT_ESTABLISHED	n/a — passed	PHPUnit JUnit run 2026-08-12 (L1 only)	NOT_ESTABLISHED	NOT_ESTABLISHED	NOT_ESTABLISHED	NOT_ESTABLISHED
Tests\Feature\Election\GraduatedStrictActivationTest::test_level_names_are_correct	Tests\Feature\Election\GraduatedStrictActivationTest	test_level_names_are_correct	PASSED	5	0.028		Feature/HTTP (structural)	Election — general	NOT_ESTABLISHED	NOT_ESTABLISHED	NOT_ESTABLISHED	NOT_ESTABLISHED	NOT_ESTABLISHED	NOT_ESTABLISHED	NOT_ESTABLISHED	NOT_ESTABLISHED	Unknown	NOT_ESTABLISHED	NOT_ESTABLISHED	n/a — passed	PHPUnit JUnit run 2026-08-12 (L1 only)	NOT_ESTABLISHED	NOT_ESTABLISHED	NOT_ESTABLISHED	NOT_ESTABLISHED
Tests\Feature\Election\GraduatedStrictActivationTest::test_metrics_health_report_structure	Tests\Feature\Election\GraduatedStrictActivationTest	test_metrics_health_report_structure	PASSED	10	0.028		Feature/HTTP (structural)	Election — general	NOT_ESTABLISHED	NOT_ESTABLISHED	NOT_ESTABLISHED	NOT_ESTABLISHED	NOT_ESTABLISHED	NOT_ESTABLISHED	NOT_ESTABLISHED	NOT_ESTABLISHED	Unknown	NOT_ESTABLISHED	NOT_ESTABLISHED	n/a — passed	PHPUnit JUnit run 2026-08-12 (L1 only)	NOT_ESTABLISHED	NOT_ESTABLISHED	NOT_ESTABLISHED	NOT_ESTABLISHED
Tests\Feature\Election\LegacyVoteRouteTest::test_legacy_route_accepts_user_registered_for_the_election	Tests\Feature\Election\LegacyVoteRouteTest	test_legacy_route_accepts_user_registered_for_the_election	PASSED	1	0.054		Feature/HTTP (structural)	Election — general	NOT_ESTABLISHED	NOT_ESTABLISHED	NOT_ESTABLISHED	NOT_ESTABLISHED	NOT_ESTABLISHED	NOT_ESTABLISHED	NOT_ESTABLISHED	NOT_ESTABLISHED	Unknown	NOT_ESTABLISHED	NOT_ESTABLISHED	n/a — passed	PHPUnit JUnit run 2026-08-12 (L1 only)	NOT_ESTABLISHED	NOT_ESTABLISHED	NOT_ESTABLISHED	NOT_ESTABLISHED
Tests\Feature\Election\LegacyVoteRouteTest::test_legacy_route_rejects_user_not_registered_for_any_election	Tests\Feature\Election\LegacyVoteRouteTest	test_legacy_route_rejects_user_not_registered_for_any_election	PASSED	2	0.061		Feature/HTTP (structural)	Election — general	NOT_ESTABLISHED	NOT_ESTABLISHED	NOT_ESTABLISHED	NOT_ESTABLISHED	NOT_ESTABLISHED	NOT_ESTABLISHED	NOT_ESTABLISHED	NOT_ESTABLISHED	Unknown	NOT_ESTABLISHED	NOT_ESTABLISHED	n/a — passed	PHPUnit JUnit run 2026-08-12 (L1 only)	NOT_ESTABLISHED	NOT_ESTABLISHED	NOT_ESTABLISHED	NOT_ESTABLISHED
Tests\Feature\Election\LegacyVoteRouteTest::test_legacy_route_rejects_user_registered_for_different_election	Tests\Feature\Election\LegacyVoteRouteTest	test_legacy_route_rejects_user_registered_for_different_election	PASSED	1	0.059		Feature/HTTP (structural)	Election — general	NOT_ESTABLISHED	NOT_ESTABLISHED	NOT_ESTABLISHED	NOT_ESTABLISHED	NOT_ESTABLISHED	NOT_ESTABLISHED	NOT_ESTABLISHED	NOT_ESTABLISHED	Unknown	NOT_ESTABLISHED	NOT_ESTABLISHED	n/a — passed	PHPUnit JUnit run 2026-08-12 (L1 only)	NOT_ESTABLISHED	NOT_ESTABLISHED	NOT_ESTABLISHED	NOT_ESTABLISHED
Tests\Feature\Election\Phase_C25_SovereigntyBehavioralInvariantsTest::isActionAllowed_is_consistent_with_allowedActions_array	Tests\Feature\Election\Phase_C25_SovereigntyBehavioralInvariantsTest	isActionAllowed_is_consistent_with_allowedActions_array	PASSED	5	0.034		Feature/HTTP (structural)	Election — general	NOT_ESTABLISHED	NOT_ESTABLISHED	NOT_ESTABLISHED	NOT_ESTABLISHED	NOT_ESTABLISHED	NOT_ESTABLISHED	NOT_ESTABLISHED	NOT_ESTABLISHED	Unknown	NOT_ESTABLISHED	NOT_ESTABLISHED	n/a — passed	PHPUnit JUnit run 2026-08-12 (L1 only)	NOT_ESTABLISHED	NOT_ESTABLISHED	NOT_ESTABLISHED	NOT_ESTABLISHED
Tests\Feature\Election\Phase_C25_SovereigntyBehavioralInvariantsTest::lifecycle_facade_is_transparent_passthrough	Tests\Feature\Election\Phase_C25_SovereigntyBehavioralInvariantsTest	lifecycle_facade_is_transparent_passthrough	PASSED	8	0.040		Feature/HTTP (structural)	Election — general	NOT_ESTABLISHED	NOT_ESTABLISHED	NOT_ESTABLISHED	NOT_ESTABLISHED	NOT_ESTABLISHED	NOT_ESTABLISHED	NOT_ESTABLISHED	NOT_ESTABLISHED	Unknown	NOT_ESTABLISHED	NOT_ESTABLISHED	n/a — passed	PHPUnit JUnit run 2026-08-12 (L1 only)	NOT_ESTABLISHED	NOT_ESTABLISHED	NOT_ESTABLISHED	NOT_ESTABLISHED
Tests\Feature\Election\Phase_C25_SovereigntyBehavioralInvariantsTest::resolver_is_sole_authority_source	Tests\Feature\Election\Phase_C25_SovereigntyBehavioralInvariantsTest	resolver_is_sole_authority_source	PASSED	5	0.038		Feature/HTTP (structural)	Election — general	NOT_ESTABLISHED	NOT_ESTABLISHED	NOT_ESTABLISHED	NOT_ESTABLISHED	NOT_ESTABLISHED	NOT_ESTABLISHED	NOT_ESTABLISHED	NOT_ESTABLISHED	Unknown	NOT_ESTABLISHED	NOT_ESTABLISHED	n/a — passed	PHPUnit JUnit run 2026-08-12 (L1 only)	NOT_ESTABLISHED	NOT_ESTABLISHED	NOT_ESTABLISHED	NOT_ESTABLISHED
Tests\Feature\Election\Phase_C25_SovereigntyBehavioralInvariantsTest::state_change_alone_does_not_grant_authority	Tests\Feature\Election\Phase_C25_SovereigntyBehavioralInvariantsTest	state_change_alone_does_not_grant_authority	PASSED	2	0.035		Feature/HTTP (structural)	Election — general	NOT_ESTABLISHED	NOT_ESTABLISHED	NOT_ESTABLISHED	NOT_ESTABLISHED	NOT_ESTABLISHED	NOT_ESTABLISHED	NOT_ESTABLISHED	NOT_ESTABLISHED	Unknown	NOT_ESTABLISHED	NOT_ESTABLISHED	n/a — passed	PHPUnit JUnit run 2026-08-12 (L1 only)	NOT_ESTABLISHED	NOT_ESTABLISHED	NOT_ESTABLISHED	NOT_ESTABLISHED
Tests\Feature\Election\Phase_C25_SovereigntyBehavioralInvariantsTest::suspended_overlay_respects_constitutional_authority	Tests\Feature\Election\Phase_C25_SovereigntyBehavioralInvariantsTest	suspended_overlay_respects_constitutional_authority	PASSED	4	0.037		Feature/HTTP (structural)	Election — general	NOT_ESTABLISHED	NOT_ESTABLISHED	NOT_ESTABLISHED	NOT_ESTABLISHED	NOT_ESTABLISHED	NOT_ESTABLISHED	NOT_ESTABLISHED	NOT_ESTABLISHED	Unknown	NOT_ESTABLISHED	NOT_ESTABLISHED	n/a — passed	PHPUnit JUnit run 2026-08-12 (L1 only)	NOT_ESTABLISHED	NOT_ESTABLISHED	NOT_ESTABLISHED	NOT_ESTABLISHED
Tests\Feature\Election\Phase_C25_SovereigntyBehavioralInvariantsTest::withSnapshot_optimization_is_transparent	Tests\Feature\Election\Phase_C25_SovereigntyBehavioralInvariantsTest	withSnapshot_optimization_is_transparent	PASSED	3	0.033		Feature/HTTP (structural)	Election — general	NOT_ESTABLISHED	NOT_ESTABLISHED	NOT_ESTABLISHED	NOT_ESTABLISHED	NOT_ESTABLISHED	NOT_ESTABLISHED	NOT_ESTABLISHED	NOT_ESTABLISHED	Unknown	NOT_ESTABLISHED	NOT_ESTABLISHED	n/a — passed	PHPUnit JUnit run 2026-08-12 (L1 only)	NOT_ESTABLISHED	NOT_ESTABLISHED	NOT_ESTABLISHED	NOT_ESTABLISHED
Tests\Feature\Election\ResultsPublicationTest::test_publish_dispatches_results_published_event	Tests\Feature\Election\ResultsPublicationTest	test_publish_dispatches_results_published_event	PASSED	1	0.086		Feature/HTTP (structural)	Election — general	NOT_ESTABLISHED	NOT_ESTABLISHED	NOT_ESTABLISHED	NOT_ESTABLISHED	NOT_ESTABLISHED	NOT_ESTABLISHED	NOT_ESTABLISHED	NOT_ESTABLISHED	Unknown	NOT_ESTABLISHED	NOT_ESTABLISHED	n/a — passed	PHPUnit JUnit run 2026-08-12 (L1 only)	NOT_ESTABLISHED	NOT_ESTABLISHED	NOT_ESTABLISHED	NOT_ESTABLISHED
Tests\Feature\Election\ResultsPublicationTest::test_publish_requires_chief_authorization	Tests\Feature\Election\ResultsPublicationTest	test_publish_requires_chief_authorization	PASSED	1	0.069		Feature/HTTP (structural)	Election — general	NOT_ESTABLISHED	NOT_ESTABLISHED	NOT_ESTABLISHED	NOT_ESTABLISHED	NOT_ESTABLISHED	NOT_ESTABLISHED	NOT_ESTABLISHED	NOT_ESTABLISHED	Unknown	NOT_ESTABLISHED	NOT_ESTABLISHED	n/a — passed	PHPUnit JUnit run 2026-08-12 (L1 only)	NOT_ESTABLISHED	NOT_ESTABLISHED	NOT_ESTABLISHED	NOT_ESTABLISHED
Tests\Feature\Election\ResultsPublicationTest::test_publish_transitions_state_machine	Tests\Feature\Election\ResultsPublicationTest	test_publish_transitions_state_machine	PASSED	6	0.084		Feature/HTTP (structural)	Election — general	NOT_ESTABLISHED	NOT_ESTABLISHED	NOT_ESTABLISHED	NOT_ESTABLISHED	NOT_ESTABLISHED	NOT_ESTABLISHED	NOT_ESTABLISHED	NOT_ESTABLISHED	Unknown	NOT_ESTABLISHED	NOT_ESTABLISHED	n/a — passed	PHPUnit JUnit run 2026-08-12 (L1 only)	NOT_ESTABLISHED	NOT_ESTABLISHED	NOT_ESTABLISHED	NOT_ESTABLISHED
Tests\Feature\Election\ResultsPublicationTest::test_unpublish_by_chief_sets_results_unpublished	Tests\Feature\Election\ResultsPublicationTest	test_unpublish_by_chief_sets_results_unpublished	PASSED	2	0.071		Feature/HTTP (structural)	Election — general	NOT_ESTABLISHED	NOT_ESTABLISHED	NOT_ESTABLISHED	NOT_ESTABLISHED	NOT_ESTABLISHED	NOT_ESTABLISHED	NOT_ESTABLISHED	NOT_ESTABLISHED	Unknown	NOT_ESTABLISHED	NOT_ESTABLISHED	n/a — passed	PHPUnit JUnit run 2026-08-12 (L1 only)	NOT_ESTABLISHED	NOT_ESTABLISHED	NOT_ESTABLISHED	NOT_ESTABLISHED
Tests\Feature\Election\ResultsPublicationTest::test_unpublish_dispatches_results_unpublished_event	Tests\Feature\Election\ResultsPublicationTest	test_unpublish_dispatches_results_unpublished_event	PASSED	1	0.071		Feature/HTTP (structural)	Election — general	NOT_ESTABLISHED	NOT_ESTABLISHED	NOT_ESTABLISHED	NOT_ESTABLISHED	NOT_ESTABLISHED	NOT_ESTABLISHED	NOT_ESTABLISHED	NOT_ESTABLISHED	Unknown	NOT_ESTABLISHED	NOT_ESTABLISHED	n/a — passed	PHPUnit JUnit run 2026-08-12 (L1 only)	NOT_ESTABLISHED	NOT_ESTABLISHED	NOT_ESTABLISHED	NOT_ESTABLISHED
Tests\Feature\Election\ResultsPublicationTest::test_unpublish_requires_authorization	Tests\Feature\Election\ResultsPublicationTest	test_unpublish_requires_authorization	PASSED	1	0.072		Feature/HTTP (structural)	Election — general	NOT_ESTABLISHED	NOT_ESTABLISHED	NOT_ESTABLISHED	NOT_ESTABLISHED	NOT_ESTABLISHED	NOT_ESTABLISHED	NOT_ESTABLISHED	NOT_ESTABLISHED	Unknown	NOT_ESTABLISHED	NOT_ESTABLISHED	n/a — passed	PHPUnit JUnit run 2026-08-12 (L1 only)	NOT_ESTABLISHED	NOT_ESTABLISHED	NOT_ESTABLISHED	NOT_ESTABLISHED
Tests\Feature\Election\ResultsPublicationTest::test_viewboard_renders_correct_inertia_props	Tests\Feature\Election\ResultsPublicationTest	test_viewboard_renders_correct_inertia_props	PASSED	26	0.079		Feature/HTTP (structural)	Election — general	NOT_ESTABLISHED	NOT_ESTABLISHED	NOT_ESTABLISHED	NOT_ESTABLISHED	NOT_ESTABLISHED	NOT_ESTABLISHED	NOT_ESTABLISHED	NOT_ESTABLISHED	Unknown	NOT_ESTABLISHED	NOT_ESTABLISHED	n/a — passed	PHPUnit JUnit run 2026-08-12 (L1 only)	NOT_ESTABLISHED	NOT_ESTABLISHED	NOT_ESTABLISHED	NOT_ESTABLISHED
Tests\Feature\Election\ResultsPublicationTest::test_viewboard_requires_authentication	Tests\Feature\Election\ResultsPublicationTest	test_viewboard_requires_authentication	PASSED	2	0.061		Feature/HTTP (structural)	Election — general	NOT_ESTABLISHED	NOT_ESTABLISHED	NOT_ESTABLISHED	NOT_ESTABLISHED	NOT_ESTABLISHED	NOT_ESTABLISHED	NOT_ESTABLISHED	NOT_ESTABLISHED	Unknown	NOT_ESTABLISHED	NOT_ESTABLISHED	n/a — passed	PHPUnit JUnit run 2026-08-12 (L1 only)	NOT_ESTABLISHED	NOT_ESTABLISHED	NOT_ESTABLISHED	NOT_ESTABLISHED
Tests\Feature\Election\Security\SecuritySchemaTest::election_has_ballot_authorization_protocol_column	Tests\Feature\Election\Security\SecuritySchemaTest	election_has_ballot_authorization_protocol_column	PASSED	1	0.033		Feature/HTTP (structural)	Election Security	NOT_ESTABLISHED	NOT_ESTABLISHED	NOT_ESTABLISHED	NOT_ESTABLISHED	NOT_ESTABLISHED	NOT_ESTABLISHED	NOT_ESTABLISHED	NOT_ESTABLISHED	Unknown	NOT_ESTABLISHED	NOT_ESTABLISHED	n/a — passed	PHPUnit JUnit run 2026-08-12 (L1 only)	NOT_ESTABLISHED	NOT_ESTABLISHED	NOT_ESTABLISHED	NOT_ESTABLISHED
Tests\Feature\Election\Security\SecuritySchemaTest::election_has_device_binding_strategy_column	Tests\Feature\Election\Security\SecuritySchemaTest	election_has_device_binding_strategy_column	PASSED	1	0.035		Feature/HTTP (structural)	Election Security	NOT_ESTABLISHED	NOT_ESTABLISHED	NOT_ESTABLISHED	NOT_ESTABLISHED	NOT_ESTABLISHED	NOT_ESTABLISHED	NOT_ESTABLISHED	NOT_ESTABLISHED	Unknown	NOT_ESTABLISHED	NOT_ESTABLISHED	n/a — passed	PHPUnit JUnit run 2026-08-12 (L1 only)	NOT_ESTABLISHED	NOT_ESTABLISHED	NOT_ESTABLISHED	NOT_ESTABLISHED
Tests\Feature\Election\Security\SecuritySchemaTest::election_has_max_votes_per_ip_column	Tests\Feature\Election\Security\SecuritySchemaTest	election_has_max_votes_per_ip_column	PASSED	1	0.038		Feature/HTTP (structural)	Election Security	NOT_ESTABLISHED	NOT_ESTABLISHED	NOT_ESTABLISHED	NOT_ESTABLISHED	NOT_ESTABLISHED	NOT_ESTABLISHED	NOT_ESTABLISHED	NOT_ESTABLISHED	Unknown	NOT_ESTABLISHED	NOT_ESTABLISHED	n/a — passed	PHPUnit JUnit run 2026-08-12 (L1 only)	NOT_ESTABLISHED	NOT_ESTABLISHED	NOT_ESTABLISHED	NOT_ESTABLISHED
Tests\Feature\Election\Security\SecuritySchemaTest::election_has_network_binding_strategy_column	Tests\Feature\Election\Security\SecuritySchemaTest	election_has_network_binding_strategy_column	PASSED	1	0.038		Feature/HTTP (structural)	Election Security	NOT_ESTABLISHED	NOT_ESTABLISHED	NOT_ESTABLISHED	NOT_ESTABLISHED	NOT_ESTABLISHED	NOT_ESTABLISHED	NOT_ESTABLISHED	NOT_ESTABLISHED	Unknown	NOT_ESTABLISHED	NOT_ESTABLISHED	n/a — passed	PHPUnit JUnit run 2026-08-12 (L1 only)	NOT_ESTABLISHED	NOT_ESTABLISHED	NOT_ESTABLISHED	NOT_ESTABLISHED
Tests\Feature\Election\Security\SecuritySchemaTest::election_has_trust_overlay_columns	Tests\Feature\Election\Security\SecuritySchemaTest	election_has_trust_overlay_columns	PASSED	3	0.034		Feature/HTTP (structural)	Election Security	NOT_ESTABLISHED	NOT_ESTABLISHED	NOT_ESTABLISHED	NOT_ESTABLISHED	NOT_ESTABLISHED	NOT_ESTABLISHED	NOT_ESTABLISHED	NOT_ESTABLISHED	Unknown	NOT_ESTABLISHED	NOT_ESTABLISHED	n/a — passed	PHPUnit JUnit run 2026-08-12 (L1 only)	NOT_ESTABLISHED	NOT_ESTABLISHED	NOT_ESTABLISHED	NOT_ESTABLISHED
Tests\Feature\Election\Security\SecuritySchemaTest::election_security_event_cannot_be_deleted	Tests\Feature\Election\Security\SecuritySchemaTest	election_security_event_cannot_be_deleted	ERROR	0	0.046	Illuminate\Database\QueryException: SQLSTATE[23503]: Foreign key violation: 7 ERROR: insert or update on table "election_security_events" violates foreign key constraint "election_security_events_election_id_foreign"	Feature/HTTP (structural)	Election Security	NOT_ESTABLISHED	NOT_ESTABLISHED	NOT_ESTABLISHED	NOT_ESTABLISHED	NOT_ESTABLISHED	NOT_ESTABLISHED	NOT_ESTABLISHED	NOT_ESTABLISHED	Unknown	NOT_ESTABLISHED	NOT_ESTABLISHED	Mechanism not yet established	PHPUnit JUnit run 2026-08-12 (L1 only)	NOT_ESTABLISHED	NOT_ESTABLISHED	NOT_ESTABLISHED	NOT_ESTABLISHED
Tests\Feature\Election\Security\SecuritySchemaTest::election_security_event_cannot_be_updated	Tests\Feature\Election\Security\SecuritySchemaTest	election_security_event_cannot_be_updated	ERROR	0	0.043	Illuminate\Database\QueryException: SQLSTATE[23503]: Foreign key violation: 7 ERROR: insert or update on table "election_security_events" violates foreign key constraint "election_security_events_election_id_foreign"	Feature/HTTP (structural)	Election Security	NOT_ESTABLISHED	NOT_ESTABLISHED	NOT_ESTABLISHED	NOT_ESTABLISHED	NOT_ESTABLISHED	NOT_ESTABLISHED	NOT_ESTABLISHED	NOT_ESTABLISHED	Unknown	NOT_ESTABLISHED	NOT_ESTABLISHED	Mechanism not yet established	PHPUnit JUnit run 2026-08-12 (L1 only)	NOT_ESTABLISHED	NOT_ESTABLISHED	NOT_ESTABLISHED	NOT_ESTABLISHED
Tests\Feature\Election\Security\SecuritySchemaTest::election_security_event_retention_days_defaults_to_730	Tests\Feature\Election\Security\SecuritySchemaTest	election_security_event_retention_days_defaults_to_730	ERROR	0	0.055	Illuminate\Database\QueryException: SQLSTATE[23503]: Foreign key violation: 7 ERROR: insert or update on table "election_security_events" violates foreign key constraint "election_security_events_election_id_foreign"	Feature/HTTP (structural)	Election Security	NOT_ESTABLISHED	NOT_ESTABLISHED	NOT_ESTABLISHED	NOT_ESTABLISHED	NOT_ESTABLISHED	NOT_ESTABLISHED	NOT_ESTABLISHED	NOT_ESTABLISHED	Unknown	NOT_ESTABLISHED	NOT_ESTABLISHED	Mechanism not yet established	PHPUnit JUnit run 2026-08-12 (L1 only)	NOT_ESTABLISHED	NOT_ESTABLISHED	NOT_ESTABLISHED	NOT_ESTABLISHED
Tests\Feature\Election\Security\SecuritySchemaTest::election_security_events_table_exists	Tests\Feature\Election\Security\SecuritySchemaTest	election_security_events_table_exists	ERROR	0	0.046	Illuminate\Database\QueryException: SQLSTATE[23503]: Foreign key violation: 7 ERROR: insert or update on table "election_security_events" violates foreign key constraint "election_security_events_election_id_foreign"	Feature/HTTP (structural)	Election Security	NOT_ESTABLISHED	NOT_ESTABLISHED	NOT_ESTABLISHED	NOT_ESTABLISHED	NOT_ESTABLISHED	NOT_ESTABLISHED	NOT_ESTABLISHED	NOT_ESTABLISHED	Unknown	NOT_ESTABLISHED	NOT_ESTABLISHED	Mechanism not yet established	PHPUnit JUnit run 2026-08-12 (L1 only)	NOT_ESTABLISHED	NOT_ESTABLISHED	NOT_ESTABLISHED	NOT_ESTABLISHED
Tests\Feature\Election\StateMachineTransitionAuditTest::complete_administration_creates_audit_record_via_transitionTo	Tests\Feature\Election\StateMachineTransitionAuditTest	complete_administration_creates_audit_record_via_transitionTo	ERROR	0	0.068	App\Exceptions\InvalidTransitionException: Action 'complete_administration' not allowed in state 'draft'. Allowed states: setup_administration	Feature/HTTP (structural)	Election — general	NOT_ESTABLISHED	NOT_ESTABLISHED	NOT_ESTABLISHED	NOT_ESTABLISHED	NOT_ESTABLISHED	NOT_ESTABLISHED	NOT_ESTABLISHED	NOT_ESTABLISHED	Unknown	NOT_ESTABLISHED	NOT_ESTABLISHED	Mechanism not yet established	PHPUnit JUnit run 2026-08-12 (L1 only)	NOT_ESTABLISHED	NOT_ESTABLISHED	NOT_ESTABLISHED	NOT_ESTABLISHED
Tests\Feature\Election\StateMachineTransitionAuditTest::complete_nomination_does_not_change_state_to_voting	Tests\Feature\Election\StateMachineTransitionAuditTest	complete_nomination_does_not_change_state_to_voting	PASSED	1	0.069		Feature/HTTP (structural)	Election — general	NOT_ESTABLISHED	NOT_ESTABLISHED	NOT_ESTABLISHED	NOT_ESTABLISHED	NOT_ESTABLISHED	NOT_ESTABLISHED	NOT_ESTABLISHED	NOT_ESTABLISHED	Unknown	NOT_ESTABLISHED	NOT_ESTABLISHED	n/a — passed	PHPUnit JUnit run 2026-08-12 (L1 only)	NOT_ESTABLISHED	NOT_ESTABLISHED	NOT_ESTABLISHED	NOT_ESTABLISHED
Tests\Feature\Election\StateMachineTransitionAuditTest::complete_nomination_sets_nomination_completed_flag_without_changing_state	Tests\Feature\Election\StateMachineTransitionAuditTest	complete_nomination_sets_nomination_completed_flag_without_changing_state	PASSED	3	0.069		Feature/HTTP (structural)	Election — general	NOT_ESTABLISHED	NOT_ESTABLISHED	NOT_ESTABLISHED	NOT_ESTABLISHED	NOT_ESTABLISHED	NOT_ESTABLISHED	NOT_ESTABLISHED	NOT_ESTABLISHED	Unknown	NOT_ESTABLISHED	NOT_ESTABLISHED	n/a — passed	PHPUnit JUnit run 2026-08-12 (L1 only)	NOT_ESTABLISHED	NOT_ESTABLISHED	NOT_ESTABLISHED	NOT_ESTABLISHED
Tests\Feature\Election\StateMachineTransitionAuditTest::publish_results_controller_transitions_state_to_results_via_transitionTo	Tests\Feature\Election\StateMachineTransitionAuditTest	publish_results_controller_transitions_state_to_results_via_transitionTo	ERROR	0	0.056	App\Exceptions\InvalidTransitionException: Action 'publish_results' not allowed in state 'draft'. Allowed states: counting	Feature/HTTP (structural)	Election — general	NOT_ESTABLISHED	NOT_ESTABLISHED	NOT_ESTABLISHED	NOT_ESTABLISHED	NOT_ESTABLISHED	NOT_ESTABLISHED	NOT_ESTABLISHED	NOT_ESTABLISHED	Unknown	NOT_ESTABLISHED	NOT_ESTABLISHED	Mechanism not yet established	PHPUnit JUnit run 2026-08-12 (L1 only)	NOT_ESTABLISHED	NOT_ESTABLISHED	NOT_ESTABLISHED	NOT_ESTABLISHED
Tests\Feature\Election\StateMachineTransitionAuditTest::publish_results_creates_audit_record	Tests\Feature\Election\StateMachineTransitionAuditTest	publish_results_creates_audit_record	ERROR	0	0.060	App\Exceptions\InvalidTransitionException: Action 'publish_results' not allowed in state 'draft'. Allowed states: counting	Feature/HTTP (structural)	Election — general	NOT_ESTABLISHED	NOT_ESTABLISHED	NOT_ESTABLISHED	NOT_ESTABLISHED	NOT_ESTABLISHED	NOT_ESTABLISHED	NOT_ESTABLISHED	NOT_ESTABLISHED	Unknown	NOT_ESTABLISHED	NOT_ESTABLISHED	Mechanism not yet established	PHPUnit JUnit run 2026-08-12 (L1 only)	NOT_ESTABLISHED	NOT_ESTABLISHED	NOT_ESTABLISHED	NOT_ESTABLISHED
Tests\Feature\Election\StateMachine\CurrentBehaviorTest::test_approve_transition	Tests\Feature\Election\StateMachine\CurrentBehaviorTest	test_approve_transition	PASSED	1	0.080		Feature/HTTP (structural)	Lifecycle state machine	NOT_ESTABLISHED	NOT_ESTABLISHED	NOT_ESTABLISHED	NOT_ESTABLISHED	NOT_ESTABLISHED	NOT_ESTABLISHED	NOT_ESTABLISHED	NOT_ESTABLISHED	Unknown	NOT_ESTABLISHED	NOT_ESTABLISHED	n/a — passed	PHPUnit JUnit run 2026-08-12 (L1 only)	NOT_ESTABLISHED	NOT_ESTABLISHED	NOT_ESTABLISHED	NOT_ESTABLISHED
Tests\Feature\Election\StateMachine\CurrentBehaviorTest::test_begin_setup_transition	Tests\Feature\Election\StateMachine\CurrentBehaviorTest	test_begin_setup_transition	PASSED	1	0.088		Feature/HTTP (structural)	Lifecycle state machine	NOT_ESTABLISHED	NOT_ESTABLISHED	NOT_ESTABLISHED	NOT_ESTABLISHED	NOT_ESTABLISHED	NOT_ESTABLISHED	NOT_ESTABLISHED	NOT_ESTABLISHED	Unknown	NOT_ESTABLISHED	NOT_ESTABLISHED	n/a — passed	PHPUnit JUnit run 2026-08-12 (L1 only)	NOT_ESTABLISHED	NOT_ESTABLISHED	NOT_ESTABLISHED	NOT_ESTABLISHED
Tests\Feature\Election\StateMachine\CurrentBehaviorTest::test_close_voting_transition	Tests\Feature\Election\StateMachine\CurrentBehaviorTest	test_close_voting_transition	PASSED	1	0.077		Feature/HTTP (structural)	Lifecycle state machine	NOT_ESTABLISHED	NOT_ESTABLISHED	NOT_ESTABLISHED	NOT_ESTABLISHED	NOT_ESTABLISHED	NOT_ESTABLISHED	NOT_ESTABLISHED	NOT_ESTABLISHED	Unknown	NOT_ESTABLISHED	NOT_ESTABLISHED	n/a — passed	PHPUnit JUnit run 2026-08-12 (L1 only)	NOT_ESTABLISHED	NOT_ESTABLISHED	NOT_ESTABLISHED	NOT_ESTABLISHED
Tests\Feature\Election\StateMachine\CurrentBehaviorTest::test_complete_administration_transition	Tests\Feature\Election\StateMachine\CurrentBehaviorTest	test_complete_administration_transition	PASSED	1	0.094		Feature/HTTP (structural)	Lifecycle state machine	NOT_ESTABLISHED	NOT_ESTABLISHED	NOT_ESTABLISHED	NOT_ESTABLISHED	NOT_ESTABLISHED	NOT_ESTABLISHED	NOT_ESTABLISHED	NOT_ESTABLISHED	Unknown	NOT_ESTABLISHED	NOT_ESTABLISHED	n/a — passed	PHPUnit JUnit run 2026-08-12 (L1 only)	NOT_ESTABLISHED	NOT_ESTABLISHED	NOT_ESTABLISHED	NOT_ESTABLISHED
Tests\Feature\Election\StateMachine\CurrentBehaviorTest::test_draft_allowed_actions	Tests\Feature\Election\StateMachine\CurrentBehaviorTest	test_draft_allowed_actions	PASSED	1	0.062		Feature/HTTP (structural)	Lifecycle state machine	NOT_ESTABLISHED	NOT_ESTABLISHED	NOT_ESTABLISHED	NOT_ESTABLISHED	NOT_ESTABLISHED	NOT_ESTABLISHED	NOT_ESTABLISHED	NOT_ESTABLISHED	Unknown	NOT_ESTABLISHED	NOT_ESTABLISHED	n/a — passed	PHPUnit JUnit run 2026-08-12 (L1 only)	NOT_ESTABLISHED	NOT_ESTABLISHED	NOT_ESTABLISHED	NOT_ESTABLISHED
Tests\Feature\Election\StateMachine\CurrentBehaviorTest::test_election_ready_for_voting_derives_correctly	Tests\Feature\Election\StateMachine\CurrentBehaviorTest	test_election_ready_for_voting_derives_correctly	PASSED	1	0.078		Feature/HTTP (structural)	Lifecycle state machine	NOT_ESTABLISHED	NOT_ESTABLISHED	NOT_ESTABLISHED	NOT_ESTABLISHED	NOT_ESTABLISHED	NOT_ESTABLISHED	NOT_ESTABLISHED	NOT_ESTABLISHED	Unknown	NOT_ESTABLISHED	NOT_ESTABLISHED	n/a — passed	PHPUnit JUnit run 2026-08-12 (L1 only)	NOT_ESTABLISHED	NOT_ESTABLISHED	NOT_ESTABLISHED	NOT_ESTABLISHED
Tests\Feature\Election\StateMachine\CurrentBehaviorTest::test_election_with_approved_at_derives_to_approved	Tests\Feature\Election\StateMachine\CurrentBehaviorTest	test_election_with_approved_at_derives_to_approved	PASSED	1	0.069		Feature/HTTP (structural)	Lifecycle state machine	NOT_ESTABLISHED	NOT_ESTABLISHED	NOT_ESTABLISHED	NOT_ESTABLISHED	NOT_ESTABLISHED	NOT_ESTABLISHED	NOT_ESTABLISHED	NOT_ESTABLISHED	Unknown	NOT_ESTABLISHED	NOT_ESTABLISHED	n/a — passed	PHPUnit JUnit run 2026-08-12 (L1 only)	NOT_ESTABLISHED	NOT_ESTABLISHED	NOT_ESTABLISHED	NOT_ESTABLISHED
Tests\Feature\Election\StateMachine\CurrentBehaviorTest::test_election_with_archived_at_derives_to_archived	Tests\Feature\Election\StateMachine\CurrentBehaviorTest	test_election_with_archived_at_derives_to_archived	PASSED	1	0.065		Feature/HTTP (structural)	Lifecycle state machine	NOT_ESTABLISHED	NOT_ESTABLISHED	NOT_ESTABLISHED	NOT_ESTABLISHED	NOT_ESTABLISHED	NOT_ESTABLISHED	NOT_ESTABLISHED	NOT_ESTABLISHED	Unknown	NOT_ESTABLISHED	NOT_ESTABLISHED	n/a — passed	PHPUnit JUnit run 2026-08-12 (L1 only)	NOT_ESTABLISHED	NOT_ESTABLISHED	NOT_ESTABLISHED	NOT_ESTABLISHED
Tests\Feature\Election\StateMachine\CurrentBehaviorTest::test_election_with_nomination_window_open_derives_to_setup_nomination	Tests\Feature\Election\StateMachine\CurrentBehaviorTest	test_election_with_nomination_window_open_derives_to_setup_nomination	PASSED	1	0.076		Feature/HTTP (structural)	Lifecycle state machine	NOT_ESTABLISHED	NOT_ESTABLISHED	NOT_ESTABLISHED	NOT_ESTABLISHED	NOT_ESTABLISHED	NOT_ESTABLISHED	NOT_ESTABLISHED	NOT_ESTABLISHED	Unknown	NOT_ESTABLISHED	NOT_ESTABLISHED	n/a — passed	PHPUnit JUnit run 2026-08-12 (L1 only)	NOT_ESTABLISHED	NOT_ESTABLISHED	NOT_ESTABLISHED	NOT_ESTABLISHED
Tests\Feature\Election\StateMachine\CurrentBehaviorTest::test_election_with_published_results_derives_to_results_published	Tests\Feature\Election\StateMachine\CurrentBehaviorTest	test_election_with_published_results_derives_to_results_published	PASSED	1	0.073		Feature/HTTP (structural)	Lifecycle state machine	NOT_ESTABLISHED	NOT_ESTABLISHED	NOT_ESTABLISHED	NOT_ESTABLISHED	NOT_ESTABLISHED	NOT_ESTABLISHED	NOT_ESTABLISHED	NOT_ESTABLISHED	Unknown	NOT_ESTABLISHED	NOT_ESTABLISHED	n/a — passed	PHPUnit JUnit run 2026-08-12 (L1 only)	NOT_ESTABLISHED	NOT_ESTABLISHED	NOT_ESTABLISHED	NOT_ESTABLISHED
Tests\Feature\Election\StateMachine\CurrentBehaviorTest::test_election_with_rejected_at_derives_to_rejected	Tests\Feature\Election\StateMachine\CurrentBehaviorTest	test_election_with_rejected_at_derives_to_rejected	PASSED	1	0.065		Feature/HTTP (structural)	Lifecycle state machine	NOT_ESTABLISHED	NOT_ESTABLISHED	NOT_ESTABLISHED	NOT_ESTABLISHED	NOT_ESTABLISHED	NOT_ESTABLISHED	NOT_ESTABLISHED	NOT_ESTABLISHED	Unknown	NOT_ESTABLISHED	NOT_ESTABLISHED	n/a — passed	PHPUnit JUnit run 2026-08-12 (L1 only)	NOT_ESTABLISHED	NOT_ESTABLISHED	NOT_ESTABLISHED	NOT_ESTABLISHED
Tests\Feature\Election\StateMachine\CurrentBehaviorTest::test_election_with_setup_started_derives_to_setup	Tests\Feature\Election\StateMachine\CurrentBehaviorTest	test_election_with_setup_started_derives_to_setup	PASSED	1	0.067		Feature/HTTP (structural)	Lifecycle state machine	NOT_ESTABLISHED	NOT_ESTABLISHED	NOT_ESTABLISHED	NOT_ESTABLISHED	NOT_ESTABLISHED	NOT_ESTABLISHED	NOT_ESTABLISHED	NOT_ESTABLISHED	Unknown	NOT_ESTABLISHED	NOT_ESTABLISHED	n/a — passed	PHPUnit JUnit run 2026-08-12 (L1 only)	NOT_ESTABLISHED	NOT_ESTABLISHED	NOT_ESTABLISHED	NOT_ESTABLISHED
Tests\Feature\Election\StateMachine\CurrentBehaviorTest::test_election_with_submitted_for_approval_at_derives_correctly	Tests\Feature\Election\StateMachine\CurrentBehaviorTest	test_election_with_submitted_for_approval_at_derives_correctly	PASSED	1	0.063		Feature/HTTP (structural)	Lifecycle state machine	NOT_ESTABLISHED	NOT_ESTABLISHED	NOT_ESTABLISHED	NOT_ESTABLISHED	NOT_ESTABLISHED	NOT_ESTABLISHED	NOT_ESTABLISHED	NOT_ESTABLISHED	Unknown	NOT_ESTABLISHED	NOT_ESTABLISHED	n/a — passed	PHPUnit JUnit run 2026-08-12 (L1 only)	NOT_ESTABLISHED	NOT_ESTABLISHED	NOT_ESTABLISHED	NOT_ESTABLISHED
Tests\Feature\Election\StateMachine\CurrentBehaviorTest::test_election_with_voting_ended_derives_to_counting	Tests\Feature\Election\StateMachine\CurrentBehaviorTest	test_election_with_voting_ended_derives_to_counting	PASSED	1	0.069		Feature/HTTP (structural)	Lifecycle state machine	NOT_ESTABLISHED	NOT_ESTABLISHED	NOT_ESTABLISHED	NOT_ESTABLISHED	NOT_ESTABLISHED	NOT_ESTABLISHED	NOT_ESTABLISHED	NOT_ESTABLISHED	Unknown	NOT_ESTABLISHED	NOT_ESTABLISHED	n/a — passed	PHPUnit JUnit run 2026-08-12 (L1 only)	NOT_ESTABLISHED	NOT_ESTABLISHED	NOT_ESTABLISHED	NOT_ESTABLISHED
Tests\Feature\Election\StateMachine\CurrentBehaviorTest::test_election_with_voting_window_open_derives_to_voting_active	Tests\Feature\Election\StateMachine\CurrentBehaviorTest	test_election_with_voting_window_open_derives_to_voting_active	PASSED	1	0.067		Feature/HTTP (structural)	Lifecycle state machine	NOT_ESTABLISHED	NOT_ESTABLISHED	NOT_ESTABLISHED	NOT_ESTABLISHED	NOT_ESTABLISHED	NOT_ESTABLISHED	NOT_ESTABLISHED	NOT_ESTABLISHED	Unknown	NOT_ESTABLISHED	NOT_ESTABLISHED	n/a — passed	PHPUnit JUnit run 2026-08-12 (L1 only)	NOT_ESTABLISHED	NOT_ESTABLISHED	NOT_ESTABLISHED	NOT_ESTABLISHED
Tests\Feature\Election\StateMachine\CurrentBehaviorTest::test_new_election_derives_to_draft_state	Tests\Feature\Election\StateMachine\CurrentBehaviorTest	test_new_election_derives_to_draft_state	PASSED	1	0.063		Feature/HTTP (structural)	Lifecycle state machine	NOT_ESTABLISHED	NOT_ESTABLISHED	NOT_ESTABLISHED	NOT_ESTABLISHED	NOT_ESTABLISHED	NOT_ESTABLISHED	NOT_ESTABLISHED	NOT_ESTABLISHED	Unknown	NOT_ESTABLISHED	NOT_ESTABLISHED	n/a — passed	PHPUnit JUnit run 2026-08-12 (L1 only)	NOT_ESTABLISHED	NOT_ESTABLISHED	NOT_ESTABLISHED	NOT_ESTABLISHED
Tests\Feature\Election\StateMachine\CurrentBehaviorTest::test_open_voting_transition	Tests\Feature\Election\StateMachine\CurrentBehaviorTest	test_open_voting_transition	PASSED	1	0.101		Feature/HTTP (structural)	Lifecycle state machine	NOT_ESTABLISHED	NOT_ESTABLISHED	NOT_ESTABLISHED	NOT_ESTABLISHED	NOT_ESTABLISHED	NOT_ESTABLISHED	NOT_ESTABLISHED	NOT_ESTABLISHED	Unknown	NOT_ESTABLISHED	NOT_ESTABLISHED	n/a — passed	PHPUnit JUnit run 2026-08-12 (L1 only)	NOT_ESTABLISHED	NOT_ESTABLISHED	NOT_ESTABLISHED	NOT_ESTABLISHED
Tests\Feature\Election\StateMachine\CurrentBehaviorTest::test_publish_results_transition	Tests\Feature\Election\StateMachine\CurrentBehaviorTest	test_publish_results_transition	PASSED	1	0.077		Feature/HTTP (structural)	Lifecycle state machine	NOT_ESTABLISHED	NOT_ESTABLISHED	NOT_ESTABLISHED	NOT_ESTABLISHED	NOT_ESTABLISHED	NOT_ESTABLISHED	NOT_ESTABLISHED	NOT_ESTABLISHED	Unknown	NOT_ESTABLISHED	NOT_ESTABLISHED	n/a — passed	PHPUnit JUnit run 2026-08-12 (L1 only)	NOT_ESTABLISHED	NOT_ESTABLISHED	NOT_ESTABLISHED	NOT_ESTABLISHED
Tests\Feature\Election\StateMachine\CurrentBehaviorTest::test_ready_for_voting_cannot_vote	Tests\Feature\Election\StateMachine\CurrentBehaviorTest	test_ready_for_voting_cannot_vote	PASSED	1	0.066		Feature/HTTP (structural)	Lifecycle state machine	NOT_ESTABLISHED	NOT_ESTABLISHED	NOT_ESTABLISHED	NOT_ESTABLISHED	NOT_ESTABLISHED	NOT_ESTABLISHED	NOT_ESTABLISHED	NOT_ESTABLISHED	Unknown	NOT_ESTABLISHED	NOT_ESTABLISHED	n/a — passed	PHPUnit JUnit run 2026-08-12 (L1 only)	NOT_ESTABLISHED	NOT_ESTABLISHED	NOT_ESTABLISHED	NOT_ESTABLISHED
Tests\Feature\Election\StateMachine\CurrentBehaviorTest::test_setup_can_edit_timeline	Tests\Feature\Election\StateMachine\CurrentBehaviorTest	test_setup_can_edit_timeline	PASSED	1	0.064		Feature/HTTP (structural)	Lifecycle state machine	NOT_ESTABLISHED	NOT_ESTABLISHED	NOT_ESTABLISHED	NOT_ESTABLISHED	NOT_ESTABLISHED	NOT_ESTABLISHED	NOT_ESTABLISHED	NOT_ESTABLISHED	Unknown	NOT_ESTABLISHED	NOT_ESTABLISHED	n/a — passed	PHPUnit JUnit run 2026-08-12 (L1 only)	NOT_ESTABLISHED	NOT_ESTABLISHED	NOT_ESTABLISHED	NOT_ESTABLISHED
Tests\Feature\Election\StateMachine\CurrentBehaviorTest::test_submit_for_approval_transition	Tests\Feature\Election\StateMachine\CurrentBehaviorTest	test_submit_for_approval_transition	PASSED	1	0.078		Feature/HTTP (structural)	Lifecycle state machine	NOT_ESTABLISHED	NOT_ESTABLISHED	NOT_ESTABLISHED	NOT_ESTABLISHED	NOT_ESTABLISHED	NOT_ESTABLISHED	NOT_ESTABLISHED	NOT_ESTABLISHED	Unknown	NOT_ESTABLISHED	NOT_ESTABLISHED	n/a — passed	PHPUnit JUnit run 2026-08-12 (L1 only)	NOT_ESTABLISHED	NOT_ESTABLISHED	NOT_ESTABLISHED	NOT_ESTABLISHED
Tests\Feature\Election\StateMachine\CurrentBehaviorTest::test_submitted_for_approval_allowed_actions	Tests\Feature\Election\StateMachine\CurrentBehaviorTest	test_submitted_for_approval_allowed_actions	PASSED	1	0.063		Feature/HTTP (structural)	Lifecycle state machine	NOT_ESTABLISHED	NOT_ESTABLISHED	NOT_ESTABLISHED	NOT_ESTABLISHED	NOT_ESTABLISHED	NOT_ESTABLISHED	NOT_ESTABLISHED	NOT_ESTABLISHED	Unknown	NOT_ESTABLISHED	NOT_ESTABLISHED	n/a — passed	PHPUnit JUnit run 2026-08-12 (L1 only)	NOT_ESTABLISHED	NOT_ESTABLISHED	NOT_ESTABLISHED	NOT_ESTABLISHED
Tests\Feature\Election\StateMachine\CurrentBehaviorTest::test_voting_active_allowed_actions	Tests\Feature\Election\StateMachine\CurrentBehaviorTest	test_voting_active_allowed_actions	PASSED	1	0.068		Feature/HTTP (structural)	Lifecycle state machine	NOT_ESTABLISHED	NOT_ESTABLISHED	NOT_ESTABLISHED	NOT_ESTABLISHED	NOT_ESTABLISHED	NOT_ESTABLISHED	NOT_ESTABLISHED	NOT_ESTABLISHED	Unknown	NOT_ESTABLISHED	NOT_ESTABLISHED	n/a — passed	PHPUnit JUnit run 2026-08-12 (L1 only)	NOT_ESTABLISHED	NOT_ESTABLISHED	NOT_ESTABLISHED	NOT_ESTABLISHED
Tests\Feature\Election\StateMachine\CurrentBehaviorTest::test_voting_active_can_vote	Tests\Feature\Election\StateMachine\CurrentBehaviorTest	test_voting_active_can_vote	PASSED	1	0.067		Feature/HTTP (structural)	Lifecycle state machine	NOT_ESTABLISHED	NOT_ESTABLISHED	NOT_ESTABLISHED	NOT_ESTABLISHED	NOT_ESTABLISHED	NOT_ESTABLISHED	NOT_ESTABLISHED	NOT_ESTABLISHED	Unknown	NOT_ESTABLISHED	NOT_ESTABLISHED	n/a — passed	PHPUnit JUnit run 2026-08-12 (L1 only)	NOT_ESTABLISHED	NOT_ESTABLISHED	NOT_ESTABLISHED	NOT_ESTABLISHED
Tests\Feature\Election\TimelineEditing\TimelineCapabilityAuthorizationTest::authorization_error_message_includes_state_context	Tests\Feature\Election\TimelineEditing\TimelineCapabilityAuthorizationTest	authorization_error_message_includes_state_context	ERROR	0	0.000	Spatie\Permission\Exceptions\PermissionDoesNotExist: There is no permission named `manage_elections` for guard `web`.	Feature/HTTP (structural)	Timeline editing	From its own docblock: PATCH /elections/{slug}/timeline must respect the constitutional capability model, and authority must have shifted from route middleware (election.state:configure_election) to lifecycle capabilities	Only an actor holding canEditTimeline may edit an election timeline	capability-dependent — canEditTimeline is false in legitimate Counting (carried forward, prior evidence)	canEditTimeline	election officer role — specific role NOT_ESTABLISHED per test	server-side enforcement at the PATCH endpoint	PATCH /elections/{slug}/timeline	ElectionLifecycle::canEditTimeline()	Application (capability derivation) + Domain (constitution content) — see Relationship 4: rule content and enforcing mechanism have different owners	requires a Spatie permission that the test database does not contain	authorised actor edits; unauthorised actor is refused server-side	Test/fixture defect — missing permission seed. EVIDENCE: Spatie PermissionDoesNotExist, i.e. the guard was never reached. NOT a production authorization defect on this evidence	JUnit run 2026-08-12; class docblock; exception type	Contributes to timeline-editing authorization coverage — but contributes NOTHING at present, because the tests abort before reaching the guard	Server-side timeline authorization is currently UNVERIFIED despite 8 tests existing for it	Docblock records the shift away from route middleware election.state:configure_election — category E (retained by decision) for the new authority; the old middleware path is not asserted here	Which permission is missing, and is it absent from the seeder or renamed? Mechanism not yet established
Tests\Feature\Election\TimelineEditing\TimelineCapabilityAuthorizationTest::authorization_uses_lifecycle_snapshot_not_old_state_machine	Tests\Feature\Election\TimelineEditing\TimelineCapabilityAuthorizationTest	authorization_uses_lifecycle_snapshot_not_old_state_machine	ERROR	0	0.000	Spatie\Permission\Exceptions\PermissionDoesNotExist: There is no permission named `manage_elections` for guard `web`.	Feature/HTTP (structural)	Timeline editing	From its own docblock: PATCH /elections/{slug}/timeline must respect the constitutional capability model, and authority must have shifted from route middleware (election.state:configure_election) to lifecycle capabilities	Only an actor holding canEditTimeline may edit an election timeline	capability-dependent — canEditTimeline is false in legitimate Counting (carried forward, prior evidence)	canEditTimeline	election officer role — specific role NOT_ESTABLISHED per test	server-side enforcement at the PATCH endpoint	PATCH /elections/{slug}/timeline	ElectionLifecycle::canEditTimeline()	Application (capability derivation) + Domain (constitution content) — see Relationship 4: rule content and enforcing mechanism have different owners	requires a Spatie permission that the test database does not contain	authorised actor edits; unauthorised actor is refused server-side	Test/fixture defect — missing permission seed. EVIDENCE: Spatie PermissionDoesNotExist, i.e. the guard was never reached. NOT a production authorization defect on this evidence	JUnit run 2026-08-12; class docblock; exception type	Contributes to timeline-editing authorization coverage — but contributes NOTHING at present, because the tests abort before reaching the guard	Server-side timeline authorization is currently UNVERIFIED despite 8 tests existing for it	Docblock records the shift away from route middleware election.state:configure_election — category E (retained by decision) for the new authority; the old middleware path is not asserted here	Which permission is missing, and is it absent from the seeder or renamed? Mechanism not yet established
Tests\Feature\Election\TimelineEditing\TimelineCapabilityAuthorizationTest::can_edit_timeline_in_approved_state	Tests\Feature\Election\TimelineEditing\TimelineCapabilityAuthorizationTest	can_edit_timeline_in_approved_state	ERROR	0	0.000	Spatie\Permission\Exceptions\PermissionDoesNotExist: There is no permission named `manage_elections` for guard `web`.	Feature/HTTP (structural)	Timeline editing	From its own docblock: PATCH /elections/{slug}/timeline must respect the constitutional capability model, and authority must have shifted from route middleware (election.state:configure_election) to lifecycle capabilities	Only an actor holding canEditTimeline may edit an election timeline	capability-dependent — canEditTimeline is false in legitimate Counting (carried forward, prior evidence)	canEditTimeline	election officer role — specific role NOT_ESTABLISHED per test	server-side enforcement at the PATCH endpoint	PATCH /elections/{slug}/timeline	ElectionLifecycle::canEditTimeline()	Application (capability derivation) + Domain (constitution content) — see Relationship 4: rule content and enforcing mechanism have different owners	requires a Spatie permission that the test database does not contain	authorised actor edits; unauthorised actor is refused server-side	Test/fixture defect — missing permission seed. EVIDENCE: Spatie PermissionDoesNotExist, i.e. the guard was never reached. NOT a production authorization defect on this evidence	JUnit run 2026-08-12; class docblock; exception type	Contributes to timeline-editing authorization coverage — but contributes NOTHING at present, because the tests abort before reaching the guard	Server-side timeline authorization is currently UNVERIFIED despite 8 tests existing for it	Docblock records the shift away from route middleware election.state:configure_election — category E (retained by decision) for the new authority; the old middleware path is not asserted here	Which permission is missing, and is it absent from the seeder or renamed? Mechanism not yet established
Tests\Feature\Election\TimelineEditing\TimelineCapabilityAuthorizationTest::can_edit_timeline_in_draft_state	Tests\Feature\Election\TimelineEditing\TimelineCapabilityAuthorizationTest	can_edit_timeline_in_draft_state	ERROR	0	0.000	Spatie\Permission\Exceptions\PermissionDoesNotExist: There is no permission named `manage_elections` for guard `web`.	Feature/HTTP (structural)	Timeline editing	From its own docblock: PATCH /elections/{slug}/timeline must respect the constitutional capability model, and authority must have shifted from route middleware (election.state:configure_election) to lifecycle capabilities	Only an actor holding canEditTimeline may edit an election timeline	capability-dependent — canEditTimeline is false in legitimate Counting (carried forward, prior evidence)	canEditTimeline	election officer role — specific role NOT_ESTABLISHED per test	server-side enforcement at the PATCH endpoint	PATCH /elections/{slug}/timeline	ElectionLifecycle::canEditTimeline()	Application (capability derivation) + Domain (constitution content) — see Relationship 4: rule content and enforcing mechanism have different owners	requires a Spatie permission that the test database does not contain	authorised actor edits; unauthorised actor is refused server-side	Test/fixture defect — missing permission seed. EVIDENCE: Spatie PermissionDoesNotExist, i.e. the guard was never reached. NOT a production authorization defect on this evidence	JUnit run 2026-08-12; class docblock; exception type	Contributes to timeline-editing authorization coverage — but contributes NOTHING at present, because the tests abort before reaching the guard	Server-side timeline authorization is currently UNVERIFIED despite 8 tests existing for it	Docblock records the shift away from route middleware election.state:configure_election — category E (retained by decision) for the new authority; the old middleware path is not asserted here	Which permission is missing, and is it absent from the seeder or renamed? Mechanism not yet established
Tests\Feature\Election\TimelineEditing\TimelineCapabilityAuthorizationTest::can_edit_timeline_in_setup_state	Tests\Feature\Election\TimelineEditing\TimelineCapabilityAuthorizationTest	can_edit_timeline_in_setup_state	ERROR	0	0.000	Spatie\Permission\Exceptions\PermissionDoesNotExist: There is no permission named `manage_elections` for guard `web`.	Feature/HTTP (structural)	Timeline editing	From its own docblock: PATCH /elections/{slug}/timeline must respect the constitutional capability model, and authority must have shifted from route middleware (election.state:configure_election) to lifecycle capabilities	Only an actor holding canEditTimeline may edit an election timeline	capability-dependent — canEditTimeline is false in legitimate Counting (carried forward, prior evidence)	canEditTimeline	election officer role — specific role NOT_ESTABLISHED per test	server-side enforcement at the PATCH endpoint	PATCH /elections/{slug}/timeline	ElectionLifecycle::canEditTimeline()	Application (capability derivation) + Domain (constitution content) — see Relationship 4: rule content and enforcing mechanism have different owners	requires a Spatie permission that the test database does not contain	authorised actor edits; unauthorised actor is refused server-side	Test/fixture defect — missing permission seed. EVIDENCE: Spatie PermissionDoesNotExist, i.e. the guard was never reached. NOT a production authorization defect on this evidence	JUnit run 2026-08-12; class docblock; exception type	Contributes to timeline-editing authorization coverage — but contributes NOTHING at present, because the tests abort before reaching the guard	Server-side timeline authorization is currently UNVERIFIED despite 8 tests existing for it	Docblock records the shift away from route middleware election.state:configure_election — category E (retained by decision) for the new authority; the old middleware path is not asserted here	Which permission is missing, and is it absent from the seeder or renamed? Mechanism not yet established
Tests\Feature\Election\TimelineEditing\TimelineCapabilityAuthorizationTest::cannot_edit_timeline_in_counting_state	Tests\Feature\Election\TimelineEditing\TimelineCapabilityAuthorizationTest	cannot_edit_timeline_in_counting_state	ERROR	0	0.000	Spatie\Permission\Exceptions\PermissionDoesNotExist: There is no permission named `manage_elections` for guard `web`.	Feature/HTTP (structural)	Timeline editing	From its own docblock: PATCH /elections/{slug}/timeline must respect the constitutional capability model, and authority must have shifted from route middleware (election.state:configure_election) to lifecycle capabilities	Only an actor holding canEditTimeline may edit an election timeline	capability-dependent — canEditTimeline is false in legitimate Counting (carried forward, prior evidence)	canEditTimeline	election officer role — specific role NOT_ESTABLISHED per test	server-side enforcement at the PATCH endpoint	PATCH /elections/{slug}/timeline	ElectionLifecycle::canEditTimeline()	Application (capability derivation) + Domain (constitution content) — see Relationship 4: rule content and enforcing mechanism have different owners	requires a Spatie permission that the test database does not contain	authorised actor edits; unauthorised actor is refused server-side	Test/fixture defect — missing permission seed. EVIDENCE: Spatie PermissionDoesNotExist, i.e. the guard was never reached. NOT a production authorization defect on this evidence	JUnit run 2026-08-12; class docblock; exception type	Contributes to timeline-editing authorization coverage — but contributes NOTHING at present, because the tests abort before reaching the guard	Server-side timeline authorization is currently UNVERIFIED despite 8 tests existing for it	Docblock records the shift away from route middleware election.state:configure_election — category E (retained by decision) for the new authority; the old middleware path is not asserted here	Which permission is missing, and is it absent from the seeder or renamed? Mechanism not yet established
Tests\Feature\Election\TimelineEditing\TimelineCapabilityAuthorizationTest::cannot_edit_timeline_in_results_published_state	Tests\Feature\Election\TimelineEditing\TimelineCapabilityAuthorizationTest	cannot_edit_timeline_in_results_published_state	ERROR	0	0.000	Spatie\Permission\Exceptions\PermissionDoesNotExist: There is no permission named `manage_elections` for guard `web`.	Feature/HTTP (structural)	Timeline editing	From its own docblock: PATCH /elections/{slug}/timeline must respect the constitutional capability model, and authority must have shifted from route middleware (election.state:configure_election) to lifecycle capabilities	Only an actor holding canEditTimeline may edit an election timeline	capability-dependent — canEditTimeline is false in legitimate Counting (carried forward, prior evidence)	canEditTimeline	election officer role — specific role NOT_ESTABLISHED per test	server-side enforcement at the PATCH endpoint	PATCH /elections/{slug}/timeline	ElectionLifecycle::canEditTimeline()	Application (capability derivation) + Domain (constitution content) — see Relationship 4: rule content and enforcing mechanism have different owners	requires a Spatie permission that the test database does not contain	authorised actor edits; unauthorised actor is refused server-side	Test/fixture defect — missing permission seed. EVIDENCE: Spatie PermissionDoesNotExist, i.e. the guard was never reached. NOT a production authorization defect on this evidence	JUnit run 2026-08-12; class docblock; exception type	Contributes to timeline-editing authorization coverage — but contributes NOTHING at present, because the tests abort before reaching the guard	Server-side timeline authorization is currently UNVERIFIED despite 8 tests existing for it	Docblock records the shift away from route middleware election.state:configure_election — category E (retained by decision) for the new authority; the old middleware path is not asserted here	Which permission is missing, and is it absent from the seeder or renamed? Mechanism not yet established
Tests\Feature\Election\TimelineEditing\TimelineCapabilityAuthorizationTest::cannot_edit_timeline_in_voting_active_state	Tests\Feature\Election\TimelineEditing\TimelineCapabilityAuthorizationTest	cannot_edit_timeline_in_voting_active_state	ERROR	0	0.000	Spatie\Permission\Exceptions\PermissionDoesNotExist: There is no permission named `manage_elections` for guard `web`.	Feature/HTTP (structural)	Timeline editing	From its own docblock: PATCH /elections/{slug}/timeline must respect the constitutional capability model, and authority must have shifted from route middleware (election.state:configure_election) to lifecycle capabilities	Only an actor holding canEditTimeline may edit an election timeline	capability-dependent — canEditTimeline is false in legitimate Counting (carried forward, prior evidence)	canEditTimeline	election officer role — specific role NOT_ESTABLISHED per test	server-side enforcement at the PATCH endpoint	PATCH /elections/{slug}/timeline	ElectionLifecycle::canEditTimeline()	Application (capability derivation) + Domain (constitution content) — see Relationship 4: rule content and enforcing mechanism have different owners	requires a Spatie permission that the test database does not contain	authorised actor edits; unauthorised actor is refused server-side	Test/fixture defect — missing permission seed. EVIDENCE: Spatie PermissionDoesNotExist, i.e. the guard was never reached. NOT a production authorization defect on this evidence	JUnit run 2026-08-12; class docblock; exception type	Contributes to timeline-editing authorization coverage — but contributes NOTHING at present, because the tests abort before reaching the guard	Server-side timeline authorization is currently UNVERIFIED despite 8 tests existing for it	Docblock records the shift away from route middleware election.state:configure_election — category E (retained by decision) for the new authority; the old middleware path is not asserted here	Which permission is missing, and is it absent from the seeder or renamed? Mechanism not yet established
Tests\Feature\Election\VoterDropdownTest::test_dropdown_excludes_already_assigned_voters	Tests\Feature\Election\VoterDropdownTest	test_dropdown_excludes_already_assigned_voters	PASSED	2	0.116		Feature/HTTP (structural)	Election — general	NOT_ESTABLISHED	NOT_ESTABLISHED	NOT_ESTABLISHED	NOT_ESTABLISHED	NOT_ESTABLISHED	NOT_ESTABLISHED	NOT_ESTABLISHED	NOT_ESTABLISHED	Unknown	NOT_ESTABLISHED	NOT_ESTABLISHED	n/a — passed	PHPUnit JUnit run 2026-08-12 (L1 only)	NOT_ESTABLISHED	NOT_ESTABLISHED	NOT_ESTABLISHED	NOT_ESTABLISHED
Tests\Feature\Election\VoterDropdownTest::test_dropdown_excludes_associate_type_members	Tests\Feature\Election\VoterDropdownTest	test_dropdown_excludes_associate_type_members	PASSED	2	0.088		Feature/HTTP (structural)	Election — general	NOT_ESTABLISHED	NOT_ESTABLISHED	NOT_ESTABLISHED	NOT_ESTABLISHED	NOT_ESTABLISHED	NOT_ESTABLISHED	NOT_ESTABLISHED	NOT_ESTABLISHED	Unknown	NOT_ESTABLISHED	NOT_ESTABLISHED	n/a — passed	PHPUnit JUnit run 2026-08-12 (L1 only)	NOT_ESTABLISHED	NOT_ESTABLISHED	NOT_ESTABLISHED	NOT_ESTABLISHED
Tests\Feature\Election\VoterDropdownTest::test_dropdown_excludes_members_with_unpaid_fees	Tests\Feature\Election\VoterDropdownTest	test_dropdown_excludes_members_with_unpaid_fees	PASSED	2	0.089		Feature/HTTP (structural)	Election — general	NOT_ESTABLISHED	NOT_ESTABLISHED	NOT_ESTABLISHED	NOT_ESTABLISHED	NOT_ESTABLISHED	NOT_ESTABLISHED	NOT_ESTABLISHED	NOT_ESTABLISHED	Unknown	NOT_ESTABLISHED	NOT_ESTABLISHED	n/a — passed	PHPUnit JUnit run 2026-08-12 (L1 only)	NOT_ESTABLISHED	NOT_ESTABLISHED	NOT_ESTABLISHED	NOT_ESTABLISHED
Tests\Feature\Election\VoterDropdownTest::test_dropdown_shows_only_eligible_members	Tests\Feature\Election\VoterDropdownTest	test_dropdown_shows_only_eligible_members	PASSED	4	0.121		Feature/HTTP (structural)	Election — general	NOT_ESTABLISHED	NOT_ESTABLISHED	NOT_ESTABLISHED	NOT_ESTABLISHED	NOT_ESTABLISHED	NOT_ESTABLISHED	NOT_ESTABLISHED	NOT_ESTABLISHED	Unknown	NOT_ESTABLISHED	NOT_ESTABLISHED	n/a — passed	PHPUnit JUnit run 2026-08-12 (L1 only)	NOT_ESTABLISHED	NOT_ESTABLISHED	NOT_ESTABLISHED	NOT_ESTABLISHED
Tests\Feature\Election\VoterEligibilityTest::test_bulk_assign_all_eligible_creates_all_records	Tests\Feature\Election\VoterEligibilityTest	test_bulk_assign_all_eligible_creates_all_records	ERROR	1	0.106	BadMethodCallException: Call to undefined method App\Models\ElectionMembership::bulkAssignVoters()	Feature/HTTP (structural)	Election — general	NOT_ESTABLISHED	NOT_ESTABLISHED	NOT_ESTABLISHED	NOT_ESTABLISHED	NOT_ESTABLISHED	NOT_ESTABLISHED	NOT_ESTABLISHED	NOT_ESTABLISHED	Unknown	NOT_ESTABLISHED	NOT_ESTABLISHED	Mechanism not yet established	PHPUnit JUnit run 2026-08-12 (L1 only)	NOT_ESTABLISHED	NOT_ESTABLISHED	NOT_ESTABLISHED	NOT_ESTABLISHED
Tests\Feature\Election\VoterEligibilityTest::test_bulk_assign_blocks_associate_type_member	Tests\Feature\Election\VoterEligibilityTest	test_bulk_assign_blocks_associate_type_member	ERROR	1	0.064	BadMethodCallException: Call to undefined method App\Models\ElectionMembership::bulkAssignVoters()	Feature/HTTP (structural)	Election — general	NOT_ESTABLISHED	NOT_ESTABLISHED	NOT_ESTABLISHED	NOT_ESTABLISHED	NOT_ESTABLISHED	NOT_ESTABLISHED	NOT_ESTABLISHED	NOT_ESTABLISHED	Unknown	NOT_ESTABLISHED	NOT_ESTABLISHED	Mechanism not yet established	PHPUnit JUnit run 2026-08-12 (L1 only)	NOT_ESTABLISHED	NOT_ESTABLISHED	NOT_ESTABLISHED	NOT_ESTABLISHED
Tests\Feature\Election\VoterEligibilityTest::test_bulk_assign_filters_out_ineligible_users	Tests\Feature\Election\VoterEligibilityTest	test_bulk_assign_filters_out_ineligible_users	ERROR	1	0.095	BadMethodCallException: Call to undefined method App\Models\ElectionMembership::bulkAssignVoters()	Feature/HTTP (structural)	Election — general	NOT_ESTABLISHED	NOT_ESTABLISHED	NOT_ESTABLISHED	NOT_ESTABLISHED	NOT_ESTABLISHED	NOT_ESTABLISHED	NOT_ESTABLISHED	NOT_ESTABLISHED	Unknown	NOT_ESTABLISHED	NOT_ESTABLISHED	Mechanism not yet established	PHPUnit JUnit run 2026-08-12 (L1 only)	NOT_ESTABLISHED	NOT_ESTABLISHED	NOT_ESTABLISHED	NOT_ESTABLISHED
Tests\Feature\Election\VoterEligibilityTest::test_bulk_assign_skips_already_assigned_voter	Tests\Feature\Election\VoterEligibilityTest	test_bulk_assign_skips_already_assigned_voter	ERROR	1	0.089	BadMethodCallException: Call to undefined method App\Models\ElectionMembership::bulkAssignVoters()	Feature/HTTP (structural)	Election — general	NOT_ESTABLISHED	NOT_ESTABLISHED	NOT_ESTABLISHED	NOT_ESTABLISHED	NOT_ESTABLISHED	NOT_ESTABLISHED	NOT_ESTABLISHED	NOT_ESTABLISHED	Unknown	NOT_ESTABLISHED	NOT_ESTABLISHED	Mechanism not yet established	PHPUnit JUnit run 2026-08-12 (L1 only)	NOT_ESTABLISHED	NOT_ESTABLISHED	NOT_ESTABLISHED	NOT_ESTABLISHED
Tests\Feature\Election\VoterEligibilityTest::test_bulk_store_assigns_only_eligible_members	Tests\Feature\Election\VoterEligibilityTest	test_bulk_store_assigns_only_eligible_members	PASSED	5	0.118		Feature/HTTP (structural)	Election — general	NOT_ESTABLISHED	NOT_ESTABLISHED	NOT_ESTABLISHED	NOT_ESTABLISHED	NOT_ESTABLISHED	NOT_ESTABLISHED	NOT_ESTABLISHED	NOT_ESTABLISHED	Unknown	NOT_ESTABLISHED	NOT_ESTABLISHED	n/a — passed	PHPUnit JUnit run 2026-08-12 (L1 only)	NOT_ESTABLISHED	NOT_ESTABLISHED	NOT_ESTABLISHED	NOT_ESTABLISHED
Tests\Feature\Election\VoterEligibilityTest::test_bulk_store_with_all_eligible_users	Tests\Feature\Election\VoterEligibilityTest	test_bulk_store_with_all_eligible_users	PASSED	3	0.126		Feature/HTTP (structural)	Election — general	NOT_ESTABLISHED	NOT_ESTABLISHED	NOT_ESTABLISHED	NOT_ESTABLISHED	NOT_ESTABLISHED	NOT_ESTABLISHED	NOT_ESTABLISHED	NOT_ESTABLISHED	Unknown	NOT_ESTABLISHED	NOT_ESTABLISHED	n/a — passed	PHPUnit JUnit run 2026-08-12 (L1 only)	NOT_ESTABLISHED	NOT_ESTABLISHED	NOT_ESTABLISHED	NOT_ESTABLISHED
Tests\Feature\Election\VoterEligibilityTest::test_bulk_store_with_none_eligible_inserts_zero_rows	Tests\Feature\Election\VoterEligibilityTest	test_bulk_store_with_none_eligible_inserts_zero_rows	PASSED	3	0.095		Feature/HTTP (structural)	Election — general	NOT_ESTABLISHED	NOT_ESTABLISHED	NOT_ESTABLISHED	NOT_ESTABLISHED	NOT_ESTABLISHED	NOT_ESTABLISHED	NOT_ESTABLISHED	NOT_ESTABLISHED	Unknown	NOT_ESTABLISHED	NOT_ESTABLISHED	n/a — passed	PHPUnit JUnit run 2026-08-12 (L1 only)	NOT_ESTABLISHED	NOT_ESTABLISHED	NOT_ESTABLISHED	NOT_ESTABLISHED
Tests\Feature\Election\VoterEligibilityTest::test_eligible_voter_with_exempt_fees	Tests\Feature\Election\VoterEligibilityTest	test_eligible_voter_with_exempt_fees	PASSED	2	0.067		Feature/HTTP (structural)	Election — general	NOT_ESTABLISHED	NOT_ESTABLISHED	NOT_ESTABLISHED	NOT_ESTABLISHED	NOT_ESTABLISHED	NOT_ESTABLISHED	NOT_ESTABLISHED	NOT_ESTABLISHED	Unknown	NOT_ESTABLISHED	NOT_ESTABLISHED	n/a — passed	PHPUnit JUnit run 2026-08-12 (L1 only)	NOT_ESTABLISHED	NOT_ESTABLISHED	NOT_ESTABLISHED	NOT_ESTABLISHED
Tests\Feature\Election\VoterEligibilityTest::test_eligible_voter_with_future_expiry	Tests\Feature\Election\VoterEligibilityTest	test_eligible_voter_with_future_expiry	PASSED	2	0.071		Feature/HTTP (structural)	Election — general	NOT_ESTABLISHED	NOT_ESTABLISHED	NOT_ESTABLISHED	NOT_ESTABLISHED	NOT_ESTABLISHED	NOT_ESTABLISHED	NOT_ESTABLISHED	NOT_ESTABLISHED	Unknown	NOT_ESTABLISHED	NOT_ESTABLISHED	n/a — passed	PHPUnit JUnit run 2026-08-12 (L1 only)	NOT_ESTABLISHED	NOT_ESTABLISHED	NOT_ESTABLISHED	NOT_ESTABLISHED
Tests\Feature\Election\VoterEligibilityTest::test_eligible_voter_with_null_expiry_lifetime_member	Tests\Feature\Election\VoterEligibilityTest	test_eligible_voter_with_null_expiry_lifetime_member	PASSED	2	0.065		Feature/HTTP (structural)	Election — general	NOT_ESTABLISHED	NOT_ESTABLISHED	NOT_ESTABLISHED	NOT_ESTABLISHED	NOT_ESTABLISHED	NOT_ESTABLISHED	NOT_ESTABLISHED	NOT_ESTABLISHED	Unknown	NOT_ESTABLISHED	NOT_ESTABLISHED	n/a — passed	PHPUnit JUnit run 2026-08-12 (L1 only)	NOT_ESTABLISHED	NOT_ESTABLISHED	NOT_ESTABLISHED	NOT_ESTABLISHED
Tests\Feature\Election\VoterEligibilityTest::test_eligible_voter_with_paid_fees_and_voting_type	Tests\Feature\Election\VoterEligibilityTest	test_eligible_voter_with_paid_fees_and_voting_type	PASSED	2	0.065		Feature/HTTP (structural)	Election — general	NOT_ESTABLISHED	NOT_ESTABLISHED	NOT_ESTABLISHED	NOT_ESTABLISHED	NOT_ESTABLISHED	NOT_ESTABLISHED	NOT_ESTABLISHED	NOT_ESTABLISHED	Unknown	NOT_ESTABLISHED	NOT_ESTABLISHED	n/a — passed	PHPUnit JUnit run 2026-08-12 (L1 only)	NOT_ESTABLISHED	NOT_ESTABLISHED	NOT_ESTABLISHED	NOT_ESTABLISHED
Tests\Feature\Election\VoterEligibilityTest::test_import_preview_marks_eligible_member_as_valid	Tests\Feature\Election\VoterEligibilityTest	test_import_preview_marks_eligible_member_as_valid	PASSED	4	0.104		Feature/HTTP (structural)	Election — general	NOT_ESTABLISHED	NOT_ESTABLISHED	NOT_ESTABLISHED	NOT_ESTABLISHED	NOT_ESTABLISHED	NOT_ESTABLISHED	NOT_ESTABLISHED	NOT_ESTABLISHED	Unknown	NOT_ESTABLISHED	NOT_ESTABLISHED	n/a — passed	PHPUnit JUnit run 2026-08-12 (L1 only)	NOT_ESTABLISHED	NOT_ESTABLISHED	NOT_ESTABLISHED	NOT_ESTABLISHED
Tests\Feature\Election\VoterEligibilityTest::test_import_preview_marks_expired_member_as_invalid	Tests\Feature\Election\VoterEligibilityTest	test_import_preview_marks_expired_member_as_invalid	FAILURE	3	0.103	Failed asserting that 0 is identical to 1.	Feature/HTTP (structural)	Election — general	NOT_ESTABLISHED	NOT_ESTABLISHED	NOT_ESTABLISHED	NOT_ESTABLISHED	NOT_ESTABLISHED	NOT_ESTABLISHED	NOT_ESTABLISHED	NOT_ESTABLISHED	Unknown	NOT_ESTABLISHED	NOT_ESTABLISHED	Mechanism not yet established	PHPUnit JUnit run 2026-08-12 (L1 only)	NOT_ESTABLISHED	NOT_ESTABLISHED	NOT_ESTABLISHED	NOT_ESTABLISHED
Tests\Feature\Election\VoterEligibilityTest::test_import_preview_marks_unpaid_member_as_invalid	Tests\Feature\Election\VoterEligibilityTest	test_import_preview_marks_unpaid_member_as_invalid	PASSED	4	0.104		Feature/HTTP (structural)	Election — general	NOT_ESTABLISHED	NOT_ESTABLISHED	NOT_ESTABLISHED	NOT_ESTABLISHED	NOT_ESTABLISHED	NOT_ESTABLISHED	NOT_ESTABLISHED	NOT_ESTABLISHED	Unknown	NOT_ESTABLISHED	NOT_ESTABLISHED	n/a — passed	PHPUnit JUnit run 2026-08-12 (L1 only)	NOT_ESTABLISHED	NOT_ESTABLISHED	NOT_ESTABLISHED	NOT_ESTABLISHED
Tests\Feature\Election\VoterEligibilityTest::test_import_preview_marks_user_without_member_record_as_invalid	Tests\Feature\Election\VoterEligibilityTest	test_import_preview_marks_user_without_member_record_as_invalid	PASSED	3	0.102		Feature/HTTP (structural)	Election — general	NOT_ESTABLISHED	NOT_ESTABLISHED	NOT_ESTABLISHED	NOT_ESTABLISHED	NOT_ESTABLISHED	NOT_ESTABLISHED	NOT_ESTABLISHED	NOT_ESTABLISHED	Unknown	NOT_ESTABLISHED	NOT_ESTABLISHED	n/a — passed	PHPUnit JUnit run 2026-08-12 (L1 only)	NOT_ESTABLISHED	NOT_ESTABLISHED	NOT_ESTABLISHED	NOT_ESTABLISHED
Tests\Feature\Election\VoterEligibilityTest::test_ineligible_if_fees_status_is_partial	Tests\Feature\Election\VoterEligibilityTest	test_ineligible_if_fees_status_is_partial	PASSED	2	0.065		Feature/HTTP (structural)	Election — general	NOT_ESTABLISHED	NOT_ESTABLISHED	NOT_ESTABLISHED	NOT_ESTABLISHED	NOT_ESTABLISHED	NOT_ESTABLISHED	NOT_ESTABLISHED	NOT_ESTABLISHED	Unknown	NOT_ESTABLISHED	NOT_ESTABLISHED	n/a — passed	PHPUnit JUnit run 2026-08-12 (L1 only)	NOT_ESTABLISHED	NOT_ESTABLISHED	NOT_ESTABLISHED	NOT_ESTABLISHED
Tests\Feature\Election\VoterEligibilityTest::test_ineligible_if_fees_status_is_unpaid	Tests\Feature\Election\VoterEligibilityTest	test_ineligible_if_fees_status_is_unpaid	PASSED	2	0.066		Feature/HTTP (structural)	Election — general	NOT_ESTABLISHED	NOT_ESTABLISHED	NOT_ESTABLISHED	NOT_ESTABLISHED	NOT_ESTABLISHED	NOT_ESTABLISHED	NOT_ESTABLISHED	NOT_ESTABLISHED	Unknown	NOT_ESTABLISHED	NOT_ESTABLISHED	n/a — passed	PHPUnit JUnit run 2026-08-12 (L1 only)	NOT_ESTABLISHED	NOT_ESTABLISHED	NOT_ESTABLISHED	NOT_ESTABLISHED
Tests\Feature\Election\VoterEligibilityTest::test_ineligible_if_member_is_soft_deleted	Tests\Feature\Election\VoterEligibilityTest	test_ineligible_if_member_is_soft_deleted	PASSED	2	0.066		Feature/HTTP (structural)	Election — general	NOT_ESTABLISHED	NOT_ESTABLISHED	NOT_ESTABLISHED	NOT_ESTABLISHED	NOT_ESTABLISHED	NOT_ESTABLISHED	NOT_ESTABLISHED	NOT_ESTABLISHED	Unknown	NOT_ESTABLISHED	NOT_ESTABLISHED	n/a — passed	PHPUnit JUnit run 2026-08-12 (L1 only)	NOT_ESTABLISHED	NOT_ESTABLISHED	NOT_ESTABLISHED	NOT_ESTABLISHED
Tests\Feature\Election\VoterEligibilityTest::test_ineligible_if_member_status_is_suspended	Tests\Feature\Election\VoterEligibilityTest	test_ineligible_if_member_status_is_suspended	PASSED	2	0.072		Feature/HTTP (structural)	Election — general	NOT_ESTABLISHED	NOT_ESTABLISHED	NOT_ESTABLISHED	NOT_ESTABLISHED	NOT_ESTABLISHED	NOT_ESTABLISHED	NOT_ESTABLISHED	NOT_ESTABLISHED	Unknown	NOT_ESTABLISHED	NOT_ESTABLISHED	n/a — passed	PHPUnit JUnit run 2026-08-12 (L1 only)	NOT_ESTABLISHED	NOT_ESTABLISHED	NOT_ESTABLISHED	NOT_ESTABLISHED
Tests\Feature\Election\VoterEligibilityTest::test_ineligible_if_membership_expired	Tests\Feature\Election\VoterEligibilityTest	test_ineligible_if_membership_expired	PASSED	2	0.065		Feature/HTTP (structural)	Election — general	NOT_ESTABLISHED	NOT_ESTABLISHED	NOT_ESTABLISHED	NOT_ESTABLISHED	NOT_ESTABLISHED	NOT_ESTABLISHED	NOT_ESTABLISHED	NOT_ESTABLISHED	Unknown	NOT_ESTABLISHED	NOT_ESTABLISHED	n/a — passed	PHPUnit JUnit run 2026-08-12 (L1 only)	NOT_ESTABLISHED	NOT_ESTABLISHED	NOT_ESTABLISHED	NOT_ESTABLISHED
Tests\Feature\Election\VoterEligibilityTest::test_ineligible_if_membership_type_does_not_grant_voting	Tests\Feature\Election\VoterEligibilityTest	test_ineligible_if_membership_type_does_not_grant_voting	PASSED	2	0.066		Feature/HTTP (structural)	Election — general	NOT_ESTABLISHED	NOT_ESTABLISHED	NOT_ESTABLISHED	NOT_ESTABLISHED	NOT_ESTABLISHED	NOT_ESTABLISHED	NOT_ESTABLISHED	NOT_ESTABLISHED	Unknown	NOT_ESTABLISHED	NOT_ESTABLISHED	n/a — passed	PHPUnit JUnit run 2026-08-12 (L1 only)	NOT_ESTABLISHED	NOT_ESTABLISHED	NOT_ESTABLISHED	NOT_ESTABLISHED
Tests\Feature\Election\VoterEligibilityTest::test_ineligible_if_no_member_record_exists	Tests\Feature\Election\VoterEligibilityTest	test_ineligible_if_no_member_record_exists	PASSED	2	0.057		Feature/HTTP (structural)	Election — general	NOT_ESTABLISHED	NOT_ESTABLISHED	NOT_ESTABLISHED	NOT_ESTABLISHED	NOT_ESTABLISHED	NOT_ESTABLISHED	NOT_ESTABLISHED	NOT_ESTABLISHED	Unknown	NOT_ESTABLISHED	NOT_ESTABLISHED	n/a — passed	PHPUnit JUnit run 2026-08-12 (L1 only)	NOT_ESTABLISHED	NOT_ESTABLISHED	NOT_ESTABLISHED	NOT_ESTABLISHED
Tests\Feature\Election\VoterEligibilityTest::test_store_assigns_eligible_member_as_voter	Tests\Feature\Election\VoterEligibilityTest	test_store_assigns_eligible_member_as_voter	PASSED	3	0.101		Feature/HTTP (structural)	Election — general	NOT_ESTABLISHED	NOT_ESTABLISHED	NOT_ESTABLISHED	NOT_ESTABLISHED	NOT_ESTABLISHED	NOT_ESTABLISHED	NOT_ESTABLISHED	NOT_ESTABLISHED	Unknown	NOT_ESTABLISHED	NOT_ESTABLISHED	n/a — passed	PHPUnit JUnit run 2026-08-12 (L1 only)	NOT_ESTABLISHED	NOT_ESTABLISHED	NOT_ESTABLISHED	NOT_ESTABLISHED
Tests\Feature\Election\VoterEligibilityTest::test_store_rejects_associate_type_member	Tests\Feature\Election\VoterEligibilityTest	test_store_rejects_associate_type_member	FAILURE	2	0.107	Session is missing expected key [errors].	Feature/HTTP (structural)	Election — general	NOT_ESTABLISHED	NOT_ESTABLISHED	NOT_ESTABLISHED	NOT_ESTABLISHED	NOT_ESTABLISHED	NOT_ESTABLISHED	NOT_ESTABLISHED	NOT_ESTABLISHED	Unknown	NOT_ESTABLISHED	NOT_ESTABLISHED	Mechanism not yet established	PHPUnit JUnit run 2026-08-12 (L1 only)	NOT_ESTABLISHED	NOT_ESTABLISHED	NOT_ESTABLISHED	NOT_ESTABLISHED
Tests\Feature\Election\VoterEligibilityTest::test_store_rejects_member_with_expired_membership	Tests\Feature\Election\VoterEligibilityTest	test_store_rejects_member_with_expired_membership	FAILURE	2	0.107	Session is missing expected key [errors].	Feature/HTTP (structural)	Election — general	NOT_ESTABLISHED	NOT_ESTABLISHED	NOT_ESTABLISHED	NOT_ESTABLISHED	NOT_ESTABLISHED	NOT_ESTABLISHED	NOT_ESTABLISHED	NOT_ESTABLISHED	Unknown	NOT_ESTABLISHED	NOT_ESTABLISHED	Mechanism not yet established	PHPUnit JUnit run 2026-08-12 (L1 only)	NOT_ESTABLISHED	NOT_ESTABLISHED	NOT_ESTABLISHED	NOT_ESTABLISHED
Tests\Feature\Election\VoterEligibilityTest::test_store_rejects_member_with_unpaid_fees	Tests\Feature\Election\VoterEligibilityTest	test_store_rejects_member_with_unpaid_fees	PASSED	3	0.106		Feature/HTTP (structural)	Election — general	NOT_ESTABLISHED	NOT_ESTABLISHED	NOT_ESTABLISHED	NOT_ESTABLISHED	NOT_ESTABLISHED	NOT_ESTABLISHED	NOT_ESTABLISHED	NOT_ESTABLISHED	Unknown	NOT_ESTABLISHED	NOT_ESTABLISHED	n/a — passed	PHPUnit JUnit run 2026-08-12 (L1 only)	NOT_ESTABLISHED	NOT_ESTABLISHED	NOT_ESTABLISHED	NOT_ESTABLISHED
Tests\Feature\Election\VoterEligibilityTest::test_store_rejects_user_without_member_record	Tests\Feature\Election\VoterEligibilityTest	test_store_rejects_user_without_member_record	PASSED	4	0.088		Feature/HTTP (structural)	Election — general	NOT_ESTABLISHED	NOT_ESTABLISHED	NOT_ESTABLISHED	NOT_ESTABLISHED	NOT_ESTABLISHED	NOT_ESTABLISHED	NOT_ESTABLISHED	NOT_ESTABLISHED	Unknown	NOT_ESTABLISHED	NOT_ESTABLISHED	n/a — passed	PHPUnit JUnit run 2026-08-12 (L1 only)	NOT_ESTABLISHED	NOT_ESTABLISHED	NOT_ESTABLISHED	NOT_ESTABLISHED
Tests\Feature\Election\VoterImportStateGateTest::import_action_is_forbidden_outside_setup_administration	Tests\Feature\Election\VoterImportStateGateTest	import_action_is_forbidden_outside_setup_administration	PASSED	1	0.063		Feature/HTTP (structural)	Election — general	NOT_ESTABLISHED	NOT_ESTABLISHED	NOT_ESTABLISHED	NOT_ESTABLISHED	NOT_ESTABLISHED	NOT_ESTABLISHED	NOT_ESTABLISHED	NOT_ESTABLISHED	Unknown	NOT_ESTABLISHED	NOT_ESTABLISHED	n/a — passed	PHPUnit JUnit run 2026-08-12 (L1 only)	NOT_ESTABLISHED	NOT_ESTABLISHED	NOT_ESTABLISHED	NOT_ESTABLISHED
Tests\Feature\Election\VoterImportStateGateTest::import_page_is_accessible_in_setup_administration_state	Tests\Feature\Election\VoterImportStateGateTest	import_page_is_accessible_in_setup_administration_state	PASSED	1	0.067		Feature/HTTP (structural)	Election — general	NOT_ESTABLISHED	NOT_ESTABLISHED	NOT_ESTABLISHED	NOT_ESTABLISHED	NOT_ESTABLISHED	NOT_ESTABLISHED	NOT_ESTABLISHED	NOT_ESTABLISHED	Unknown	NOT_ESTABLISHED	NOT_ESTABLISHED	n/a — passed	PHPUnit JUnit run 2026-08-12 (L1 only)	NOT_ESTABLISHED	NOT_ESTABLISHED	NOT_ESTABLISHED	NOT_ESTABLISHED
Tests\Feature\Election\VoterImportStateGateTest::import_page_is_forbidden_in_approved_state	Tests\Feature\Election\VoterImportStateGateTest	import_page_is_forbidden_in_approved_state	PASSED	1	0.067		Feature/HTTP (structural)	Election — general	NOT_ESTABLISHED	NOT_ESTABLISHED	NOT_ESTABLISHED	NOT_ESTABLISHED	NOT_ESTABLISHED	NOT_ESTABLISHED	NOT_ESTABLISHED	NOT_ESTABLISHED	Unknown	NOT_ESTABLISHED	NOT_ESTABLISHED	n/a — passed	PHPUnit JUnit run 2026-08-12 (L1 only)	NOT_ESTABLISHED	NOT_ESTABLISHED	NOT_ESTABLISHED	NOT_ESTABLISHED
Tests\Feature\Election\VoterImportStateGateTest::import_page_is_forbidden_in_draft_state	Tests\Feature\Election\VoterImportStateGateTest	import_page_is_forbidden_in_draft_state	PASSED	1	0.063		Feature/HTTP (structural)	Election — general	NOT_ESTABLISHED	NOT_ESTABLISHED	NOT_ESTABLISHED	NOT_ESTABLISHED	NOT_ESTABLISHED	NOT_ESTABLISHED	NOT_ESTABLISHED	NOT_ESTABLISHED	Unknown	NOT_ESTABLISHED	NOT_ESTABLISHED	n/a — passed	PHPUnit JUnit run 2026-08-12 (L1 only)	NOT_ESTABLISHED	NOT_ESTABLISHED	NOT_ESTABLISHED	NOT_ESTABLISHED
Tests\Feature\Election\VoterImportStateGateTest::import_page_is_forbidden_in_voting_active_state	Tests\Feature\Election\VoterImportStateGateTest	import_page_is_forbidden_in_voting_active_state	PASSED	1	0.060		Feature/HTTP (structural)	Election — general	NOT_ESTABLISHED	NOT_ESTABLISHED	NOT_ESTABLISHED	NOT_ESTABLISHED	NOT_ESTABLISHED	NOT_ESTABLISHED	NOT_ESTABLISHED	NOT_ESTABLISHED	Unknown	NOT_ESTABLISHED	NOT_ESTABLISHED	n/a — passed	PHPUnit JUnit run 2026-08-12 (L1 only)	NOT_ESTABLISHED	NOT_ESTABLISHED	NOT_ESTABLISHED	NOT_ESTABLISHED
Tests\Feature\Election\VoterImportStateGateTest::preview_is_forbidden_outside_setup_administration	Tests\Feature\Election\VoterImportStateGateTest	preview_is_forbidden_outside_setup_administration	PASSED	1	0.059		Feature/HTTP (structural)	Election — general	NOT_ESTABLISHED	NOT_ESTABLISHED	NOT_ESTABLISHED	NOT_ESTABLISHED	NOT_ESTABLISHED	NOT_ESTABLISHED	NOT_ESTABLISHED	NOT_ESTABLISHED	Unknown	NOT_ESTABLISHED	NOT_ESTABLISHED	n/a — passed	PHPUnit JUnit run 2026-08-12 (L1 only)	NOT_ESTABLISHED	NOT_ESTABLISHED	NOT_ESTABLISHED	NOT_ESTABLISHED
Tests\Feature\Election\VoterImportStateGateTest::template_download_is_forbidden_outside_setup_administration	Tests\Feature\Election\VoterImportStateGateTest	template_download_is_forbidden_outside_setup_administration	PASSED	1	0.061		Feature/HTTP (structural)	Election — general	NOT_ESTABLISHED	NOT_ESTABLISHED	NOT_ESTABLISHED	NOT_ESTABLISHED	NOT_ESTABLISHED	NOT_ESTABLISHED	NOT_ESTABLISHED	NOT_ESTABLISHED	Unknown	NOT_ESTABLISHED	NOT_ESTABLISHED	n/a — passed	PHPUnit JUnit run 2026-08-12 (L1 only)	NOT_ESTABLISHED	NOT_ESTABLISHED	NOT_ESTABLISHED	NOT_ESTABLISHED
Tests\Feature\Election\VoterImportStateGateTest::tutorial_is_accessible_regardless_of_state	Tests\Feature\Election\VoterImportStateGateTest	tutorial_is_accessible_regardless_of_state	PASSED	1	0.066		Feature/HTTP (structural)	Election — general	NOT_ESTABLISHED	NOT_ESTABLISHED	NOT_ESTABLISHED	NOT_ESTABLISHED	NOT_ESTABLISHED	NOT_ESTABLISHED	NOT_ESTABLISHED	NOT_ESTABLISHED	Unknown	NOT_ESTABLISHED	NOT_ESTABLISHED	n/a — passed	PHPUnit JUnit run 2026-08-12 (L1 only)	NOT_ESTABLISHED	NOT_ESTABLISHED	NOT_ESTABLISHED	NOT_ESTABLISHED
Tests\Feature\Election\VoterImportStateGateTest::unauthorized_users_cannot_access_import_even_in_correct_state	Tests\Feature\Election\VoterImportStateGateTest	unauthorized_users_cannot_access_import_even_in_correct_state	PASSED	1	0.066		Feature/HTTP (structural)	Election — general	NOT_ESTABLISHED	NOT_ESTABLISHED	NOT_ESTABLISHED	NOT_ESTABLISHED	NOT_ESTABLISHED	NOT_ESTABLISHED	NOT_ESTABLISHED	NOT_ESTABLISHED	Unknown	NOT_ESTABLISHED	NOT_ESTABLISHED	n/a — passed	PHPUnit JUnit run 2026-08-12 (L1 only)	NOT_ESTABLISHED	NOT_ESTABLISHED	NOT_ESTABLISHED	NOT_ESTABLISHED
Tests\Feature\Election\VoterStrategyMigrationIntegrityTest::test_legacy_election_null_snapshot_falls_back_to_org	Tests\Feature\Election\VoterStrategyMigrationIntegrityTest	test_legacy_election_null_snapshot_falls_back_to_org	ERROR	0	0.033	RuntimeException: Election a27c0ba3-70dc-4a44-8ce1-44025684033a (legacy-election) missing voter_source_strategy snapshot. Run "php artisan app:backfill-voter-source-strategy" to populate missing elections.	Feature/HTTP (structural)	Election — general	NOT_ESTABLISHED	NOT_ESTABLISHED	NOT_ESTABLISHED	NOT_ESTABLISHED	NOT_ESTABLISHED	NOT_ESTABLISHED	NOT_ESTABLISHED	NOT_ESTABLISHED	Unknown	NOT_ESTABLISHED	NOT_ESTABLISHED	Mechanism not yet established	PHPUnit JUnit run 2026-08-12 (L1 only)	NOT_ESTABLISHED	NOT_ESTABLISHED	NOT_ESTABLISHED	NOT_ESTABLISHED
Tests\Feature\Election\VoterStrategyMigrationIntegrityTest::test_legacy_org_false_maps_correctly_via_from_organisation	Tests\Feature\Election\VoterStrategyMigrationIntegrityTest	test_legacy_org_false_maps_correctly_via_from_organisation	ERROR	0	0.031	Error: Undefined constant App\Domain\Election\Enum\VoterSourceStrategy::ElectionOnly	Feature/HTTP (structural)	Election — general	NOT_ESTABLISHED	NOT_ESTABLISHED	NOT_ESTABLISHED	NOT_ESTABLISHED	NOT_ESTABLISHED	NOT_ESTABLISHED	NOT_ESTABLISHED	NOT_ESTABLISHED	Unknown	NOT_ESTABLISHED	NOT_ESTABLISHED	Mechanism not yet established	PHPUnit JUnit run 2026-08-12 (L1 only)	NOT_ESTABLISHED	NOT_ESTABLISHED	NOT_ESTABLISHED	NOT_ESTABLISHED
Tests\Feature\Election\VoterStrategyMigrationIntegrityTest::test_legacy_org_true_maps_correctly_via_from_organisation	Tests\Feature\Election\VoterStrategyMigrationIntegrityTest	test_legacy_org_true_maps_correctly_via_from_organisation	ERROR	0	0.034	Error: Undefined constant App\Domain\Election\Enum\VoterSourceStrategy::FullMembership	Feature/HTTP (structural)	Election — general	NOT_ESTABLISHED	NOT_ESTABLISHED	NOT_ESTABLISHED	NOT_ESTABLISHED	NOT_ESTABLISHED	NOT_ESTABLISHED	NOT_ESTABLISHED	NOT_ESTABLISHED	Unknown	NOT_ESTABLISHED	NOT_ESTABLISHED	Mechanism not yet established	PHPUnit JUnit run 2026-08-12 (L1 only)	NOT_ESTABLISHED	NOT_ESTABLISHED	NOT_ESTABLISHED	NOT_ESTABLISHED
Tests\Feature\Election\VoterStrategySnapshotTest::test_election_creation_atomically_snaps_voter_source_from_election_only_org	Tests\Feature\Election\VoterStrategySnapshotTest	test_election_creation_atomically_snaps_voter_source_from_election_only_org	PASSED	2	0.033		Feature/HTTP (structural)	Election — general	NOT_ESTABLISHED	NOT_ESTABLISHED	NOT_ESTABLISHED	NOT_ESTABLISHED	NOT_ESTABLISHED	NOT_ESTABLISHED	NOT_ESTABLISHED	NOT_ESTABLISHED	Unknown	NOT_ESTABLISHED	NOT_ESTABLISHED	n/a — passed	PHPUnit JUnit run 2026-08-12 (L1 only)	NOT_ESTABLISHED	NOT_ESTABLISHED	NOT_ESTABLISHED	NOT_ESTABLISHED
Tests\Feature\Election\VoterStrategySnapshotTest::test_election_creation_atomically_snaps_voter_source_from_full_membership_org	Tests\Feature\Election\VoterStrategySnapshotTest	test_election_creation_atomically_snaps_voter_source_from_full_membership_org	PASSED	2	0.033		Feature/HTTP (structural)	Election — general	NOT_ESTABLISHED	NOT_ESTABLISHED	NOT_ESTABLISHED	NOT_ESTABLISHED	NOT_ESTABLISHED	NOT_ESTABLISHED	NOT_ESTABLISHED	NOT_ESTABLISHED	Unknown	NOT_ESTABLISHED	NOT_ESTABLISHED	n/a — passed	PHPUnit JUnit run 2026-08-12 (L1 only)	NOT_ESTABLISHED	NOT_ESTABLISHED	NOT_ESTABLISHED	NOT_ESTABLISHED
Tests\Feature\Election\VoterStrategySnapshotTest::test_election_mode_from_election_throws_when_snapshot_null	Tests\Feature\Election\VoterStrategySnapshotTest	test_election_mode_from_election_throws_when_snapshot_null	PASSED	2	0.035		Feature/HTTP (structural)	Election — general	NOT_ESTABLISHED	NOT_ESTABLISHED	NOT_ESTABLISHED	NOT_ESTABLISHED	NOT_ESTABLISHED	NOT_ESTABLISHED	NOT_ESTABLISHED	NOT_ESTABLISHED	Unknown	NOT_ESTABLISHED	NOT_ESTABLISHED	n/a — passed	PHPUnit JUnit run 2026-08-12 (L1 only)	NOT_ESTABLISHED	NOT_ESTABLISHED	NOT_ESTABLISHED	NOT_ESTABLISHED
Tests\Feature\Election\VoterStrategySnapshotTest::test_election_mode_from_election_uses_snapshot_when_present	Tests\Feature\Election\VoterStrategySnapshotTest	test_election_mode_from_election_uses_snapshot_when_present	PASSED	1	0.034		Feature/HTTP (structural)	Election — general	NOT_ESTABLISHED	NOT_ESTABLISHED	NOT_ESTABLISHED	NOT_ESTABLISHED	NOT_ESTABLISHED	NOT_ESTABLISHED	NOT_ESTABLISHED	NOT_ESTABLISHED	Unknown	NOT_ESTABLISHED	NOT_ESTABLISHED	n/a — passed	PHPUnit JUnit run 2026-08-12 (L1 only)	NOT_ESTABLISHED	NOT_ESTABLISHED	NOT_ESTABLISHED	NOT_ESTABLISHED
Tests\Feature\Election\VoterStrategySnapshotTest::test_org_strategy_change_after_election_creation_does_not_alter_election_snapshot	Tests\Feature\Election\VoterStrategySnapshotTest	test_org_strategy_change_after_election_creation_does_not_alter_election_snapshot	PASSED	2	0.048		Feature/HTTP (structural)	Election — general	NOT_ESTABLISHED	NOT_ESTABLISHED	NOT_ESTABLISHED	NOT_ESTABLISHED	NOT_ESTABLISHED	NOT_ESTABLISHED	NOT_ESTABLISHED	NOT_ESTABLISHED	Unknown	NOT_ESTABLISHED	NOT_ESTABLISHED	n/a — passed	PHPUnit JUnit run 2026-08-12 (L1 only)	NOT_ESTABLISHED	NOT_ESTABLISHED	NOT_ESTABLISHED	NOT_ESTABLISHED
Tests\Feature\Election\VoterVerificationTest::test_admin_can_revoke_voter_verification	Tests\Feature\Election\VoterVerificationTest	test_admin_can_revoke_voter_verification	FAILURE	1	0.089	Expected response status code [201, 301, 302, 303, 307, 308] but received 403.	Feature/HTTP (structural)	Election — general	NOT_ESTABLISHED	NOT_ESTABLISHED	NOT_ESTABLISHED	NOT_ESTABLISHED	NOT_ESTABLISHED	NOT_ESTABLISHED	NOT_ESTABLISHED	NOT_ESTABLISHED	Unknown	NOT_ESTABLISHED	NOT_ESTABLISHED	Mechanism not yet established	PHPUnit JUnit run 2026-08-12 (L1 only)	NOT_ESTABLISHED	NOT_ESTABLISHED	NOT_ESTABLISHED	NOT_ESTABLISHED
Tests\Feature\Election\VoterVerificationTest::test_admin_can_save_verification_with_ip_only	Tests\Feature\Election\VoterVerificationTest	test_admin_can_save_verification_with_ip_only	FAILURE	1	0.078	Expected response status code [201, 301, 302, 303, 307, 308] but received 403.	Feature/HTTP (structural)	Election — general	NOT_ESTABLISHED	NOT_ESTABLISHED	NOT_ESTABLISHED	NOT_ESTABLISHED	NOT_ESTABLISHED	NOT_ESTABLISHED	NOT_ESTABLISHED	NOT_ESTABLISHED	Unknown	NOT_ESTABLISHED	NOT_ESTABLISHED	Mechanism not yet established	PHPUnit JUnit run 2026-08-12 (L1 only)	NOT_ESTABLISHED	NOT_ESTABLISHED	NOT_ESTABLISHED	NOT_ESTABLISHED
Tests\Feature\Election\VoterVerificationTest::test_admin_can_save_voter_verification	Tests\Feature\Election\VoterVerificationTest	test_admin_can_save_voter_verification	FAILURE	1	0.071	Expected response status code [201, 301, 302, 303, 307, 308] but received 403.	Feature/HTTP (structural)	Election — general	NOT_ESTABLISHED	NOT_ESTABLISHED	NOT_ESTABLISHED	NOT_ESTABLISHED	NOT_ESTABLISHED	NOT_ESTABLISHED	NOT_ESTABLISHED	NOT_ESTABLISHED	Unknown	NOT_ESTABLISHED	NOT_ESTABLISHED	Mechanism not yet established	PHPUnit JUnit run 2026-08-12 (L1 only)	NOT_ESTABLISHED	NOT_ESTABLISHED	NOT_ESTABLISHED	NOT_ESTABLISHED
Tests\Feature\Election\VoterVerificationTest::test_non_admin_cannot_save_verification	Tests\Feature\Election\VoterVerificationTest	test_non_admin_cannot_save_verification	PASSED	1	0.085		Feature/HTTP (structural)	Election — general	NOT_ESTABLISHED	NOT_ESTABLISHED	NOT_ESTABLISHED	NOT_ESTABLISHED	NOT_ESTABLISHED	NOT_ESTABLISHED	NOT_ESTABLISHED	NOT_ESTABLISHED	Unknown	NOT_ESTABLISHED	NOT_ESTABLISHED	n/a — passed	PHPUnit JUnit run 2026-08-12 (L1 only)	NOT_ESTABLISHED	NOT_ESTABLISHED	NOT_ESTABLISHED	NOT_ESTABLISHED
Tests\Feature\Election\VoterVerificationTest::test_re_verifying_updates_existing_record	Tests\Feature\Election\VoterVerificationTest	test_re_verifying_updates_existing_record	FAILURE	2	0.087	Failed asserting that two strings are equal.	Feature/HTTP (structural)	Election — general	NOT_ESTABLISHED	NOT_ESTABLISHED	NOT_ESTABLISHED	NOT_ESTABLISHED	NOT_ESTABLISHED	NOT_ESTABLISHED	NOT_ESTABLISHED	NOT_ESTABLISHED	Unknown	NOT_ESTABLISHED	NOT_ESTABLISHED	Mechanism not yet established	PHPUnit JUnit run 2026-08-12 (L1 only)	NOT_ESTABLISHED	NOT_ESTABLISHED	NOT_ESTABLISHED	NOT_ESTABLISHED
Tests\Feature\Election\VoterVerificationTest::test_verification_not_enforced_when_mode_is_none	Tests\Feature\Election\VoterVerificationTest	test_verification_not_enforced_when_mode_is_none	SKIPPED	0	0.057		Feature/HTTP (structural)	Election — general	NOT_ESTABLISHED	NOT_ESTABLISHED	NOT_ESTABLISHED	NOT_ESTABLISHED	NOT_ESTABLISHED	NOT_ESTABLISHED	NOT_ESTABLISHED	NOT_ESTABLISHED	Unknown	NOT_ESTABLISHED	NOT_ESTABLISHED	Mechanism not yet established	PHPUnit JUnit run 2026-08-12 (L1 only)	NOT_ESTABLISHED	NOT_ESTABLISHED	NOT_ESTABLISHED	NOT_ESTABLISHED
Tests\Feature\Election\VoterVerificationTest::test_verified_voter_bypasses_election_ip_count_limit	Tests\Feature\Election\VoterVerificationTest	test_verified_voter_bypasses_election_ip_count_limit	SKIPPED	0	0.058		Feature/HTTP (structural)	Election — general	NOT_ESTABLISHED	NOT_ESTABLISHED	NOT_ESTABLISHED	NOT_ESTABLISHED	NOT_ESTABLISHED	NOT_ESTABLISHED	NOT_ESTABLISHED	NOT_ESTABLISHED	Unknown	NOT_ESTABLISHED	NOT_ESTABLISHED	Mechanism not yet established	PHPUnit JUnit run 2026-08-12 (L1 only)	NOT_ESTABLISHED	NOT_ESTABLISHED	NOT_ESTABLISHED	NOT_ESTABLISHED
Tests\Feature\Election\VoterVerificationTest::test_voter_not_verified_is_blocked_when_mode_not_none	Tests\Feature\Election\VoterVerificationTest	test_voter_not_verified_is_blocked_when_mode_not_none	SKIPPED	0	0.058		Feature/HTTP (structural)	Election — general	NOT_ESTABLISHED	NOT_ESTABLISHED	NOT_ESTABLISHED	NOT_ESTABLISHED	NOT_ESTABLISHED	NOT_ESTABLISHED	NOT_ESTABLISHED	NOT_ESTABLISHED	Unknown	NOT_ESTABLISHED	NOT_ESTABLISHED	Mechanism not yet established	PHPUnit JUnit run 2026-08-12 (L1 only)	NOT_ESTABLISHED	NOT_ESTABLISHED	NOT_ESTABLISHED	NOT_ESTABLISHED
Tests\Feature\Election\VoterVerificationTest::test_voter_on_wrong_device_is_blocked	Tests\Feature\Election\VoterVerificationTest	test_voter_on_wrong_device_is_blocked	SKIPPED	0	0.071		Feature/HTTP (structural)	Election — general	NOT_ESTABLISHED	NOT_ESTABLISHED	NOT_ESTABLISHED	NOT_ESTABLISHED	NOT_ESTABLISHED	NOT_ESTABLISHED	NOT_ESTABLISHED	NOT_ESTABLISHED	Unknown	NOT_ESTABLISHED	NOT_ESTABLISHED	Mechanism not yet established	PHPUnit JUnit run 2026-08-12 (L1 only)	NOT_ESTABLISHED	NOT_ESTABLISHED	NOT_ESTABLISHED	NOT_ESTABLISHED
Tests\Feature\Election\VoterVerificationTest::test_voter_on_wrong_ip_is_blocked	Tests\Feature\Election\VoterVerificationTest	test_voter_on_wrong_ip_is_blocked	SKIPPED	0	0.070		Feature/HTTP (structural)	Election — general	NOT_ESTABLISHED	NOT_ESTABLISHED	NOT_ESTABLISHED	NOT_ESTABLISHED	NOT_ESTABLISHED	NOT_ESTABLISHED	NOT_ESTABLISHED	NOT_ESTABLISHED	Unknown	NOT_ESTABLISHED	NOT_ESTABLISHED	Mechanism not yet established	PHPUnit JUnit run 2026-08-12 (L1 only)	NOT_ESTABLISHED	NOT_ESTABLISHED	NOT_ESTABLISHED	NOT_ESTABLISHED
Tests\Feature\Election\VotingButtonsStateMachineIntegrationTest::close_voting_prevents_double_close	Tests\Feature\Election\VotingButtonsStateMachineIntegrationTest	close_voting_prevents_double_close	PASSED	3	0.158		Feature/HTTP (structural)	Election — general	NOT_ESTABLISHED	NOT_ESTABLISHED	NOT_ESTABLISHED	NOT_ESTABLISHED	NOT_ESTABLISHED	NOT_ESTABLISHED	NOT_ESTABLISHED	NOT_ESTABLISHED	Unknown	NOT_ESTABLISHED	NOT_ESTABLISHED	n/a — passed	PHPUnit JUnit run 2026-08-12 (L1 only)	NOT_ESTABLISHED	NOT_ESTABLISHED	NOT_ESTABLISHED	NOT_ESTABLISHED
Tests\Feature\Election\VotingButtonsStateMachineIntegrationTest::close_voting_records_actor_id_in_audit	Tests\Feature\Election\VotingButtonsStateMachineIntegrationTest	close_voting_records_actor_id_in_audit	PASSED	2	0.149		Feature/HTTP (structural)	Election — general	NOT_ESTABLISHED	NOT_ESTABLISHED	NOT_ESTABLISHED	NOT_ESTABLISHED	NOT_ESTABLISHED	NOT_ESTABLISHED	NOT_ESTABLISHED	NOT_ESTABLISHED	Unknown	NOT_ESTABLISHED	NOT_ESTABLISHED	n/a — passed	PHPUnit JUnit run 2026-08-12 (L1 only)	NOT_ESTABLISHED	NOT_ESTABLISHED	NOT_ESTABLISHED	NOT_ESTABLISHED
Tests\Feature\Election\VotingButtonsStateMachineIntegrationTest::close_voting_rejects_if_not_in_voting_state	Tests\Feature\Election\VotingButtonsStateMachineIntegrationTest	close_voting_rejects_if_not_in_voting_state	PASSED	2	0.130		Feature/HTTP (structural)	Election — general	NOT_ESTABLISHED	NOT_ESTABLISHED	NOT_ESTABLISHED	NOT_ESTABLISHED	NOT_ESTABLISHED	NOT_ESTABLISHED	NOT_ESTABLISHED	NOT_ESTABLISHED	Unknown	NOT_ESTABLISHED	NOT_ESTABLISHED	n/a — passed	PHPUnit JUnit run 2026-08-12 (L1 only)	NOT_ESTABLISHED	NOT_ESTABLISHED	NOT_ESTABLISHED	NOT_ESTABLISHED
Tests\Feature\Election\VotingButtonsStateMachineIntegrationTest::close_voting_transitions_from_voting_to_results_pending	Tests\Feature\Election\VotingButtonsStateMachineIntegrationTest	close_voting_transitions_from_voting_to_results_pending	PASSED	5	0.141		Feature/HTTP (structural)	Election — general	NOT_ESTABLISHED	NOT_ESTABLISHED	NOT_ESTABLISHED	NOT_ESTABLISHED	NOT_ESTABLISHED	NOT_ESTABLISHED	NOT_ESTABLISHED	NOT_ESTABLISHED	Unknown	NOT_ESTABLISHED	NOT_ESTABLISHED	n/a — passed	PHPUnit JUnit run 2026-08-12 (L1 only)	NOT_ESTABLISHED	NOT_ESTABLISHED	NOT_ESTABLISHED	NOT_ESTABLISHED
Tests\Feature\Election\VotingButtonsStateMachineIntegrationTest::open_voting_is_idempotent_with_concurrent_requests	Tests\Feature\Election\VotingButtonsStateMachineIntegrationTest	open_voting_is_idempotent_with_concurrent_requests	PASSED	2	0.149		Feature/HTTP (structural)	Election — general	NOT_ESTABLISHED	NOT_ESTABLISHED	NOT_ESTABLISHED	NOT_ESTABLISHED	NOT_ESTABLISHED	NOT_ESTABLISHED	NOT_ESTABLISHED	NOT_ESTABLISHED	Unknown	NOT_ESTABLISHED	NOT_ESTABLISHED	n/a — passed	PHPUnit JUnit run 2026-08-12 (L1 only)	NOT_ESTABLISHED	NOT_ESTABLISHED	NOT_ESTABLISHED	NOT_ESTABLISHED
Tests\Feature\Election\VotingButtonsStateMachineIntegrationTest::open_voting_records_actor_id_in_audit	Tests\Feature\Election\VotingButtonsStateMachineIntegrationTest	open_voting_records_actor_id_in_audit	PASSED	2	0.131		Feature/HTTP (structural)	Election — general	NOT_ESTABLISHED	NOT_ESTABLISHED	NOT_ESTABLISHED	NOT_ESTABLISHED	NOT_ESTABLISHED	NOT_ESTABLISHED	NOT_ESTABLISHED	NOT_ESTABLISHED	Unknown	NOT_ESTABLISHED	NOT_ESTABLISHED	n/a — passed	PHPUnit JUnit run 2026-08-12 (L1 only)	NOT_ESTABLISHED	NOT_ESTABLISHED	NOT_ESTABLISHED	NOT_ESTABLISHED
Tests\Feature\Election\VotingButtonsStateMachineIntegrationTest::open_voting_rejects_if_missing_candidates	Tests\Feature\Election\VotingButtonsStateMachineIntegrationTest	open_voting_rejects_if_missing_candidates	FAILURE	2	0.109	Failed asserting that 'Action 'open_voting' cannot proceed. Unmet preconditions: voting_window_defined' [ASCII](length: 79) contains "candidates" [ASCII](length: 10).	Feature/HTTP (structural)	Election — general	NOT_ESTABLISHED	NOT_ESTABLISHED	NOT_ESTABLISHED	NOT_ESTABLISHED	NOT_ESTABLISHED	NOT_ESTABLISHED	NOT_ESTABLISHED	NOT_ESTABLISHED	Unknown	NOT_ESTABLISHED	NOT_ESTABLISHED	Mechanism not yet established	PHPUnit JUnit run 2026-08-12 (L1 only)	NOT_ESTABLISHED	NOT_ESTABLISHED	NOT_ESTABLISHED	NOT_ESTABLISHED
Tests\Feature\Election\VotingButtonsStateMachineIntegrationTest::open_voting_rejects_if_not_in_nomination_state	Tests\Feature\Election\VotingButtonsStateMachineIntegrationTest	open_voting_rejects_if_not_in_nomination_state	PASSED	2	0.142		Feature/HTTP (structural)	Election — general	NOT_ESTABLISHED	NOT_ESTABLISHED	NOT_ESTABLISHED	NOT_ESTABLISHED	NOT_ESTABLISHED	NOT_ESTABLISHED	NOT_ESTABLISHED	NOT_ESTABLISHED	Unknown	NOT_ESTABLISHED	NOT_ESTABLISHED	n/a — passed	PHPUnit JUnit run 2026-08-12 (L1 only)	NOT_ESTABLISHED	NOT_ESTABLISHED	NOT_ESTABLISHED	NOT_ESTABLISHED
Tests\Feature\Election\VotingButtonsStateMachineIntegrationTest::open_voting_transitions_from_nomination_to_voting	Tests\Feature\Election\VotingButtonsStateMachineIntegrationTest	open_voting_transitions_from_nomination_to_voting	PASSED	5	0.139		Feature/HTTP (structural)	Election — general	NOT_ESTABLISHED	NOT_ESTABLISHED	NOT_ESTABLISHED	NOT_ESTABLISHED	NOT_ESTABLISHED	NOT_ESTABLISHED	NOT_ESTABLISHED	NOT_ESTABLISHED	Unknown	NOT_ESTABLISHED	NOT_ESTABLISHED	n/a — passed	PHPUnit JUnit run 2026-08-12 (L1 only)	NOT_ESTABLISHED	NOT_ESTABLISHED	NOT_ESTABLISHED	NOT_ESTABLISHED
Tests\Feature\Election\VotingButtonsStateMachineTest::test_close_voting_creates_state_transition_record	Tests\Feature\Election\VotingButtonsStateMachineTest	test_close_voting_creates_state_transition_record	PASSED	9	0.123		Feature/HTTP (structural)	Election — general	NOT_ESTABLISHED	NOT_ESTABLISHED	NOT_ESTABLISHED	NOT_ESTABLISHED	NOT_ESTABLISHED	NOT_ESTABLISHED	NOT_ESTABLISHED	NOT_ESTABLISHED	Unknown	NOT_ESTABLISHED	NOT_ESTABLISHED	n/a — passed	PHPUnit JUnit run 2026-08-12 (L1 only)	NOT_ESTABLISHED	NOT_ESTABLISHED	NOT_ESTABLISHED	NOT_ESTABLISHED
Tests\Feature\Election\VotingButtonsStateMachineTest::test_close_voting_prevents_double_close_when_already_locked_and_ended	Tests\Feature\Election\VotingButtonsStateMachineTest	test_close_voting_prevents_double_close_when_already_locked_and_ended	PASSED	4	0.111		Feature/HTTP (structural)	Election — general	NOT_ESTABLISHED	NOT_ESTABLISHED	NOT_ESTABLISHED	NOT_ESTABLISHED	NOT_ESTABLISHED	NOT_ESTABLISHED	NOT_ESTABLISHED	NOT_ESTABLISHED	Unknown	NOT_ESTABLISHED	NOT_ESTABLISHED	n/a — passed	PHPUnit JUnit run 2026-08-12 (L1 only)	NOT_ESTABLISHED	NOT_ESTABLISHED	NOT_ESTABLISHED	NOT_ESTABLISHED
Tests\Feature\Election\VotingButtonsStateMachineTest::test_close_voting_rejects_if_not_in_voting_state	Tests\Feature\Election\VotingButtonsStateMachineTest	test_close_voting_rejects_if_not_in_voting_state	PASSED	5	0.115		Feature/HTTP (structural)	Election — general	NOT_ESTABLISHED	NOT_ESTABLISHED	NOT_ESTABLISHED	NOT_ESTABLISHED	NOT_ESTABLISHED	NOT_ESTABLISHED	NOT_ESTABLISHED	NOT_ESTABLISHED	Unknown	NOT_ESTABLISHED	NOT_ESTABLISHED	n/a — passed	PHPUnit JUnit run 2026-08-12 (L1 only)	NOT_ESTABLISHED	NOT_ESTABLISHED	NOT_ESTABLISHED	NOT_ESTABLISHED
Tests\Feature\Election\VotingButtonsStateMachineTest::test_close_voting_transitions_from_voting_to_results_pending	Tests\Feature\Election\VotingButtonsStateMachineTest	test_close_voting_transitions_from_voting_to_results_pending	PASSED	4	0.120		Feature/HTTP (structural)	Election — general	NOT_ESTABLISHED	NOT_ESTABLISHED	NOT_ESTABLISHED	NOT_ESTABLISHED	NOT_ESTABLISHED	NOT_ESTABLISHED	NOT_ESTABLISHED	NOT_ESTABLISHED	Unknown	NOT_ESTABLISHED	NOT_ESTABLISHED	n/a — passed	PHPUnit JUnit run 2026-08-12 (L1 only)	NOT_ESTABLISHED	NOT_ESTABLISHED	NOT_ESTABLISHED	NOT_ESTABLISHED
Tests\Feature\Election\VotingButtonsStateMachineTest::test_election_transition_to_voting_creates_transition_record	Tests\Feature\Election\VotingButtonsStateMachineTest	test_election_transition_to_voting_creates_transition_record	PASSED	9	0.106		Feature/HTTP (structural)	Election — general	NOT_ESTABLISHED	NOT_ESTABLISHED	NOT_ESTABLISHED	NOT_ESTABLISHED	NOT_ESTABLISHED	NOT_ESTABLISHED	NOT_ESTABLISHED	NOT_ESTABLISHED	Unknown	NOT_ESTABLISHED	NOT_ESTABLISHED	n/a — passed	PHPUnit JUnit run 2026-08-12 (L1 only)	NOT_ESTABLISHED	NOT_ESTABLISHED	NOT_ESTABLISHED	NOT_ESTABLISHED
Tests\Feature\Election\VotingButtonsStateMachineTest::test_election_transition_to_voting_locks_voting_and_completes_nomination	Tests\Feature\Election\VotingButtonsStateMachineTest	test_election_transition_to_voting_locks_voting_and_completes_nomination	PASSED	5	0.097		Feature/HTTP (structural)	Election — general	NOT_ESTABLISHED	NOT_ESTABLISHED	NOT_ESTABLISHED	NOT_ESTABLISHED	NOT_ESTABLISHED	NOT_ESTABLISHED	NOT_ESTABLISHED	NOT_ESTABLISHED	Unknown	NOT_ESTABLISHED	NOT_ESTABLISHED	n/a — passed	PHPUnit JUnit run 2026-08-12 (L1 only)	NOT_ESTABLISHED	NOT_ESTABLISHED	NOT_ESTABLISHED	NOT_ESTABLISHED
Tests\Feature\Election\VotingButtonsStateMachineTest::test_open_voting_creates_state_transition_record	Tests\Feature\Election\VotingButtonsStateMachineTest	test_open_voting_creates_state_transition_record	PASSED	7	0.117		Feature/HTTP (structural)	Election — general	NOT_ESTABLISHED	NOT_ESTABLISHED	NOT_ESTABLISHED	NOT_ESTABLISHED	NOT_ESTABLISHED	NOT_ESTABLISHED	NOT_ESTABLISHED	NOT_ESTABLISHED	Unknown	NOT_ESTABLISHED	NOT_ESTABLISHED	n/a — passed	PHPUnit JUnit run 2026-08-12 (L1 only)	NOT_ESTABLISHED	NOT_ESTABLISHED	NOT_ESTABLISHED	NOT_ESTABLISHED
Tests\Feature\Election\VotingButtonsStateMachineTest::test_open_voting_locks_voting_immediately	Tests\Feature\Election\VotingButtonsStateMachineTest	test_open_voting_locks_voting_immediately	PASSED	4	0.114		Feature/HTTP (structural)	Election — general	NOT_ESTABLISHED	NOT_ESTABLISHED	NOT_ESTABLISHED	NOT_ESTABLISHED	NOT_ESTABLISHED	NOT_ESTABLISHED	NOT_ESTABLISHED	NOT_ESTABLISHED	Unknown	NOT_ESTABLISHED	NOT_ESTABLISHED	n/a — passed	PHPUnit JUnit run 2026-08-12 (L1 only)	NOT_ESTABLISHED	NOT_ESTABLISHED	NOT_ESTABLISHED	NOT_ESTABLISHED
Tests\Feature\Election\VotingButtonsStateMachineTest::test_open_voting_rejects_if_not_in_nomination_state	Tests\Feature\Election\VotingButtonsStateMachineTest	test_open_voting_rejects_if_not_in_nomination_state	PASSED	5	0.119		Feature/HTTP (structural)	Election — general	NOT_ESTABLISHED	NOT_ESTABLISHED	NOT_ESTABLISHED	NOT_ESTABLISHED	NOT_ESTABLISHED	NOT_ESTABLISHED	NOT_ESTABLISHED	NOT_ESTABLISHED	Unknown	NOT_ESTABLISHED	NOT_ESTABLISHED	n/a — passed	PHPUnit JUnit run 2026-08-12 (L1 only)	NOT_ESTABLISHED	NOT_ESTABLISHED	NOT_ESTABLISHED	NOT_ESTABLISHED
Tests\Feature\Election\VotingButtonsStateMachineTest::test_open_voting_transitions_from_nomination_to_voting	Tests\Feature\Election\VotingButtonsStateMachineTest	test_open_voting_transitions_from_nomination_to_voting	PASSED	4	0.119		Feature/HTTP (structural)	Election — general	NOT_ESTABLISHED	NOT_ESTABLISHED	NOT_ESTABLISHED	NOT_ESTABLISHED	NOT_ESTABLISHED	NOT_ESTABLISHED	NOT_ESTABLISHED	NOT_ESTABLISHED	Unknown	NOT_ESTABLISHED	NOT_ESTABLISHED	n/a — passed	PHPUnit JUnit run 2026-08-12 (L1 only)	NOT_ESTABLISHED	NOT_ESTABLISHED	NOT_ESTABLISHED	NOT_ESTABLISHED
Tests\Feature\Election\VotingClosureValidationTest::close_voting_works_even_if_voting_started_in_past	Tests\Feature\Election\VotingClosureValidationTest	close_voting_works_even_if_voting_started_in_past	PASSED	5	0.057		Feature/HTTP (structural)	Election — general	NOT_ESTABLISHED	NOT_ESTABLISHED	NOT_ESTABLISHED	NOT_ESTABLISHED	NOT_ESTABLISHED	NOT_ESTABLISHED	NOT_ESTABLISHED	NOT_ESTABLISHED	Unknown	NOT_ESTABLISHED	NOT_ESTABLISHED	n/a — passed	PHPUnit JUnit run 2026-08-12 (L1 only)	NOT_ESTABLISHED	NOT_ESTABLISHED	NOT_ESTABLISHED	NOT_ESTABLISHED
Tests\Feature\Election\VotingClosureValidationTest::enforce_voting_lock_works_even_if_voting_started_in_past	Tests\Feature\Election\VotingClosureValidationTest	enforce_voting_lock_works_even_if_voting_started_in_past	PASSED	3	0.049		Feature/HTTP (structural)	Election — general	NOT_ESTABLISHED	NOT_ESTABLISHED	NOT_ESTABLISHED	NOT_ESTABLISHED	NOT_ESTABLISHED	NOT_ESTABLISHED	NOT_ESTABLISHED	NOT_ESTABLISHED	Unknown	NOT_ESTABLISHED	NOT_ESTABLISHED	n/a — passed	PHPUnit JUnit run 2026-08-12 (L1 only)	NOT_ESTABLISHED	NOT_ESTABLISHED	NOT_ESTABLISHED	NOT_ESTABLISHED
Tests\Feature\Election\VotingClosureValidationTest::real_election_type_enforces_strict_timeline_validation	Tests\Feature\Election\VotingClosureValidationTest	real_election_type_enforces_strict_timeline_validation	PASSED	2	0.047		Feature/HTTP (structural)	Election — general	NOT_ESTABLISHED	NOT_ESTABLISHED	NOT_ESTABLISHED	NOT_ESTABLISHED	NOT_ESTABLISHED	NOT_ESTABLISHED	NOT_ESTABLISHED	NOT_ESTABLISHED	Unknown	NOT_ESTABLISHED	NOT_ESTABLISHED	n/a — passed	PHPUnit JUnit run 2026-08-12 (L1 only)	NOT_ESTABLISHED	NOT_ESTABLISHED	NOT_ESTABLISHED	NOT_ESTABLISHED
Tests\Feature\Election\VotingClosureValidationTest::validateTimelineForEdit_allows_future_voting_start	Tests\Feature\Election\VotingClosureValidationTest	validateTimelineForEdit_allows_future_voting_start	PASSED	1	0.051		Feature/HTTP (structural)	Election — general	NOT_ESTABLISHED	NOT_ESTABLISHED	NOT_ESTABLISHED	NOT_ESTABLISHED	NOT_ESTABLISHED	NOT_ESTABLISHED	NOT_ESTABLISHED	NOT_ESTABLISHED	Unknown	NOT_ESTABLISHED	NOT_ESTABLISHED	n/a — passed	PHPUnit JUnit run 2026-08-12 (L1 only)	NOT_ESTABLISHED	NOT_ESTABLISHED	NOT_ESTABLISHED	NOT_ESTABLISHED
Tests\Feature\Election\VotingClosureValidationTest::validateTimelineForEdit_rejects_past_voting_start_directly	Tests\Feature\Election\VotingClosureValidationTest	validateTimelineForEdit_rejects_past_voting_start_directly	PASSED	2	0.049		Feature/HTTP (structural)	Election — general	NOT_ESTABLISHED	NOT_ESTABLISHED	NOT_ESTABLISHED	NOT_ESTABLISHED	NOT_ESTABLISHED	NOT_ESTABLISHED	NOT_ESTABLISHED	NOT_ESTABLISHED	Unknown	NOT_ESTABLISHED	NOT_ESTABLISHED	n/a — passed	PHPUnit JUnit run 2026-08-12 (L1 only)	NOT_ESTABLISHED	NOT_ESTABLISHED	NOT_ESTABLISHED	NOT_ESTABLISHED
Tests\Feature\Election\VotingClosureValidationTest::validateTimelineForEdit_rejects_past_voting_start_on_update	Tests\Feature\Election\VotingClosureValidationTest	validateTimelineForEdit_rejects_past_voting_start_on_update	PASSED	2	0.051		Feature/HTTP (structural)	Election — general	NOT_ESTABLISHED	NOT_ESTABLISHED	NOT_ESTABLISHED	NOT_ESTABLISHED	NOT_ESTABLISHED	NOT_ESTABLISHED	NOT_ESTABLISHED	NOT_ESTABLISHED	Unknown	NOT_ESTABLISHED	NOT_ESTABLISHED	n/a — passed	PHPUnit JUnit run 2026-08-12 (L1 only)	NOT_ESTABLISHED	NOT_ESTABLISHED	NOT_ESTABLISHED	NOT_ESTABLISHED
Tests\Feature\Election\VotingClosureValidationTest::validateTimelineForEdit_validates_chronological_order	Tests\Feature\Election\VotingClosureValidationTest	validateTimelineForEdit_validates_chronological_order	PASSED	2	0.046		Feature/HTTP (structural)	Election — general	NOT_ESTABLISHED	NOT_ESTABLISHED	NOT_ESTABLISHED	NOT_ESTABLISHED	NOT_ESTABLISHED	NOT_ESTABLISHED	NOT_ESTABLISHED	NOT_ESTABLISHED	Unknown	NOT_ESTABLISHED	NOT_ESTABLISHED	n/a — passed	PHPUnit JUnit run 2026-08-12 (L1 only)	NOT_ESTABLISHED	NOT_ESTABLISHED	NOT_ESTABLISHED	NOT_ESTABLISHED
Tests\Feature\Election\VotingClosureValidationTest::validateTimeline_permissive_accepts_past_voting_start	Tests\Feature\Election\VotingClosureValidationTest	validateTimeline_permissive_accepts_past_voting_start	PASSED	1	0.046		Feature/HTTP (structural)	Election — general	NOT_ESTABLISHED	NOT_ESTABLISHED	NOT_ESTABLISHED	NOT_ESTABLISHED	NOT_ESTABLISHED	NOT_ESTABLISHED	NOT_ESTABLISHED	NOT_ESTABLISHED	Unknown	NOT_ESTABLISHED	NOT_ESTABLISHED	n/a — passed	PHPUnit JUnit run 2026-08-12 (L1 only)	NOT_ESTABLISHED	NOT_ESTABLISHED	NOT_ESTABLISHED	NOT_ESTABLISHED
Tests\Feature\Election\VotingClosureValidationTest::validateTimeline_still_validates_chronological_order	Tests\Feature\Election\VotingClosureValidationTest	validateTimeline_still_validates_chronological_order	PASSED	2	0.048		Feature/HTTP (structural)	Election — general	NOT_ESTABLISHED	NOT_ESTABLISHED	NOT_ESTABLISHED	NOT_ESTABLISHED	NOT_ESTABLISHED	NOT_ESTABLISHED	NOT_ESTABLISHED	NOT_ESTABLISHED	Unknown	NOT_ESTABLISHED	NOT_ESTABLISHED	n/a — passed	PHPUnit JUnit run 2026-08-12 (L1 only)	NOT_ESTABLISHED	NOT_ESTABLISHED	NOT_ESTABLISHED	NOT_ESTABLISHED
Tests\Unit\Application\Election\BallotAuthorization\BallotAuthorizationPolicyTest::test_abstains_when_no_session	Tests\Unit\Application\Election\BallotAuthorization\BallotAuthorizationPolicyTest	test_abstains_when_no_session	PASSED	1	0.000		Application (structural)	Ballot authorization	NOT_ESTABLISHED	NOT_ESTABLISHED	NOT_ESTABLISHED	NOT_ESTABLISHED	NOT_ESTABLISHED	NOT_ESTABLISHED	NOT_ESTABLISHED	NOT_ESTABLISHED	Unknown	NOT_ESTABLISHED	NOT_ESTABLISHED	n/a — passed	PHPUnit JUnit run 2026-08-12 (L1 only)	NOT_ESTABLISHED	NOT_ESTABLISHED	NOT_ESTABLISHED	NOT_ESTABLISHED
Tests\Unit\Application\Election\BallotAuthorization\BallotAuthorizationPolicyTest::test_dual_code_allows_when_view_completed	Tests\Unit\Application\Election\BallotAuthorization\BallotAuthorizationPolicyTest	test_dual_code_allows_when_view_completed	PASSED	1	0.000		Application (structural)	Ballot authorization	NOT_ESTABLISHED	NOT_ESTABLISHED	NOT_ESTABLISHED	NOT_ESTABLISHED	NOT_ESTABLISHED	NOT_ESTABLISHED	NOT_ESTABLISHED	NOT_ESTABLISHED	Unknown	NOT_ESTABLISHED	NOT_ESTABLISHED	n/a — passed	PHPUnit JUnit run 2026-08-12 (L1 only)	NOT_ESTABLISHED	NOT_ESTABLISHED	NOT_ESTABLISHED	NOT_ESTABLISHED
Tests\Unit\Application\Election\BallotAuthorization\BallotAuthorizationPolicyTest::test_dual_code_requires_both_tokens	Tests\Unit\Application\Election\BallotAuthorization\BallotAuthorizationPolicyTest	test_dual_code_requires_both_tokens	PASSED	2	0.000		Application (structural)	Ballot authorization	NOT_ESTABLISHED	NOT_ESTABLISHED	NOT_ESTABLISHED	NOT_ESTABLISHED	NOT_ESTABLISHED	NOT_ESTABLISHED	NOT_ESTABLISHED	NOT_ESTABLISHED	Unknown	NOT_ESTABLISHED	NOT_ESTABLISHED	n/a — passed	PHPUnit JUnit run 2026-08-12 (L1 only)	NOT_ESTABLISHED	NOT_ESTABLISHED	NOT_ESTABLISHED	NOT_ESTABLISHED
Tests\Unit\Application\Election\BallotAuthorization\BallotAuthorizationPolicyTest::test_dual_code_requires_view_before_commit	Tests\Unit\Application\Election\BallotAuthorization\BallotAuthorizationPolicyTest	test_dual_code_requires_view_before_commit	PASSED	2	0.000		Application (structural)	Ballot authorization	NOT_ESTABLISHED	NOT_ESTABLISHED	NOT_ESTABLISHED	NOT_ESTABLISHED	NOT_ESTABLISHED	NOT_ESTABLISHED	NOT_ESTABLISHED	NOT_ESTABLISHED	Unknown	NOT_ESTABLISHED	NOT_ESTABLISHED	n/a — passed	PHPUnit JUnit run 2026-08-12 (L1 only)	NOT_ESTABLISHED	NOT_ESTABLISHED	NOT_ESTABLISHED	NOT_ESTABLISHED
Tests\Unit\Application\Election\BallotAuthorization\BallotAuthorizationPolicyTest::test_independent_of_trust_state	Tests\Unit\Application\Election\BallotAuthorization\BallotAuthorizationPolicyTest	test_independent_of_trust_state	PASSED	1	0.000		Application (structural)	Ballot authorization	NOT_ESTABLISHED	NOT_ESTABLISHED	NOT_ESTABLISHED	NOT_ESTABLISHED	NOT_ESTABLISHED	NOT_ESTABLISHED	NOT_ESTABLISHED	NOT_ESTABLISHED	Unknown	NOT_ESTABLISHED	NOT_ESTABLISHED	n/a — passed	PHPUnit JUnit run 2026-08-12 (L1 only)	NOT_ESTABLISHED	NOT_ESTABLISHED	NOT_ESTABLISHED	NOT_ESTABLISHED
Tests\Unit\Application\Election\BallotAuthorization\BallotAuthorizationPolicyTest::test_policy_layers_at_preconditions	Tests\Unit\Application\Election\BallotAuthorization\BallotAuthorizationPolicyTest	test_policy_layers_at_preconditions	PASSED	1	0.003		Application (structural)	Ballot authorization	NOT_ESTABLISHED	NOT_ESTABLISHED	NOT_ESTABLISHED	NOT_ESTABLISHED	NOT_ESTABLISHED	NOT_ESTABLISHED	NOT_ESTABLISHED	NOT_ESTABLISHED	Unknown	NOT_ESTABLISHED	NOT_ESTABLISHED	n/a — passed	PHPUnit JUnit run 2026-08-12 (L1 only)	NOT_ESTABLISHED	NOT_ESTABLISHED	NOT_ESTABLISHED	NOT_ESTABLISHED
Tests\Unit\Application\Election\BallotAuthorization\BallotAuthorizationPolicyTest::test_single_code_allows_valid_unconsumed	Tests\Unit\Application\Election\BallotAuthorization\BallotAuthorizationPolicyTest	test_single_code_allows_valid_unconsumed	PASSED	1	0.001		Application (structural)	Ballot authorization	NOT_ESTABLISHED	NOT_ESTABLISHED	NOT_ESTABLISHED	NOT_ESTABLISHED	NOT_ESTABLISHED	NOT_ESTABLISHED	NOT_ESTABLISHED	NOT_ESTABLISHED	Unknown	NOT_ESTABLISHED	NOT_ESTABLISHED	n/a — passed	PHPUnit JUnit run 2026-08-12 (L1 only)	NOT_ESTABLISHED	NOT_ESTABLISHED	NOT_ESTABLISHED	NOT_ESTABLISHED
Tests\Unit\Application\Election\BallotAuthorization\BallotAuthorizationPolicyTest::test_single_code_denies_consumed	Tests\Unit\Application\Election\BallotAuthorization\BallotAuthorizationPolicyTest	test_single_code_denies_consumed	PASSED	2	0.000		Application (structural)	Ballot authorization	NOT_ESTABLISHED	NOT_ESTABLISHED	NOT_ESTABLISHED	NOT_ESTABLISHED	NOT_ESTABLISHED	NOT_ESTABLISHED	NOT_ESTABLISHED	NOT_ESTABLISHED	Unknown	NOT_ESTABLISHED	NOT_ESTABLISHED	n/a — passed	PHPUnit JUnit run 2026-08-12 (L1 only)	NOT_ESTABLISHED	NOT_ESTABLISHED	NOT_ESTABLISHED	NOT_ESTABLISHED
Tests\Unit\Application\Election\Capabilities\CanEditTimelineCapabilityTest::can_edit_timeline_in_approved_state	Tests\Unit\Application\Election\Capabilities\CanEditTimelineCapabilityTest	can_edit_timeline_in_approved_state	PASSED	1	0.041		Application (structural)	Capabilities	NOT_ESTABLISHED	NOT_ESTABLISHED	NOT_ESTABLISHED	NOT_ESTABLISHED	NOT_ESTABLISHED	NOT_ESTABLISHED	NOT_ESTABLISHED	NOT_ESTABLISHED	Unknown	NOT_ESTABLISHED	NOT_ESTABLISHED	n/a — passed	PHPUnit JUnit run 2026-08-12 (L1 only)	NOT_ESTABLISHED	NOT_ESTABLISHED	NOT_ESTABLISHED	NOT_ESTABLISHED
Tests\Unit\Application\Election\Capabilities\CanEditTimelineCapabilityTest::can_edit_timeline_in_draft_state	Tests\Unit\Application\Election\Capabilities\CanEditTimelineCapabilityTest	can_edit_timeline_in_draft_state	PASSED	1	4.058		Application (structural)	Capabilities	NOT_ESTABLISHED	NOT_ESTABLISHED	NOT_ESTABLISHED	NOT_ESTABLISHED	NOT_ESTABLISHED	NOT_ESTABLISHED	NOT_ESTABLISHED	NOT_ESTABLISHED	Unknown	NOT_ESTABLISHED	NOT_ESTABLISHED	n/a — passed	PHPUnit JUnit run 2026-08-12 (L1 only)	NOT_ESTABLISHED	NOT_ESTABLISHED	NOT_ESTABLISHED	NOT_ESTABLISHED
Tests\Unit\Application\Election\Capabilities\CanEditTimelineCapabilityTest::can_edit_timeline_in_rejected_state	Tests\Unit\Application\Election\Capabilities\CanEditTimelineCapabilityTest	can_edit_timeline_in_rejected_state	PASSED	1	0.038		Application (structural)	Capabilities	NOT_ESTABLISHED	NOT_ESTABLISHED	NOT_ESTABLISHED	NOT_ESTABLISHED	NOT_ESTABLISHED	NOT_ESTABLISHED	NOT_ESTABLISHED	NOT_ESTABLISHED	Unknown	NOT_ESTABLISHED	NOT_ESTABLISHED	n/a — passed	PHPUnit JUnit run 2026-08-12 (L1 only)	NOT_ESTABLISHED	NOT_ESTABLISHED	NOT_ESTABLISHED	NOT_ESTABLISHED
Tests\Unit\Application\Election\Capabilities\CanEditTimelineCapabilityTest::can_edit_timeline_in_setup_state	Tests\Unit\Application\Election\Capabilities\CanEditTimelineCapabilityTest	can_edit_timeline_in_setup_state	PASSED	1	0.038		Application (structural)	Capabilities	NOT_ESTABLISHED	NOT_ESTABLISHED	NOT_ESTABLISHED	NOT_ESTABLISHED	NOT_ESTABLISHED	NOT_ESTABLISHED	NOT_ESTABLISHED	NOT_ESTABLISHED	Unknown	NOT_ESTABLISHED	NOT_ESTABLISHED	n/a — passed	PHPUnit JUnit run 2026-08-12 (L1 only)	NOT_ESTABLISHED	NOT_ESTABLISHED	NOT_ESTABLISHED	NOT_ESTABLISHED
Tests\Unit\Application\Election\Capabilities\CanEditTimelineCapabilityTest::cannot_edit_timeline_in_archived_state	Tests\Unit\Application\Election\Capabilities\CanEditTimelineCapabilityTest	cannot_edit_timeline_in_archived_state	PASSED	1	0.043		Application (structural)	Capabilities	NOT_ESTABLISHED	NOT_ESTABLISHED	NOT_ESTABLISHED	NOT_ESTABLISHED	NOT_ESTABLISHED	NOT_ESTABLISHED	NOT_ESTABLISHED	NOT_ESTABLISHED	Unknown	NOT_ESTABLISHED	NOT_ESTABLISHED	n/a — passed	PHPUnit JUnit run 2026-08-12 (L1 only)	NOT_ESTABLISHED	NOT_ESTABLISHED	NOT_ESTABLISHED	NOT_ESTABLISHED
Tests\Unit\Application\Election\Capabilities\CanEditTimelineCapabilityTest::cannot_edit_timeline_in_counting_state	Tests\Unit\Application\Election\Capabilities\CanEditTimelineCapabilityTest	cannot_edit_timeline_in_counting_state	PASSED	2	0.072		Application (structural)	Capabilities	NOT_ESTABLISHED	NOT_ESTABLISHED	NOT_ESTABLISHED	NOT_ESTABLISHED	NOT_ESTABLISHED	NOT_ESTABLISHED	NOT_ESTABLISHED	NOT_ESTABLISHED	Unknown	NOT_ESTABLISHED	NOT_ESTABLISHED	n/a — passed	PHPUnit JUnit run 2026-08-12 (L1 only)	NOT_ESTABLISHED	NOT_ESTABLISHED	NOT_ESTABLISHED	NOT_ESTABLISHED
Tests\Unit\Application\Election\Capabilities\CanEditTimelineCapabilityTest::cannot_edit_timeline_in_results_published_state	Tests\Unit\Application\Election\Capabilities\CanEditTimelineCapabilityTest	cannot_edit_timeline_in_results_published_state	PASSED	1	0.038		Application (structural)	Capabilities	NOT_ESTABLISHED	NOT_ESTABLISHED	NOT_ESTABLISHED	NOT_ESTABLISHED	NOT_ESTABLISHED	NOT_ESTABLISHED	NOT_ESTABLISHED	NOT_ESTABLISHED	Unknown	NOT_ESTABLISHED	NOT_ESTABLISHED	n/a — passed	PHPUnit JUnit run 2026-08-12 (L1 only)	NOT_ESTABLISHED	NOT_ESTABLISHED	NOT_ESTABLISHED	NOT_ESTABLISHED
Tests\Unit\Application\Election\Capabilities\CanEditTimelineCapabilityTest::cannot_edit_timeline_in_submitted_for_approval_state	Tests\Unit\Application\Election\Capabilities\CanEditTimelineCapabilityTest	cannot_edit_timeline_in_submitted_for_approval_state	PASSED	1	0.042		Application (structural)	Capabilities	NOT_ESTABLISHED	NOT_ESTABLISHED	NOT_ESTABLISHED	NOT_ESTABLISHED	NOT_ESTABLISHED	NOT_ESTABLISHED	NOT_ESTABLISHED	NOT_ESTABLISHED	Unknown	NOT_ESTABLISHED	NOT_ESTABLISHED	n/a — passed	PHPUnit JUnit run 2026-08-12 (L1 only)	NOT_ESTABLISHED	NOT_ESTABLISHED	NOT_ESTABLISHED	NOT_ESTABLISHED
Tests\Unit\Application\Election\Capabilities\CanEditTimelineCapabilityTest::cannot_edit_timeline_in_voting_active_state	Tests\Unit\Application\Election\Capabilities\CanEditTimelineCapabilityTest	cannot_edit_timeline_in_voting_active_state	PASSED	1	0.046		Application (structural)	Capabilities	NOT_ESTABLISHED	NOT_ESTABLISHED	NOT_ESTABLISHED	NOT_ESTABLISHED	NOT_ESTABLISHED	NOT_ESTABLISHED	NOT_ESTABLISHED	NOT_ESTABLISHED	Unknown	NOT_ESTABLISHED	NOT_ESTABLISHED	n/a — passed	PHPUnit JUnit run 2026-08-12 (L1 only)	NOT_ESTABLISHED	NOT_ESTABLISHED	NOT_ESTABLISHED	NOT_ESTABLISHED
Tests\Unit\Application\Election\Capabilities\CanEditTimelineCapabilityTest::capability_transitions_correctly_through_states	Tests\Unit\Application\Election\Capabilities\CanEditTimelineCapabilityTest	capability_transitions_correctly_through_states	PASSED	7	0.061		Application (structural)	Capabilities	NOT_ESTABLISHED	NOT_ESTABLISHED	NOT_ESTABLISHED	NOT_ESTABLISHED	NOT_ESTABLISHED	NOT_ESTABLISHED	NOT_ESTABLISHED	NOT_ESTABLISHED	Unknown	NOT_ESTABLISHED	NOT_ESTABLISHED	n/a — passed	PHPUnit JUnit run 2026-08-12 (L1 only)	NOT_ESTABLISHED	NOT_ESTABLISHED	NOT_ESTABLISHED	NOT_ESTABLISHED
Tests\Unit\Application\Election\Capabilities\CapabilityContextTrustFieldTest::test_non_voting_context_has_null_trust	Tests\Unit\Application\Election\Capabilities\CapabilityContextTrustFieldTest	test_non_voting_context_has_null_trust	PASSED	1	0.000		Application (structural)	Capabilities	NOT_ESTABLISHED	NOT_ESTABLISHED	NOT_ESTABLISHED	NOT_ESTABLISHED	NOT_ESTABLISHED	NOT_ESTABLISHED	NOT_ESTABLISHED	NOT_ESTABLISHED	Unknown	NOT_ESTABLISHED	NOT_ESTABLISHED	n/a — passed	PHPUnit JUnit run 2026-08-12 (L1 only)	NOT_ESTABLISHED	NOT_ESTABLISHED	NOT_ESTABLISHED	NOT_ESTABLISHED
Tests\Unit\Application\Election\Capabilities\CapabilityContextTrustFieldTest::test_trust_field_accepts_evaluation_envelope	Tests\Unit\Application\Election\Capabilities\CapabilityContextTrustFieldTest	test_trust_field_accepts_evaluation_envelope	PASSED	1	0.001		Application (structural)	Capabilities	NOT_ESTABLISHED	NOT_ESTABLISHED	NOT_ESTABLISHED	NOT_ESTABLISHED	NOT_ESTABLISHED	NOT_ESTABLISHED	NOT_ESTABLISHED	NOT_ESTABLISHED	Unknown	NOT_ESTABLISHED	NOT_ESTABLISHED	n/a — passed	PHPUnit JUnit run 2026-08-12 (L1 only)	NOT_ESTABLISHED	NOT_ESTABLISHED	NOT_ESTABLISHED	NOT_ESTABLISHED
Tests\Unit\Application\Election\Capabilities\CapabilityContextTrustFieldTest::test_trust_field_is_nullable_default_null	Tests\Unit\Application\Election\Capabilities\CapabilityContextTrustFieldTest	test_trust_field_is_nullable_default_null	PASSED	1	0.000		Application (structural)	Capabilities	NOT_ESTABLISHED	NOT_ESTABLISHED	NOT_ESTABLISHED	NOT_ESTABLISHED	NOT_ESTABLISHED	NOT_ESTABLISHED	NOT_ESTABLISHED	NOT_ESTABLISHED	Unknown	NOT_ESTABLISHED	NOT_ESTABLISHED	n/a — passed	PHPUnit JUnit run 2026-08-12 (L1 only)	NOT_ESTABLISHED	NOT_ESTABLISHED	NOT_ESTABLISHED	NOT_ESTABLISHED
Tests\Unit\Application\Election\Capabilities\CapabilityContextTrustFieldTest::test_voting_context_carries_full_envelope	Tests\Unit\Application\Election\Capabilities\CapabilityContextTrustFieldTest	test_voting_context_carries_full_envelope	PASSED	3	0.001		Application (structural)	Capabilities	NOT_ESTABLISHED	NOT_ESTABLISHED	NOT_ESTABLISHED	NOT_ESTABLISHED	NOT_ESTABLISHED	NOT_ESTABLISHED	NOT_ESTABLISHED	NOT_ESTABLISHED	Unknown	NOT_ESTABLISHED	NOT_ESTABLISHED	n/a — passed	PHPUnit JUnit run 2026-08-12 (L1 only)	NOT_ESTABLISHED	NOT_ESTABLISHED	NOT_ESTABLISHED	NOT_ESTABLISHED
Tests\Unit\Application\Election\Capabilities\CapabilityDenialReasonD5Test::test_constitutional_review_pending_has_correct_string_value	Tests\Unit\Application\Election\Capabilities\CapabilityDenialReasonD5Test	test_constitutional_review_pending_has_correct_string_value	PASSED	1	0.000		Application (structural)	Capabilities	NOT_ESTABLISHED	NOT_ESTABLISHED	NOT_ESTABLISHED	NOT_ESTABLISHED	NOT_ESTABLISHED	NOT_ESTABLISHED	NOT_ESTABLISHED	NOT_ESTABLISHED	Unknown	NOT_ESTABLISHED	NOT_ESTABLISHED	n/a — passed	PHPUnit JUnit run 2026-08-12 (L1 only)	NOT_ESTABLISHED	NOT_ESTABLISHED	NOT_ESTABLISHED	NOT_ESTABLISHED
Tests\Unit\Application\Election\Capabilities\CapabilityDenialReasonD5Test::test_no_existing_cases_renamed	Tests\Unit\Application\Election\Capabilities\CapabilityDenialReasonD5Test	test_no_existing_cases_renamed	PASSED	4	0.000		Application (structural)	Capabilities	NOT_ESTABLISHED	NOT_ESTABLISHED	NOT_ESTABLISHED	NOT_ESTABLISHED	NOT_ESTABLISHED	NOT_ESTABLISHED	NOT_ESTABLISHED	NOT_ESTABLISHED	Unknown	NOT_ESTABLISHED	NOT_ESTABLISHED	n/a — passed	PHPUnit JUnit run 2026-08-12 (L1 only)	NOT_ESTABLISHED	NOT_ESTABLISHED	NOT_ESTABLISHED	NOT_ESTABLISHED
Tests\Unit\Application\Election\Capabilities\CapabilityDenialReasonD5Test::test_trust_denied_has_correct_string_value	Tests\Unit\Application\Election\Capabilities\CapabilityDenialReasonD5Test	test_trust_denied_has_correct_string_value	PASSED	1	0.000		Application (structural)	Capabilities	NOT_ESTABLISHED	NOT_ESTABLISHED	NOT_ESTABLISHED	NOT_ESTABLISHED	NOT_ESTABLISHED	NOT_ESTABLISHED	NOT_ESTABLISHED	NOT_ESTABLISHED	Unknown	NOT_ESTABLISHED	NOT_ESTABLISHED	n/a — passed	PHPUnit JUnit run 2026-08-12 (L1 only)	NOT_ESTABLISHED	NOT_ESTABLISHED	NOT_ESTABLISHED	NOT_ESTABLISHED
Tests\Unit\Application\Election\Capabilities\CapabilityDenialReasonD5Test::test_trust_evaluation_inconclusive_has_correct_string_value	Tests\Unit\Application\Election\Capabilities\CapabilityDenialReasonD5Test	test_trust_evaluation_inconclusive_has_correct_string_value	PASSED	1	0.000		Application (structural)	Capabilities	NOT_ESTABLISHED	NOT_ESTABLISHED	NOT_ESTABLISHED	NOT_ESTABLISHED	NOT_ESTABLISHED	NOT_ESTABLISHED	NOT_ESTABLISHED	NOT_ESTABLISHED	Unknown	NOT_ESTABLISHED	NOT_ESTABLISHED	n/a — passed	PHPUnit JUnit run 2026-08-12 (L1 only)	NOT_ESTABLISHED	NOT_ESTABLISHED	NOT_ESTABLISHED	NOT_ESTABLISHED
Tests\Unit\Application\Election\Capabilities\CapabilityPolicyLayerD5Test::test_layer_priority_ordering_is_sequential	Tests\Unit\Application\Election\Capabilities\CapabilityPolicyLayerD5Test	test_layer_priority_ordering_is_sequential	PASSED	5	0.000		Application (structural)	Capabilities	NOT_ESTABLISHED	NOT_ESTABLISHED	NOT_ESTABLISHED	NOT_ESTABLISHED	NOT_ESTABLISHED	NOT_ESTABLISHED	NOT_ESTABLISHED	NOT_ESTABLISHED	Unknown	NOT_ESTABLISHED	NOT_ESTABLISHED	n/a — passed	PHPUnit JUnit run 2026-08-12 (L1 only)	NOT_ESTABLISHED	NOT_ESTABLISHED	NOT_ESTABLISHED	NOT_ESTABLISHED
Tests\Unit\Application\Election\Capabilities\CapabilityPolicyLayerD5Test::test_lifecycle_layer_updated_to_priority_3	Tests\Unit\Application\Election\Capabilities\CapabilityPolicyLayerD5Test	test_lifecycle_layer_updated_to_priority_3	PASSED	1	0.000		Application (structural)	Capabilities	NOT_ESTABLISHED	NOT_ESTABLISHED	NOT_ESTABLISHED	NOT_ESTABLISHED	NOT_ESTABLISHED	NOT_ESTABLISHED	NOT_ESTABLISHED	NOT_ESTABLISHED	Unknown	NOT_ESTABLISHED	NOT_ESTABLISHED	n/a — passed	PHPUnit JUnit run 2026-08-12 (L1 only)	NOT_ESTABLISHED	NOT_ESTABLISHED	NOT_ESTABLISHED	NOT_ESTABLISHED
Tests\Unit\Application\Election\Capabilities\CapabilityPolicyLayerD5Test::test_overlay_layer_remains_priority_1	Tests\Unit\Application\Election\Capabilities\CapabilityPolicyLayerD5Test	test_overlay_layer_remains_priority_1	PASSED	1	0.000		Application (structural)	Capabilities	NOT_ESTABLISHED	NOT_ESTABLISHED	NOT_ESTABLISHED	NOT_ESTABLISHED	NOT_ESTABLISHED	NOT_ESTABLISHED	NOT_ESTABLISHED	NOT_ESTABLISHED	Unknown	NOT_ESTABLISHED	NOT_ESTABLISHED	n/a — passed	PHPUnit JUnit run 2026-08-12 (L1 only)	NOT_ESTABLISHED	NOT_ESTABLISHED	NOT_ESTABLISHED	NOT_ESTABLISHED
Tests\Unit\Application\Election\Capabilities\CapabilityPolicyLayerD5Test::test_trust_layer_has_priority_2	Tests\Unit\Application\Election\Capabilities\CapabilityPolicyLayerD5Test	test_trust_layer_has_priority_2	PASSED	1	0.000		Application (structural)	Capabilities	NOT_ESTABLISHED	NOT_ESTABLISHED	NOT_ESTABLISHED	NOT_ESTABLISHED	NOT_ESTABLISHED	NOT_ESTABLISHED	NOT_ESTABLISHED	NOT_ESTABLISHED	Unknown	NOT_ESTABLISHED	NOT_ESTABLISHED	n/a — passed	PHPUnit JUnit run 2026-08-12 (L1 only)	NOT_ESTABLISHED	NOT_ESTABLISHED	NOT_ESTABLISHED	NOT_ESTABLISHED
Tests\Unit\Application\Election\Capabilities\ElectionCapabilitySnapshotTrustFieldTest::test_snapshot_trust_populated_after_resolver_evaluates_voting_action	Tests\Unit\Application\Election\Capabilities\ElectionCapabilitySnapshotTrustFieldTest	test_snapshot_trust_populated_after_resolver_evaluates_voting_action	PASSED	3	0.000		Application (structural)	Capabilities	NOT_ESTABLISHED	NOT_ESTABLISHED	NOT_ESTABLISHED	NOT_ESTABLISHED	NOT_ESTABLISHED	NOT_ESTABLISHED	NOT_ESTABLISHED	NOT_ESTABLISHED	Unknown	NOT_ESTABLISHED	NOT_ESTABLISHED	n/a — passed	PHPUnit JUnit run 2026-08-12 (L1 only)	NOT_ESTABLISHED	NOT_ESTABLISHED	NOT_ESTABLISHED	NOT_ESTABLISHED
Tests\Unit\Application\Election\Capabilities\ElectionCapabilitySnapshotTrustFieldTest::test_trust_field_is_nullable	Tests\Unit\Application\Election\Capabilities\ElectionCapabilitySnapshotTrustFieldTest	test_trust_field_is_nullable	PASSED	1	0.000		Application (structural)	Capabilities	NOT_ESTABLISHED	NOT_ESTABLISHED	NOT_ESTABLISHED	NOT_ESTABLISHED	NOT_ESTABLISHED	NOT_ESTABLISHED	NOT_ESTABLISHED	NOT_ESTABLISHED	Unknown	NOT_ESTABLISHED	NOT_ESTABLISHED	n/a — passed	PHPUnit JUnit run 2026-08-12 (L1 only)	NOT_ESTABLISHED	NOT_ESTABLISHED	NOT_ESTABLISHED	NOT_ESTABLISHED
Tests\Unit\Application\Election\Capabilities\ElectionCapabilitySnapshotTrustFieldTest::test_trust_snapshot_is_projection_only	Tests\Unit\Application\Election\Capabilities\ElectionCapabilitySnapshotTrustFieldTest	test_trust_snapshot_is_projection_only	PASSED	4	0.000		Application (structural)	Capabilities	NOT_ESTABLISHED	NOT_ESTABLISHED	NOT_ESTABLISHED	NOT_ESTABLISHED	NOT_ESTABLISHED	NOT_ESTABLISHED	NOT_ESTABLISHED	NOT_ESTABLISHED	Unknown	NOT_ESTABLISHED	NOT_ESTABLISHED	n/a — passed	PHPUnit JUnit run 2026-08-12 (L1 only)	NOT_ESTABLISHED	NOT_ESTABLISHED	NOT_ESTABLISHED	NOT_ESTABLISHED
Tests\Unit\Application\Election\Capabilities\Policies\AttestationGuardTest::test_evidence_capability_policy_blocks_attestation_signal	Tests\Unit\Application\Election\Capabilities\Policies\AttestationGuardTest	test_evidence_capability_policy_blocks_attestation_signal	PASSED	3	0.000		Application (structural)	Capability policies	NOT_ESTABLISHED	NOT_ESTABLISHED	NOT_ESTABLISHED	NOT_ESTABLISHED	NOT_ESTABLISHED	NOT_ESTABLISHED	NOT_ESTABLISHED	NOT_ESTABLISHED	Unknown	NOT_ESTABLISHED	NOT_ESTABLISHED	n/a — passed	PHPUnit JUnit run 2026-08-12 (L1 only)	NOT_ESTABLISHED	NOT_ESTABLISHED	NOT_ESTABLISHED	NOT_ESTABLISHED
Tests\Unit\Application\Election\Capabilities\Policies\AttestationGuardTest::test_production_resolver_assembly_blocks_attestation_signal	Tests\Unit\Application\Election\Capabilities\Policies\AttestationGuardTest	test_production_resolver_assembly_blocks_attestation_signal	PASSED	2	0.001		Application (structural)	Capability policies	NOT_ESTABLISHED	NOT_ESTABLISHED	NOT_ESTABLISHED	NOT_ESTABLISHED	NOT_ESTABLISHED	NOT_ESTABLISHED	NOT_ESTABLISHED	NOT_ESTABLISHED	Unknown	NOT_ESTABLISHED	NOT_ESTABLISHED	n/a — passed	PHPUnit JUnit run 2026-08-12 (L1 only)	NOT_ESTABLISHED	NOT_ESTABLISHED	NOT_ESTABLISHED	NOT_ESTABLISHED
Tests\Unit\Application\Election\Capabilities\Policies\AttestationGuardTest::test_trust_capability_policy_silently_ignores_attestation_signal	Tests\Unit\Application\Election\Capabilities\Policies\AttestationGuardTest	test_trust_capability_policy_silently_ignores_attestation_signal	PASSED	1	0.000		Application (structural)	Capability policies	NOT_ESTABLISHED	NOT_ESTABLISHED	NOT_ESTABLISHED	NOT_ESTABLISHED	NOT_ESTABLISHED	NOT_ESTABLISHED	NOT_ESTABLISHED	NOT_ESTABLISHED	Unknown	NOT_ESTABLISHED	NOT_ESTABLISHED	n/a — passed	PHPUnit JUnit run 2026-08-12 (L1 only)	NOT_ESTABLISHED	NOT_ESTABLISHED	NOT_ESTABLISHED	NOT_ESTABLISHED
Tests\Unit\Application\Election\Capabilities\Policies\EvidenceCapabilityPolicySimplifiedTest::test_attestation_present_overrides_inconclusive	Tests\Unit\Application\Election\Capabilities\Policies\EvidenceCapabilityPolicySimplifiedTest	test_attestation_present_overrides_inconclusive	PASSED	2	0.000		Application (structural)	Capability policies	NOT_ESTABLISHED	NOT_ESTABLISHED	NOT_ESTABLISHED	NOT_ESTABLISHED	NOT_ESTABLISHED	NOT_ESTABLISHED	NOT_ESTABLISHED	NOT_ESTABLISHED	Unknown	NOT_ESTABLISHED	NOT_ESTABLISHED	n/a — passed	PHPUnit JUnit run 2026-08-12 (L1 only)	NOT_ESTABLISHED	NOT_ESTABLISHED	NOT_ESTABLISHED	NOT_ESTABLISHED
Tests\Unit\Application\Election\Capabilities\Policies\EvidenceCapabilityPolicySimplifiedTest::test_attestation_present_requires_reverification	Tests\Unit\Application\Election\Capabilities\Policies\EvidenceCapabilityPolicySimplifiedTest	test_attestation_present_requires_reverification	PASSED	3	0.000		Application (structural)	Capability policies	NOT_ESTABLISHED	NOT_ESTABLISHED	NOT_ESTABLISHED	NOT_ESTABLISHED	NOT_ESTABLISHED	NOT_ESTABLISHED	NOT_ESTABLISHED	NOT_ESTABLISHED	Unknown	NOT_ESTABLISHED	NOT_ESTABLISHED	n/a — passed	PHPUnit JUnit run 2026-08-12 (L1 only)	NOT_ESTABLISHED	NOT_ESTABLISHED	NOT_ESTABLISHED	NOT_ESTABLISHED
Tests\Unit\Application\Election\Capabilities\Policies\EvidenceCapabilityPolicySimplifiedTest::test_context_stable_with_sufficient_evidence_abstains	Tests\Unit\Application\Election\Capabilities\Policies\EvidenceCapabilityPolicySimplifiedTest	test_context_stable_with_sufficient_evidence_abstains	PASSED	1	0.000		Application (structural)	Capability policies	NOT_ESTABLISHED	NOT_ESTABLISHED	NOT_ESTABLISHED	NOT_ESTABLISHED	NOT_ESTABLISHED	NOT_ESTABLISHED	NOT_ESTABLISHED	NOT_ESTABLISHED	Unknown	NOT_ESTABLISHED	NOT_ESTABLISHED	n/a — passed	PHPUnit JUnit run 2026-08-12 (L1 only)	NOT_ESTABLISHED	NOT_ESTABLISHED	NOT_ESTABLISHED	NOT_ESTABLISHED
Tests\Unit\Application\Election\Capabilities\Policies\EvidenceCapabilityPolicySimplifiedTest::test_evidence_inconsistent_with_sufficient_evidence_abstains	Tests\Unit\Application\Election\Capabilities\Policies\EvidenceCapabilityPolicySimplifiedTest	test_evidence_inconsistent_with_sufficient_evidence_abstains	PASSED	1	0.000		Application (structural)	Capability policies	NOT_ESTABLISHED	NOT_ESTABLISHED	NOT_ESTABLISHED	NOT_ESTABLISHED	NOT_ESTABLISHED	NOT_ESTABLISHED	NOT_ESTABLISHED	NOT_ESTABLISHED	Unknown	NOT_ESTABLISHED	NOT_ESTABLISHED	n/a — passed	PHPUnit JUnit run 2026-08-12 (L1 only)	NOT_ESTABLISHED	NOT_ESTABLISHED	NOT_ESTABLISHED	NOT_ESTABLISHED
Tests\Unit\Application\Election\Capabilities\Policies\EvidenceCapabilityPolicySimplifiedTest::test_inconclusive_prohibits	Tests\Unit\Application\Election\Capabilities\Policies\EvidenceCapabilityPolicySimplifiedTest	test_inconclusive_prohibits	PASSED	3	0.000		Application (structural)	Capability policies	NOT_ESTABLISHED	NOT_ESTABLISHED	NOT_ESTABLISHED	NOT_ESTABLISHED	NOT_ESTABLISHED	NOT_ESTABLISHED	NOT_ESTABLISHED	NOT_ESTABLISHED	Unknown	NOT_ESTABLISHED	NOT_ESTABLISHED	n/a — passed	PHPUnit JUnit run 2026-08-12 (L1 only)	NOT_ESTABLISHED	NOT_ESTABLISHED	NOT_ESTABLISHED	NOT_ESTABLISHED
Tests\Unit\Application\Election\Capabilities\Policies\EvidenceCapabilityPolicySimplifiedTest::test_insufficient_evidence_prohibits	Tests\Unit\Application\Election\Capabilities\Policies\EvidenceCapabilityPolicySimplifiedTest	test_insufficient_evidence_prohibits	PASSED	3	0.000		Application (structural)	Capability policies	NOT_ESTABLISHED	NOT_ESTABLISHED	NOT_ESTABLISHED	NOT_ESTABLISHED	NOT_ESTABLISHED	NOT_ESTABLISHED	NOT_ESTABLISHED	NOT_ESTABLISHED	Unknown	NOT_ESTABLISHED	NOT_ESTABLISHED	n/a — passed	PHPUnit JUnit run 2026-08-12 (L1 only)	NOT_ESTABLISHED	NOT_ESTABLISHED	NOT_ESTABLISHED	NOT_ESTABLISHED
Tests\Unit\Application\Election\Capabilities\Policies\EvidenceCapabilityPolicySimplifiedTest::test_monotonicity_adding_inconsistent_signals_cannot_weaken_prohibition	Tests\Unit\Application\Election\Capabilities\Policies\EvidenceCapabilityPolicySimplifiedTest	test_monotonicity_adding_inconsistent_signals_cannot_weaken_prohibition	PASSED	5	0.000		Application (structural)	Capability policies	NOT_ESTABLISHED	NOT_ESTABLISHED	NOT_ESTABLISHED	NOT_ESTABLISHED	NOT_ESTABLISHED	NOT_ESTABLISHED	NOT_ESTABLISHED	NOT_ESTABLISHED	Unknown	NOT_ESTABLISHED	NOT_ESTABLISHED	n/a — passed	PHPUnit JUnit run 2026-08-12 (L1 only)	NOT_ESTABLISHED	NOT_ESTABLISHED	NOT_ESTABLISHED	NOT_ESTABLISHED
Tests\Unit\Application\Election\Capabilities\Policies\EvidenceCapabilityPolicySimplifiedTest::test_monotonicity_adding_stable_signals_cannot_weaken_prohibition	Tests\Unit\Application\Election\Capabilities\Policies\EvidenceCapabilityPolicySimplifiedTest	test_monotonicity_adding_stable_signals_cannot_weaken_prohibition	PASSED	5	0.000		Application (structural)	Capability policies	NOT_ESTABLISHED	NOT_ESTABLISHED	NOT_ESTABLISHED	NOT_ESTABLISHED	NOT_ESTABLISHED	NOT_ESTABLISHED	NOT_ESTABLISHED	NOT_ESTABLISHED	Unknown	NOT_ESTABLISHED	NOT_ESTABLISHED	n/a — passed	PHPUnit JUnit run 2026-08-12 (L1 only)	NOT_ESTABLISHED	NOT_ESTABLISHED	NOT_ESTABLISHED	NOT_ESTABLISHED
Tests\Unit\Application\Election\Capabilities\Policies\EvidenceCapabilityPolicySimplifiedTest::test_monotonicity_empty_context_is_weakest_possible_state	Tests\Unit\Application\Election\Capabilities\Policies\EvidenceCapabilityPolicySimplifiedTest	test_monotonicity_empty_context_is_weakest_possible_state	PASSED	3	0.000		Application (structural)	Capability policies	NOT_ESTABLISHED	NOT_ESTABLISHED	NOT_ESTABLISHED	NOT_ESTABLISHED	NOT_ESTABLISHED	NOT_ESTABLISHED	NOT_ESTABLISHED	NOT_ESTABLISHED	Unknown	NOT_ESTABLISHED	NOT_ESTABLISHED	n/a — passed	PHPUnit JUnit run 2026-08-12 (L1 only)	NOT_ESTABLISHED	NOT_ESTABLISHED	NOT_ESTABLISHED	NOT_ESTABLISHED
Tests\Unit\Application\Election\Capabilities\Policies\EvidenceCapabilityPolicySimplifiedTest::test_multiple_signals_with_attestation_prohibits	Tests\Unit\Application\Election\Capabilities\Policies\EvidenceCapabilityPolicySimplifiedTest	test_multiple_signals_with_attestation_prohibits	PASSED	3	0.000		Application (structural)	Capability policies	NOT_ESTABLISHED	NOT_ESTABLISHED	NOT_ESTABLISHED	NOT_ESTABLISHED	NOT_ESTABLISHED	NOT_ESTABLISHED	NOT_ESTABLISHED	NOT_ESTABLISHED	Unknown	NOT_ESTABLISHED	NOT_ESTABLISHED	n/a — passed	PHPUnit JUnit run 2026-08-12 (L1 only)	NOT_ESTABLISHED	NOT_ESTABLISHED	NOT_ESTABLISHED	NOT_ESTABLISHED
Tests\Unit\Application\Election\Capabilities\Policies\EvidenceCapabilityPolicySimplifiedTest::test_multiple_signals_without_attestation_follows_evaluation_state	Tests\Unit\Application\Election\Capabilities\Policies\EvidenceCapabilityPolicySimplifiedTest	test_multiple_signals_without_attestation_follows_evaluation_state	PASSED	1	0.000		Application (structural)	Capability policies	NOT_ESTABLISHED	NOT_ESTABLISHED	NOT_ESTABLISHED	NOT_ESTABLISHED	NOT_ESTABLISHED	NOT_ESTABLISHED	NOT_ESTABLISHED	NOT_ESTABLISHED	Unknown	NOT_ESTABLISHED	NOT_ESTABLISHED	n/a — passed	PHPUnit JUnit run 2026-08-12 (L1 only)	NOT_ESTABLISHED	NOT_ESTABLISHED	NOT_ESTABLISHED	NOT_ESTABLISHED
Tests\Unit\Application\Election\Capabilities\Policies\EvidenceCapabilityPolicySimplifiedTest::test_no_simplified_overlay_falls_back	Tests\Unit\Application\Election\Capabilities\Policies\EvidenceCapabilityPolicySimplifiedTest	test_no_simplified_overlay_falls_back	PASSED	1	0.000		Application (structural)	Capability policies	NOT_ESTABLISHED	NOT_ESTABLISHED	NOT_ESTABLISHED	NOT_ESTABLISHED	NOT_ESTABLISHED	NOT_ESTABLISHED	NOT_ESTABLISHED	NOT_ESTABLISHED	Unknown	NOT_ESTABLISHED	NOT_ESTABLISHED	n/a — passed	PHPUnit JUnit run 2026-08-12 (L1 only)	NOT_ESTABLISHED	NOT_ESTABLISHED	NOT_ESTABLISHED	NOT_ESTABLISHED
Tests\Unit\Application\Election\Capabilities\Policies\EvidenceCapabilityPolicySimplifiedTest::test_resolver_is_idempotent_across_context_reconstructions	Tests\Unit\Application\Election\Capabilities\Policies\EvidenceCapabilityPolicySimplifiedTest	test_resolver_is_idempotent_across_context_reconstructions	PASSED	5	0.000		Application (structural)	Capability policies	NOT_ESTABLISHED	NOT_ESTABLISHED	NOT_ESTABLISHED	NOT_ESTABLISHED	NOT_ESTABLISHED	NOT_ESTABLISHED	NOT_ESTABLISHED	NOT_ESTABLISHED	Unknown	NOT_ESTABLISHED	NOT_ESTABLISHED	n/a — passed	PHPUnit JUnit run 2026-08-12 (L1 only)	NOT_ESTABLISHED	NOT_ESTABLISHED	NOT_ESTABLISHED	NOT_ESTABLISHED
Tests\Unit\Application\Election\Capabilities\Policies\EvidenceCapabilityPolicySimplifiedTest::test_resolver_output_is_deterministic_for_abstention	Tests\Unit\Application\Election\Capabilities\Policies\EvidenceCapabilityPolicySimplifiedTest	test_resolver_output_is_deterministic_for_abstention	PASSED	3	0.000		Application (structural)	Capability policies	NOT_ESTABLISHED	NOT_ESTABLISHED	NOT_ESTABLISHED	NOT_ESTABLISHED	NOT_ESTABLISHED	NOT_ESTABLISHED	NOT_ESTABLISHED	NOT_ESTABLISHED	Unknown	NOT_ESTABLISHED	NOT_ESTABLISHED	n/a — passed	PHPUnit JUnit run 2026-08-12 (L1 only)	NOT_ESTABLISHED	NOT_ESTABLISHED	NOT_ESTABLISHED	NOT_ESTABLISHED
Tests\Unit\Application\Election\Capabilities\Policies\EvidenceCapabilityPolicySimplifiedTest::test_resolver_output_is_deterministic_for_prohibition	Tests\Unit\Application\Election\Capabilities\Policies\EvidenceCapabilityPolicySimplifiedTest	test_resolver_output_is_deterministic_for_prohibition	PASSED	8	0.000		Application (structural)	Capability policies	NOT_ESTABLISHED	NOT_ESTABLISHED	NOT_ESTABLISHED	NOT_ESTABLISHED	NOT_ESTABLISHED	NOT_ESTABLISHED	NOT_ESTABLISHED	NOT_ESTABLISHED	Unknown	NOT_ESTABLISHED	NOT_ESTABLISHED	n/a — passed	PHPUnit JUnit run 2026-08-12 (L1 only)	NOT_ESTABLISHED	NOT_ESTABLISHED	NOT_ESTABLISHED	NOT_ESTABLISHED
Tests\Unit\Application\Election\Capabilities\Policies\EvidenceCapabilityPolicySimplifiedTest::test_review_required_prohibits	Tests\Unit\Application\Election\Capabilities\Policies\EvidenceCapabilityPolicySimplifiedTest	test_review_required_prohibits	PASSED	3	0.000		Application (structural)	Capability policies	NOT_ESTABLISHED	NOT_ESTABLISHED	NOT_ESTABLISHED	NOT_ESTABLISHED	NOT_ESTABLISHED	NOT_ESTABLISHED	NOT_ESTABLISHED	NOT_ESTABLISHED	Unknown	NOT_ESTABLISHED	NOT_ESTABLISHED	n/a — passed	PHPUnit JUnit run 2026-08-12 (L1 only)	NOT_ESTABLISHED	NOT_ESTABLISHED	NOT_ESTABLISHED	NOT_ESTABLISHED
Tests\Unit\Application\Election\Capabilities\Policies\EvidenceCapabilityPolicySimplifiedTest::test_signal_permutation_invariance_attestation_ordering	Tests\Unit\Application\Election\Capabilities\Policies\EvidenceCapabilityPolicySimplifiedTest	test_signal_permutation_invariance_attestation_ordering	PASSED	11	0.000		Application (structural)	Capability policies	NOT_ESTABLISHED	NOT_ESTABLISHED	NOT_ESTABLISHED	NOT_ESTABLISHED	NOT_ESTABLISHED	NOT_ESTABLISHED	NOT_ESTABLISHED	NOT_ESTABLISHED	Unknown	NOT_ESTABLISHED	NOT_ESTABLISHED	n/a — passed	PHPUnit JUnit run 2026-08-12 (L1 only)	NOT_ESTABLISHED	NOT_ESTABLISHED	NOT_ESTABLISHED	NOT_ESTABLISHED
Tests\Unit\Application\Election\Capabilities\Policies\EvidenceCapabilityPolicySimplifiedTest::test_signal_permutation_invariance_without_attestation	Tests\Unit\Application\Election\Capabilities\Policies\EvidenceCapabilityPolicySimplifiedTest	test_signal_permutation_invariance_without_attestation	PASSED	2	0.000		Application (structural)	Capability policies	NOT_ESTABLISHED	NOT_ESTABLISHED	NOT_ESTABLISHED	NOT_ESTABLISHED	NOT_ESTABLISHED	NOT_ESTABLISHED	NOT_ESTABLISHED	NOT_ESTABLISHED	Unknown	NOT_ESTABLISHED	NOT_ESTABLISHED	n/a — passed	PHPUnit JUnit run 2026-08-12 (L1 only)	NOT_ESTABLISHED	NOT_ESTABLISHED	NOT_ESTABLISHED	NOT_ESTABLISHED
Tests\Unit\Application\Election\Capabilities\Policies\TrustCapabilityPolicyTest::test_policy_layer_returns_trust_priority	Tests\Unit\Application\Election\Capabilities\Policies\TrustCapabilityPolicyTest	test_policy_layer_returns_trust_priority	PASSED	2	0.000		Application (structural)	Capability policies	NOT_ESTABLISHED	NOT_ESTABLISHED	NOT_ESTABLISHED	NOT_ESTABLISHED	NOT_ESTABLISHED	NOT_ESTABLISHED	NOT_ESTABLISHED	NOT_ESTABLISHED	Unknown	NOT_ESTABLISHED	NOT_ESTABLISHED	n/a — passed	PHPUnit JUnit run 2026-08-12 (L1 only)	NOT_ESTABLISHED	NOT_ESTABLISHED	NOT_ESTABLISHED	NOT_ESTABLISHED
Tests\Unit\Application\Election\CapabilityContextTest::test_action_requires_role	Tests\Unit\Application\Election\CapabilityContextTest	test_action_requires_role	PASSED	3	0.038		Application (structural)	Election — general	NOT_ESTABLISHED	NOT_ESTABLISHED	NOT_ESTABLISHED	NOT_ESTABLISHED	NOT_ESTABLISHED	NOT_ESTABLISHED	NOT_ESTABLISHED	NOT_ESTABLISHED	Unknown	NOT_ESTABLISHED	NOT_ESTABLISHED	n/a — passed	PHPUnit JUnit run 2026-08-12 (L1 only)	NOT_ESTABLISHED	NOT_ESTABLISHED	NOT_ESTABLISHED	NOT_ESTABLISHED
Tests\Unit\Application\Election\CapabilityContextTest::test_action_requires_role_empty_roles	Tests\Unit\Application\Election\CapabilityContextTest	test_action_requires_role_empty_roles	PASSED	1	0.037		Application (structural)	Election — general	NOT_ESTABLISHED	NOT_ESTABLISHED	NOT_ESTABLISHED	NOT_ESTABLISHED	NOT_ESTABLISHED	NOT_ESTABLISHED	NOT_ESTABLISHED	NOT_ESTABLISHED	Unknown	NOT_ESTABLISHED	NOT_ESTABLISHED	n/a — passed	PHPUnit JUnit run 2026-08-12 (L1 only)	NOT_ESTABLISHED	NOT_ESTABLISHED	NOT_ESTABLISHED	NOT_ESTABLISHED
Tests\Unit\Application\Election\CapabilityContextTest::test_context_with_all_properties	Tests\Unit\Application\Election\CapabilityContextTest	test_context_with_all_properties	PASSED	5	0.041		Application (structural)	Election — general	NOT_ESTABLISHED	NOT_ESTABLISHED	NOT_ESTABLISHED	NOT_ESTABLISHED	NOT_ESTABLISHED	NOT_ESTABLISHED	NOT_ESTABLISHED	NOT_ESTABLISHED	Unknown	NOT_ESTABLISHED	NOT_ESTABLISHED	n/a — passed	PHPUnit JUnit run 2026-08-12 (L1 only)	NOT_ESTABLISHED	NOT_ESTABLISHED	NOT_ESTABLISHED	NOT_ESTABLISHED
Tests\Unit\Application\Election\CapabilityContextTest::test_context_with_null_user	Tests\Unit\Application\Election\CapabilityContextTest	test_context_with_null_user	PASSED	2	0.037		Application (structural)	Election — general	NOT_ESTABLISHED	NOT_ESTABLISHED	NOT_ESTABLISHED	NOT_ESTABLISHED	NOT_ESTABLISHED	NOT_ESTABLISHED	NOT_ESTABLISHED	NOT_ESTABLISHED	Unknown	NOT_ESTABLISHED	NOT_ESTABLISHED	n/a — passed	PHPUnit JUnit run 2026-08-12 (L1 only)	NOT_ESTABLISHED	NOT_ESTABLISHED	NOT_ESTABLISHED	NOT_ESTABLISHED
Tests\Unit\Application\Election\CapabilityContextTest::test_enum_state_value_comparison	Tests\Unit\Application\Election\CapabilityContextTest	test_enum_state_value_comparison	PASSED	1	0.035		Application (structural)	Election — general	NOT_ESTABLISHED	NOT_ESTABLISHED	NOT_ESTABLISHED	NOT_ESTABLISHED	NOT_ESTABLISHED	NOT_ESTABLISHED	NOT_ESTABLISHED	NOT_ESTABLISHED	Unknown	NOT_ESTABLISHED	NOT_ESTABLISHED	n/a — passed	PHPUnit JUnit run 2026-08-12 (L1 only)	NOT_ESTABLISHED	NOT_ESTABLISHED	NOT_ESTABLISHED	NOT_ESTABLISHED
Tests\Unit\Application\Election\CapabilityContextTest::test_is_action_allowed_in_state_empty_allowed_states	Tests\Unit\Application\Election\CapabilityContextTest	test_is_action_allowed_in_state_empty_allowed_states	PASSED	1	0.035		Application (structural)	Election — general	NOT_ESTABLISHED	NOT_ESTABLISHED	NOT_ESTABLISHED	NOT_ESTABLISHED	NOT_ESTABLISHED	NOT_ESTABLISHED	NOT_ESTABLISHED	NOT_ESTABLISHED	Unknown	NOT_ESTABLISHED	NOT_ESTABLISHED	n/a — passed	PHPUnit JUnit run 2026-08-12 (L1 only)	NOT_ESTABLISHED	NOT_ESTABLISHED	NOT_ESTABLISHED	NOT_ESTABLISHED
Tests\Unit\Application\Election\CapabilityContextTest::test_is_action_allowed_in_state_with_matching_state	Tests\Unit\Application\Election\CapabilityContextTest	test_is_action_allowed_in_state_with_matching_state	PASSED	1	0.036		Application (structural)	Election — general	NOT_ESTABLISHED	NOT_ESTABLISHED	NOT_ESTABLISHED	NOT_ESTABLISHED	NOT_ESTABLISHED	NOT_ESTABLISHED	NOT_ESTABLISHED	NOT_ESTABLISHED	Unknown	NOT_ESTABLISHED	NOT_ESTABLISHED	n/a — passed	PHPUnit JUnit run 2026-08-12 (L1 only)	NOT_ESTABLISHED	NOT_ESTABLISHED	NOT_ESTABLISHED	NOT_ESTABLISHED
Tests\Unit\Application\Election\CapabilityContextTest::test_is_action_allowed_in_state_with_non_matching_state	Tests\Unit\Application\Election\CapabilityContextTest	test_is_action_allowed_in_state_with_non_matching_state	PASSED	1	0.040		Application (structural)	Election — general	NOT_ESTABLISHED	NOT_ESTABLISHED	NOT_ESTABLISHED	NOT_ESTABLISHED	NOT_ESTABLISHED	NOT_ESTABLISHED	NOT_ESTABLISHED	NOT_ESTABLISHED	Unknown	NOT_ESTABLISHED	NOT_ESTABLISHED	n/a — passed	PHPUnit JUnit run 2026-08-12 (L1 only)	NOT_ESTABLISHED	NOT_ESTABLISHED	NOT_ESTABLISHED	NOT_ESTABLISHED
Tests\Unit\Application\Election\CapabilityContextTest::test_is_system_action	Tests\Unit\Application\Election\CapabilityContextTest	test_is_system_action	PASSED	1	0.036		Application (structural)	Election — general	NOT_ESTABLISHED	NOT_ESTABLISHED	NOT_ESTABLISHED	NOT_ESTABLISHED	NOT_ESTABLISHED	NOT_ESTABLISHED	NOT_ESTABLISHED	NOT_ESTABLISHED	Unknown	NOT_ESTABLISHED	NOT_ESTABLISHED	n/a — passed	PHPUnit JUnit run 2026-08-12 (L1 only)	NOT_ESTABLISHED	NOT_ESTABLISHED	NOT_ESTABLISHED	NOT_ESTABLISHED
Tests\Unit\Application\Election\CapabilityContextTest::test_is_system_action_false_with_multiple_roles	Tests\Unit\Application\Election\CapabilityContextTest	test_is_system_action_false_with_multiple_roles	PASSED	1	0.041		Application (structural)	Election — general	NOT_ESTABLISHED	NOT_ESTABLISHED	NOT_ESTABLISHED	NOT_ESTABLISHED	NOT_ESTABLISHED	NOT_ESTABLISHED	NOT_ESTABLISHED	NOT_ESTABLISHED	Unknown	NOT_ESTABLISHED	NOT_ESTABLISHED	n/a — passed	PHPUnit JUnit run 2026-08-12 (L1 only)	NOT_ESTABLISHED	NOT_ESTABLISHED	NOT_ESTABLISHED	NOT_ESTABLISHED
Tests\Unit\Application\Election\CapabilityContextTest::test_is_user_authenticated	Tests\Unit\Application\Election\CapabilityContextTest	test_is_user_authenticated	PASSED	1	0.034		Application (structural)	Election — general	NOT_ESTABLISHED	NOT_ESTABLISHED	NOT_ESTABLISHED	NOT_ESTABLISHED	NOT_ESTABLISHED	NOT_ESTABLISHED	NOT_ESTABLISHED	NOT_ESTABLISHED	Unknown	NOT_ESTABLISHED	NOT_ESTABLISHED	n/a — passed	PHPUnit JUnit run 2026-08-12 (L1 only)	NOT_ESTABLISHED	NOT_ESTABLISHED	NOT_ESTABLISHED	NOT_ESTABLISHED
Tests\Unit\Application\Election\CapabilityContextTest::test_is_user_not_authenticated	Tests\Unit\Application\Election\CapabilityContextTest	test_is_user_not_authenticated	PASSED	1	0.036		Application (structural)	Election — general	NOT_ESTABLISHED	NOT_ESTABLISHED	NOT_ESTABLISHED	NOT_ESTABLISHED	NOT_ESTABLISHED	NOT_ESTABLISHED	NOT_ESTABLISHED	NOT_ESTABLISHED	Unknown	NOT_ESTABLISHED	NOT_ESTABLISHED	n/a — passed	PHPUnit JUnit run 2026-08-12 (L1 only)	NOT_ESTABLISHED	NOT_ESTABLISHED	NOT_ESTABLISHED	NOT_ESTABLISHED
Tests\Unit\Application\Election\CapabilityDecisionTest::test_abstain_creates_allowed_decision	Tests\Unit\Application\Election\CapabilityDecisionTest	test_abstain_creates_allowed_decision	PASSED	4	0.000		Application (structural)	Election — general	NOT_ESTABLISHED	NOT_ESTABLISHED	NOT_ESTABLISHED	NOT_ESTABLISHED	NOT_ESTABLISHED	NOT_ESTABLISHED	NOT_ESTABLISHED	NOT_ESTABLISHED	Unknown	NOT_ESTABLISHED	NOT_ESTABLISHED	n/a — passed	PHPUnit JUnit run 2026-08-12 (L1 only)	NOT_ESTABLISHED	NOT_ESTABLISHED	NOT_ESTABLISHED	NOT_ESTABLISHED
Tests\Unit\Application\Election\CapabilityDecisionTest::test_abstain_is_distinct_from_authorized	Tests\Unit\Application\Election\CapabilityDecisionTest	test_abstain_is_distinct_from_authorized	PASSED	2	0.000		Application (structural)	Election — general	NOT_ESTABLISHED	NOT_ESTABLISHED	NOT_ESTABLISHED	NOT_ESTABLISHED	NOT_ESTABLISHED	NOT_ESTABLISHED	NOT_ESTABLISHED	NOT_ESTABLISHED	Unknown	NOT_ESTABLISHED	NOT_ESTABLISHED	n/a — passed	PHPUnit JUnit run 2026-08-12 (L1 only)	NOT_ESTABLISHED	NOT_ESTABLISHED	NOT_ESTABLISHED	NOT_ESTABLISHED
Tests\Unit\Application\Election\CapabilityDecisionTest::test_abstain_still_allows	Tests\Unit\Application\Election\CapabilityDecisionTest	test_abstain_still_allows	PASSED	2	0.000		Application (structural)	Election — general	NOT_ESTABLISHED	NOT_ESTABLISHED	NOT_ESTABLISHED	NOT_ESTABLISHED	NOT_ESTABLISHED	NOT_ESTABLISHED	NOT_ESTABLISHED	NOT_ESTABLISHED	Unknown	NOT_ESTABLISHED	NOT_ESTABLISHED	n/a — passed	PHPUnit JUnit run 2026-08-12 (L1 only)	NOT_ESTABLISHED	NOT_ESTABLISHED	NOT_ESTABLISHED	NOT_ESTABLISHED
Tests\Unit\Application\Election\CapabilityDecisionTest::test_all_denial_reasons_can_be_denied	Tests\Unit\Application\Election\CapabilityDecisionTest	test_all_denial_reasons_can_be_denied	PASSED	14	0.000		Application (structural)	Election — general	NOT_ESTABLISHED	NOT_ESTABLISHED	NOT_ESTABLISHED	NOT_ESTABLISHED	NOT_ESTABLISHED	NOT_ESTABLISHED	NOT_ESTABLISHED	NOT_ESTABLISHED	Unknown	NOT_ESTABLISHED	NOT_ESTABLISHED	n/a — passed	PHPUnit JUnit run 2026-08-12 (L1 only)	NOT_ESTABLISHED	NOT_ESTABLISHED	NOT_ESTABLISHED	NOT_ESTABLISHED
Tests\Unit\Application\Election\CapabilityDecisionTest::test_decision_is_immutable	Tests\Unit\Application\Election\CapabilityDecisionTest	test_decision_is_immutable	PASSED	2	0.000		Application (structural)	Election — general	NOT_ESTABLISHED	NOT_ESTABLISHED	NOT_ESTABLISHED	NOT_ESTABLISHED	NOT_ESTABLISHED	NOT_ESTABLISHED	NOT_ESTABLISHED	NOT_ESTABLISHED	Unknown	NOT_ESTABLISHED	NOT_ESTABLISHED	n/a — passed	PHPUnit JUnit run 2026-08-12 (L1 only)	NOT_ESTABLISHED	NOT_ESTABLISHED	NOT_ESTABLISHED	NOT_ESTABLISHED
Tests\Unit\Application\Election\CapabilityDecisionTest::test_deny_defaults_to_hard_block_severity	Tests\Unit\Application\Election\CapabilityDecisionTest	test_deny_defaults_to_hard_block_severity	PASSED	1	0.000		Application (structural)	Election — general	NOT_ESTABLISHED	NOT_ESTABLISHED	NOT_ESTABLISHED	NOT_ESTABLISHED	NOT_ESTABLISHED	NOT_ESTABLISHED	NOT_ESTABLISHED	NOT_ESTABLISHED	Unknown	NOT_ESTABLISHED	NOT_ESTABLISHED	n/a — passed	PHPUnit JUnit run 2026-08-12 (L1 only)	NOT_ESTABLISHED	NOT_ESTABLISHED	NOT_ESTABLISHED	NOT_ESTABLISHED
Tests\Unit\Application\Election\CapabilityDecisionTest::test_deny_is_not_an_abstain	Tests\Unit\Application\Election\CapabilityDecisionTest	test_deny_is_not_an_abstain	PASSED	1	0.000		Application (structural)	Election — general	NOT_ESTABLISHED	NOT_ESTABLISHED	NOT_ESTABLISHED	NOT_ESTABLISHED	NOT_ESTABLISHED	NOT_ESTABLISHED	NOT_ESTABLISHED	NOT_ESTABLISHED	Unknown	NOT_ESTABLISHED	NOT_ESTABLISHED	n/a — passed	PHPUnit JUnit run 2026-08-12 (L1 only)	NOT_ESTABLISHED	NOT_ESTABLISHED	NOT_ESTABLISHED	NOT_ESTABLISHED
Tests\Unit\Application\Election\CapabilityDecisionTest::test_deny_with_custom_severity	Tests\Unit\Application\Election\CapabilityDecisionTest	test_deny_with_custom_severity	PASSED	2	0.000		Application (structural)	Election — general	NOT_ESTABLISHED	NOT_ESTABLISHED	NOT_ESTABLISHED	NOT_ESTABLISHED	NOT_ESTABLISHED	NOT_ESTABLISHED	NOT_ESTABLISHED	NOT_ESTABLISHED	Unknown	NOT_ESTABLISHED	NOT_ESTABLISHED	n/a — passed	PHPUnit JUnit run 2026-08-12 (L1 only)	NOT_ESTABLISHED	NOT_ESTABLISHED	NOT_ESTABLISHED	NOT_ESTABLISHED
Tests\Unit\Application\Election\CapabilityDecisionTest::test_deny_with_reason	Tests\Unit\Application\Election\CapabilityDecisionTest	test_deny_with_reason	PASSED	4	0.000		Application (structural)	Election — general	NOT_ESTABLISHED	NOT_ESTABLISHED	NOT_ESTABLISHED	NOT_ESTABLISHED	NOT_ESTABLISHED	NOT_ESTABLISHED	NOT_ESTABLISHED	NOT_ESTABLISHED	Unknown	NOT_ESTABLISHED	NOT_ESTABLISHED	n/a — passed	PHPUnit JUnit run 2026-08-12 (L1 only)	NOT_ESTABLISHED	NOT_ESTABLISHED	NOT_ESTABLISHED	NOT_ESTABLISHED
Tests\Unit\Application\Election\CapabilityDecisionTest::test_deny_with_reason_and_detail	Tests\Unit\Application\Election\CapabilityDecisionTest	test_deny_with_reason_and_detail	PASSED	4	0.000		Application (structural)	Election — general	NOT_ESTABLISHED	NOT_ESTABLISHED	NOT_ESTABLISHED	NOT_ESTABLISHED	NOT_ESTABLISHED	NOT_ESTABLISHED	NOT_ESTABLISHED	NOT_ESTABLISHED	Unknown	NOT_ESTABLISHED	NOT_ESTABLISHED	n/a — passed	PHPUnit JUnit run 2026-08-12 (L1 only)	NOT_ESTABLISHED	NOT_ESTABLISHED	NOT_ESTABLISHED	NOT_ESTABLISHED
Tests\Unit\Application\Election\CapabilityDecisionTest::test_grant_alias_is_not_an_abstain	Tests\Unit\Application\Election\CapabilityDecisionTest	test_grant_alias_is_not_an_abstain	PASSED	1	0.000		Application (structural)	Election — general	NOT_ESTABLISHED	NOT_ESTABLISHED	NOT_ESTABLISHED	NOT_ESTABLISHED	NOT_ESTABLISHED	NOT_ESTABLISHED	NOT_ESTABLISHED	NOT_ESTABLISHED	Unknown	NOT_ESTABLISHED	NOT_ESTABLISHED	n/a — passed	PHPUnit JUnit run 2026-08-12 (L1 only)	NOT_ESTABLISHED	NOT_ESTABLISHED	NOT_ESTABLISHED	NOT_ESTABLISHED
Tests\Unit\Application\Election\CapabilityDecisionTest::test_grant_creates_allowed_decision	Tests\Unit\Application\Election\CapabilityDecisionTest	test_grant_creates_allowed_decision	PASSED	4	0.000		Application (structural)	Election — general	NOT_ESTABLISHED	NOT_ESTABLISHED	NOT_ESTABLISHED	NOT_ESTABLISHED	NOT_ESTABLISHED	NOT_ESTABLISHED	NOT_ESTABLISHED	NOT_ESTABLISHED	Unknown	NOT_ESTABLISHED	NOT_ESTABLISHED	n/a — passed	PHPUnit JUnit run 2026-08-12 (L1 only)	NOT_ESTABLISHED	NOT_ESTABLISHED	NOT_ESTABLISHED	NOT_ESTABLISHED
Tests\Unit\Application\Election\CapabilityDecisionTest::test_grant_severity	Tests\Unit\Application\Election\CapabilityDecisionTest	test_grant_severity	PASSED	1	0.000		Application (structural)	Election — general	NOT_ESTABLISHED	NOT_ESTABLISHED	NOT_ESTABLISHED	NOT_ESTABLISHED	NOT_ESTABLISHED	NOT_ESTABLISHED	NOT_ESTABLISHED	NOT_ESTABLISHED	Unknown	NOT_ESTABLISHED	NOT_ESTABLISHED	n/a — passed	PHPUnit JUnit run 2026-08-12 (L1 only)	NOT_ESTABLISHED	NOT_ESTABLISHED	NOT_ESTABLISHED	NOT_ESTABLISHED
Tests\Unit\Application\Election\CapabilityDecisionTest::test_prohibited_is_not_an_abstain	Tests\Unit\Application\Election\CapabilityDecisionTest	test_prohibited_is_not_an_abstain	PASSED	1	0.000		Application (structural)	Election — general	NOT_ESTABLISHED	NOT_ESTABLISHED	NOT_ESTABLISHED	NOT_ESTABLISHED	NOT_ESTABLISHED	NOT_ESTABLISHED	NOT_ESTABLISHED	NOT_ESTABLISHED	Unknown	NOT_ESTABLISHED	NOT_ESTABLISHED	n/a — passed	PHPUnit JUnit run 2026-08-12 (L1 only)	NOT_ESTABLISHED	NOT_ESTABLISHED	NOT_ESTABLISHED	NOT_ESTABLISHED
Tests\Unit\Application\Election\CapabilityDecisionTest::test_short_circuit_is_not_an_abstain	Tests\Unit\Application\Election\CapabilityDecisionTest	test_short_circuit_is_not_an_abstain	PASSED	1	0.000		Application (structural)	Election — general	NOT_ESTABLISHED	NOT_ESTABLISHED	NOT_ESTABLISHED	NOT_ESTABLISHED	NOT_ESTABLISHED	NOT_ESTABLISHED	NOT_ESTABLISHED	NOT_ESTABLISHED	Unknown	NOT_ESTABLISHED	NOT_ESTABLISHED	n/a — passed	PHPUnit JUnit run 2026-08-12 (L1 only)	NOT_ESTABLISHED	NOT_ESTABLISHED	NOT_ESTABLISHED	NOT_ESTABLISHED
Tests\Unit\Application\Election\CapabilityDenialReasonTest::test_enum_has_all_required_cases	Tests\Unit\Application\Election\CapabilityDenialReasonTest	test_enum_has_all_required_cases	PASSED	4	0.000		Application (structural)	Election — general	NOT_ESTABLISHED	NOT_ESTABLISHED	NOT_ESTABLISHED	NOT_ESTABLISHED	NOT_ESTABLISHED	NOT_ESTABLISHED	NOT_ESTABLISHED	NOT_ESTABLISHED	Unknown	NOT_ESTABLISHED	NOT_ESTABLISHED	n/a — passed	PHPUnit JUnit run 2026-08-12 (L1 only)	NOT_ESTABLISHED	NOT_ESTABLISHED	NOT_ESTABLISHED	NOT_ESTABLISHED
Tests\Unit\Application\Election\CapabilityDenialReasonTest::test_enum_values_are_strings	Tests\Unit\Application\Election\CapabilityDenialReasonTest	test_enum_values_are_strings	PASSED	4	0.000		Application (structural)	Election — general	NOT_ESTABLISHED	NOT_ESTABLISHED	NOT_ESTABLISHED	NOT_ESTABLISHED	NOT_ESTABLISHED	NOT_ESTABLISHED	NOT_ESTABLISHED	NOT_ESTABLISHED	Unknown	NOT_ESTABLISHED	NOT_ESTABLISHED	n/a — passed	PHPUnit JUnit run 2026-08-12 (L1 only)	NOT_ESTABLISHED	NOT_ESTABLISHED	NOT_ESTABLISHED	NOT_ESTABLISHED
Tests\Unit\Application\Election\CapabilityDenialReasonTest::test_invalid_lifecycle_label	Tests\Unit\Application\Election\CapabilityDenialReasonTest	test_invalid_lifecycle_label	PASSED	1	0.000		Application (structural)	Election — general	NOT_ESTABLISHED	NOT_ESTABLISHED	NOT_ESTABLISHED	NOT_ESTABLISHED	NOT_ESTABLISHED	NOT_ESTABLISHED	NOT_ESTABLISHED	NOT_ESTABLISHED	Unknown	NOT_ESTABLISHED	NOT_ESTABLISHED	n/a — passed	PHPUnit JUnit run 2026-08-12 (L1 only)	NOT_ESTABLISHED	NOT_ESTABLISHED	NOT_ESTABLISHED	NOT_ESTABLISHED
Tests\Unit\Application\Election\CapabilityDenialReasonTest::test_invalid_lifecycle_value	Tests\Unit\Application\Election\CapabilityDenialReasonTest	test_invalid_lifecycle_value	PASSED	1	0.000		Application (structural)	Election — general	NOT_ESTABLISHED	NOT_ESTABLISHED	NOT_ESTABLISHED	NOT_ESTABLISHED	NOT_ESTABLISHED	NOT_ESTABLISHED	NOT_ESTABLISHED	NOT_ESTABLISHED	Unknown	NOT_ESTABLISHED	NOT_ESTABLISHED	n/a — passed	PHPUnit JUnit run 2026-08-12 (L1 only)	NOT_ESTABLISHED	NOT_ESTABLISHED	NOT_ESTABLISHED	NOT_ESTABLISHED
Tests\Unit\Application\Election\CapabilityDenialReasonTest::test_missing_role_label	Tests\Unit\Application\Election\CapabilityDenialReasonTest	test_missing_role_label	PASSED	1	0.000		Application (structural)	Election — general	NOT_ESTABLISHED	NOT_ESTABLISHED	NOT_ESTABLISHED	NOT_ESTABLISHED	NOT_ESTABLISHED	NOT_ESTABLISHED	NOT_ESTABLISHED	NOT_ESTABLISHED	Unknown	NOT_ESTABLISHED	NOT_ESTABLISHED	n/a — passed	PHPUnit JUnit run 2026-08-12 (L1 only)	NOT_ESTABLISHED	NOT_ESTABLISHED	NOT_ESTABLISHED	NOT_ESTABLISHED
Tests\Unit\Application\Election\CapabilityDenialReasonTest::test_missing_role_value	Tests\Unit\Application\Election\CapabilityDenialReasonTest	test_missing_role_value	PASSED	1	0.000		Application (structural)	Election — general	NOT_ESTABLISHED	NOT_ESTABLISHED	NOT_ESTABLISHED	NOT_ESTABLISHED	NOT_ESTABLISHED	NOT_ESTABLISHED	NOT_ESTABLISHED	NOT_ESTABLISHED	Unknown	NOT_ESTABLISHED	NOT_ESTABLISHED	n/a — passed	PHPUnit JUnit run 2026-08-12 (L1 only)	NOT_ESTABLISHED	NOT_ESTABLISHED	NOT_ESTABLISHED	NOT_ESTABLISHED
Tests\Unit\Application\Election\CapabilityDenialReasonTest::test_suspended_label	Tests\Unit\Application\Election\CapabilityDenialReasonTest	test_suspended_label	PASSED	1	0.000		Application (structural)	Election — general	NOT_ESTABLISHED	NOT_ESTABLISHED	NOT_ESTABLISHED	NOT_ESTABLISHED	NOT_ESTABLISHED	NOT_ESTABLISHED	NOT_ESTABLISHED	NOT_ESTABLISHED	Unknown	NOT_ESTABLISHED	NOT_ESTABLISHED	n/a — passed	PHPUnit JUnit run 2026-08-12 (L1 only)	NOT_ESTABLISHED	NOT_ESTABLISHED	NOT_ESTABLISHED	NOT_ESTABLISHED
Tests\Unit\Application\Election\CapabilityDenialReasonTest::test_suspended_value	Tests\Unit\Application\Election\CapabilityDenialReasonTest	test_suspended_value	PASSED	1	0.000		Application (structural)	Election — general	NOT_ESTABLISHED	NOT_ESTABLISHED	NOT_ESTABLISHED	NOT_ESTABLISHED	NOT_ESTABLISHED	NOT_ESTABLISHED	NOT_ESTABLISHED	NOT_ESTABLISHED	Unknown	NOT_ESTABLISHED	NOT_ESTABLISHED	n/a — passed	PHPUnit JUnit run 2026-08-12 (L1 only)	NOT_ESTABLISHED	NOT_ESTABLISHED	NOT_ESTABLISHED	NOT_ESTABLISHED
Tests\Unit\Application\Election\CapabilityDenialReasonTest::test_unmet_precondition_label	Tests\Unit\Application\Election\CapabilityDenialReasonTest	test_unmet_precondition_label	PASSED	1	0.000		Application (structural)	Election — general	NOT_ESTABLISHED	NOT_ESTABLISHED	NOT_ESTABLISHED	NOT_ESTABLISHED	NOT_ESTABLISHED	NOT_ESTABLISHED	NOT_ESTABLISHED	NOT_ESTABLISHED	Unknown	NOT_ESTABLISHED	NOT_ESTABLISHED	n/a — passed	PHPUnit JUnit run 2026-08-12 (L1 only)	NOT_ESTABLISHED	NOT_ESTABLISHED	NOT_ESTABLISHED	NOT_ESTABLISHED
Tests\Unit\Application\Election\CapabilityDenialReasonTest::test_unmet_precondition_value	Tests\Unit\Application\Election\CapabilityDenialReasonTest	test_unmet_precondition_value	PASSED	1	0.000		Application (structural)	Election — general	NOT_ESTABLISHED	NOT_ESTABLISHED	NOT_ESTABLISHED	NOT_ESTABLISHED	NOT_ESTABLISHED	NOT_ESTABLISHED	NOT_ESTABLISHED	NOT_ESTABLISHED	Unknown	NOT_ESTABLISHED	NOT_ESTABLISHED	n/a — passed	PHPUnit JUnit run 2026-08-12 (L1 only)	NOT_ESTABLISHED	NOT_ESTABLISHED	NOT_ESTABLISHED	NOT_ESTABLISHED
Tests\Unit\Application\Election\CapabilityPolicyInterfaceTest::test_multiple_policies_can_coexist	Tests\Unit\Application\Election\CapabilityPolicyInterfaceTest	test_multiple_policies_can_coexist	PASSED	4	0.029		Application (structural)	Election — general	NOT_ESTABLISHED	NOT_ESTABLISHED	NOT_ESTABLISHED	NOT_ESTABLISHED	NOT_ESTABLISHED	NOT_ESTABLISHED	NOT_ESTABLISHED	NOT_ESTABLISHED	Unknown	NOT_ESTABLISHED	NOT_ESTABLISHED	n/a — passed	PHPUnit JUnit run 2026-08-12 (L1 only)	NOT_ESTABLISHED	NOT_ESTABLISHED	NOT_ESTABLISHED	NOT_ESTABLISHED
Tests\Unit\Application\Election\CapabilityPolicyInterfaceTest::test_policy_can_abstain	Tests\Unit\Application\Election\CapabilityPolicyInterfaceTest	test_policy_can_abstain	PASSED	2	0.033		Application (structural)	Election — general	NOT_ESTABLISHED	NOT_ESTABLISHED	NOT_ESTABLISHED	NOT_ESTABLISHED	NOT_ESTABLISHED	NOT_ESTABLISHED	NOT_ESTABLISHED	NOT_ESTABLISHED	Unknown	NOT_ESTABLISHED	NOT_ESTABLISHED	n/a — passed	PHPUnit JUnit run 2026-08-12 (L1 only)	NOT_ESTABLISHED	NOT_ESTABLISHED	NOT_ESTABLISHED	NOT_ESTABLISHED
Tests\Unit\Application\Election\CapabilityPolicyInterfaceTest::test_policy_can_deny_capability	Tests\Unit\Application\Election\CapabilityPolicyInterfaceTest	test_policy_can_deny_capability	PASSED	3	0.029		Application (structural)	Election — general	NOT_ESTABLISHED	NOT_ESTABLISHED	NOT_ESTABLISHED	NOT_ESTABLISHED	NOT_ESTABLISHED	NOT_ESTABLISHED	NOT_ESTABLISHED	NOT_ESTABLISHED	Unknown	NOT_ESTABLISHED	NOT_ESTABLISHED	n/a — passed	PHPUnit JUnit run 2026-08-12 (L1 only)	NOT_ESTABLISHED	NOT_ESTABLISHED	NOT_ESTABLISHED	NOT_ESTABLISHED
Tests\Unit\Application\Election\CapabilityPolicyInterfaceTest::test_policy_can_grant_capability	Tests\Unit\Application\Election\CapabilityPolicyInterfaceTest	test_policy_can_grant_capability	PASSED	2	0.029		Application (structural)	Election — general	NOT_ESTABLISHED	NOT_ESTABLISHED	NOT_ESTABLISHED	NOT_ESTABLISHED	NOT_ESTABLISHED	NOT_ESTABLISHED	NOT_ESTABLISHED	NOT_ESTABLISHED	Unknown	NOT_ESTABLISHED	NOT_ESTABLISHED	n/a — passed	PHPUnit JUnit run 2026-08-12 (L1 only)	NOT_ESTABLISHED	NOT_ESTABLISHED	NOT_ESTABLISHED	NOT_ESTABLISHED
Tests\Unit\Application\Election\CapabilityPolicyInterfaceTest::test_policy_declares_layer	Tests\Unit\Application\Election\CapabilityPolicyInterfaceTest	test_policy_declares_layer	PASSED	2	0.028		Application (structural)	Election — general	NOT_ESTABLISHED	NOT_ESTABLISHED	NOT_ESTABLISHED	NOT_ESTABLISHED	NOT_ESTABLISHED	NOT_ESTABLISHED	NOT_ESTABLISHED	NOT_ESTABLISHED	Unknown	NOT_ESTABLISHED	NOT_ESTABLISHED	n/a — passed	PHPUnit JUnit run 2026-08-12 (L1 only)	NOT_ESTABLISHED	NOT_ESTABLISHED	NOT_ESTABLISHED	NOT_ESTABLISHED
Tests\Unit\Application\Election\CapabilityPolicyLayerTest::test_authorization_label	Tests\Unit\Application\Election\CapabilityPolicyLayerTest	test_authorization_label	PASSED	1	0.000		Application (structural)	Election — general	NOT_ESTABLISHED	NOT_ESTABLISHED	NOT_ESTABLISHED	NOT_ESTABLISHED	NOT_ESTABLISHED	NOT_ESTABLISHED	NOT_ESTABLISHED	NOT_ESTABLISHED	Unknown	NOT_ESTABLISHED	NOT_ESTABLISHED	n/a — passed	PHPUnit JUnit run 2026-08-12 (L1 only)	NOT_ESTABLISHED	NOT_ESTABLISHED	NOT_ESTABLISHED	NOT_ESTABLISHED
Tests\Unit\Application\Election\CapabilityPolicyLayerTest::test_authorization_priority	Tests\Unit\Application\Election\CapabilityPolicyLayerTest	test_authorization_priority	FAILURE	1	0.000	Failed asserting that 5 matches expected 4.	Application (structural)	Election — general	NOT_ESTABLISHED	NOT_ESTABLISHED	NOT_ESTABLISHED	NOT_ESTABLISHED	NOT_ESTABLISHED	NOT_ESTABLISHED	NOT_ESTABLISHED	NOT_ESTABLISHED	Unknown	NOT_ESTABLISHED	NOT_ESTABLISHED	Mechanism not yet established	PHPUnit JUnit run 2026-08-12 (L1 only)	NOT_ESTABLISHED	NOT_ESTABLISHED	NOT_ESTABLISHED	NOT_ESTABLISHED
Tests\Unit\Application\Election\CapabilityPolicyLayerTest::test_enum_has_all_required_cases	Tests\Unit\Application\Election\CapabilityPolicyLayerTest	test_enum_has_all_required_cases	PASSED	4	0.000		Application (structural)	Election — general	NOT_ESTABLISHED	NOT_ESTABLISHED	NOT_ESTABLISHED	NOT_ESTABLISHED	NOT_ESTABLISHED	NOT_ESTABLISHED	NOT_ESTABLISHED	NOT_ESTABLISHED	Unknown	NOT_ESTABLISHED	NOT_ESTABLISHED	n/a — passed	PHPUnit JUnit run 2026-08-12 (L1 only)	NOT_ESTABLISHED	NOT_ESTABLISHED	NOT_ESTABLISHED	NOT_ESTABLISHED
Tests\Unit\Application\Election\CapabilityPolicyLayerTest::test_lifecycle_label	Tests\Unit\Application\Election\CapabilityPolicyLayerTest	test_lifecycle_label	PASSED	1	0.000		Application (structural)	Election — general	NOT_ESTABLISHED	NOT_ESTABLISHED	NOT_ESTABLISHED	NOT_ESTABLISHED	NOT_ESTABLISHED	NOT_ESTABLISHED	NOT_ESTABLISHED	NOT_ESTABLISHED	Unknown	NOT_ESTABLISHED	NOT_ESTABLISHED	n/a — passed	PHPUnit JUnit run 2026-08-12 (L1 only)	NOT_ESTABLISHED	NOT_ESTABLISHED	NOT_ESTABLISHED	NOT_ESTABLISHED
Tests\Unit\Application\Election\CapabilityPolicyLayerTest::test_lifecycle_priority	Tests\Unit\Application\Election\CapabilityPolicyLayerTest	test_lifecycle_priority	FAILURE	1	0.007	Failed asserting that 3 matches expected 2.	Application (structural)	Election — general	NOT_ESTABLISHED	NOT_ESTABLISHED	NOT_ESTABLISHED	NOT_ESTABLISHED	NOT_ESTABLISHED	NOT_ESTABLISHED	NOT_ESTABLISHED	NOT_ESTABLISHED	Unknown	NOT_ESTABLISHED	NOT_ESTABLISHED	Mechanism not yet established	PHPUnit JUnit run 2026-08-12 (L1 only)	NOT_ESTABLISHED	NOT_ESTABLISHED	NOT_ESTABLISHED	NOT_ESTABLISHED
Tests\Unit\Application\Election\CapabilityPolicyLayerTest::test_overlay_dominates_other_layers	Tests\Unit\Application\Election\CapabilityPolicyLayerTest	test_overlay_dominates_other_layers	PASSED	3	0.000		Application (structural)	Election — general	NOT_ESTABLISHED	NOT_ESTABLISHED	NOT_ESTABLISHED	NOT_ESTABLISHED	NOT_ESTABLISHED	NOT_ESTABLISHED	NOT_ESTABLISHED	NOT_ESTABLISHED	Unknown	NOT_ESTABLISHED	NOT_ESTABLISHED	n/a — passed	PHPUnit JUnit run 2026-08-12 (L1 only)	NOT_ESTABLISHED	NOT_ESTABLISHED	NOT_ESTABLISHED	NOT_ESTABLISHED
Tests\Unit\Application\Election\CapabilityPolicyLayerTest::test_overlay_label	Tests\Unit\Application\Election\CapabilityPolicyLayerTest	test_overlay_label	PASSED	1	0.000		Application (structural)	Election — general	NOT_ESTABLISHED	NOT_ESTABLISHED	NOT_ESTABLISHED	NOT_ESTABLISHED	NOT_ESTABLISHED	NOT_ESTABLISHED	NOT_ESTABLISHED	NOT_ESTABLISHED	Unknown	NOT_ESTABLISHED	NOT_ESTABLISHED	n/a — passed	PHPUnit JUnit run 2026-08-12 (L1 only)	NOT_ESTABLISHED	NOT_ESTABLISHED	NOT_ESTABLISHED	NOT_ESTABLISHED
Tests\Unit\Application\Election\CapabilityPolicyLayerTest::test_overlay_priority	Tests\Unit\Application\Election\CapabilityPolicyLayerTest	test_overlay_priority	PASSED	1	0.000		Application (structural)	Election — general	NOT_ESTABLISHED	NOT_ESTABLISHED	NOT_ESTABLISHED	NOT_ESTABLISHED	NOT_ESTABLISHED	NOT_ESTABLISHED	NOT_ESTABLISHED	NOT_ESTABLISHED	Unknown	NOT_ESTABLISHED	NOT_ESTABLISHED	n/a — passed	PHPUnit JUnit run 2026-08-12 (L1 only)	NOT_ESTABLISHED	NOT_ESTABLISHED	NOT_ESTABLISHED	NOT_ESTABLISHED
Tests\Unit\Application\Election\CapabilityPolicyLayerTest::test_preconditions_label	Tests\Unit\Application\Election\CapabilityPolicyLayerTest	test_preconditions_label	PASSED	1	0.000		Application (structural)	Election — general	NOT_ESTABLISHED	NOT_ESTABLISHED	NOT_ESTABLISHED	NOT_ESTABLISHED	NOT_ESTABLISHED	NOT_ESTABLISHED	NOT_ESTABLISHED	NOT_ESTABLISHED	Unknown	NOT_ESTABLISHED	NOT_ESTABLISHED	n/a — passed	PHPUnit JUnit run 2026-08-12 (L1 only)	NOT_ESTABLISHED	NOT_ESTABLISHED	NOT_ESTABLISHED	NOT_ESTABLISHED
Tests\Unit\Application\Election\CapabilityPolicyLayerTest::test_preconditions_priority	Tests\Unit\Application\Election\CapabilityPolicyLayerTest	test_preconditions_priority	FAILURE	1	0.000	Failed asserting that 4 matches expected 3.	Application (structural)	Election — general	NOT_ESTABLISHED	NOT_ESTABLISHED	NOT_ESTABLISHED	NOT_ESTABLISHED	NOT_ESTABLISHED	NOT_ESTABLISHED	NOT_ESTABLISHED	NOT_ESTABLISHED	Unknown	NOT_ESTABLISHED	NOT_ESTABLISHED	Mechanism not yet established	PHPUnit JUnit run 2026-08-12 (L1 only)	NOT_ESTABLISHED	NOT_ESTABLISHED	NOT_ESTABLISHED	NOT_ESTABLISHED
Tests\Unit\Application\Election\CapabilitySeverityTest::test_advisory_is_not_blocking	Tests\Unit\Application\Election\CapabilitySeverityTest	test_advisory_is_not_blocking	PASSED	1	0.000		Application (structural)	Election — general	NOT_ESTABLISHED	NOT_ESTABLISHED	NOT_ESTABLISHED	NOT_ESTABLISHED	NOT_ESTABLISHED	NOT_ESTABLISHED	NOT_ESTABLISHED	NOT_ESTABLISHED	Unknown	NOT_ESTABLISHED	NOT_ESTABLISHED	n/a — passed	PHPUnit JUnit run 2026-08-12 (L1 only)	NOT_ESTABLISHED	NOT_ESTABLISHED	NOT_ESTABLISHED	NOT_ESTABLISHED
Tests\Unit\Application\Election\CapabilitySeverityTest::test_advisory_label	Tests\Unit\Application\Election\CapabilitySeverityTest	test_advisory_label	PASSED	1	0.000		Application (structural)	Election — general	NOT_ESTABLISHED	NOT_ESTABLISHED	NOT_ESTABLISHED	NOT_ESTABLISHED	NOT_ESTABLISHED	NOT_ESTABLISHED	NOT_ESTABLISHED	NOT_ESTABLISHED	Unknown	NOT_ESTABLISHED	NOT_ESTABLISHED	n/a — passed	PHPUnit JUnit run 2026-08-12 (L1 only)	NOT_ESTABLISHED	NOT_ESTABLISHED	NOT_ESTABLISHED	NOT_ESTABLISHED
Tests\Unit\Application\Election\CapabilitySeverityTest::test_enum_has_all_required_cases	Tests\Unit\Application\Election\CapabilitySeverityTest	test_enum_has_all_required_cases	PASSED	4	0.000		Application (structural)	Election — general	NOT_ESTABLISHED	NOT_ESTABLISHED	NOT_ESTABLISHED	NOT_ESTABLISHED	NOT_ESTABLISHED	NOT_ESTABLISHED	NOT_ESTABLISHED	NOT_ESTABLISHED	Unknown	NOT_ESTABLISHED	NOT_ESTABLISHED	n/a — passed	PHPUnit JUnit run 2026-08-12 (L1 only)	NOT_ESTABLISHED	NOT_ESTABLISHED	NOT_ESTABLISHED	NOT_ESTABLISHED
Tests\Unit\Application\Election\CapabilitySeverityTest::test_enum_values_are_strings	Tests\Unit\Application\Election\CapabilitySeverityTest	test_enum_values_are_strings	PASSED	4	0.000		Application (structural)	Election — general	NOT_ESTABLISHED	NOT_ESTABLISHED	NOT_ESTABLISHED	NOT_ESTABLISHED	NOT_ESTABLISHED	NOT_ESTABLISHED	NOT_ESTABLISHED	NOT_ESTABLISHED	Unknown	NOT_ESTABLISHED	NOT_ESTABLISHED	n/a — passed	PHPUnit JUnit run 2026-08-12 (L1 only)	NOT_ESTABLISHED	NOT_ESTABLISHED	NOT_ESTABLISHED	NOT_ESTABLISHED
Tests\Unit\Application\Election\CapabilitySeverityTest::test_governance_hold_is_blocking	Tests\Unit\Application\Election\CapabilitySeverityTest	test_governance_hold_is_blocking	PASSED	1	0.000		Application (structural)	Election — general	NOT_ESTABLISHED	NOT_ESTABLISHED	NOT_ESTABLISHED	NOT_ESTABLISHED	NOT_ESTABLISHED	NOT_ESTABLISHED	NOT_ESTABLISHED	NOT_ESTABLISHED	Unknown	NOT_ESTABLISHED	NOT_ESTABLISHED	n/a — passed	PHPUnit JUnit run 2026-08-12 (L1 only)	NOT_ESTABLISHED	NOT_ESTABLISHED	NOT_ESTABLISHED	NOT_ESTABLISHED
Tests\Unit\Application\Election\CapabilitySeverityTest::test_governance_hold_label	Tests\Unit\Application\Election\CapabilitySeverityTest	test_governance_hold_label	PASSED	1	0.000		Application (structural)	Election — general	NOT_ESTABLISHED	NOT_ESTABLISHED	NOT_ESTABLISHED	NOT_ESTABLISHED	NOT_ESTABLISHED	NOT_ESTABLISHED	NOT_ESTABLISHED	NOT_ESTABLISHED	Unknown	NOT_ESTABLISHED	NOT_ESTABLISHED	n/a — passed	PHPUnit JUnit run 2026-08-12 (L1 only)	NOT_ESTABLISHED	NOT_ESTABLISHED	NOT_ESTABLISHED	NOT_ESTABLISHED
Tests\Unit\Application\Election\CapabilitySeverityTest::test_hard_block_is_blocking	Tests\Unit\Application\Election\CapabilitySeverityTest	test_hard_block_is_blocking	PASSED	1	0.000		Application (structural)	Election — general	NOT_ESTABLISHED	NOT_ESTABLISHED	NOT_ESTABLISHED	NOT_ESTABLISHED	NOT_ESTABLISHED	NOT_ESTABLISHED	NOT_ESTABLISHED	NOT_ESTABLISHED	Unknown	NOT_ESTABLISHED	NOT_ESTABLISHED	n/a — passed	PHPUnit JUnit run 2026-08-12 (L1 only)	NOT_ESTABLISHED	NOT_ESTABLISHED	NOT_ESTABLISHED	NOT_ESTABLISHED
Tests\Unit\Application\Election\CapabilitySeverityTest::test_hard_block_label	Tests\Unit\Application\Election\CapabilitySeverityTest	test_hard_block_label	PASSED	1	0.000		Application (structural)	Election — general	NOT_ESTABLISHED	NOT_ESTABLISHED	NOT_ESTABLISHED	NOT_ESTABLISHED	NOT_ESTABLISHED	NOT_ESTABLISHED	NOT_ESTABLISHED	NOT_ESTABLISHED	Unknown	NOT_ESTABLISHED	NOT_ESTABLISHED	n/a — passed	PHPUnit JUnit run 2026-08-12 (L1 only)	NOT_ESTABLISHED	NOT_ESTABLISHED	NOT_ESTABLISHED	NOT_ESTABLISHED
Tests\Unit\Application\Election\CapabilitySeverityTest::test_warning_is_not_blocking	Tests\Unit\Application\Election\CapabilitySeverityTest	test_warning_is_not_blocking	PASSED	1	0.000		Application (structural)	Election — general	NOT_ESTABLISHED	NOT_ESTABLISHED	NOT_ESTABLISHED	NOT_ESTABLISHED	NOT_ESTABLISHED	NOT_ESTABLISHED	NOT_ESTABLISHED	NOT_ESTABLISHED	Unknown	NOT_ESTABLISHED	NOT_ESTABLISHED	n/a — passed	PHPUnit JUnit run 2026-08-12 (L1 only)	NOT_ESTABLISHED	NOT_ESTABLISHED	NOT_ESTABLISHED	NOT_ESTABLISHED
Tests\Unit\Application\Election\CapabilitySeverityTest::test_warning_label	Tests\Unit\Application\Election\CapabilitySeverityTest	test_warning_label	PASSED	1	0.000		Application (structural)	Election — general	NOT_ESTABLISHED	NOT_ESTABLISHED	NOT_ESTABLISHED	NOT_ESTABLISHED	NOT_ESTABLISHED	NOT_ESTABLISHED	NOT_ESTABLISHED	NOT_ESTABLISHED	Unknown	NOT_ESTABLISHED	NOT_ESTABLISHED	n/a — passed	PHPUnit JUnit run 2026-08-12 (L1 only)	NOT_ESTABLISHED	NOT_ESTABLISHED	NOT_ESTABLISHED	NOT_ESTABLISHED
Tests\Unit\Application\Election\CapabilityTraceEntryTest::test_abstained_creates_entry_with_abstained_outcome	Tests\Unit\Application\Election\CapabilityTraceEntryTest	test_abstained_creates_entry_with_abstained_outcome	PASSED	4	0.000		Application (structural)	Election — general	NOT_ESTABLISHED	NOT_ESTABLISHED	NOT_ESTABLISHED	NOT_ESTABLISHED	NOT_ESTABLISHED	NOT_ESTABLISHED	NOT_ESTABLISHED	NOT_ESTABLISHED	Unknown	NOT_ESTABLISHED	NOT_ESTABLISHED	n/a — passed	PHPUnit JUnit run 2026-08-12 (L1 only)	NOT_ESTABLISHED	NOT_ESTABLISHED	NOT_ESTABLISHED	NOT_ESTABLISHED
Tests\Unit\Application\Election\CapabilityTraceEntryTest::test_denied_creates_entry_with_denied_outcome	Tests\Unit\Application\Election\CapabilityTraceEntryTest	test_denied_creates_entry_with_denied_outcome	PASSED	6	0.000		Application (structural)	Election — general	NOT_ESTABLISHED	NOT_ESTABLISHED	NOT_ESTABLISHED	NOT_ESTABLISHED	NOT_ESTABLISHED	NOT_ESTABLISHED	NOT_ESTABLISHED	NOT_ESTABLISHED	Unknown	NOT_ESTABLISHED	NOT_ESTABLISHED	n/a — passed	PHPUnit JUnit run 2026-08-12 (L1 only)	NOT_ESTABLISHED	NOT_ESTABLISHED	NOT_ESTABLISHED	NOT_ESTABLISHED
Tests\Unit\Application\Election\CapabilityTraceEntryTest::test_denied_without_detail	Tests\Unit\Application\Election\CapabilityTraceEntryTest	test_denied_without_detail	PASSED	3	0.000		Application (structural)	Election — general	NOT_ESTABLISHED	NOT_ESTABLISHED	NOT_ESTABLISHED	NOT_ESTABLISHED	NOT_ESTABLISHED	NOT_ESTABLISHED	NOT_ESTABLISHED	NOT_ESTABLISHED	Unknown	NOT_ESTABLISHED	NOT_ESTABLISHED	n/a — passed	PHPUnit JUnit run 2026-08-12 (L1 only)	NOT_ESTABLISHED	NOT_ESTABLISHED	NOT_ESTABLISHED	NOT_ESTABLISHED
Tests\Unit\Application\Election\CapabilityTraceEntryTest::test_granted_creates_entry_with_granted_outcome	Tests\Unit\Application\Election\CapabilityTraceEntryTest	test_granted_creates_entry_with_granted_outcome	PASSED	5	0.000		Application (structural)	Election — general	NOT_ESTABLISHED	NOT_ESTABLISHED	NOT_ESTABLISHED	NOT_ESTABLISHED	NOT_ESTABLISHED	NOT_ESTABLISHED	NOT_ESTABLISHED	NOT_ESTABLISHED	Unknown	NOT_ESTABLISHED	NOT_ESTABLISHED	n/a — passed	PHPUnit JUnit run 2026-08-12 (L1 only)	NOT_ESTABLISHED	NOT_ESTABLISHED	NOT_ESTABLISHED	NOT_ESTABLISHED
Tests\Unit\Application\Election\CapabilityTraceEntryTest::test_short_circuit_outcome	Tests\Unit\Application\Election\CapabilityTraceEntryTest	test_short_circuit_outcome	PASSED	5	0.000		Application (structural)	Election — general	NOT_ESTABLISHED	NOT_ESTABLISHED	NOT_ESTABLISHED	NOT_ESTABLISHED	NOT_ESTABLISHED	NOT_ESTABLISHED	NOT_ESTABLISHED	NOT_ESTABLISHED	Unknown	NOT_ESTABLISHED	NOT_ESTABLISHED	n/a — passed	PHPUnit JUnit run 2026-08-12 (L1 only)	NOT_ESTABLISHED	NOT_ESTABLISHED	NOT_ESTABLISHED	NOT_ESTABLISHED
Tests\Unit\Application\Election\CapabilityTraceEntryTest::test_short_circuit_requires_denial_reason	Tests\Unit\Application\Election\CapabilityTraceEntryTest	test_short_circuit_requires_denial_reason	PASSED	2	0.000		Application (structural)	Election — general	NOT_ESTABLISHED	NOT_ESTABLISHED	NOT_ESTABLISHED	NOT_ESTABLISHED	NOT_ESTABLISHED	NOT_ESTABLISHED	NOT_ESTABLISHED	NOT_ESTABLISHED	Unknown	NOT_ESTABLISHED	NOT_ESTABLISHED	n/a — passed	PHPUnit JUnit run 2026-08-12 (L1 only)	NOT_ESTABLISHED	NOT_ESTABLISHED	NOT_ESTABLISHED	NOT_ESTABLISHED
Tests\Unit\Application\Election\CapabilityTraceEntryTest::test_valid_outcomes	Tests\Unit\Application\Election\CapabilityTraceEntryTest	test_valid_outcomes	PASSED	3	0.000		Application (structural)	Election — general	NOT_ESTABLISHED	NOT_ESTABLISHED	NOT_ESTABLISHED	NOT_ESTABLISHED	NOT_ESTABLISHED	NOT_ESTABLISHED	NOT_ESTABLISHED	NOT_ESTABLISHED	Unknown	NOT_ESTABLISHED	NOT_ESTABLISHED	n/a — passed	PHPUnit JUnit run 2026-08-12 (L1 only)	NOT_ESTABLISHED	NOT_ESTABLISHED	NOT_ESTABLISHED	NOT_ESTABLISHED
Tests\Unit\Application\Election\CapabilityTraceTest::test_add_entry_to_trace	Tests\Unit\Application\Election\CapabilityTraceTest	test_add_entry_to_trace	PASSED	2	0.000		Application (structural)	Election — general	NOT_ESTABLISHED	NOT_ESTABLISHED	NOT_ESTABLISHED	NOT_ESTABLISHED	NOT_ESTABLISHED	NOT_ESTABLISHED	NOT_ESTABLISHED	NOT_ESTABLISHED	Unknown	NOT_ESTABLISHED	NOT_ESTABLISHED	n/a — passed	PHPUnit JUnit run 2026-08-12 (L1 only)	NOT_ESTABLISHED	NOT_ESTABLISHED	NOT_ESTABLISHED	NOT_ESTABLISHED
Tests\Unit\Application\Election\CapabilityTraceTest::test_add_multiple_entries	Tests\Unit\Application\Election\CapabilityTraceTest	test_add_multiple_entries	PASSED	1	0.000		Application (structural)	Election — general	NOT_ESTABLISHED	NOT_ESTABLISHED	NOT_ESTABLISHED	NOT_ESTABLISHED	NOT_ESTABLISHED	NOT_ESTABLISHED	NOT_ESTABLISHED	NOT_ESTABLISHED	Unknown	NOT_ESTABLISHED	NOT_ESTABLISHED	n/a — passed	PHPUnit JUnit run 2026-08-12 (L1 only)	NOT_ESTABLISHED	NOT_ESTABLISHED	NOT_ESTABLISHED	NOT_ESTABLISHED
Tests\Unit\Application\Election\CapabilityTraceTest::test_denials_returns_only_denied_entries	Tests\Unit\Application\Election\CapabilityTraceTest	test_denials_returns_only_denied_entries	PASSED	3	0.000		Application (structural)	Election — general	NOT_ESTABLISHED	NOT_ESTABLISHED	NOT_ESTABLISHED	NOT_ESTABLISHED	NOT_ESTABLISHED	NOT_ESTABLISHED	NOT_ESTABLISHED	NOT_ESTABLISHED	Unknown	NOT_ESTABLISHED	NOT_ESTABLISHED	n/a — passed	PHPUnit JUnit run 2026-08-12 (L1 only)	NOT_ESTABLISHED	NOT_ESTABLISHED	NOT_ESTABLISHED	NOT_ESTABLISHED
Tests\Unit\Application\Election\CapabilityTraceTest::test_empty_trace	Tests\Unit\Application\Election\CapabilityTraceTest	test_empty_trace	PASSED	3	0.000		Application (structural)	Election — general	NOT_ESTABLISHED	NOT_ESTABLISHED	NOT_ESTABLISHED	NOT_ESTABLISHED	NOT_ESTABLISHED	NOT_ESTABLISHED	NOT_ESTABLISHED	NOT_ESTABLISHED	Unknown	NOT_ESTABLISHED	NOT_ESTABLISHED	n/a — passed	PHPUnit JUnit run 2026-08-12 (L1 only)	NOT_ESTABLISHED	NOT_ESTABLISHED	NOT_ESTABLISHED	NOT_ESTABLISHED
Tests\Unit\Application\Election\CapabilityTraceTest::test_empty_trace_policy_names	Tests\Unit\Application\Election\CapabilityTraceTest	test_empty_trace_policy_names	PASSED	1	0.000		Application (structural)	Election — general	NOT_ESTABLISHED	NOT_ESTABLISHED	NOT_ESTABLISHED	NOT_ESTABLISHED	NOT_ESTABLISHED	NOT_ESTABLISHED	NOT_ESTABLISHED	NOT_ESTABLISHED	Unknown	NOT_ESTABLISHED	NOT_ESTABLISHED	n/a — passed	PHPUnit JUnit run 2026-08-12 (L1 only)	NOT_ESTABLISHED	NOT_ESTABLISHED	NOT_ESTABLISHED	NOT_ESTABLISHED
Tests\Unit\Application\Election\CapabilityTraceTest::test_first_denial	Tests\Unit\Application\Election\CapabilityTraceTest	test_first_denial	PASSED	3	0.000		Application (structural)	Election — general	NOT_ESTABLISHED	NOT_ESTABLISHED	NOT_ESTABLISHED	NOT_ESTABLISHED	NOT_ESTABLISHED	NOT_ESTABLISHED	NOT_ESTABLISHED	NOT_ESTABLISHED	Unknown	NOT_ESTABLISHED	NOT_ESTABLISHED	n/a — passed	PHPUnit JUnit run 2026-08-12 (L1 only)	NOT_ESTABLISHED	NOT_ESTABLISHED	NOT_ESTABLISHED	NOT_ESTABLISHED
Tests\Unit\Application\Election\CapabilityTraceTest::test_first_denial_returns_null_when_no_denials	Tests\Unit\Application\Election\CapabilityTraceTest	test_first_denial_returns_null_when_no_denials	PASSED	1	0.000		Application (structural)	Election — general	NOT_ESTABLISHED	NOT_ESTABLISHED	NOT_ESTABLISHED	NOT_ESTABLISHED	NOT_ESTABLISHED	NOT_ESTABLISHED	NOT_ESTABLISHED	NOT_ESTABLISHED	Unknown	NOT_ESTABLISHED	NOT_ESTABLISHED	n/a — passed	PHPUnit JUnit run 2026-08-12 (L1 only)	NOT_ESTABLISHED	NOT_ESTABLISHED	NOT_ESTABLISHED	NOT_ESTABLISHED
Tests\Unit\Application\Election\CapabilityTraceTest::test_has_denials	Tests\Unit\Application\Election\CapabilityTraceTest	test_has_denials	PASSED	2	0.000		Application (structural)	Election — general	NOT_ESTABLISHED	NOT_ESTABLISHED	NOT_ESTABLISHED	NOT_ESTABLISHED	NOT_ESTABLISHED	NOT_ESTABLISHED	NOT_ESTABLISHED	NOT_ESTABLISHED	Unknown	NOT_ESTABLISHED	NOT_ESTABLISHED	n/a — passed	PHPUnit JUnit run 2026-08-12 (L1 only)	NOT_ESTABLISHED	NOT_ESTABLISHED	NOT_ESTABLISHED	NOT_ESTABLISHED
Tests\Unit\Application\Election\CapabilityTraceTest::test_policy_names	Tests\Unit\Application\Election\CapabilityTraceTest	test_policy_names	PASSED	1	0.000		Application (structural)	Election — general	NOT_ESTABLISHED	NOT_ESTABLISHED	NOT_ESTABLISHED	NOT_ESTABLISHED	NOT_ESTABLISHED	NOT_ESTABLISHED	NOT_ESTABLISHED	NOT_ESTABLISHED	Unknown	NOT_ESTABLISHED	NOT_ESTABLISHED	n/a — passed	PHPUnit JUnit run 2026-08-12 (L1 only)	NOT_ESTABLISHED	NOT_ESTABLISHED	NOT_ESTABLISHED	NOT_ESTABLISHED
Tests\Unit\Application\Election\CapabilityTraceTest::test_trace_is_immutable	Tests\Unit\Application\Election\CapabilityTraceTest	test_trace_is_immutable	PASSED	3	0.000		Application (structural)	Election — general	NOT_ESTABLISHED	NOT_ESTABLISHED	NOT_ESTABLISHED	NOT_ESTABLISHED	NOT_ESTABLISHED	NOT_ESTABLISHED	NOT_ESTABLISHED	NOT_ESTABLISHED	Unknown	NOT_ESTABLISHED	NOT_ESTABLISHED	n/a — passed	PHPUnit JUnit run 2026-08-12 (L1 only)	NOT_ESTABLISHED	NOT_ESTABLISHED	NOT_ESTABLISHED	NOT_ESTABLISHED
Tests\Unit\Application\Election\ConstitutionalDriftMonitorTest::drift_monitor_does_not_throw_on_record	Tests\Unit\Application\Election\ConstitutionalDriftMonitorTest	drift_monitor_does_not_throw_on_record	ERROR	0	0.000	Illuminate\Contracts\Container\BindingResolutionException: Target class [log] does not exist.	Application (structural)	Election — general	NOT_ESTABLISHED	NOT_ESTABLISHED	NOT_ESTABLISHED	NOT_ESTABLISHED	NOT_ESTABLISHED	NOT_ESTABLISHED	NOT_ESTABLISHED	NOT_ESTABLISHED	Unknown	NOT_ESTABLISHED	NOT_ESTABLISHED	Mechanism not yet established	PHPUnit JUnit run 2026-08-12 (L1 only)	NOT_ESTABLISHED	NOT_ESTABLISHED	NOT_ESTABLISHED	NOT_ESTABLISHED
Tests\Unit\Application\Election\ConstitutionalDriftMonitorTest::drift_monitor_logs_to_constitutional_integrity_channel	Tests\Unit\Application\Election\ConstitutionalDriftMonitorTest	drift_monitor_logs_to_constitutional_integrity_channel	ERROR	0	0.000	Illuminate\Contracts\Container\BindingResolutionException: Target class [log] does not exist.	Application (structural)	Election — general	NOT_ESTABLISHED	NOT_ESTABLISHED	NOT_ESTABLISHED	NOT_ESTABLISHED	NOT_ESTABLISHED	NOT_ESTABLISHED	NOT_ESTABLISHED	NOT_ESTABLISHED	Unknown	NOT_ESTABLISHED	NOT_ESTABLISHED	Mechanism not yet established	PHPUnit JUnit run 2026-08-12 (L1 only)	NOT_ESTABLISHED	NOT_ESTABLISHED	NOT_ESTABLISHED	NOT_ESTABLISHED
Tests\Unit\Application\Election\ConstitutionalDriftMonitorTest::drift_monitor_logs_violation_type_and_layer	Tests\Unit\Application\Election\ConstitutionalDriftMonitorTest	drift_monitor_logs_violation_type_and_layer	ERROR	0	0.000	Illuminate\Contracts\Container\BindingResolutionException: Target class [log] does not exist.	Application (structural)	Election — general	NOT_ESTABLISHED	NOT_ESTABLISHED	NOT_ESTABLISHED	NOT_ESTABLISHED	NOT_ESTABLISHED	NOT_ESTABLISHED	NOT_ESTABLISHED	NOT_ESTABLISHED	Unknown	NOT_ESTABLISHED	NOT_ESTABLISHED	Mechanism not yet established	PHPUnit JUnit run 2026-08-12 (L1 only)	NOT_ESTABLISHED	NOT_ESTABLISHED	NOT_ESTABLISHED	NOT_ESTABLISHED
Tests\Unit\Application\Election\ConstitutionalDriftMonitorTest::ssot_violation_event_is_json_serializable	Tests\Unit\Application\Election\ConstitutionalDriftMonitorTest	ssot_violation_event_is_json_serializable	PASSED	9	0.000		Application (structural)	Election — general	NOT_ESTABLISHED	NOT_ESTABLISHED	NOT_ESTABLISHED	NOT_ESTABLISHED	NOT_ESTABLISHED	NOT_ESTABLISHED	NOT_ESTABLISHED	NOT_ESTABLISHED	Unknown	NOT_ESTABLISHED	NOT_ESTABLISHED	n/a — passed	PHPUnit JUnit run 2026-08-12 (L1 only)	NOT_ESTABLISHED	NOT_ESTABLISHED	NOT_ESTABLISHED	NOT_ESTABLISHED
Tests\Unit\Application\Election\ConstitutionalTransitionGuardPreconditionsTest::test_complete_administration_preconditions_use_cached_columns	Tests\Unit\Application\Election\ConstitutionalTransitionGuardPreconditionsTest	test_complete_administration_preconditions_use_cached_columns	PASSED	1	0.080		Application (structural)	Election — general	NOT_ESTABLISHED	NOT_ESTABLISHED	NOT_ESTABLISHED	NOT_ESTABLISHED	NOT_ESTABLISHED	NOT_ESTABLISHED	NOT_ESTABLISHED	NOT_ESTABLISHED	Unknown	NOT_ESTABLISHED	NOT_ESTABLISHED	n/a — passed	PHPUnit JUnit run 2026-08-12 (L1 only)	NOT_ESTABLISHED	NOT_ESTABLISHED	NOT_ESTABLISHED	NOT_ESTABLISHED
Tests\Unit\Application\Election\ConstitutionalTransitionGuardPreconditionsTest::test_has_committee_members_checks_correct_table	Tests\Unit\Application\Election\ConstitutionalTransitionGuardPreconditionsTest	test_has_committee_members_checks_correct_table	PASSED	1	0.047		Application (structural)	Election — general	NOT_ESTABLISHED	NOT_ESTABLISHED	NOT_ESTABLISHED	NOT_ESTABLISHED	NOT_ESTABLISHED	NOT_ESTABLISHED	NOT_ESTABLISHED	NOT_ESTABLISHED	Unknown	NOT_ESTABLISHED	NOT_ESTABLISHED	n/a — passed	PHPUnit JUnit run 2026-08-12 (L1 only)	NOT_ESTABLISHED	NOT_ESTABLISHED	NOT_ESTABLISHED	NOT_ESTABLISHED
Tests\Unit\Application\Election\ConstitutionalTransitionGuardSystemRoleBypassTest::test_non_system_action_still_blocks_unauthenticated_request	Tests\Unit\Application\Election\ConstitutionalTransitionGuardSystemRoleBypassTest	test_non_system_action_still_blocks_unauthenticated_request	PASSED	1	0.000		Application (structural)	Election — general	NOT_ESTABLISHED	NOT_ESTABLISHED	NOT_ESTABLISHED	NOT_ESTABLISHED	NOT_ESTABLISHED	NOT_ESTABLISHED	NOT_ESTABLISHED	NOT_ESTABLISHED	Unknown	NOT_ESTABLISHED	NOT_ESTABLISHED	n/a — passed	PHPUnit JUnit run 2026-08-12 (L1 only)	NOT_ESTABLISHED	NOT_ESTABLISHED	NOT_ESTABLISHED	NOT_ESTABLISHED
Tests\Unit\Application\Election\ConstitutionalTransitionGuardSystemRoleBypassTest::test_system_only_action_is_allowed_when_no_user_is_authenticated	Tests\Unit\Application\Election\ConstitutionalTransitionGuardSystemRoleBypassTest	test_system_only_action_is_allowed_when_no_user_is_authenticated	PASSED	1	0.000		Application (structural)	Election — general	NOT_ESTABLISHED	NOT_ESTABLISHED	NOT_ESTABLISHED	NOT_ESTABLISHED	NOT_ESTABLISHED	NOT_ESTABLISHED	NOT_ESTABLISHED	NOT_ESTABLISHED	Unknown	NOT_ESTABLISHED	NOT_ESTABLISHED	n/a — passed	PHPUnit JUnit run 2026-08-12 (L1 only)	NOT_ESTABLISHED	NOT_ESTABLISHED	NOT_ESTABLISHED	NOT_ESTABLISHED
Tests\Unit\Application\Election\ConstitutionalTransitionGuardSystemRoleBypassTest::test_system_only_action_is_blocked_when_human_user_is_authenticated	Tests\Unit\Application\Election\ConstitutionalTransitionGuardSystemRoleBypassTest	test_system_only_action_is_blocked_when_human_user_is_authenticated	PASSED	1	0.000		Application (structural)	Election — general	NOT_ESTABLISHED	NOT_ESTABLISHED	NOT_ESTABLISHED	NOT_ESTABLISHED	NOT_ESTABLISHED	NOT_ESTABLISHED	NOT_ESTABLISHED	NOT_ESTABLISHED	Unknown	NOT_ESTABLISHED	NOT_ESTABLISHED	n/a — passed	PHPUnit JUnit run 2026-08-12 (L1 only)	NOT_ESTABLISHED	NOT_ESTABLISHED	NOT_ESTABLISHED	NOT_ESTABLISHED
Tests\Unit\Application\Election\ConstitutionalTransitionGuardTest::chief_and_deputy_can_administer	Tests\Unit\Application\Election\ConstitutionalTransitionGuardTest	chief_and_deputy_can_administer	PASSED	2	0.030		Application (structural)	Election — general	NOT_ESTABLISHED	NOT_ESTABLISHED	NOT_ESTABLISHED	NOT_ESTABLISHED	NOT_ESTABLISHED	NOT_ESTABLISHED	NOT_ESTABLISHED	NOT_ESTABLISHED	Unknown	NOT_ESTABLISHED	NOT_ESTABLISHED	n/a — passed	PHPUnit JUnit run 2026-08-12 (L1 only)	NOT_ESTABLISHED	NOT_ESTABLISHED	NOT_ESTABLISHED	NOT_ESTABLISHED
Tests\Unit\Application\Election\ConstitutionalTransitionGuardTest::guard_allows_action_if_state_is_allowed	Tests\Unit\Application\Election\ConstitutionalTransitionGuardTest	guard_allows_action_if_state_is_allowed	PASSED	1	0.099		Application (structural)	Election — general	NOT_ESTABLISHED	NOT_ESTABLISHED	NOT_ESTABLISHED	NOT_ESTABLISHED	NOT_ESTABLISHED	NOT_ESTABLISHED	NOT_ESTABLISHED	NOT_ESTABLISHED	Unknown	NOT_ESTABLISHED	NOT_ESTABLISHED	n/a — passed	PHPUnit JUnit run 2026-08-12 (L1 only)	NOT_ESTABLISHED	NOT_ESTABLISHED	NOT_ESTABLISHED	NOT_ESTABLISHED
Tests\Unit\Application\Election\ConstitutionalTransitionGuardTest::guard_is_injectable	Tests\Unit\Application\Election\ConstitutionalTransitionGuardTest	guard_is_injectable	PASSED	1	0.029		Application (structural)	Election — general	NOT_ESTABLISHED	NOT_ESTABLISHED	NOT_ESTABLISHED	NOT_ESTABLISHED	NOT_ESTABLISHED	NOT_ESTABLISHED	NOT_ESTABLISHED	NOT_ESTABLISHED	Unknown	NOT_ESTABLISHED	NOT_ESTABLISHED	n/a — passed	PHPUnit JUnit run 2026-08-12 (L1 only)	NOT_ESTABLISHED	NOT_ESTABLISHED	NOT_ESTABLISHED	NOT_ESTABLISHED
Tests\Unit\Application\Election\ConstitutionalTransitionGuardTest::guard_throws_if_action_undefined	Tests\Unit\Application\Election\ConstitutionalTransitionGuardTest	guard_throws_if_action_undefined	PASSED	1	0.040		Application (structural)	Election — general	NOT_ESTABLISHED	NOT_ESTABLISHED	NOT_ESTABLISHED	NOT_ESTABLISHED	NOT_ESTABLISHED	NOT_ESTABLISHED	NOT_ESTABLISHED	NOT_ESTABLISHED	Unknown	NOT_ESTABLISHED	NOT_ESTABLISHED	n/a — passed	PHPUnit JUnit run 2026-08-12 (L1 only)	NOT_ESTABLISHED	NOT_ESTABLISHED	NOT_ESTABLISHED	NOT_ESTABLISHED
Tests\Unit\Application\Election\ConstitutionalTransitionGuardTest::guard_throws_if_state_not_allowed	Tests\Unit\Application\Election\ConstitutionalTransitionGuardTest	guard_throws_if_state_not_allowed	PASSED	1	0.071		Application (structural)	Election — general	NOT_ESTABLISHED	NOT_ESTABLISHED	NOT_ESTABLISHED	NOT_ESTABLISHED	NOT_ESTABLISHED	NOT_ESTABLISHED	NOT_ESTABLISHED	NOT_ESTABLISHED	Unknown	NOT_ESTABLISHED	NOT_ESTABLISHED	n/a — passed	PHPUnit JUnit run 2026-08-12 (L1 only)	NOT_ESTABLISHED	NOT_ESTABLISHED	NOT_ESTABLISHED	NOT_ESTABLISHED
Tests\Unit\Application\Election\ConstitutionalTransitionGuardTest::guard_validates_preconditions	Tests\Unit\Application\Election\ConstitutionalTransitionGuardTest	guard_validates_preconditions	FAILURE	4	0.029	Failed asserting that an array contains 'has_committee_members'.	Application (structural)	Election — general	NOT_ESTABLISHED	NOT_ESTABLISHED	NOT_ESTABLISHED	NOT_ESTABLISHED	NOT_ESTABLISHED	NOT_ESTABLISHED	NOT_ESTABLISHED	NOT_ESTABLISHED	Unknown	NOT_ESTABLISHED	NOT_ESTABLISHED	Mechanism not yet established	PHPUnit JUnit run 2026-08-12 (L1 only)	NOT_ESTABLISHED	NOT_ESTABLISHED	NOT_ESTABLISHED	NOT_ESTABLISHED
Tests\Unit\Application\Election\ConstitutionalTransitionGuardTest::guard_verifies_user_role	Tests\Unit\Application\Election\ConstitutionalTransitionGuardTest	guard_verifies_user_role	PASSED	1	0.067		Application (structural)	Election — general	NOT_ESTABLISHED	NOT_ESTABLISHED	NOT_ESTABLISHED	NOT_ESTABLISHED	NOT_ESTABLISHED	NOT_ESTABLISHED	NOT_ESTABLISHED	NOT_ESTABLISHED	Unknown	NOT_ESTABLISHED	NOT_ESTABLISHED	n/a — passed	PHPUnit JUnit run 2026-08-12 (L1 only)	NOT_ESTABLISHED	NOT_ESTABLISHED	NOT_ESTABLISHED	NOT_ESTABLISHED
Tests\Unit\Application\Election\ConstitutionalTransitionGuardTest::only_chief_can_open_voting	Tests\Unit\Application\Election\ConstitutionalTransitionGuardTest	only_chief_can_open_voting	PASSED	2	0.030		Application (structural)	Election — general	NOT_ESTABLISHED	NOT_ESTABLISHED	NOT_ESTABLISHED	NOT_ESTABLISHED	NOT_ESTABLISHED	NOT_ESTABLISHED	NOT_ESTABLISHED	NOT_ESTABLISHED	Unknown	NOT_ESTABLISHED	NOT_ESTABLISHED	n/a — passed	PHPUnit JUnit run 2026-08-12 (L1 only)	NOT_ESTABLISHED	NOT_ESTABLISHED	NOT_ESTABLISHED	NOT_ESTABLISHED
Tests\Unit\Application\Election\ConstitutionalTransitionGuardTest::resume_is_allowed_from_suspended	Tests\Unit\Application\Election\ConstitutionalTransitionGuardTest	resume_is_allowed_from_suspended	PASSED	1	0.069		Application (structural)	Election — general	NOT_ESTABLISHED	NOT_ESTABLISHED	NOT_ESTABLISHED	NOT_ESTABLISHED	NOT_ESTABLISHED	NOT_ESTABLISHED	NOT_ESTABLISHED	NOT_ESTABLISHED	Unknown	NOT_ESTABLISHED	NOT_ESTABLISHED	n/a — passed	PHPUnit JUnit run 2026-08-12 (L1 only)	NOT_ESTABLISHED	NOT_ESTABLISHED	NOT_ESTABLISHED	NOT_ESTABLISHED
Tests\Unit\Application\Election\ConstitutionalTransitionGuardTest::resume_is_not_allowed_from_draft	Tests\Unit\Application\Election\ConstitutionalTransitionGuardTest	resume_is_not_allowed_from_draft	PASSED	1	0.060		Application (structural)	Election — general	NOT_ESTABLISHED	NOT_ESTABLISHED	NOT_ESTABLISHED	NOT_ESTABLISHED	NOT_ESTABLISHED	NOT_ESTABLISHED	NOT_ESTABLISHED	NOT_ESTABLISHED	Unknown	NOT_ESTABLISHED	NOT_ESTABLISHED	n/a — passed	PHPUnit JUnit run 2026-08-12 (L1 only)	NOT_ESTABLISHED	NOT_ESTABLISHED	NOT_ESTABLISHED	NOT_ESTABLISHED
Tests\Unit\Application\Election\ConstitutionalTransitionGuardTest::suspend_is_allowed_from_voting_active	Tests\Unit\Application\Election\ConstitutionalTransitionGuardTest	suspend_is_allowed_from_voting_active	PASSED	1	0.073		Application (structural)	Election — general	NOT_ESTABLISHED	NOT_ESTABLISHED	NOT_ESTABLISHED	NOT_ESTABLISHED	NOT_ESTABLISHED	NOT_ESTABLISHED	NOT_ESTABLISHED	NOT_ESTABLISHED	Unknown	NOT_ESTABLISHED	NOT_ESTABLISHED	n/a — passed	PHPUnit JUnit run 2026-08-12 (L1 only)	NOT_ESTABLISHED	NOT_ESTABLISHED	NOT_ESTABLISHED	NOT_ESTABLISHED
Tests\Unit\Application\Election\ConstitutionalTransitionGuardTest::suspend_is_not_allowed_from_archived	Tests\Unit\Application\Election\ConstitutionalTransitionGuardTest	suspend_is_not_allowed_from_archived	PASSED	1	0.057		Application (structural)	Election — general	NOT_ESTABLISHED	NOT_ESTABLISHED	NOT_ESTABLISHED	NOT_ESTABLISHED	NOT_ESTABLISHED	NOT_ESTABLISHED	NOT_ESTABLISHED	NOT_ESTABLISHED	Unknown	NOT_ESTABLISHED	NOT_ESTABLISHED	n/a — passed	PHPUnit JUnit run 2026-08-12 (L1 only)	NOT_ESTABLISHED	NOT_ESTABLISHED	NOT_ESTABLISHED	NOT_ESTABLISHED
Tests\Unit\Application\Election\ConstitutionalTransitionGuardTest::system_actions_allowed_without_authenticated_user	Tests\Unit\Application\Election\ConstitutionalTransitionGuardTest	system_actions_allowed_without_authenticated_user	PASSED	2	0.049		Application (structural)	Election — general	NOT_ESTABLISHED	NOT_ESTABLISHED	NOT_ESTABLISHED	NOT_ESTABLISHED	NOT_ESTABLISHED	NOT_ESTABLISHED	NOT_ESTABLISHED	NOT_ESTABLISHED	Unknown	NOT_ESTABLISHED	NOT_ESTABLISHED	n/a — passed	PHPUnit JUnit run 2026-08-12 (L1 only)	NOT_ESTABLISHED	NOT_ESTABLISHED	NOT_ESTABLISHED	NOT_ESTABLISHED
Tests\Unit\Application\Election\DeprecationAccessGuardTest::guard_allows_non_deprecated_fields	Tests\Unit\Application\Election\DeprecationAccessGuardTest	guard_allows_non_deprecated_fields	PASSED	1	0.032		Application (structural)	Election — general	From its own docblock: 'Phase 2: Deprecation Enforcement Layer ... RED tests for runtime field access control. Guards against silent legacy field usage.'	Deprecated field access is logged, warned or blocked according to the configured enforcement level	n/a — not lifecycle-dependent	n/a	n/a — code-level access, not an actor	n/a	direct call to DeprecationAccessGuard	DeprecationPolicy::STRICT_LEVEL	Application	none — pure unit	at enforcement level >= 2 the guard throws; at level 1 it warns only	EXPECTED MIGRATION/DEPRECATION FAILURE — PROTECTED. STRICT_LEVEL = 1, so level-2+ guards are inactive BY DESIGN. These tests assert a future authorised state (carried forward: PBDIGIT-48 Cluster 6). MUST NOT be 'fixed' to reduce the failure count	JUnit run 2026-08-12; class docblock says 'RED tests'; PBDIGIT-48 Cluster 6 finding	Readiness signal for the deprecation ladder — not business-behaviour coverage	n/a — the gap it reports is intentional	This IS the legacy-enforcement mechanism; category E — explicitly retained and staged	None for Slice 1. It resolves when the ladder is raised, which is PBDIGIT-48's sequenced remainder
Tests\Unit\Application\Election\DeprecationAccessGuardTest::guard_audit_only_mode_logs_without_throwing	Tests\Unit\Application\Election\DeprecationAccessGuardTest	guard_audit_only_mode_logs_without_throwing	ERROR	0	0.029	Error: Call to a member function warning() on null	Application (structural)	Election — general	From its own docblock: 'Phase 2: Deprecation Enforcement Layer ... RED tests for runtime field access control. Guards against silent legacy field usage.'	Deprecated field access is logged, warned or blocked according to the configured enforcement level	n/a — not lifecycle-dependent	n/a	n/a — code-level access, not an actor	n/a	direct call to DeprecationAccessGuard	DeprecationPolicy::STRICT_LEVEL	Application	none — pure unit	at enforcement level >= 2 the guard throws; at level 1 it warns only	EXPECTED MIGRATION/DEPRECATION FAILURE — PROTECTED. STRICT_LEVEL = 1, so level-2+ guards are inactive BY DESIGN. These tests assert a future authorised state (carried forward: PBDIGIT-48 Cluster 6). MUST NOT be 'fixed' to reduce the failure count	JUnit run 2026-08-12; class docblock says 'RED tests'; PBDIGIT-48 Cluster 6 finding	Readiness signal for the deprecation ladder — not business-behaviour coverage	n/a — the gap it reports is intentional	This IS the legacy-enforcement mechanism; category E — explicitly retained and staged	None for Slice 1. It resolves when the ladder is raised, which is PBDIGIT-48's sequenced remainder
Tests\Unit\Application\Election\DeprecationAccessGuardTest::guard_includes_replacement_in_error	Tests\Unit\Application\Election\DeprecationAccessGuardTest	guard_includes_replacement_in_error	FAILURE	1	0.030	Expected exception	Application (structural)	Election — general	From its own docblock: 'Phase 2: Deprecation Enforcement Layer ... RED tests for runtime field access control. Guards against silent legacy field usage.'	Deprecated field access is logged, warned or blocked according to the configured enforcement level	n/a — not lifecycle-dependent	n/a	n/a — code-level access, not an actor	n/a	direct call to DeprecationAccessGuard	DeprecationPolicy::STRICT_LEVEL	Application	none — pure unit	at enforcement level >= 2 the guard throws; at level 1 it warns only	EXPECTED MIGRATION/DEPRECATION FAILURE — PROTECTED. STRICT_LEVEL = 1, so level-2+ guards are inactive BY DESIGN. These tests assert a future authorised state (carried forward: PBDIGIT-48 Cluster 6). MUST NOT be 'fixed' to reduce the failure count	JUnit run 2026-08-12; class docblock says 'RED tests'; PBDIGIT-48 Cluster 6 finding	Readiness signal for the deprecation ladder — not business-behaviour coverage	n/a — the gap it reports is intentional	This IS the legacy-enforcement mechanism; category E — explicitly retained and staged	None for Slice 1. It resolves when the ladder is raised, which is PBDIGIT-48's sequenced remainder
Tests\Unit\Application\Election\DeprecationAccessGuardTest::guard_is_injectable	Tests\Unit\Application\Election\DeprecationAccessGuardTest	guard_is_injectable	PASSED	1	0.036		Application (structural)	Election — general	From its own docblock: 'Phase 2: Deprecation Enforcement Layer ... RED tests for runtime field access control. Guards against silent legacy field usage.'	Deprecated field access is logged, warned or blocked according to the configured enforcement level	n/a — not lifecycle-dependent	n/a	n/a — code-level access, not an actor	n/a	direct call to DeprecationAccessGuard	DeprecationPolicy::STRICT_LEVEL	Application	none — pure unit	at enforcement level >= 2 the guard throws; at level 1 it warns only	EXPECTED MIGRATION/DEPRECATION FAILURE — PROTECTED. STRICT_LEVEL = 1, so level-2+ guards are inactive BY DESIGN. These tests assert a future authorised state (carried forward: PBDIGIT-48 Cluster 6). MUST NOT be 'fixed' to reduce the failure count	JUnit run 2026-08-12; class docblock says 'RED tests'; PBDIGIT-48 Cluster 6 finding	Readiness signal for the deprecation ladder — not business-behaviour coverage	n/a — the gap it reports is intentional	This IS the legacy-enforcement mechanism; category E — explicitly retained and staged	None for Slice 1. It resolves when the ladder is raised, which is PBDIGIT-48's sequenced remainder
Tests\Unit\Application\Election\DeprecationAccessGuardTest::guard_logs_warning_for_deprecated_field_access	Tests\Unit\Application\Election\DeprecationAccessGuardTest	guard_logs_warning_for_deprecated_field_access	ERROR	0	0.038	Error: Call to a member function warning() on null	Application (structural)	Election — general	From its own docblock: 'Phase 2: Deprecation Enforcement Layer ... RED tests for runtime field access control. Guards against silent legacy field usage.'	Deprecated field access is logged, warned or blocked according to the configured enforcement level	n/a — not lifecycle-dependent	n/a	n/a — code-level access, not an actor	n/a	direct call to DeprecationAccessGuard	DeprecationPolicy::STRICT_LEVEL	Application	none — pure unit	at enforcement level >= 2 the guard throws; at level 1 it warns only	EXPECTED MIGRATION/DEPRECATION FAILURE — PROTECTED. STRICT_LEVEL = 1, so level-2+ guards are inactive BY DESIGN. These tests assert a future authorised state (carried forward: PBDIGIT-48 Cluster 6). MUST NOT be 'fixed' to reduce the failure count	JUnit run 2026-08-12; class docblock says 'RED tests'; PBDIGIT-48 Cluster 6 finding	Readiness signal for the deprecation ladder — not business-behaviour coverage	n/a — the gap it reports is intentional	This IS the legacy-enforcement mechanism; category E — explicitly retained and staged	None for Slice 1. It resolves when the ladder is raised, which is PBDIGIT-48's sequenced remainder
Tests\Unit\Application\Election\DeprecationAccessGuardTest::guard_throws_for_strict_deprecated_field	Tests\Unit\Application\Election\DeprecationAccessGuardTest	guard_throws_for_strict_deprecated_field	FAILURE	1	0.030	Failed asserting that exception of type "App\Exceptions\DeprecatedFieldException" is thrown.	Application (structural)	Election — general	From its own docblock: 'Phase 2: Deprecation Enforcement Layer ... RED tests for runtime field access control. Guards against silent legacy field usage.'	Deprecated field access is logged, warned or blocked according to the configured enforcement level	n/a — not lifecycle-dependent	n/a	n/a — code-level access, not an actor	n/a	direct call to DeprecationAccessGuard	DeprecationPolicy::STRICT_LEVEL	Application	none — pure unit	at enforcement level >= 2 the guard throws; at level 1 it warns only	EXPECTED MIGRATION/DEPRECATION FAILURE — PROTECTED. STRICT_LEVEL = 1, so level-2+ guards are inactive BY DESIGN. These tests assert a future authorised state (carried forward: PBDIGIT-48 Cluster 6). MUST NOT be 'fixed' to reduce the failure count	JUnit run 2026-08-12; class docblock says 'RED tests'; PBDIGIT-48 Cluster 6 finding	Readiness signal for the deprecation ladder — not business-behaviour coverage	n/a — the gap it reports is intentional	This IS the legacy-enforcement mechanism; category E — explicitly retained and staged	None for Slice 1. It resolves when the ladder is raised, which is PBDIGIT-48's sequenced remainder
Tests\Unit\Application\Election\DeprecationAccessGuardTest::policy_defines_deprecated_fields	Tests\Unit\Application\Election\DeprecationAccessGuardTest	policy_defines_deprecated_fields	PASSED	4	0.030		Application (structural)	Election — general	From its own docblock: 'Phase 2: Deprecation Enforcement Layer ... RED tests for runtime field access control. Guards against silent legacy field usage.'	Deprecated field access is logged, warned or blocked according to the configured enforcement level	n/a — not lifecycle-dependent	n/a	n/a — code-level access, not an actor	n/a	direct call to DeprecationAccessGuard	DeprecationPolicy::STRICT_LEVEL	Application	none — pure unit	at enforcement level >= 2 the guard throws; at level 1 it warns only	EXPECTED MIGRATION/DEPRECATION FAILURE — PROTECTED. STRICT_LEVEL = 1, so level-2+ guards are inactive BY DESIGN. These tests assert a future authorised state (carried forward: PBDIGIT-48 Cluster 6). MUST NOT be 'fixed' to reduce the failure count	JUnit run 2026-08-12; class docblock says 'RED tests'; PBDIGIT-48 Cluster 6 finding	Readiness signal for the deprecation ladder — not business-behaviour coverage	n/a — the gap it reports is intentional	This IS the legacy-enforcement mechanism; category E — explicitly retained and staged	None for Slice 1. It resolves when the ladder is raised, which is PBDIGIT-48's sequenced remainder
Tests\Unit\Application\Election\DriftMonitorIntegrationTest::deprecation_access_guard_fires_to_drift_monitor_on_violation	Tests\Unit\Application\Election\DriftMonitorIntegrationTest	deprecation_access_guard_fires_to_drift_monitor_on_violation	PASSED	1	0.053		Application (structural)	Election — general	NOT_ESTABLISHED	NOT_ESTABLISHED	NOT_ESTABLISHED	NOT_ESTABLISHED	NOT_ESTABLISHED	NOT_ESTABLISHED	NOT_ESTABLISHED	NOT_ESTABLISHED	Unknown	NOT_ESTABLISHED	NOT_ESTABLISHED	n/a — passed	PHPUnit JUnit run 2026-08-12 (L1 only)	NOT_ESTABLISHED	NOT_ESTABLISHED	NOT_ESTABLISHED	NOT_ESTABLISHED
Tests\Unit\Application\Election\DriftMonitorIntegrationTest::drift_monitor_receives_correct_layer_from_access_guard	Tests\Unit\Application\Election\DriftMonitorIntegrationTest	drift_monitor_receives_correct_layer_from_access_guard	PASSED	1	0.030		Application (structural)	Election — general	NOT_ESTABLISHED	NOT_ESTABLISHED	NOT_ESTABLISHED	NOT_ESTABLISHED	NOT_ESTABLISHED	NOT_ESTABLISHED	NOT_ESTABLISHED	NOT_ESTABLISHED	Unknown	NOT_ESTABLISHED	NOT_ESTABLISHED	n/a — passed	PHPUnit JUnit run 2026-08-12 (L1 only)	NOT_ESTABLISHED	NOT_ESTABLISHED	NOT_ESTABLISHED	NOT_ESTABLISHED
Tests\Unit\Application\Election\DriftMonitorIntegrationTest::guards_with_no_monitor_still_pass	Tests\Unit\Application\Election\DriftMonitorIntegrationTest	guards_with_no_monitor_still_pass	PASSED	0	0.036		Application (structural)	Election — general	NOT_ESTABLISHED	NOT_ESTABLISHED	NOT_ESTABLISHED	NOT_ESTABLISHED	NOT_ESTABLISHED	NOT_ESTABLISHED	NOT_ESTABLISHED	NOT_ESTABLISHED	Unknown	NOT_ESTABLISHED	NOT_ESTABLISHED	n/a — passed	PHPUnit JUnit run 2026-08-12 (L1 only)	NOT_ESTABLISHED	NOT_ESTABLISHED	NOT_ESTABLISHED	NOT_ESTABLISHED
Tests\Unit\Application\Election\DriftMonitorIntegrationTest::query_policy_guard_fires_to_drift_monitor_on_violation	Tests\Unit\Application\Election\DriftMonitorIntegrationTest	query_policy_guard_fires_to_drift_monitor_on_violation	PASSED	1	0.033		Application (structural)	Election — general	NOT_ESTABLISHED	NOT_ESTABLISHED	NOT_ESTABLISHED	NOT_ESTABLISHED	NOT_ESTABLISHED	NOT_ESTABLISHED	NOT_ESTABLISHED	NOT_ESTABLISHED	Unknown	NOT_ESTABLISHED	NOT_ESTABLISHED	n/a — passed	PHPUnit JUnit run 2026-08-12 (L1 only)	NOT_ESTABLISHED	NOT_ESTABLISHED	NOT_ESTABLISHED	NOT_ESTABLISHED
Tests\Unit\Application\Election\ElectionCapabilityEntryTest::test_allowed_entry	Tests\Unit\Application\Election\ElectionCapabilityEntryTest	test_allowed_entry	PASSED	7	0.000		Application (structural)	Election — general	NOT_ESTABLISHED	NOT_ESTABLISHED	NOT_ESTABLISHED	NOT_ESTABLISHED	NOT_ESTABLISHED	NOT_ESTABLISHED	NOT_ESTABLISHED	NOT_ESTABLISHED	Unknown	NOT_ESTABLISHED	NOT_ESTABLISHED	n/a — passed	PHPUnit JUnit run 2026-08-12 (L1 only)	NOT_ESTABLISHED	NOT_ESTABLISHED	NOT_ESTABLISHED	NOT_ESTABLISHED
Tests\Unit\Application\Election\ElectionCapabilityEntryTest::test_allowed_entry_without_role	Tests\Unit\Application\Election\ElectionCapabilityEntryTest	test_allowed_entry_without_role	PASSED	3	0.000		Application (structural)	Election — general	NOT_ESTABLISHED	NOT_ESTABLISHED	NOT_ESTABLISHED	NOT_ESTABLISHED	NOT_ESTABLISHED	NOT_ESTABLISHED	NOT_ESTABLISHED	NOT_ESTABLISHED	Unknown	NOT_ESTABLISHED	NOT_ESTABLISHED	n/a — passed	PHPUnit JUnit run 2026-08-12 (L1 only)	NOT_ESTABLISHED	NOT_ESTABLISHED	NOT_ESTABLISHED	NOT_ESTABLISHED
Tests\Unit\Application\Election\ElectionCapabilityEntryTest::test_denied_defaults_to_hard_block	Tests\Unit\Application\Election\ElectionCapabilityEntryTest	test_denied_defaults_to_hard_block	PASSED	1	0.000		Application (structural)	Election — general	NOT_ESTABLISHED	NOT_ESTABLISHED	NOT_ESTABLISHED	NOT_ESTABLISHED	NOT_ESTABLISHED	NOT_ESTABLISHED	NOT_ESTABLISHED	NOT_ESTABLISHED	Unknown	NOT_ESTABLISHED	NOT_ESTABLISHED	n/a — passed	PHPUnit JUnit run 2026-08-12 (L1 only)	NOT_ESTABLISHED	NOT_ESTABLISHED	NOT_ESTABLISHED	NOT_ESTABLISHED
Tests\Unit\Application\Election\ElectionCapabilityEntryTest::test_denied_entry	Tests\Unit\Application\Election\ElectionCapabilityEntryTest	test_denied_entry	PASSED	6	0.000		Application (structural)	Election — general	NOT_ESTABLISHED	NOT_ESTABLISHED	NOT_ESTABLISHED	NOT_ESTABLISHED	NOT_ESTABLISHED	NOT_ESTABLISHED	NOT_ESTABLISHED	NOT_ESTABLISHED	Unknown	NOT_ESTABLISHED	NOT_ESTABLISHED	n/a — passed	PHPUnit JUnit run 2026-08-12 (L1 only)	NOT_ESTABLISHED	NOT_ESTABLISHED	NOT_ESTABLISHED	NOT_ESTABLISHED
Tests\Unit\Application\Election\ElectionCapabilityEntryTest::test_denied_entry_with_multiple_severity_levels	Tests\Unit\Application\Election\ElectionCapabilityEntryTest	test_denied_entry_with_multiple_severity_levels	PASSED	4	0.000		Application (structural)	Election — general	NOT_ESTABLISHED	NOT_ESTABLISHED	NOT_ESTABLISHED	NOT_ESTABLISHED	NOT_ESTABLISHED	NOT_ESTABLISHED	NOT_ESTABLISHED	NOT_ESTABLISHED	Unknown	NOT_ESTABLISHED	NOT_ESTABLISHED	n/a — passed	PHPUnit JUnit run 2026-08-12 (L1 only)	NOT_ESTABLISHED	NOT_ESTABLISHED	NOT_ESTABLISHED	NOT_ESTABLISHED
Tests\Unit\Application\Election\ElectionCapabilityEntryTest::test_denied_entry_without_detail	Tests\Unit\Application\Election\ElectionCapabilityEntryTest	test_denied_entry_without_detail	PASSED	5	0.000		Application (structural)	Election — general	NOT_ESTABLISHED	NOT_ESTABLISHED	NOT_ESTABLISHED	NOT_ESTABLISHED	NOT_ESTABLISHED	NOT_ESTABLISHED	NOT_ESTABLISHED	NOT_ESTABLISHED	Unknown	NOT_ESTABLISHED	NOT_ESTABLISHED	n/a — passed	PHPUnit JUnit run 2026-08-12 (L1 only)	NOT_ESTABLISHED	NOT_ESTABLISHED	NOT_ESTABLISHED	NOT_ESTABLISHED
Tests\Unit\Application\Election\ElectionCapabilityEntryTest::test_denied_with_all_reasons	Tests\Unit\Application\Election\ElectionCapabilityEntryTest	test_denied_with_all_reasons	PASSED	14	0.000		Application (structural)	Election — general	NOT_ESTABLISHED	NOT_ESTABLISHED	NOT_ESTABLISHED	NOT_ESTABLISHED	NOT_ESTABLISHED	NOT_ESTABLISHED	NOT_ESTABLISHED	NOT_ESTABLISHED	Unknown	NOT_ESTABLISHED	NOT_ESTABLISHED	n/a — passed	PHPUnit JUnit run 2026-08-12 (L1 only)	NOT_ESTABLISHED	NOT_ESTABLISHED	NOT_ESTABLISHED	NOT_ESTABLISHED
Tests\Unit\Application\Election\ElectionCapabilityEntryTest::test_entry_is_immutable	Tests\Unit\Application\Election\ElectionCapabilityEntryTest	test_entry_is_immutable	PASSED	2	0.000		Application (structural)	Election — general	NOT_ESTABLISHED	NOT_ESTABLISHED	NOT_ESTABLISHED	NOT_ESTABLISHED	NOT_ESTABLISHED	NOT_ESTABLISHED	NOT_ESTABLISHED	NOT_ESTABLISHED	Unknown	NOT_ESTABLISHED	NOT_ESTABLISHED	n/a — passed	PHPUnit JUnit run 2026-08-12 (L1 only)	NOT_ESTABLISHED	NOT_ESTABLISHED	NOT_ESTABLISHED	NOT_ESTABLISHED
Tests\Unit\Application\Election\ElectionCapabilityResolverTest::test_abstain_decision_and_null_return_produce_same_outcome	Tests\Unit\Application\Election\ElectionCapabilityResolverTest	test_abstain_decision_and_null_return_produce_same_outcome	PASSED	2	0.000		Application (structural)	Election — general	NOT_ESTABLISHED	NOT_ESTABLISHED	NOT_ESTABLISHED	NOT_ESTABLISHED	NOT_ESTABLISHED	NOT_ESTABLISHED	NOT_ESTABLISHED	NOT_ESTABLISHED	Unknown	NOT_ESTABLISHED	NOT_ESTABLISHED	n/a — passed	PHPUnit JUnit run 2026-08-12 (L1 only)	NOT_ESTABLISHED	NOT_ESTABLISHED	NOT_ESTABLISHED	NOT_ESTABLISHED
Tests\Unit\Application\Election\ElectionCapabilityResolverTest::test_abstain_decision_continues_to_next_policy	Tests\Unit\Application\Election\ElectionCapabilityResolverTest	test_abstain_decision_continues_to_next_policy	PASSED	2	0.000		Application (structural)	Election — general	NOT_ESTABLISHED	NOT_ESTABLISHED	NOT_ESTABLISHED	NOT_ESTABLISHED	NOT_ESTABLISHED	NOT_ESTABLISHED	NOT_ESTABLISHED	NOT_ESTABLISHED	Unknown	NOT_ESTABLISHED	NOT_ESTABLISHED	n/a — passed	PHPUnit JUnit run 2026-08-12 (L1 only)	NOT_ESTABLISHED	NOT_ESTABLISHED	NOT_ESTABLISHED	NOT_ESTABLISHED
Tests\Unit\Application\Election\ElectionCapabilityResolverTest::test_abstain_decision_is_recorded_in_trace_as_abstained	Tests\Unit\Application\Election\ElectionCapabilityResolverTest	test_abstain_decision_is_recorded_in_trace_as_abstained	PASSED	3	0.000		Application (structural)	Election — general	NOT_ESTABLISHED	NOT_ESTABLISHED	NOT_ESTABLISHED	NOT_ESTABLISHED	NOT_ESTABLISHED	NOT_ESTABLISHED	NOT_ESTABLISHED	NOT_ESTABLISHED	Unknown	NOT_ESTABLISHED	NOT_ESTABLISHED	n/a — passed	PHPUnit JUnit run 2026-08-12 (L1 only)	NOT_ESTABLISHED	NOT_ESTABLISHED	NOT_ESTABLISHED	NOT_ESTABLISHED
Tests\Unit\Application\Election\ElectionCapabilityResolverTest::test_all_policies_appear_in_trace_when_none_deny	Tests\Unit\Application\Election\ElectionCapabilityResolverTest	test_all_policies_appear_in_trace_when_none_deny	PASSED	2	0.000		Application (structural)	Election — general	NOT_ESTABLISHED	NOT_ESTABLISHED	NOT_ESTABLISHED	NOT_ESTABLISHED	NOT_ESTABLISHED	NOT_ESTABLISHED	NOT_ESTABLISHED	NOT_ESTABLISHED	Unknown	NOT_ESTABLISHED	NOT_ESTABLISHED	n/a — passed	PHPUnit JUnit run 2026-08-12 (L1 only)	NOT_ESTABLISHED	NOT_ESTABLISHED	NOT_ESTABLISHED	NOT_ESTABLISHED
Tests\Unit\Application\Election\ElectionCapabilityResolverTest::test_authorized_from_early_policy_does_not_prevent_later_deny	Tests\Unit\Application\Election\ElectionCapabilityResolverTest	test_authorized_from_early_policy_does_not_prevent_later_deny	PASSED	2	0.000		Application (structural)	Election — general	NOT_ESTABLISHED	NOT_ESTABLISHED	NOT_ESTABLISHED	NOT_ESTABLISHED	NOT_ESTABLISHED	NOT_ESTABLISHED	NOT_ESTABLISHED	NOT_ESTABLISHED	Unknown	NOT_ESTABLISHED	NOT_ESTABLISHED	n/a — passed	PHPUnit JUnit run 2026-08-12 (L1 only)	NOT_ESTABLISHED	NOT_ESTABLISHED	NOT_ESTABLISHED	NOT_ESTABLISHED
Tests\Unit\Application\Election\ElectionCapabilityResolverTest::test_deny_is_still_immediate_and_skips_remaining_policies	Tests\Unit\Application\Election\ElectionCapabilityResolverTest	test_deny_is_still_immediate_and_skips_remaining_policies	PASSED	2	0.000		Application (structural)	Election — general	NOT_ESTABLISHED	NOT_ESTABLISHED	NOT_ESTABLISHED	NOT_ESTABLISHED	NOT_ESTABLISHED	NOT_ESTABLISHED	NOT_ESTABLISHED	NOT_ESTABLISHED	Unknown	NOT_ESTABLISHED	NOT_ESTABLISHED	n/a — passed	PHPUnit JUnit run 2026-08-12 (L1 only)	NOT_ESTABLISHED	NOT_ESTABLISHED	NOT_ESTABLISHED	NOT_ESTABLISHED
Tests\Unit\Application\Election\ElectionCapabilityResolverTest::test_grant_from_early_policy_does_not_prevent_later_deny	Tests\Unit\Application\Election\ElectionCapabilityResolverTest	test_grant_from_early_policy_does_not_prevent_later_deny	PASSED	2	0.000		Application (structural)	Election — general	NOT_ESTABLISHED	NOT_ESTABLISHED	NOT_ESTABLISHED	NOT_ESTABLISHED	NOT_ESTABLISHED	NOT_ESTABLISHED	NOT_ESTABLISHED	NOT_ESTABLISHED	Unknown	NOT_ESTABLISHED	NOT_ESTABLISHED	n/a — passed	PHPUnit JUnit run 2026-08-12 (L1 only)	NOT_ESTABLISHED	NOT_ESTABLISHED	NOT_ESTABLISHED	NOT_ESTABLISHED
Tests\Unit\Application\Election\ElectionCapabilityResolverTest::test_resolver_authorizes_when_all_policies_abstain	Tests\Unit\Application\Election\ElectionCapabilityResolverTest	test_resolver_authorizes_when_all_policies_abstain	PASSED	2	0.000		Application (structural)	Election — general	NOT_ESTABLISHED	NOT_ESTABLISHED	NOT_ESTABLISHED	NOT_ESTABLISHED	NOT_ESTABLISHED	NOT_ESTABLISHED	NOT_ESTABLISHED	NOT_ESTABLISHED	Unknown	NOT_ESTABLISHED	NOT_ESTABLISHED	n/a — passed	PHPUnit JUnit run 2026-08-12 (L1 only)	NOT_ESTABLISHED	NOT_ESTABLISHED	NOT_ESTABLISHED	NOT_ESTABLISHED
Tests\Unit\Application\Election\ElectionCapabilityResolverTrustIntegrationTest::test_overlay_policy_runs_before_trust_policy	Tests\Unit\Application\Election\ElectionCapabilityResolverTrustIntegrationTest	test_overlay_policy_runs_before_trust_policy	ERROR	0	0.031	Error: Call to undefined method App\Domain\Election\Security\VotingTrustResult::allow()	Application (structural)	Election — general	NOT_ESTABLISHED — not read	NOT_ESTABLISHED	NOT_ESTABLISHED	NOT_ESTABLISHED	NOT_ESTABLISHED	NOT_ESTABLISHED	NOT_ESTABLISHED	NOT_ESTABLISHED	Unknown	NOT_ESTABLISHED	NOT_ESTABLISHED	Mechanism PARTLY established — references App\Domain\Election\Security\OverlayInfluenceContext, which EXISTS NOWHERE in app/. Whether it was removed or never built is NOT ESTABLISHED, so 'obsolete reference' vs 'unbuilt capability' cannot be chosen	JUnit run 2026-08-12; find over app/ returning no such class	Contributes nothing at present	Trust-integration behaviour for capability resolution is currently UNVERIFIED	NOT_ESTABLISHED	Does OverlayInfluenceContext represent a capability that was withdrawn, or one never delivered? This is the PBDIGIT-48 question shape and may be a business question
Tests\Unit\Application\Election\ElectionCapabilityResolverTrustIntegrationTest::test_policies_evaluated_in_priority_order	Tests\Unit\Application\Election\ElectionCapabilityResolverTrustIntegrationTest	test_policies_evaluated_in_priority_order	ERROR	0	0.030	Error: Class "App\Domain\Election\Security\OverlayInfluenceContext" not found	Application (structural)	Election — general	NOT_ESTABLISHED — not read	NOT_ESTABLISHED	NOT_ESTABLISHED	NOT_ESTABLISHED	NOT_ESTABLISHED	NOT_ESTABLISHED	NOT_ESTABLISHED	NOT_ESTABLISHED	Unknown	NOT_ESTABLISHED	NOT_ESTABLISHED	Mechanism PARTLY established — references App\Domain\Election\Security\OverlayInfluenceContext, which EXISTS NOWHERE in app/. Whether it was removed or never built is NOT ESTABLISHED, so 'obsolete reference' vs 'unbuilt capability' cannot be chosen	JUnit run 2026-08-12; find over app/ returning no such class	Contributes nothing at present	Trust-integration behaviour for capability resolution is currently UNVERIFIED	NOT_ESTABLISHED	Does OverlayInfluenceContext represent a capability that was withdrawn, or one never delivered? This is the PBDIGIT-48 question shape and may be a business question
Tests\Unit\Application\Election\ElectionCapabilityResolverTrustIntegrationTest::test_resolver_allows_vote_when_trust_passes	Tests\Unit\Application\Election\ElectionCapabilityResolverTrustIntegrationTest	test_resolver_allows_vote_when_trust_passes	ERROR	0	0.033	Error: Class "App\Domain\Election\Security\OverlayInfluenceContext" not found	Application (structural)	Election — general	NOT_ESTABLISHED — not read	NOT_ESTABLISHED	NOT_ESTABLISHED	NOT_ESTABLISHED	NOT_ESTABLISHED	NOT_ESTABLISHED	NOT_ESTABLISHED	NOT_ESTABLISHED	Unknown	NOT_ESTABLISHED	NOT_ESTABLISHED	Mechanism PARTLY established — references App\Domain\Election\Security\OverlayInfluenceContext, which EXISTS NOWHERE in app/. Whether it was removed or never built is NOT ESTABLISHED, so 'obsolete reference' vs 'unbuilt capability' cannot be chosen	JUnit run 2026-08-12; find over app/ returning no such class	Contributes nothing at present	Trust-integration behaviour for capability resolution is currently UNVERIFIED	NOT_ESTABLISHED	Does OverlayInfluenceContext represent a capability that was withdrawn, or one never delivered? This is the PBDIGIT-48 question shape and may be a business question
Tests\Unit\Application\Election\ElectionCapabilityResolverTrustIntegrationTest::test_resolver_denies_when_result_not_trusted	Tests\Unit\Application\Election\ElectionCapabilityResolverTrustIntegrationTest	test_resolver_denies_when_result_not_trusted	ERROR	0	0.030	Error: Class "App\Domain\Election\Security\OverlayInfluenceContext" not found	Application (structural)	Election — general	NOT_ESTABLISHED — not read	NOT_ESTABLISHED	NOT_ESTABLISHED	NOT_ESTABLISHED	NOT_ESTABLISHED	NOT_ESTABLISHED	NOT_ESTABLISHED	NOT_ESTABLISHED	Unknown	NOT_ESTABLISHED	NOT_ESTABLISHED	Mechanism PARTLY established — references App\Domain\Election\Security\OverlayInfluenceContext, which EXISTS NOWHERE in app/. Whether it was removed or never built is NOT ESTABLISHED, so 'obsolete reference' vs 'unbuilt capability' cannot be chosen	JUnit run 2026-08-12; find over app/ returning no such class	Contributes nothing at present	Trust-integration behaviour for capability resolution is currently UNVERIFIED	NOT_ESTABLISHED	Does OverlayInfluenceContext represent a capability that was withdrawn, or one never delivered? This is the PBDIGIT-48 question shape and may be a business question
Tests\Unit\Application\Election\ElectionCapabilityResolverTrustIntegrationTest::test_resolver_denies_when_trust_policy_returns_constitutional_review_pending	Tests\Unit\Application\Election\ElectionCapabilityResolverTrustIntegrationTest	test_resolver_denies_when_trust_policy_returns_constitutional_review_pending	ERROR	0	0.032	Error: Class "App\Domain\Election\Security\OverlayInfluenceContext" not found	Application (structural)	Election — general	NOT_ESTABLISHED — not read	NOT_ESTABLISHED	NOT_ESTABLISHED	NOT_ESTABLISHED	NOT_ESTABLISHED	NOT_ESTABLISHED	NOT_ESTABLISHED	NOT_ESTABLISHED	Unknown	NOT_ESTABLISHED	NOT_ESTABLISHED	Mechanism PARTLY established — references App\Domain\Election\Security\OverlayInfluenceContext, which EXISTS NOWHERE in app/. Whether it was removed or never built is NOT ESTABLISHED, so 'obsolete reference' vs 'unbuilt capability' cannot be chosen	JUnit run 2026-08-12; find over app/ returning no such class	Contributes nothing at present	Trust-integration behaviour for capability resolution is currently UNVERIFIED	NOT_ESTABLISHED	Does OverlayInfluenceContext represent a capability that was withdrawn, or one never delivered? This is the PBDIGIT-48 question shape and may be a business question
Tests\Unit\Application\Election\ElectionCapabilityResolverTrustIntegrationTest::test_resolver_denies_when_trust_policy_returns_trust_evaluation_inconclusive	Tests\Unit\Application\Election\ElectionCapabilityResolverTrustIntegrationTest	test_resolver_denies_when_trust_policy_returns_trust_evaluation_inconclusive	ERROR	0	0.030	Error: Class "App\Domain\Election\Security\OverlayInfluenceContext" not found	Application (structural)	Election — general	NOT_ESTABLISHED — not read	NOT_ESTABLISHED	NOT_ESTABLISHED	NOT_ESTABLISHED	NOT_ESTABLISHED	NOT_ESTABLISHED	NOT_ESTABLISHED	NOT_ESTABLISHED	Unknown	NOT_ESTABLISHED	NOT_ESTABLISHED	Mechanism PARTLY established — references App\Domain\Election\Security\OverlayInfluenceContext, which EXISTS NOWHERE in app/. Whether it was removed or never built is NOT ESTABLISHED, so 'obsolete reference' vs 'unbuilt capability' cannot be chosen	JUnit run 2026-08-12; find over app/ returning no such class	Contributes nothing at present	Trust-integration behaviour for capability resolution is currently UNVERIFIED	NOT_ESTABLISHED	Does OverlayInfluenceContext represent a capability that was withdrawn, or one never delivered? This is the PBDIGIT-48 question shape and may be a business question
Tests\Unit\Application\Election\ElectionCapabilityResolverTrustIntegrationTest::test_resolver_with_no_trust_in_context_allows_voting	Tests\Unit\Application\Election\ElectionCapabilityResolverTrustIntegrationTest	test_resolver_with_no_trust_in_context_allows_voting	PASSED	1	0.031		Application (structural)	Election — general	NOT_ESTABLISHED — not read	NOT_ESTABLISHED	NOT_ESTABLISHED	NOT_ESTABLISHED	NOT_ESTABLISHED	NOT_ESTABLISHED	NOT_ESTABLISHED	NOT_ESTABLISHED	Unknown	NOT_ESTABLISHED	NOT_ESTABLISHED	Mechanism PARTLY established — references App\Domain\Election\Security\OverlayInfluenceContext, which EXISTS NOWHERE in app/. Whether it was removed or never built is NOT ESTABLISHED, so 'obsolete reference' vs 'unbuilt capability' cannot be chosen	JUnit run 2026-08-12; find over app/ returning no such class	Contributes nothing at present	Trust-integration behaviour for capability resolution is currently UNVERIFIED	NOT_ESTABLISHED	Does OverlayInfluenceContext represent a capability that was withdrawn, or one never delivered? This is the PBDIGIT-48 question shape and may be a business question
Tests\Unit\Application\Election\ElectionCapabilityResolverTrustIntegrationTest::test_trust_policy_runs_before_lifecycle_policy	Tests\Unit\Application\Election\ElectionCapabilityResolverTrustIntegrationTest	test_trust_policy_runs_before_lifecycle_policy	ERROR	0	0.031	Error: Class "App\Domain\Election\Security\OverlayInfluenceContext" not found	Application (structural)	Election — general	NOT_ESTABLISHED — not read	NOT_ESTABLISHED	NOT_ESTABLISHED	NOT_ESTABLISHED	NOT_ESTABLISHED	NOT_ESTABLISHED	NOT_ESTABLISHED	NOT_ESTABLISHED	Unknown	NOT_ESTABLISHED	NOT_ESTABLISHED	Mechanism PARTLY established — references App\Domain\Election\Security\OverlayInfluenceContext, which EXISTS NOWHERE in app/. Whether it was removed or never built is NOT ESTABLISHED, so 'obsolete reference' vs 'unbuilt capability' cannot be chosen	JUnit run 2026-08-12; find over app/ returning no such class	Contributes nothing at present	Trust-integration behaviour for capability resolution is currently UNVERIFIED	NOT_ESTABLISHED	Does OverlayInfluenceContext represent a capability that was withdrawn, or one never delivered? This is the PBDIGIT-48 question shape and may be a business question
Tests\Unit\Application\Election\ElectionCapabilitySnapshotTest::test_can_check_capability	Tests\Unit\Application\Election\ElectionCapabilitySnapshotTest	test_can_check_capability	PASSED	3	0.000		Application (structural)	Election — general	NOT_ESTABLISHED	NOT_ESTABLISHED	NOT_ESTABLISHED	NOT_ESTABLISHED	NOT_ESTABLISHED	NOT_ESTABLISHED	NOT_ESTABLISHED	NOT_ESTABLISHED	Unknown	NOT_ESTABLISHED	NOT_ESTABLISHED	n/a — passed	PHPUnit JUnit run 2026-08-12 (L1 only)	NOT_ESTABLISHED	NOT_ESTABLISHED	NOT_ESTABLISHED	NOT_ESTABLISHED
Tests\Unit\Application\Election\ElectionCapabilitySnapshotTest::test_denial_detail_method	Tests\Unit\Application\Election\ElectionCapabilitySnapshotTest	test_denial_detail_method	PASSED	1	0.000		Application (structural)	Election — general	NOT_ESTABLISHED	NOT_ESTABLISHED	NOT_ESTABLISHED	NOT_ESTABLISHED	NOT_ESTABLISHED	NOT_ESTABLISHED	NOT_ESTABLISHED	NOT_ESTABLISHED	Unknown	NOT_ESTABLISHED	NOT_ESTABLISHED	n/a — passed	PHPUnit JUnit run 2026-08-12 (L1 only)	NOT_ESTABLISHED	NOT_ESTABLISHED	NOT_ESTABLISHED	NOT_ESTABLISHED
Tests\Unit\Application\Election\ElectionCapabilitySnapshotTest::test_denial_detail_returns_null_when_allowed	Tests\Unit\Application\Election\ElectionCapabilitySnapshotTest	test_denial_detail_returns_null_when_allowed	PASSED	1	0.000		Application (structural)	Election — general	NOT_ESTABLISHED	NOT_ESTABLISHED	NOT_ESTABLISHED	NOT_ESTABLISHED	NOT_ESTABLISHED	NOT_ESTABLISHED	NOT_ESTABLISHED	NOT_ESTABLISHED	Unknown	NOT_ESTABLISHED	NOT_ESTABLISHED	n/a — passed	PHPUnit JUnit run 2026-08-12 (L1 only)	NOT_ESTABLISHED	NOT_ESTABLISHED	NOT_ESTABLISHED	NOT_ESTABLISHED
Tests\Unit\Application\Election\ElectionCapabilitySnapshotTest::test_denial_reason_returns_null_for_allowed	Tests\Unit\Application\Election\ElectionCapabilitySnapshotTest	test_denial_reason_returns_null_for_allowed	PASSED	1	0.000		Application (structural)	Election — general	NOT_ESTABLISHED	NOT_ESTABLISHED	NOT_ESTABLISHED	NOT_ESTABLISHED	NOT_ESTABLISHED	NOT_ESTABLISHED	NOT_ESTABLISHED	NOT_ESTABLISHED	Unknown	NOT_ESTABLISHED	NOT_ESTABLISHED	n/a — passed	PHPUnit JUnit run 2026-08-12 (L1 only)	NOT_ESTABLISHED	NOT_ESTABLISHED	NOT_ESTABLISHED	NOT_ESTABLISHED
Tests\Unit\Application\Election\ElectionCapabilitySnapshotTest::test_denial_reason_returns_null_for_nonexistent	Tests\Unit\Application\Election\ElectionCapabilitySnapshotTest	test_denial_reason_returns_null_for_nonexistent	PASSED	1	0.000		Application (structural)	Election — general	NOT_ESTABLISHED	NOT_ESTABLISHED	NOT_ESTABLISHED	NOT_ESTABLISHED	NOT_ESTABLISHED	NOT_ESTABLISHED	NOT_ESTABLISHED	NOT_ESTABLISHED	Unknown	NOT_ESTABLISHED	NOT_ESTABLISHED	n/a — passed	PHPUnit JUnit run 2026-08-12 (L1 only)	NOT_ESTABLISHED	NOT_ESTABLISHED	NOT_ESTABLISHED	NOT_ESTABLISHED
Tests\Unit\Application\Election\ElectionCapabilitySnapshotTest::test_denial_reason_returns_reason_for_denied	Tests\Unit\Application\Election\ElectionCapabilitySnapshotTest	test_denial_reason_returns_reason_for_denied	PASSED	1	0.000		Application (structural)	Election — general	NOT_ESTABLISHED	NOT_ESTABLISHED	NOT_ESTABLISHED	NOT_ESTABLISHED	NOT_ESTABLISHED	NOT_ESTABLISHED	NOT_ESTABLISHED	NOT_ESTABLISHED	Unknown	NOT_ESTABLISHED	NOT_ESTABLISHED	n/a — passed	PHPUnit JUnit run 2026-08-12 (L1 only)	NOT_ESTABLISHED	NOT_ESTABLISHED	NOT_ESTABLISHED	NOT_ESTABLISHED
Tests\Unit\Application\Election\ElectionCapabilitySnapshotTest::test_empty_snapshot	Tests\Unit\Application\Election\ElectionCapabilitySnapshotTest	test_empty_snapshot	PASSED	4	0.000		Application (structural)	Election — general	NOT_ESTABLISHED	NOT_ESTABLISHED	NOT_ESTABLISHED	NOT_ESTABLISHED	NOT_ESTABLISHED	NOT_ESTABLISHED	NOT_ESTABLISHED	NOT_ESTABLISHED	Unknown	NOT_ESTABLISHED	NOT_ESTABLISHED	n/a — passed	PHPUnit JUnit run 2026-08-12 (L1 only)	NOT_ESTABLISHED	NOT_ESTABLISHED	NOT_ESTABLISHED	NOT_ESTABLISHED
Tests\Unit\Application\Election\ElectionCapabilitySnapshotTest::test_snapshot_is_immutable	Tests\Unit\Application\Election\ElectionCapabilitySnapshotTest	test_snapshot_is_immutable	PASSED	2	0.000		Application (structural)	Election — general	NOT_ESTABLISHED	NOT_ESTABLISHED	NOT_ESTABLISHED	NOT_ESTABLISHED	NOT_ESTABLISHED	NOT_ESTABLISHED	NOT_ESTABLISHED	NOT_ESTABLISHED	Unknown	NOT_ESTABLISHED	NOT_ESTABLISHED	n/a — passed	PHPUnit JUnit run 2026-08-12 (L1 only)	NOT_ESTABLISHED	NOT_ESTABLISHED	NOT_ESTABLISHED	NOT_ESTABLISHED
Tests\Unit\Application\Election\ElectionCapabilitySnapshotTest::test_snapshot_with_all_properties	Tests\Unit\Application\Election\ElectionCapabilitySnapshotTest	test_snapshot_with_all_properties	PASSED	4	0.000		Application (structural)	Election — general	NOT_ESTABLISHED	NOT_ESTABLISHED	NOT_ESTABLISHED	NOT_ESTABLISHED	NOT_ESTABLISHED	NOT_ESTABLISHED	NOT_ESTABLISHED	NOT_ESTABLISHED	Unknown	NOT_ESTABLISHED	NOT_ESTABLISHED	n/a — passed	PHPUnit JUnit run 2026-08-12 (L1 only)	NOT_ESTABLISHED	NOT_ESTABLISHED	NOT_ESTABLISHED	NOT_ESTABLISHED
Tests\Unit\Application\Election\ElectionCapabilitySnapshotTest::test_suspension_flag	Tests\Unit\Application\Election\ElectionCapabilitySnapshotTest	test_suspension_flag	PASSED	2	0.000		Application (structural)	Election — general	NOT_ESTABLISHED	NOT_ESTABLISHED	NOT_ESTABLISHED	NOT_ESTABLISHED	NOT_ESTABLISHED	NOT_ESTABLISHED	NOT_ESTABLISHED	NOT_ESTABLISHED	Unknown	NOT_ESTABLISHED	NOT_ESTABLISHED	n/a — passed	PHPUnit JUnit run 2026-08-12 (L1 only)	NOT_ESTABLISHED	NOT_ESTABLISHED	NOT_ESTABLISHED	NOT_ESTABLISHED
Tests\Unit\Application\Election\ElectionCapabilitySnapshotTest::test_trace_methods	Tests\Unit\Application\Election\ElectionCapabilitySnapshotTest	test_trace_methods	PASSED	2	0.000		Application (structural)	Election — general	NOT_ESTABLISHED	NOT_ESTABLISHED	NOT_ESTABLISHED	NOT_ESTABLISHED	NOT_ESTABLISHED	NOT_ESTABLISHED	NOT_ESTABLISHED	NOT_ESTABLISHED	Unknown	NOT_ESTABLISHED	NOT_ESTABLISHED	n/a — passed	PHPUnit JUnit run 2026-08-12 (L1 only)	NOT_ESTABLISHED	NOT_ESTABLISHED	NOT_ESTABLISHED	NOT_ESTABLISHED
Tests\Unit\Application\Election\ElectionLifecycleContractTest::contract_is_bound_in_service_container	Tests\Unit\Application\Election\ElectionLifecycleContractTest	contract_is_bound_in_service_container	PASSED	1	0.028		Application (structural)	Election — general	NOT_ESTABLISHED	NOT_ESTABLISHED	NOT_ESTABLISHED	NOT_ESTABLISHED	NOT_ESTABLISHED	NOT_ESTABLISHED	NOT_ESTABLISHED	NOT_ESTABLISHED	Unknown	NOT_ESTABLISHED	NOT_ESTABLISHED	n/a — passed	PHPUnit JUnit run 2026-08-12 (L1 only)	NOT_ESTABLISHED	NOT_ESTABLISHED	NOT_ESTABLISHED	NOT_ESTABLISHED
Tests\Unit\Application\Election\ElectionLifecycleContractTest::contract_of_lifecycle_can_vote_returns_bool	Tests\Unit\Application\Election\ElectionLifecycleContractTest	contract_of_lifecycle_can_vote_returns_bool	PASSED	1	0.039		Application (structural)	Election — general	NOT_ESTABLISHED	NOT_ESTABLISHED	NOT_ESTABLISHED	NOT_ESTABLISHED	NOT_ESTABLISHED	NOT_ESTABLISHED	NOT_ESTABLISHED	NOT_ESTABLISHED	Unknown	NOT_ESTABLISHED	NOT_ESTABLISHED	n/a — passed	PHPUnit JUnit run 2026-08-12 (L1 only)	NOT_ESTABLISHED	NOT_ESTABLISHED	NOT_ESTABLISHED	NOT_ESTABLISHED
Tests\Unit\Application\Election\ElectionLifecycleContractTest::contract_of_returns_lifecycle_instance	Tests\Unit\Application\Election\ElectionLifecycleContractTest	contract_of_returns_lifecycle_instance	PASSED	1	0.041		Application (structural)	Election — general	NOT_ESTABLISHED	NOT_ESTABLISHED	NOT_ESTABLISHED	NOT_ESTABLISHED	NOT_ESTABLISHED	NOT_ESTABLISHED	NOT_ESTABLISHED	NOT_ESTABLISHED	Unknown	NOT_ESTABLISHED	NOT_ESTABLISHED	n/a — passed	PHPUnit JUnit run 2026-08-12 (L1 only)	NOT_ESTABLISHED	NOT_ESTABLISHED	NOT_ESTABLISHED	NOT_ESTABLISHED
Tests\Unit\Application\Election\ElectionLifecycleContractTest::contract_resolves_to_factory_instance	Tests\Unit\Application\Election\ElectionLifecycleContractTest	contract_resolves_to_factory_instance	PASSED	1	0.035		Application (structural)	Election — general	NOT_ESTABLISHED	NOT_ESTABLISHED	NOT_ESTABLISHED	NOT_ESTABLISHED	NOT_ESTABLISHED	NOT_ESTABLISHED	NOT_ESTABLISHED	NOT_ESTABLISHED	Unknown	NOT_ESTABLISHED	NOT_ESTABLISHED	n/a — passed	PHPUnit JUnit run 2026-08-12 (L1 only)	NOT_ESTABLISHED	NOT_ESTABLISHED	NOT_ESTABLISHED	NOT_ESTABLISHED
Tests\Unit\Application\Election\ElectionLifecycleFacadeTest::facade_accepts_pre_computed_snapshot	Tests\Unit\Application\Election\ElectionLifecycleFacadeTest	facade_accepts_pre_computed_snapshot	PASSED	1	0.055		Application (structural)	Election — general	NOT_ESTABLISHED	NOT_ESTABLISHED	NOT_ESTABLISHED	NOT_ESTABLISHED	NOT_ESTABLISHED	NOT_ESTABLISHED	NOT_ESTABLISHED	NOT_ESTABLISHED	Unknown	NOT_ESTABLISHED	NOT_ESTABLISHED	n/a — passed	PHPUnit JUnit run 2026-08-12 (L1 only)	NOT_ESTABLISHED	NOT_ESTABLISHED	NOT_ESTABLISHED	NOT_ESTABLISHED
Tests\Unit\Application\Election\ElectionLifecycleFacadeTest::facade_allows_non_deprecated_field_queries	Tests\Unit\Application\Election\ElectionLifecycleFacadeTest	facade_allows_non_deprecated_field_queries	PASSED	1	0.039		Application (structural)	Election — general	NOT_ESTABLISHED	NOT_ESTABLISHED	NOT_ESTABLISHED	NOT_ESTABLISHED	NOT_ESTABLISHED	NOT_ESTABLISHED	NOT_ESTABLISHED	NOT_ESTABLISHED	Unknown	NOT_ESTABLISHED	NOT_ESTABLISHED	n/a — passed	PHPUnit JUnit run 2026-08-12 (L1 only)	NOT_ESTABLISHED	NOT_ESTABLISHED	NOT_ESTABLISHED	NOT_ESTABLISHED
Tests\Unit\Application\Election\ElectionLifecycleFacadeTest::facade_canEdit_delegates_to_snapshot	Tests\Unit\Application\Election\ElectionLifecycleFacadeTest	facade_canEdit_delegates_to_snapshot	PASSED	1	0.039		Application (structural)	Election — general	NOT_ESTABLISHED	NOT_ESTABLISHED	NOT_ESTABLISHED	NOT_ESTABLISHED	NOT_ESTABLISHED	NOT_ESTABLISHED	NOT_ESTABLISHED	NOT_ESTABLISHED	Unknown	NOT_ESTABLISHED	NOT_ESTABLISHED	n/a — passed	PHPUnit JUnit run 2026-08-12 (L1 only)	NOT_ESTABLISHED	NOT_ESTABLISHED	NOT_ESTABLISHED	NOT_ESTABLISHED
Tests\Unit\Application\Election\ElectionLifecycleFacadeTest::facade_canManageVoters_delegates_to_snapshot	Tests\Unit\Application\Election\ElectionLifecycleFacadeTest	facade_canManageVoters_delegates_to_snapshot	PASSED	1	0.043		Application (structural)	Election — general	NOT_ESTABLISHED	NOT_ESTABLISHED	NOT_ESTABLISHED	NOT_ESTABLISHED	NOT_ESTABLISHED	NOT_ESTABLISHED	NOT_ESTABLISHED	NOT_ESTABLISHED	Unknown	NOT_ESTABLISHED	NOT_ESTABLISHED	n/a — passed	PHPUnit JUnit run 2026-08-12 (L1 only)	NOT_ESTABLISHED	NOT_ESTABLISHED	NOT_ESTABLISHED	NOT_ESTABLISHED
Tests\Unit\Application\Election\ElectionLifecycleFacadeTest::facade_canPublishResults_delegates_to_snapshot	Tests\Unit\Application\Election\ElectionLifecycleFacadeTest	facade_canPublishResults_delegates_to_snapshot	PASSED	1	0.039		Application (structural)	Election — general	NOT_ESTABLISHED	NOT_ESTABLISHED	NOT_ESTABLISHED	NOT_ESTABLISHED	NOT_ESTABLISHED	NOT_ESTABLISHED	NOT_ESTABLISHED	NOT_ESTABLISHED	Unknown	NOT_ESTABLISHED	NOT_ESTABLISHED	n/a — passed	PHPUnit JUnit run 2026-08-12 (L1 only)	NOT_ESTABLISHED	NOT_ESTABLISHED	NOT_ESTABLISHED	NOT_ESTABLISHED
Tests\Unit\Application\Election\ElectionLifecycleFacadeTest::facade_canVote_delegates_to_snapshot	Tests\Unit\Application\Election\ElectionLifecycleFacadeTest	facade_canVote_delegates_to_snapshot	PASSED	1	0.039		Application (structural)	Election — general	NOT_ESTABLISHED	NOT_ESTABLISHED	NOT_ESTABLISHED	NOT_ESTABLISHED	NOT_ESTABLISHED	NOT_ESTABLISHED	NOT_ESTABLISHED	NOT_ESTABLISHED	Unknown	NOT_ESTABLISHED	NOT_ESTABLISHED	n/a — passed	PHPUnit JUnit run 2026-08-12 (L1 only)	NOT_ESTABLISHED	NOT_ESTABLISHED	NOT_ESTABLISHED	NOT_ESTABLISHED
Tests\Unit\Application\Election\ElectionLifecycleFacadeTest::facade_can_be_used_in_type_hints	Tests\Unit\Application\Election\ElectionLifecycleFacadeTest	facade_can_be_used_in_type_hints	PASSED	1	0.038		Application (structural)	Election — general	NOT_ESTABLISHED	NOT_ESTABLISHED	NOT_ESTABLISHED	NOT_ESTABLISHED	NOT_ESTABLISHED	NOT_ESTABLISHED	NOT_ESTABLISHED	NOT_ESTABLISHED	Unknown	NOT_ESTABLISHED	NOT_ESTABLISHED	n/a — passed	PHPUnit JUnit run 2026-08-12 (L1 only)	NOT_ESTABLISHED	NOT_ESTABLISHED	NOT_ESTABLISHED	NOT_ESTABLISHED
Tests\Unit\Application\Election\ElectionLifecycleFacadeTest::facade_exposes_allowedActions	Tests\Unit\Application\Election\ElectionLifecycleFacadeTest	facade_exposes_allowedActions	PASSED	1	0.042		Application (structural)	Election — general	NOT_ESTABLISHED	NOT_ESTABLISHED	NOT_ESTABLISHED	NOT_ESTABLISHED	NOT_ESTABLISHED	NOT_ESTABLISHED	NOT_ESTABLISHED	NOT_ESTABLISHED	Unknown	NOT_ESTABLISHED	NOT_ESTABLISHED	n/a — passed	PHPUnit JUnit run 2026-08-12 (L1 only)	NOT_ESTABLISHED	NOT_ESTABLISHED	NOT_ESTABLISHED	NOT_ESTABLISHED
Tests\Unit\Application\Election\ElectionLifecycleFacadeTest::facade_exposes_blockedReason	Tests\Unit\Application\Election\ElectionLifecycleFacadeTest	facade_exposes_blockedReason	PASSED	1	0.041		Application (structural)	Election — general	NOT_ESTABLISHED	NOT_ESTABLISHED	NOT_ESTABLISHED	NOT_ESTABLISHED	NOT_ESTABLISHED	NOT_ESTABLISHED	NOT_ESTABLISHED	NOT_ESTABLISHED	Unknown	NOT_ESTABLISHED	NOT_ESTABLISHED	n/a — passed	PHPUnit JUnit run 2026-08-12 (L1 only)	NOT_ESTABLISHED	NOT_ESTABLISHED	NOT_ESTABLISHED	NOT_ESTABLISHED
Tests\Unit\Application\Election\ElectionLifecycleFacadeTest::facade_exposes_election_passthrough	Tests\Unit\Application\Election\ElectionLifecycleFacadeTest	facade_exposes_election_passthrough	PASSED	3	0.042		Application (structural)	Election — general	NOT_ESTABLISHED	NOT_ESTABLISHED	NOT_ESTABLISHED	NOT_ESTABLISHED	NOT_ESTABLISHED	NOT_ESTABLISHED	NOT_ESTABLISHED	NOT_ESTABLISHED	Unknown	NOT_ESTABLISHED	NOT_ESTABLISHED	n/a — passed	PHPUnit JUnit run 2026-08-12 (L1 only)	NOT_ESTABLISHED	NOT_ESTABLISHED	NOT_ESTABLISHED	NOT_ESTABLISHED
Tests\Unit\Application\Election\ElectionLifecycleFacadeTest::facade_exposes_isActionAllowed	Tests\Unit\Application\Election\ElectionLifecycleFacadeTest	facade_exposes_isActionAllowed	PASSED	1	0.039		Application (structural)	Election — general	NOT_ESTABLISHED	NOT_ESTABLISHED	NOT_ESTABLISHED	NOT_ESTABLISHED	NOT_ESTABLISHED	NOT_ESTABLISHED	NOT_ESTABLISHED	NOT_ESTABLISHED	Unknown	NOT_ESTABLISHED	NOT_ESTABLISHED	n/a — passed	PHPUnit JUnit run 2026-08-12 (L1 only)	NOT_ESTABLISHED	NOT_ESTABLISHED	NOT_ESTABLISHED	NOT_ESTABLISHED
Tests\Unit\Application\Election\ElectionLifecycleFacadeTest::facade_exposes_isInSetup	Tests\Unit\Application\Election\ElectionLifecycleFacadeTest	facade_exposes_isInSetup	PASSED	1	0.039		Application (structural)	Election — general	NOT_ESTABLISHED	NOT_ESTABLISHED	NOT_ESTABLISHED	NOT_ESTABLISHED	NOT_ESTABLISHED	NOT_ESTABLISHED	NOT_ESTABLISHED	NOT_ESTABLISHED	Unknown	NOT_ESTABLISHED	NOT_ESTABLISHED	n/a — passed	PHPUnit JUnit run 2026-08-12 (L1 only)	NOT_ESTABLISHED	NOT_ESTABLISHED	NOT_ESTABLISHED	NOT_ESTABLISHED
Tests\Unit\Application\Election\ElectionLifecycleFacadeTest::facade_exposes_isLocked	Tests\Unit\Application\Election\ElectionLifecycleFacadeTest	facade_exposes_isLocked	PASSED	1	0.038		Application (structural)	Election — general	NOT_ESTABLISHED	NOT_ESTABLISHED	NOT_ESTABLISHED	NOT_ESTABLISHED	NOT_ESTABLISHED	NOT_ESTABLISHED	NOT_ESTABLISHED	NOT_ESTABLISHED	Unknown	NOT_ESTABLISHED	NOT_ESTABLISHED	n/a — passed	PHPUnit JUnit run 2026-08-12 (L1 only)	NOT_ESTABLISHED	NOT_ESTABLISHED	NOT_ESTABLISHED	NOT_ESTABLISHED
Tests\Unit\Application\Election\ElectionLifecycleFacadeTest::facade_exposes_isTerminal	Tests\Unit\Application\Election\ElectionLifecycleFacadeTest	facade_exposes_isTerminal	PASSED	1	0.043		Application (structural)	Election — general	NOT_ESTABLISHED	NOT_ESTABLISHED	NOT_ESTABLISHED	NOT_ESTABLISHED	NOT_ESTABLISHED	NOT_ESTABLISHED	NOT_ESTABLISHED	NOT_ESTABLISHED	Unknown	NOT_ESTABLISHED	NOT_ESTABLISHED	n/a — passed	PHPUnit JUnit run 2026-08-12 (L1 only)	NOT_ESTABLISHED	NOT_ESTABLISHED	NOT_ESTABLISHED	NOT_ESTABLISHED
Tests\Unit\Application\Election\ElectionLifecycleFacadeTest::facade_exposes_isVotingPhase	Tests\Unit\Application\Election\ElectionLifecycleFacadeTest	facade_exposes_isVotingPhase	PASSED	1	0.038		Application (structural)	Election — general	NOT_ESTABLISHED	NOT_ESTABLISHED	NOT_ESTABLISHED	NOT_ESTABLISHED	NOT_ESTABLISHED	NOT_ESTABLISHED	NOT_ESTABLISHED	NOT_ESTABLISHED	Unknown	NOT_ESTABLISHED	NOT_ESTABLISHED	n/a — passed	PHPUnit JUnit run 2026-08-12 (L1 only)	NOT_ESTABLISHED	NOT_ESTABLISHED	NOT_ESTABLISHED	NOT_ESTABLISHED
Tests\Unit\Application\Election\ElectionLifecycleFacadeTest::facade_guards_queries_against_deprecated_fields	Tests\Unit\Application\Election\ElectionLifecycleFacadeTest	facade_guards_queries_against_deprecated_fields	FAILURE	1	0.039	Failed asserting that exception of type "App\Exceptions\DeprecatedQueryException" is thrown.	Application (structural)	Election — general	NOT_ESTABLISHED	NOT_ESTABLISHED	NOT_ESTABLISHED	NOT_ESTABLISHED	NOT_ESTABLISHED	NOT_ESTABLISHED	NOT_ESTABLISHED	NOT_ESTABLISHED	Unknown	NOT_ESTABLISHED	NOT_ESTABLISHED	Mechanism not yet established	PHPUnit JUnit run 2026-08-12 (L1 only)	NOT_ESTABLISHED	NOT_ESTABLISHED	NOT_ESTABLISHED	NOT_ESTABLISHED
Tests\Unit\Application\Election\ElectionLifecycleFacadeTest::facade_preserves_canTransitionTo_for_backward_compatibility	Tests\Unit\Application\Election\ElectionLifecycleFacadeTest	facade_preserves_canTransitionTo_for_backward_compatibility	ERROR	0	0.041	Error: Call to undefined method App\Application\Election\Facades\ElectionLifecycle::canTransitionTo()	Application (structural)	Election — general	NOT_ESTABLISHED	NOT_ESTABLISHED	NOT_ESTABLISHED	NOT_ESTABLISHED	NOT_ESTABLISHED	NOT_ESTABLISHED	NOT_ESTABLISHED	NOT_ESTABLISHED	Unknown	NOT_ESTABLISHED	NOT_ESTABLISHED	Mechanism not yet established	PHPUnit JUnit run 2026-08-12 (L1 only)	NOT_ESTABLISHED	NOT_ESTABLISHED	NOT_ESTABLISHED	NOT_ESTABLISHED
Tests\Unit\Application\Election\ElectionLifecycleFacadeTest::facade_returns_current_state	Tests\Unit\Application\Election\ElectionLifecycleFacadeTest	facade_returns_current_state	PASSED	1	0.043		Application (structural)	Election — general	NOT_ESTABLISHED	NOT_ESTABLISHED	NOT_ESTABLISHED	NOT_ESTABLISHED	NOT_ESTABLISHED	NOT_ESTABLISHED	NOT_ESTABLISHED	NOT_ESTABLISHED	Unknown	NOT_ESTABLISHED	NOT_ESTABLISHED	n/a — passed	PHPUnit JUnit run 2026-08-12 (L1 only)	NOT_ESTABLISHED	NOT_ESTABLISHED	NOT_ESTABLISHED	NOT_ESTABLISHED
Tests\Unit\Application\Election\ElectionLifecycleFacadeTest::facade_wraps_election_and_provides_snapshot	Tests\Unit\Application\Election\ElectionLifecycleFacadeTest	facade_wraps_election_and_provides_snapshot	PASSED	2	0.039		Application (structural)	Election — general	NOT_ESTABLISHED	NOT_ESTABLISHED	NOT_ESTABLISHED	NOT_ESTABLISHED	NOT_ESTABLISHED	NOT_ESTABLISHED	NOT_ESTABLISHED	NOT_ESTABLISHED	Unknown	NOT_ESTABLISHED	NOT_ESTABLISHED	n/a — passed	PHPUnit JUnit run 2026-08-12 (L1 only)	NOT_ESTABLISHED	NOT_ESTABLISHED	NOT_ESTABLISHED	NOT_ESTABLISHED
Tests\Unit\Application\Election\ElectionReadModelTest::read_model_can_wrap_any_election	Tests\Unit\Application\Election\ElectionReadModelTest	read_model_can_wrap_any_election	ERROR	0	0.037	Error: Undefined constant App\Application\Election\Deprecation\DeprecationPolicy::MODE	Application (structural)	Election — general	NOT_ESTABLISHED	NOT_ESTABLISHED	NOT_ESTABLISHED	NOT_ESTABLISHED	NOT_ESTABLISHED	NOT_ESTABLISHED	NOT_ESTABLISHED	NOT_ESTABLISHED	Unknown	NOT_ESTABLISHED	NOT_ESTABLISHED	Mechanism not yet established	PHPUnit JUnit run 2026-08-12 (L1 only)	NOT_ESTABLISHED	NOT_ESTABLISHED	NOT_ESTABLISHED	NOT_ESTABLISHED
Tests\Unit\Application\Election\ElectionReadModelTest::read_model_is_single_entry_point	Tests\Unit\Application\Election\ElectionReadModelTest	read_model_is_single_entry_point	ERROR	0	0.048	Error: Undefined constant App\Application\Election\Deprecation\DeprecationPolicy::MODE	Application (structural)	Election — general	NOT_ESTABLISHED	NOT_ESTABLISHED	NOT_ESTABLISHED	NOT_ESTABLISHED	NOT_ESTABLISHED	NOT_ESTABLISHED	NOT_ESTABLISHED	NOT_ESTABLISHED	Unknown	NOT_ESTABLISHED	NOT_ESTABLISHED	Mechanism not yet established	PHPUnit JUnit run 2026-08-12 (L1 only)	NOT_ESTABLISHED	NOT_ESTABLISHED	NOT_ESTABLISHED	NOT_ESTABLISHED
Tests\Unit\Application\Election\ElectionReadModelTest::reading_is_active_in_strict_mode_throws	Tests\Unit\Application\Election\ElectionReadModelTest	reading_is_active_in_strict_mode_throws	FAILURE	1	0.040	Failed asserting that exception of type "App\Exceptions\DeprecatedFieldException" is thrown.	Application (structural)	Election — general	NOT_ESTABLISHED	NOT_ESTABLISHED	NOT_ESTABLISHED	NOT_ESTABLISHED	NOT_ESTABLISHED	NOT_ESTABLISHED	NOT_ESTABLISHED	NOT_ESTABLISHED	Unknown	NOT_ESTABLISHED	NOT_ESTABLISHED	Mechanism not yet established	PHPUnit JUnit run 2026-08-12 (L1 only)	NOT_ESTABLISHED	NOT_ESTABLISHED	NOT_ESTABLISHED	NOT_ESTABLISHED
Tests\Unit\Application\Election\ElectionReadModelTest::reading_status_through_wrapper_logs_deprecation	Tests\Unit\Application\Election\ElectionReadModelTest	reading_status_through_wrapper_logs_deprecation	ERROR	0	0.039	Error: Undefined constant App\Application\Election\Deprecation\DeprecationPolicy::MODE	Application (structural)	Election — general	NOT_ESTABLISHED	NOT_ESTABLISHED	NOT_ESTABLISHED	NOT_ESTABLISHED	NOT_ESTABLISHED	NOT_ESTABLISHED	NOT_ESTABLISHED	NOT_ESTABLISHED	Unknown	NOT_ESTABLISHED	NOT_ESTABLISHED	Mechanism not yet established	PHPUnit JUnit run 2026-08-12 (L1 only)	NOT_ESTABLISHED	NOT_ESTABLISHED	NOT_ESTABLISHED	NOT_ESTABLISHED
Tests\Unit\Application\Election\ElectionReadModelTest::ssot_path_does_not_trigger_deprecation	Tests\Unit\Application\Election\ElectionReadModelTest	ssot_path_does_not_trigger_deprecation	ERROR	0	0.039	Error: Undefined constant App\Application\Election\Deprecation\DeprecationPolicy::MODE	Application (structural)	Election — general	NOT_ESTABLISHED	NOT_ESTABLISHED	NOT_ESTABLISHED	NOT_ESTABLISHED	NOT_ESTABLISHED	NOT_ESTABLISHED	NOT_ESTABLISHED	NOT_ESTABLISHED	Unknown	NOT_ESTABLISHED	NOT_ESTABLISHED	Mechanism not yet established	PHPUnit JUnit run 2026-08-12 (L1 only)	NOT_ESTABLISHED	NOT_ESTABLISHED	NOT_ESTABLISHED	NOT_ESTABLISHED
Tests\Unit\Application\Election\LifecycleCapabilityBaselinePolicyTest::test_baseline_policy_never_abstains	Tests\Unit\Application\Election\LifecycleCapabilityBaselinePolicyTest	test_baseline_policy_never_abstains	PASSED	12	0.028		Application (structural)	Election — general	NOT_ESTABLISHED	NOT_ESTABLISHED	NOT_ESTABLISHED	NOT_ESTABLISHED	NOT_ESTABLISHED	NOT_ESTABLISHED	NOT_ESTABLISHED	NOT_ESTABLISHED	Unknown	NOT_ESTABLISHED	NOT_ESTABLISHED	n/a — passed	PHPUnit JUnit run 2026-08-12 (L1 only)	NOT_ESTABLISHED	NOT_ESTABLISHED	NOT_ESTABLISHED	NOT_ESTABLISHED
Tests\Unit\Application\Election\LifecycleCapabilityBaselinePolicyTest::test_denies_when_action_not_allowed_in_state	Tests\Unit\Application\Election\LifecycleCapabilityBaselinePolicyTest	test_denies_when_action_not_allowed_in_state	PASSED	3	0.030		Application (structural)	Election — general	NOT_ESTABLISHED	NOT_ESTABLISHED	NOT_ESTABLISHED	NOT_ESTABLISHED	NOT_ESTABLISHED	NOT_ESTABLISHED	NOT_ESTABLISHED	NOT_ESTABLISHED	Unknown	NOT_ESTABLISHED	NOT_ESTABLISHED	n/a — passed	PHPUnit JUnit run 2026-08-12 (L1 only)	NOT_ESTABLISHED	NOT_ESTABLISHED	NOT_ESTABLISHED	NOT_ESTABLISHED
Tests\Unit\Application\Election\LifecycleCapabilityBaselinePolicyTest::test_denies_when_no_allowed_states_defined	Tests\Unit\Application\Election\LifecycleCapabilityBaselinePolicyTest	test_denies_when_no_allowed_states_defined	PASSED	2	0.035		Application (structural)	Election — general	NOT_ESTABLISHED	NOT_ESTABLISHED	NOT_ESTABLISHED	NOT_ESTABLISHED	NOT_ESTABLISHED	NOT_ESTABLISHED	NOT_ESTABLISHED	NOT_ESTABLISHED	Unknown	NOT_ESTABLISHED	NOT_ESTABLISHED	n/a — passed	PHPUnit JUnit run 2026-08-12 (L1 only)	NOT_ESTABLISHED	NOT_ESTABLISHED	NOT_ESTABLISHED	NOT_ESTABLISHED
Tests\Unit\Application\Election\LifecycleCapabilityBaselinePolicyTest::test_grants_for_all_allowed_states	Tests\Unit\Application\Election\LifecycleCapabilityBaselinePolicyTest	test_grants_for_all_allowed_states	PASSED	3	0.029		Application (structural)	Election — general	NOT_ESTABLISHED	NOT_ESTABLISHED	NOT_ESTABLISHED	NOT_ESTABLISHED	NOT_ESTABLISHED	NOT_ESTABLISHED	NOT_ESTABLISHED	NOT_ESTABLISHED	Unknown	NOT_ESTABLISHED	NOT_ESTABLISHED	n/a — passed	PHPUnit JUnit run 2026-08-12 (L1 only)	NOT_ESTABLISHED	NOT_ESTABLISHED	NOT_ESTABLISHED	NOT_ESTABLISHED
Tests\Unit\Application\Election\LifecycleCapabilityBaselinePolicyTest::test_grants_when_action_allowed_in_state	Tests\Unit\Application\Election\LifecycleCapabilityBaselinePolicyTest	test_grants_when_action_allowed_in_state	PASSED	3	0.029		Application (structural)	Election — general	NOT_ESTABLISHED	NOT_ESTABLISHED	NOT_ESTABLISHED	NOT_ESTABLISHED	NOT_ESTABLISHED	NOT_ESTABLISHED	NOT_ESTABLISHED	NOT_ESTABLISHED	Unknown	NOT_ESTABLISHED	NOT_ESTABLISHED	n/a — passed	PHPUnit JUnit run 2026-08-12 (L1 only)	NOT_ESTABLISHED	NOT_ESTABLISHED	NOT_ESTABLISHED	NOT_ESTABLISHED
Tests\Unit\Application\Election\LifecycleCapabilityBaselinePolicyTest::test_policy_declares_lifecycle_layer	Tests\Unit\Application\Election\LifecycleCapabilityBaselinePolicyTest	test_policy_declares_lifecycle_layer	PASSED	1	0.029		Application (structural)	Election — general	NOT_ESTABLISHED	NOT_ESTABLISHED	NOT_ESTABLISHED	NOT_ESTABLISHED	NOT_ESTABLISHED	NOT_ESTABLISHED	NOT_ESTABLISHED	NOT_ESTABLISHED	Unknown	NOT_ESTABLISHED	NOT_ESTABLISHED	n/a — passed	PHPUnit JUnit run 2026-08-12 (L1 only)	NOT_ESTABLISHED	NOT_ESTABLISHED	NOT_ESTABLISHED	NOT_ESTABLISHED
Tests\Unit\Application\Election\LifecycleCapabilityBaselinePolicyTest::test_pure_lifecycle_only_ignores_preconditions	Tests\Unit\Application\Election\LifecycleCapabilityBaselinePolicyTest	test_pure_lifecycle_only_ignores_preconditions	PASSED	1	0.029		Application (structural)	Election — general	NOT_ESTABLISHED	NOT_ESTABLISHED	NOT_ESTABLISHED	NOT_ESTABLISHED	NOT_ESTABLISHED	NOT_ESTABLISHED	NOT_ESTABLISHED	NOT_ESTABLISHED	Unknown	NOT_ESTABLISHED	NOT_ESTABLISHED	n/a — passed	PHPUnit JUnit run 2026-08-12 (L1 only)	NOT_ESTABLISHED	NOT_ESTABLISHED	NOT_ESTABLISHED	NOT_ESTABLISHED
Tests\Unit\Application\Election\LifecycleCapabilityBaselinePolicyTest::test_pure_lifecycle_only_ignores_role	Tests\Unit\Application\Election\LifecycleCapabilityBaselinePolicyTest	test_pure_lifecycle_only_ignores_role	PASSED	1	0.046		Application (structural)	Election — general	NOT_ESTABLISHED	NOT_ESTABLISHED	NOT_ESTABLISHED	NOT_ESTABLISHED	NOT_ESTABLISHED	NOT_ESTABLISHED	NOT_ESTABLISHED	NOT_ESTABLISHED	Unknown	NOT_ESTABLISHED	NOT_ESTABLISHED	n/a — passed	PHPUnit JUnit run 2026-08-12 (L1 only)	NOT_ESTABLISHED	NOT_ESTABLISHED	NOT_ESTABLISHED	NOT_ESTABLISHED
Tests\Unit\Application\Election\OrchestrationInvariantTest::test_downstream_policies_skipped_after_short_circuit	Tests\Unit\Application\Election\OrchestrationInvariantTest	test_downstream_policies_skipped_after_short_circuit	PASSED	3	0.036		Application (structural)	Election — general	NOT_ESTABLISHED	NOT_ESTABLISHED	NOT_ESTABLISHED	NOT_ESTABLISHED	NOT_ESTABLISHED	NOT_ESTABLISHED	NOT_ESTABLISHED	NOT_ESTABLISHED	Unknown	NOT_ESTABLISHED	NOT_ESTABLISHED	n/a — passed	PHPUnit JUnit run 2026-08-12 (L1 only)	NOT_ESTABLISHED	NOT_ESTABLISHED	NOT_ESTABLISHED	NOT_ESTABLISHED
Tests\Unit\Application\Election\OrchestrationInvariantTest::test_lifecycle_grant_cannot_override_overlay_denial	Tests\Unit\Application\Election\OrchestrationInvariantTest	test_lifecycle_grant_cannot_override_overlay_denial	PASSED	2	0.038		Application (structural)	Election — general	NOT_ESTABLISHED	NOT_ESTABLISHED	NOT_ESTABLISHED	NOT_ESTABLISHED	NOT_ESTABLISHED	NOT_ESTABLISHED	NOT_ESTABLISHED	NOT_ESTABLISHED	Unknown	NOT_ESTABLISHED	NOT_ESTABLISHED	n/a — passed	PHPUnit JUnit run 2026-08-12 (L1 only)	NOT_ESTABLISHED	NOT_ESTABLISHED	NOT_ESTABLISHED	NOT_ESTABLISHED
Tests\Unit\Application\Election\OrchestrationInvariantTest::test_overlay_allows_resume_even_when_suspended	Tests\Unit\Application\Election\OrchestrationInvariantTest	test_overlay_allows_resume_even_when_suspended	PASSED	1	0.036		Application (structural)	Election — general	NOT_ESTABLISHED	NOT_ESTABLISHED	NOT_ESTABLISHED	NOT_ESTABLISHED	NOT_ESTABLISHED	NOT_ESTABLISHED	NOT_ESTABLISHED	NOT_ESTABLISHED	Unknown	NOT_ESTABLISHED	NOT_ESTABLISHED	n/a — passed	PHPUnit JUnit run 2026-08-12 (L1 only)	NOT_ESTABLISHED	NOT_ESTABLISHED	NOT_ESTABLISHED	NOT_ESTABLISHED
Tests\Unit\Application\Election\OrchestrationInvariantTest::test_overlay_short_circuits_lifecycle_for_suspended_election	Tests\Unit\Application\Election\OrchestrationInvariantTest	test_overlay_short_circuits_lifecycle_for_suspended_election	PASSED	7	0.047		Application (structural)	Election — general	NOT_ESTABLISHED	NOT_ESTABLISHED	NOT_ESTABLISHED	NOT_ESTABLISHED	NOT_ESTABLISHED	NOT_ESTABLISHED	NOT_ESTABLISHED	NOT_ESTABLISHED	Unknown	NOT_ESTABLISHED	NOT_ESTABLISHED	n/a — passed	PHPUnit JUnit run 2026-08-12 (L1 only)	NOT_ESTABLISHED	NOT_ESTABLISHED	NOT_ESTABLISHED	NOT_ESTABLISHED
Tests\Unit\Application\Election\OrchestrationInvariantTest::test_resolver_returns_decision_with_complete_trace	Tests\Unit\Application\Election\OrchestrationInvariantTest	test_resolver_returns_decision_with_complete_trace	PASSED	4	0.042		Application (structural)	Election — general	NOT_ESTABLISHED	NOT_ESTABLISHED	NOT_ESTABLISHED	NOT_ESTABLISHED	NOT_ESTABLISHED	NOT_ESTABLISHED	NOT_ESTABLISHED	NOT_ESTABLISHED	Unknown	NOT_ESTABLISHED	NOT_ESTABLISHED	n/a — passed	PHPUnit JUnit run 2026-08-12 (L1 only)	NOT_ESTABLISHED	NOT_ESTABLISHED	NOT_ESTABLISHED	NOT_ESTABLISHED
Tests\Unit\Application\Election\OrchestrationInvariantTest::test_suspended_election_not_affecting_unsuspended	Tests\Unit\Application\Election\OrchestrationInvariantTest	test_suspended_election_not_affecting_unsuspended	PASSED	3	0.036		Application (structural)	Election — general	NOT_ESTABLISHED	NOT_ESTABLISHED	NOT_ESTABLISHED	NOT_ESTABLISHED	NOT_ESTABLISHED	NOT_ESTABLISHED	NOT_ESTABLISHED	NOT_ESTABLISHED	Unknown	NOT_ESTABLISHED	NOT_ESTABLISHED	n/a — passed	PHPUnit JUnit run 2026-08-12 (L1 only)	NOT_ESTABLISHED	NOT_ESTABLISHED	NOT_ESTABLISHED	NOT_ESTABLISHED
Tests\Unit\Application\Election\OrchestrationInvariantTest::test_trace_preserves_termination_order	Tests\Unit\Application\Election\OrchestrationInvariantTest	test_trace_preserves_termination_order	PASSED	5	0.036		Application (structural)	Election — general	NOT_ESTABLISHED	NOT_ESTABLISHED	NOT_ESTABLISHED	NOT_ESTABLISHED	NOT_ESTABLISHED	NOT_ESTABLISHED	NOT_ESTABLISHED	NOT_ESTABLISHED	Unknown	NOT_ESTABLISHED	NOT_ESTABLISHED	n/a — passed	PHPUnit JUnit run 2026-08-12 (L1 only)	NOT_ESTABLISHED	NOT_ESTABLISHED	NOT_ESTABLISHED	NOT_ESTABLISHED
Tests\Unit\Application\Election\OverlayCapabilityPolicyTest::test_abstains_for_all_actions_when_not_suspended	Tests\Unit\Application\Election\OverlayCapabilityPolicyTest	test_abstains_for_all_actions_when_not_suspended	PASSED	4	0.029		Application (structural)	Election — general	NOT_ESTABLISHED	NOT_ESTABLISHED	NOT_ESTABLISHED	NOT_ESTABLISHED	NOT_ESTABLISHED	NOT_ESTABLISHED	NOT_ESTABLISHED	NOT_ESTABLISHED	Unknown	NOT_ESTABLISHED	NOT_ESTABLISHED	n/a — passed	PHPUnit JUnit run 2026-08-12 (L1 only)	NOT_ESTABLISHED	NOT_ESTABLISHED	NOT_ESTABLISHED	NOT_ESTABLISHED
Tests\Unit\Application\Election\OverlayCapabilityPolicyTest::test_abstrains_when_election_not_suspended	Tests\Unit\Application\Election\OverlayCapabilityPolicyTest	test_abstrains_when_election_not_suspended	PASSED	1	0.029		Application (structural)	Election — general	NOT_ESTABLISHED	NOT_ESTABLISHED	NOT_ESTABLISHED	NOT_ESTABLISHED	NOT_ESTABLISHED	NOT_ESTABLISHED	NOT_ESTABLISHED	NOT_ESTABLISHED	Unknown	NOT_ESTABLISHED	NOT_ESTABLISHED	n/a — passed	PHPUnit JUnit run 2026-08-12 (L1 only)	NOT_ESTABLISHED	NOT_ESTABLISHED	NOT_ESTABLISHED	NOT_ESTABLISHED
Tests\Unit\Application\Election\OverlayCapabilityPolicyTest::test_allows_resume_even_when_suspended	Tests\Unit\Application\Election\OverlayCapabilityPolicyTest	test_allows_resume_even_when_suspended	PASSED	1	0.035		Application (structural)	Election — general	NOT_ESTABLISHED	NOT_ESTABLISHED	NOT_ESTABLISHED	NOT_ESTABLISHED	NOT_ESTABLISHED	NOT_ESTABLISHED	NOT_ESTABLISHED	NOT_ESTABLISHED	Unknown	NOT_ESTABLISHED	NOT_ESTABLISHED	n/a — passed	PHPUnit JUnit run 2026-08-12 (L1 only)	NOT_ESTABLISHED	NOT_ESTABLISHED	NOT_ESTABLISHED	NOT_ESTABLISHED
Tests\Unit\Application\Election\OverlayCapabilityPolicyTest::test_denies_all_actions_except_resume_when_suspended	Tests\Unit\Application\Election\OverlayCapabilityPolicyTest	test_denies_all_actions_except_resume_when_suspended	PASSED	12	0.029		Application (structural)	Election — general	NOT_ESTABLISHED	NOT_ESTABLISHED	NOT_ESTABLISHED	NOT_ESTABLISHED	NOT_ESTABLISHED	NOT_ESTABLISHED	NOT_ESTABLISHED	NOT_ESTABLISHED	Unknown	NOT_ESTABLISHED	NOT_ESTABLISHED	n/a — passed	PHPUnit JUnit run 2026-08-12 (L1 only)	NOT_ESTABLISHED	NOT_ESTABLISHED	NOT_ESTABLISHED	NOT_ESTABLISHED
Tests\Unit\Application\Election\OverlayCapabilityPolicyTest::test_denies_with_suspended_outcome_when_election_suspended	Tests\Unit\Application\Election\OverlayCapabilityPolicyTest	test_denies_with_suspended_outcome_when_election_suspended	PASSED	3	0.029		Application (structural)	Election — general	NOT_ESTABLISHED	NOT_ESTABLISHED	NOT_ESTABLISHED	NOT_ESTABLISHED	NOT_ESTABLISHED	NOT_ESTABLISHED	NOT_ESTABLISHED	NOT_ESTABLISHED	Unknown	NOT_ESTABLISHED	NOT_ESTABLISHED	n/a — passed	PHPUnit JUnit run 2026-08-12 (L1 only)	NOT_ESTABLISHED	NOT_ESTABLISHED	NOT_ESTABLISHED	NOT_ESTABLISHED
Tests\Unit\Application\Election\OverlayCapabilityPolicyTest::test_overlay_policy_never_grants	Tests\Unit\Application\Election\OverlayCapabilityPolicyTest	test_overlay_policy_never_grants	PASSED	4	0.029		Application (structural)	Election — general	NOT_ESTABLISHED	NOT_ESTABLISHED	NOT_ESTABLISHED	NOT_ESTABLISHED	NOT_ESTABLISHED	NOT_ESTABLISHED	NOT_ESTABLISHED	NOT_ESTABLISHED	Unknown	NOT_ESTABLISHED	NOT_ESTABLISHED	n/a — passed	PHPUnit JUnit run 2026-08-12 (L1 only)	NOT_ESTABLISHED	NOT_ESTABLISHED	NOT_ESTABLISHED	NOT_ESTABLISHED
Tests\Unit\Application\Election\OverlayCapabilityPolicyTest::test_policy_declares_overlay_layer	Tests\Unit\Application\Election\OverlayCapabilityPolicyTest	test_policy_declares_overlay_layer	PASSED	1	0.030		Application (structural)	Election — general	NOT_ESTABLISHED	NOT_ESTABLISHED	NOT_ESTABLISHED	NOT_ESTABLISHED	NOT_ESTABLISHED	NOT_ESTABLISHED	NOT_ESTABLISHED	NOT_ESTABLISHED	Unknown	NOT_ESTABLISHED	NOT_ESTABLISHED	n/a — passed	PHPUnit JUnit run 2026-08-12 (L1 only)	NOT_ESTABLISHED	NOT_ESTABLISHED	NOT_ESTABLISHED	NOT_ESTABLISHED
Tests\Unit\Application\Election\QueryPolicyGuardTest::guard_allows_non_deprecated_field_queries	Tests\Unit\Application\Election\QueryPolicyGuardTest	guard_allows_non_deprecated_field_queries	PASSED	1	0.028		Application (structural)	Election — general	NOT_ESTABLISHED	NOT_ESTABLISHED	NOT_ESTABLISHED	NOT_ESTABLISHED	NOT_ESTABLISHED	NOT_ESTABLISHED	NOT_ESTABLISHED	NOT_ESTABLISHED	Unknown	NOT_ESTABLISHED	NOT_ESTABLISHED	n/a — passed	PHPUnit JUnit run 2026-08-12 (L1 only)	NOT_ESTABLISHED	NOT_ESTABLISHED	NOT_ESTABLISHED	NOT_ESTABLISHED
Tests\Unit\Application\Election\QueryPolicyGuardTest::guard_includes_context_in_exception	Tests\Unit\Application\Election\QueryPolicyGuardTest	guard_includes_context_in_exception	FAILURE	1	0.030	Expected exception	Application (structural)	Election — general	NOT_ESTABLISHED	NOT_ESTABLISHED	NOT_ESTABLISHED	NOT_ESTABLISHED	NOT_ESTABLISHED	NOT_ESTABLISHED	NOT_ESTABLISHED	NOT_ESTABLISHED	Unknown	NOT_ESTABLISHED	NOT_ESTABLISHED	Mechanism not yet established	PHPUnit JUnit run 2026-08-12 (L1 only)	NOT_ESTABLISHED	NOT_ESTABLISHED	NOT_ESTABLISHED	NOT_ESTABLISHED
Tests\Unit\Application\Election\QueryPolicyGuardTest::guard_is_injectable	Tests\Unit\Application\Election\QueryPolicyGuardTest	guard_is_injectable	PASSED	1	0.028		Application (structural)	Election — general	NOT_ESTABLISHED	NOT_ESTABLISHED	NOT_ESTABLISHED	NOT_ESTABLISHED	NOT_ESTABLISHED	NOT_ESTABLISHED	NOT_ESTABLISHED	NOT_ESTABLISHED	Unknown	NOT_ESTABLISHED	NOT_ESTABLISHED	n/a — passed	PHPUnit JUnit run 2026-08-12 (L1 only)	NOT_ESTABLISHED	NOT_ESTABLISHED	NOT_ESTABLISHED	NOT_ESTABLISHED
Tests\Unit\Application\Election\QueryPolicyGuardTest::guard_logs_deprecated_query_attempts	Tests\Unit\Application\Election\QueryPolicyGuardTest	guard_logs_deprecated_query_attempts	ERROR	0	0.036	Error: Call to a member function warning() on null	Application (structural)	Election — general	NOT_ESTABLISHED	NOT_ESTABLISHED	NOT_ESTABLISHED	NOT_ESTABLISHED	NOT_ESTABLISHED	NOT_ESTABLISHED	NOT_ESTABLISHED	NOT_ESTABLISHED	Unknown	NOT_ESTABLISHED	NOT_ESTABLISHED	Mechanism not yet established	PHPUnit JUnit run 2026-08-12 (L1 only)	NOT_ESTABLISHED	NOT_ESTABLISHED	NOT_ESTABLISHED	NOT_ESTABLISHED
Tests\Unit\Application\Election\QueryPolicyGuardTest::guard_throws_for_is_active_queries	Tests\Unit\Application\Election\QueryPolicyGuardTest	guard_throws_for_is_active_queries	FAILURE	1	0.031	Failed asserting that exception of type "App\Exceptions\DeprecatedQueryException" is thrown.	Application (structural)	Election — general	NOT_ESTABLISHED	NOT_ESTABLISHED	NOT_ESTABLISHED	NOT_ESTABLISHED	NOT_ESTABLISHED	NOT_ESTABLISHED	NOT_ESTABLISHED	NOT_ESTABLISHED	Unknown	NOT_ESTABLISHED	NOT_ESTABLISHED	Mechanism not yet established	PHPUnit JUnit run 2026-08-12 (L1 only)	NOT_ESTABLISHED	NOT_ESTABLISHED	NOT_ESTABLISHED	NOT_ESTABLISHED
Tests\Unit\Application\Election\QueryPolicyGuardTest::guard_throws_when_deprecated_field_in_query	Tests\Unit\Application\Election\QueryPolicyGuardTest	guard_throws_when_deprecated_field_in_query	FAILURE	1	0.035	Failed asserting that exception of type "App\Exceptions\DeprecatedQueryException" is thrown.	Application (structural)	Election — general	NOT_ESTABLISHED	NOT_ESTABLISHED	NOT_ESTABLISHED	NOT_ESTABLISHED	NOT_ESTABLISHED	NOT_ESTABLISHED	NOT_ESTABLISHED	NOT_ESTABLISHED	Unknown	NOT_ESTABLISHED	NOT_ESTABLISHED	Mechanism not yet established	PHPUnit JUnit run 2026-08-12 (L1 only)	NOT_ESTABLISHED	NOT_ESTABLISHED	NOT_ESTABLISHED	NOT_ESTABLISHED
Tests\Unit\Application\Election\QueryPolicyGuardTest::guard_validates_multiple_query_criteria	Tests\Unit\Application\Election\QueryPolicyGuardTest	guard_validates_multiple_query_criteria	FAILURE	1	0.030	Failed asserting that exception of type "App\Exceptions\DeprecatedQueryException" is thrown.	Application (structural)	Election — general	NOT_ESTABLISHED	NOT_ESTABLISHED	NOT_ESTABLISHED	NOT_ESTABLISHED	NOT_ESTABLISHED	NOT_ESTABLISHED	NOT_ESTABLISHED	NOT_ESTABLISHED	Unknown	NOT_ESTABLISHED	NOT_ESTABLISHED	Mechanism not yet established	PHPUnit JUnit run 2026-08-12 (L1 only)	NOT_ESTABLISHED	NOT_ESTABLISHED	NOT_ESTABLISHED	NOT_ESTABLISHED
Tests\Unit\Application\Election\Security\CanonicalizationEquivalenceTest::test_canonical_hash_determines_continuity_observation	Tests\Unit\Application\Election\Security\CanonicalizationEquivalenceTest	test_canonical_hash_determines_continuity_observation	PASSED	1	0.037		Application (structural)	Election Security	NOT_ESTABLISHED	NOT_ESTABLISHED	NOT_ESTABLISHED	NOT_ESTABLISHED	NOT_ESTABLISHED	NOT_ESTABLISHED	NOT_ESTABLISHED	NOT_ESTABLISHED	Unknown	NOT_ESTABLISHED	NOT_ESTABLISHED	n/a — passed	PHPUnit JUnit run 2026-08-12 (L1 only)	NOT_ESTABLISHED	NOT_ESTABLISHED	NOT_ESTABLISHED	NOT_ESTABLISHED
Tests\Unit\Application\Election\Security\CanonicalizationEquivalenceTest::test_canonicalization_consistent_for_replay	Tests\Unit\Application\Election\Security\CanonicalizationEquivalenceTest	test_canonicalization_consistent_for_replay	PASSED	1	1.039		Application (structural)	Election Security	NOT_ESTABLISHED	NOT_ESTABLISHED	NOT_ESTABLISHED	NOT_ESTABLISHED	NOT_ESTABLISHED	NOT_ESTABLISHED	NOT_ESTABLISHED	NOT_ESTABLISHED	Unknown	NOT_ESTABLISHED	NOT_ESTABLISHED	n/a — passed	PHPUnit JUnit run 2026-08-12 (L1 only)	NOT_ESTABLISHED	NOT_ESTABLISHED	NOT_ESTABLISHED	NOT_ESTABLISHED
Tests\Unit\Application\Election\Security\CanonicalizationEquivalenceTest::test_canonicalization_resilient_to_whitespace_variation	Tests\Unit\Application\Election\Security\CanonicalizationEquivalenceTest	test_canonicalization_resilient_to_whitespace_variation	SKIPPED	0	0.035		Application (structural)	Election Security	NOT_ESTABLISHED	NOT_ESTABLISHED	NOT_ESTABLISHED	NOT_ESTABLISHED	NOT_ESTABLISHED	NOT_ESTABLISHED	NOT_ESTABLISHED	NOT_ESTABLISHED	Unknown	NOT_ESTABLISHED	NOT_ESTABLISHED	Mechanism not yet established	PHPUnit JUnit run 2026-08-12 (L1 only)	NOT_ESTABLISHED	NOT_ESTABLISHED	NOT_ESTABLISHED	NOT_ESTABLISHED
Tests\Unit\Application\Election\Security\CanonicalizationEquivalenceTest::test_different_elections_same_ip_produce_different_hashes	Tests\Unit\Application\Election\Security\CanonicalizationEquivalenceTest	test_different_elections_same_ip_produce_different_hashes	PASSED	1	0.035		Application (structural)	Election Security	NOT_ESTABLISHED	NOT_ESTABLISHED	NOT_ESTABLISHED	NOT_ESTABLISHED	NOT_ESTABLISHED	NOT_ESTABLISHED	NOT_ESTABLISHED	NOT_ESTABLISHED	Unknown	NOT_ESTABLISHED	NOT_ESTABLISHED	n/a — passed	PHPUnit JUnit run 2026-08-12 (L1 only)	NOT_ESTABLISHED	NOT_ESTABLISHED	NOT_ESTABLISHED	NOT_ESTABLISHED
Tests\Unit\Application\Election\Security\CanonicalizationEquivalenceTest::test_same_raw_ip_same_election_always_same_hash	Tests\Unit\Application\Election\Security\CanonicalizationEquivalenceTest	test_same_raw_ip_same_election_always_same_hash	PASSED	5	0.033		Application (structural)	Election Security	NOT_ESTABLISHED	NOT_ESTABLISHED	NOT_ESTABLISHED	NOT_ESTABLISHED	NOT_ESTABLISHED	NOT_ESTABLISHED	NOT_ESTABLISHED	NOT_ESTABLISHED	Unknown	NOT_ESTABLISHED	NOT_ESTABLISHED	n/a — passed	PHPUnit JUnit run 2026-08-12 (L1 only)	NOT_ESTABLISHED	NOT_ESTABLISHED	NOT_ESTABLISHED	NOT_ESTABLISHED
Tests\Unit\Application\Election\Security\ConstitutionalTrustSnapshotTest::test_denial_reason_populated	Tests\Unit\Application\Election\Security\ConstitutionalTrustSnapshotTest	test_denial_reason_populated	PASSED	2	0.000		Application (structural)	Election Security	NOT_ESTABLISHED	NOT_ESTABLISHED	NOT_ESTABLISHED	NOT_ESTABLISHED	NOT_ESTABLISHED	NOT_ESTABLISHED	NOT_ESTABLISHED	NOT_ESTABLISHED	Unknown	NOT_ESTABLISHED	NOT_ESTABLISHED	n/a — passed	PHPUnit JUnit run 2026-08-12 (L1 only)	NOT_ESTABLISHED	NOT_ESTABLISHED	NOT_ESTABLISHED	NOT_ESTABLISHED
Tests\Unit\Application\Election\Security\ConstitutionalTrustSnapshotTest::test_snapshot_is_readonly	Tests\Unit\Application\Election\Security\ConstitutionalTrustSnapshotTest	test_snapshot_is_readonly	PASSED	3	0.000		Application (structural)	Election Security	NOT_ESTABLISHED	NOT_ESTABLISHED	NOT_ESTABLISHED	NOT_ESTABLISHED	NOT_ESTABLISHED	NOT_ESTABLISHED	NOT_ESTABLISHED	NOT_ESTABLISHED	Unknown	NOT_ESTABLISHED	NOT_ESTABLISHED	n/a — passed	PHPUnit JUnit run 2026-08-12 (L1 only)	NOT_ESTABLISHED	NOT_ESTABLISHED	NOT_ESTABLISHED	NOT_ESTABLISHED
Tests\Unit\Application\Election\Security\ConstitutionalTrustSnapshotTest::test_snapshot_no_behavior_methods	Tests\Unit\Application\Election\Security\ConstitutionalTrustSnapshotTest	test_snapshot_no_behavior_methods	PASSED	4	0.000		Application (structural)	Election Security	NOT_ESTABLISHED	NOT_ESTABLISHED	NOT_ESTABLISHED	NOT_ESTABLISHED	NOT_ESTABLISHED	NOT_ESTABLISHED	NOT_ESTABLISHED	NOT_ESTABLISHED	Unknown	NOT_ESTABLISHED	NOT_ESTABLISHED	n/a — passed	PHPUnit JUnit run 2026-08-12 (L1 only)	NOT_ESTABLISHED	NOT_ESTABLISHED	NOT_ESTABLISHED	NOT_ESTABLISHED
Tests\Unit\Application\Election\Security\ConstitutionalTrustSnapshotTest::test_split_authorization_protocol_flags	Tests\Unit\Application\Election\Security\ConstitutionalTrustSnapshotTest	test_split_authorization_protocol_flags	PASSED	2	0.000		Application (structural)	Election Security	NOT_ESTABLISHED	NOT_ESTABLISHED	NOT_ESTABLISHED	NOT_ESTABLISHED	NOT_ESTABLISHED	NOT_ESTABLISHED	NOT_ESTABLISHED	NOT_ESTABLISHED	Unknown	NOT_ESTABLISHED	NOT_ESTABLISHED	n/a — passed	PHPUnit JUnit run 2026-08-12 (L1 only)	NOT_ESTABLISHED	NOT_ESTABLISHED	NOT_ESTABLISHED	NOT_ESTABLISHED
Tests\Unit\Application\Election\Security\ConstitutionalTrustSnapshotTest::test_trust_provenance_contains_policy_outcomes	Tests\Unit\Application\Election\Security\ConstitutionalTrustSnapshotTest	test_trust_provenance_contains_policy_outcomes	PASSED	2	0.000		Application (structural)	Election Security	NOT_ESTABLISHED	NOT_ESTABLISHED	NOT_ESTABLISHED	NOT_ESTABLISHED	NOT_ESTABLISHED	NOT_ESTABLISHED	NOT_ESTABLISHED	NOT_ESTABLISHED	Unknown	NOT_ESTABLISHED	NOT_ESTABLISHED	n/a — passed	PHPUnit JUnit run 2026-08-12 (L1 only)	NOT_ESTABLISHED	NOT_ESTABLISHED	NOT_ESTABLISHED	NOT_ESTABLISHED
Tests\Unit\Application\Election\Security\IpEvidenceDeterminismTest::test_constitutional_evidence_snapshot_immutable	Tests\Unit\Application\Election\Security\IpEvidenceDeterminismTest	test_constitutional_evidence_snapshot_immutable	PASSED	1	0.000		Application (structural)	Election Security	NOT_ESTABLISHED	NOT_ESTABLISHED	NOT_ESTABLISHED	NOT_ESTABLISHED	NOT_ESTABLISHED	NOT_ESTABLISHED	NOT_ESTABLISHED	NOT_ESTABLISHED	Unknown	NOT_ESTABLISHED	NOT_ESTABLISHED	n/a — passed	PHPUnit JUnit run 2026-08-12 (L1 only)	NOT_ESTABLISHED	NOT_ESTABLISHED	NOT_ESTABLISHED	NOT_ESTABLISHED
Tests\Unit\Application\Election\Security\IpEvidenceDeterminismTest::test_evaluation_timestamp_immutable	Tests\Unit\Application\Election\Security\IpEvidenceDeterminismTest	test_evaluation_timestamp_immutable	PASSED	1	1.001		Application (structural)	Election Security	NOT_ESTABLISHED	NOT_ESTABLISHED	NOT_ESTABLISHED	NOT_ESTABLISHED	NOT_ESTABLISHED	NOT_ESTABLISHED	NOT_ESTABLISHED	NOT_ESTABLISHED	Unknown	NOT_ESTABLISHED	NOT_ESTABLISHED	n/a — passed	PHPUnit JUnit run 2026-08-12 (L1 only)	NOT_ESTABLISHED	NOT_ESTABLISHED	NOT_ESTABLISHED	NOT_ESTABLISHED
Tests\Unit\Application\Election\Security\IpEvidenceDeterminismTest::test_network_continuity_deterministic_regardless_of_evaluation_context	Tests\Unit\Application\Election\Security\IpEvidenceDeterminismTest	test_network_continuity_deterministic_regardless_of_evaluation_context	PASSED	2	0.001		Application (structural)	Election Security	NOT_ESTABLISHED	NOT_ESTABLISHED	NOT_ESTABLISHED	NOT_ESTABLISHED	NOT_ESTABLISHED	NOT_ESTABLISHED	NOT_ESTABLISHED	NOT_ESTABLISHED	Unknown	NOT_ESTABLISHED	NOT_ESTABLISHED	n/a — passed	PHPUnit JUnit run 2026-08-12 (L1 only)	NOT_ESTABLISHED	NOT_ESTABLISHED	NOT_ESTABLISHED	NOT_ESTABLISHED
Tests\Unit\Application\Election\Security\IpEvidenceDeterminismTest::test_network_hash_deterministic_same_election	Tests\Unit\Application\Election\Security\IpEvidenceDeterminismTest	test_network_hash_deterministic_same_election	PASSED	2	0.000		Application (structural)	Election Security	NOT_ESTABLISHED	NOT_ESTABLISHED	NOT_ESTABLISHED	NOT_ESTABLISHED	NOT_ESTABLISHED	NOT_ESTABLISHED	NOT_ESTABLISHED	NOT_ESTABLISHED	Unknown	NOT_ESTABLISHED	NOT_ESTABLISHED	n/a — passed	PHPUnit JUnit run 2026-08-12 (L1 only)	NOT_ESTABLISHED	NOT_ESTABLISHED	NOT_ESTABLISHED	NOT_ESTABLISHED
Tests\Unit\Application\Election\Security\IpEvidenceDeterminismTest::test_network_hash_different_across_elections	Tests\Unit\Application\Election\Security\IpEvidenceDeterminismTest	test_network_hash_different_across_elections	PASSED	1	0.000		Application (structural)	Election Security	NOT_ESTABLISHED	NOT_ESTABLISHED	NOT_ESTABLISHED	NOT_ESTABLISHED	NOT_ESTABLISHED	NOT_ESTABLISHED	NOT_ESTABLISHED	NOT_ESTABLISHED	Unknown	NOT_ESTABLISHED	NOT_ESTABLISHED	n/a — passed	PHPUnit JUnit run 2026-08-12 (L1 only)	NOT_ESTABLISHED	NOT_ESTABLISHED	NOT_ESTABLISHED	NOT_ESTABLISHED
Tests\Unit\Application\Election\Security\IpEvidenceDeterminismTest::test_participation_density_deterministic_at_boundary	Tests\Unit\Application\Election\Security\IpEvidenceDeterminismTest	test_participation_density_deterministic_at_boundary	PASSED	2	0.001		Application (structural)	Election Security	NOT_ESTABLISHED	NOT_ESTABLISHED	NOT_ESTABLISHED	NOT_ESTABLISHED	NOT_ESTABLISHED	NOT_ESTABLISHED	NOT_ESTABLISHED	NOT_ESTABLISHED	Unknown	NOT_ESTABLISHED	NOT_ESTABLISHED	n/a — passed	PHPUnit JUnit run 2026-08-12 (L1 only)	NOT_ESTABLISHED	NOT_ESTABLISHED	NOT_ESTABLISHED	NOT_ESTABLISHED
Tests\Unit\Application\Election\Security\IpEvidenceDeterminismTest::test_sovereign_outcome_deterministic_identical_evidence_set	Tests\Unit\Application\Election\Security\IpEvidenceDeterminismTest	test_sovereign_outcome_deterministic_identical_evidence_set	PASSED	2	0.006		Application (structural)	Election Security	NOT_ESTABLISHED	NOT_ESTABLISHED	NOT_ESTABLISHED	NOT_ESTABLISHED	NOT_ESTABLISHED	NOT_ESTABLISHED	NOT_ESTABLISHED	NOT_ESTABLISHED	Unknown	NOT_ESTABLISHED	NOT_ESTABLISHED	n/a — passed	PHPUnit JUnit run 2026-08-12 (L1 only)	NOT_ESTABLISHED	NOT_ESTABLISHED	NOT_ESTABLISHED	NOT_ESTABLISHED
Tests\Unit\Application\Election\Security\IpEvidenceDeterminismTest::test_sovereign_outcome_deterministic_policy_sequence_preserved	Tests\Unit\Application\Election\Security\IpEvidenceDeterminismTest	test_sovereign_outcome_deterministic_policy_sequence_preserved	PASSED	1	0.000		Application (structural)	Election Security	NOT_ESTABLISHED	NOT_ESTABLISHED	NOT_ESTABLISHED	NOT_ESTABLISHED	NOT_ESTABLISHED	NOT_ESTABLISHED	NOT_ESTABLISHED	NOT_ESTABLISHED	Unknown	NOT_ESTABLISHED	NOT_ESTABLISHED	n/a — passed	PHPUnit JUnit run 2026-08-12 (L1 only)	NOT_ESTABLISHED	NOT_ESTABLISHED	NOT_ESTABLISHED	NOT_ESTABLISHED
Tests\Unit\Application\Election\Security\IpEvidenceDeterminismTest::test_sovereign_outcome_deterministic_reasoning_preserved	Tests\Unit\Application\Election\Security\IpEvidenceDeterminismTest	test_sovereign_outcome_deterministic_reasoning_preserved	PASSED	1	0.000		Application (structural)	Election Security	NOT_ESTABLISHED	NOT_ESTABLISHED	NOT_ESTABLISHED	NOT_ESTABLISHED	NOT_ESTABLISHED	NOT_ESTABLISHED	NOT_ESTABLISHED	NOT_ESTABLISHED	Unknown	NOT_ESTABLISHED	NOT_ESTABLISHED	n/a — passed	PHPUnit JUnit run 2026-08-12 (L1 only)	NOT_ESTABLISHED	NOT_ESTABLISHED	NOT_ESTABLISHED	NOT_ESTABLISHED
Tests\Unit\Application\Election\Security\IpEvidenceDeterminismTest::test_vote_count_frozen_at_evaluation_time	Tests\Unit\Application\Election\Security\IpEvidenceDeterminismTest	test_vote_count_frozen_at_evaluation_time	PASSED	1	0.000		Application (structural)	Election Security	NOT_ESTABLISHED	NOT_ESTABLISHED	NOT_ESTABLISHED	NOT_ESTABLISHED	NOT_ESTABLISHED	NOT_ESTABLISHED	NOT_ESTABLISHED	NOT_ESTABLISHED	Unknown	NOT_ESTABLISHED	NOT_ESTABLISHED	n/a — passed	PHPUnit JUnit run 2026-08-12 (L1 only)	NOT_ESTABLISHED	NOT_ESTABLISHED	NOT_ESTABLISHED	NOT_ESTABLISHED
Tests\Unit\Application\Election\Security\IpEvidenceLegacyEquivalenceTest::test_legacy_boundary_at_exact_threshold_equals_evidence	Tests\Unit\Application\Election\Security\IpEvidenceLegacyEquivalenceTest	test_legacy_boundary_at_exact_threshold_equals_evidence	PASSED	1	0.033		Application (structural)	Election Security	NOT_ESTABLISHED	NOT_ESTABLISHED	NOT_ESTABLISHED	NOT_ESTABLISHED	NOT_ESTABLISHED	NOT_ESTABLISHED	NOT_ESTABLISHED	NOT_ESTABLISHED	Unknown	NOT_ESTABLISHED	NOT_ESTABLISHED	n/a — passed	PHPUnit JUnit run 2026-08-12 (L1 only)	NOT_ESTABLISHED	NOT_ESTABLISHED	NOT_ESTABLISHED	NOT_ESTABLISHED
Tests\Unit\Application\Election\Security\IpEvidenceLegacyEquivalenceTest::test_legacy_boundary_one_below_threshold_equals_evidence	Tests\Unit\Application\Election\Security\IpEvidenceLegacyEquivalenceTest	test_legacy_boundary_one_below_threshold_equals_evidence	PASSED	1	0.044		Application (structural)	Election Security	NOT_ESTABLISHED	NOT_ESTABLISHED	NOT_ESTABLISHED	NOT_ESTABLISHED	NOT_ESTABLISHED	NOT_ESTABLISHED	NOT_ESTABLISHED	NOT_ESTABLISHED	Unknown	NOT_ESTABLISHED	NOT_ESTABLISHED	n/a — passed	PHPUnit JUnit run 2026-08-12 (L1 only)	NOT_ESTABLISHED	NOT_ESTABLISHED	NOT_ESTABLISHED	NOT_ESTABLISHED
Tests\Unit\Application\Election\Security\IpEvidenceLegacyEquivalenceTest::test_legacy_combined_ip_mismatch_and_frequency_exceeds	Tests\Unit\Application\Election\Security\IpEvidenceLegacyEquivalenceTest	test_legacy_combined_ip_mismatch_and_frequency_exceeds	PASSED	2	0.033		Application (structural)	Election Security	NOT_ESTABLISHED	NOT_ESTABLISHED	NOT_ESTABLISHED	NOT_ESTABLISHED	NOT_ESTABLISHED	NOT_ESTABLISHED	NOT_ESTABLISHED	NOT_ESTABLISHED	Unknown	NOT_ESTABLISHED	NOT_ESTABLISHED	n/a — passed	PHPUnit JUnit run 2026-08-12 (L1 only)	NOT_ESTABLISHED	NOT_ESTABLISHED	NOT_ESTABLISHED	NOT_ESTABLISHED
Tests\Unit\Application\Election\Security\IpEvidenceLegacyEquivalenceTest::test_legacy_ip_frequency_limit_equals_evidence_density_threshold	Tests\Unit\Application\Election\Security\IpEvidenceLegacyEquivalenceTest	test_legacy_ip_frequency_limit_equals_evidence_density_threshold	PASSED	1	0.034		Application (structural)	Election Security	NOT_ESTABLISHED	NOT_ESTABLISHED	NOT_ESTABLISHED	NOT_ESTABLISHED	NOT_ESTABLISHED	NOT_ESTABLISHED	NOT_ESTABLISHED	NOT_ESTABLISHED	Unknown	NOT_ESTABLISHED	NOT_ESTABLISHED	n/a — passed	PHPUnit JUnit run 2026-08-12 (L1 only)	NOT_ESTABLISHED	NOT_ESTABLISHED	NOT_ESTABLISHED	NOT_ESTABLISHED
Tests\Unit\Application\Election\Security\IpEvidenceLegacyEquivalenceTest::test_legacy_ip_match_but_frequency_exceeds	Tests\Unit\Application\Election\Security\IpEvidenceLegacyEquivalenceTest	test_legacy_ip_match_but_frequency_exceeds	PASSED	2	0.033		Application (structural)	Election Security	NOT_ESTABLISHED	NOT_ESTABLISHED	NOT_ESTABLISHED	NOT_ESTABLISHED	NOT_ESTABLISHED	NOT_ESTABLISHED	NOT_ESTABLISHED	NOT_ESTABLISHED	Unknown	NOT_ESTABLISHED	NOT_ESTABLISHED	n/a — passed	PHPUnit JUnit run 2026-08-12 (L1 only)	NOT_ESTABLISHED	NOT_ESTABLISHED	NOT_ESTABLISHED	NOT_ESTABLISHED
Tests\Unit\Application\Election\Security\IpEvidenceLegacyEquivalenceTest::test_legacy_ip_match_equals_evidence_continuity_stable	Tests\Unit\Application\Election\Security\IpEvidenceLegacyEquivalenceTest	test_legacy_ip_match_equals_evidence_continuity_stable	PASSED	1	0.034		Application (structural)	Election Security	NOT_ESTABLISHED	NOT_ESTABLISHED	NOT_ESTABLISHED	NOT_ESTABLISHED	NOT_ESTABLISHED	NOT_ESTABLISHED	NOT_ESTABLISHED	NOT_ESTABLISHED	Unknown	NOT_ESTABLISHED	NOT_ESTABLISHED	n/a — passed	PHPUnit JUnit run 2026-08-12 (L1 only)	NOT_ESTABLISHED	NOT_ESTABLISHED	NOT_ESTABLISHED	NOT_ESTABLISHED
Tests\Unit\Application\Election\Security\IpEvidenceLegacyEquivalenceTest::test_legacy_ip_mismatch_equals_evidence_continuity_inconsistent	Tests\Unit\Application\Election\Security\IpEvidenceLegacyEquivalenceTest	test_legacy_ip_mismatch_equals_evidence_continuity_inconsistent	PASSED	1	0.061		Application (structural)	Election Security	NOT_ESTABLISHED	NOT_ESTABLISHED	NOT_ESTABLISHED	NOT_ESTABLISHED	NOT_ESTABLISHED	NOT_ESTABLISHED	NOT_ESTABLISHED	NOT_ESTABLISHED	Unknown	NOT_ESTABLISHED	NOT_ESTABLISHED	n/a — passed	PHPUnit JUnit run 2026-08-12 (L1 only)	NOT_ESTABLISHED	NOT_ESTABLISHED	NOT_ESTABLISHED	NOT_ESTABLISHED
Tests\Unit\Application\Election\Security\IpEvidenceLegacyEquivalenceTest::test_legacy_ip_within_limit_equals_evidence_density_allowed	Tests\Unit\Application\Election\Security\IpEvidenceLegacyEquivalenceTest	test_legacy_ip_within_limit_equals_evidence_density_allowed	PASSED	1	0.033		Application (structural)	Election Security	NOT_ESTABLISHED	NOT_ESTABLISHED	NOT_ESTABLISHED	NOT_ESTABLISHED	NOT_ESTABLISHED	NOT_ESTABLISHED	NOT_ESTABLISHED	NOT_ESTABLISHED	Unknown	NOT_ESTABLISHED	NOT_ESTABLISHED	n/a — passed	PHPUnit JUnit run 2026-08-12 (L1 only)	NOT_ESTABLISHED	NOT_ESTABLISHED	NOT_ESTABLISHED	NOT_ESTABLISHED
Tests\Unit\Application\Election\Security\IpEvidenceLegacyEquivalenceTest::test_legacy_no_constraints_active	Tests\Unit\Application\Election\Security\IpEvidenceLegacyEquivalenceTest	test_legacy_no_constraints_active	PASSED	2	0.033		Application (structural)	Election Security	NOT_ESTABLISHED	NOT_ESTABLISHED	NOT_ESTABLISHED	NOT_ESTABLISHED	NOT_ESTABLISHED	NOT_ESTABLISHED	NOT_ESTABLISHED	NOT_ESTABLISHED	Unknown	NOT_ESTABLISHED	NOT_ESTABLISHED	n/a — passed	PHPUnit JUnit run 2026-08-12 (L1 only)	NOT_ESTABLISHED	NOT_ESTABLISHED	NOT_ESTABLISHED	NOT_ESTABLISHED
Tests\Unit\Application\Election\Security\IpEvidenceTopologyEquivalenceTest::test_topology_arbitrary_partition_order	Tests\Unit\Application\Election\Security\IpEvidenceTopologyEquivalenceTest	test_topology_arbitrary_partition_order	SKIPPED	0	0.000		Application (structural)	Election Security	NOT_ESTABLISHED	NOT_ESTABLISHED	NOT_ESTABLISHED	NOT_ESTABLISHED	NOT_ESTABLISHED	NOT_ESTABLISHED	NOT_ESTABLISHED	NOT_ESTABLISHED	Unknown	NOT_ESTABLISHED	NOT_ESTABLISHED	Mechanism not yet established	PHPUnit JUnit run 2026-08-12 (L1 only)	NOT_ESTABLISHED	NOT_ESTABLISHED	NOT_ESTABLISHED	NOT_ESTABLISHED
Tests\Unit\Application\Election\Security\IpEvidenceTopologyEquivalenceTest::test_topology_atomic_assembly_yields_same_outcome	Tests\Unit\Application\Election\Security\IpEvidenceTopologyEquivalenceTest	test_topology_atomic_assembly_yields_same_outcome	SKIPPED	0	0.001		Application (structural)	Election Security	NOT_ESTABLISHED	NOT_ESTABLISHED	NOT_ESTABLISHED	NOT_ESTABLISHED	NOT_ESTABLISHED	NOT_ESTABLISHED	NOT_ESTABLISHED	NOT_ESTABLISHED	Unknown	NOT_ESTABLISHED	NOT_ESTABLISHED	Mechanism not yet established	PHPUnit JUnit run 2026-08-12 (L1 only)	NOT_ESTABLISHED	NOT_ESTABLISHED	NOT_ESTABLISHED	NOT_ESTABLISHED
Tests\Unit\Application\Election\Security\IpEvidenceTopologyEquivalenceTest::test_topology_federation_parallel_evaluations	Tests\Unit\Application\Election\Security\IpEvidenceTopologyEquivalenceTest	test_topology_federation_parallel_evaluations	SKIPPED	0	0.000		Application (structural)	Election Security	NOT_ESTABLISHED	NOT_ESTABLISHED	NOT_ESTABLISHED	NOT_ESTABLISHED	NOT_ESTABLISHED	NOT_ESTABLISHED	NOT_ESTABLISHED	NOT_ESTABLISHED	Unknown	NOT_ESTABLISHED	NOT_ESTABLISHED	Mechanism not yet established	PHPUnit JUnit run 2026-08-12 (L1 only)	NOT_ESTABLISHED	NOT_ESTABLISHED	NOT_ESTABLISHED	NOT_ESTABLISHED
Tests\Unit\Application\Election\Security\IpEvidenceTopologyEquivalenceTest::test_topology_incremental_assembly_yields_same_outcome	Tests\Unit\Application\Election\Security\IpEvidenceTopologyEquivalenceTest	test_topology_incremental_assembly_yields_same_outcome	SKIPPED	0	0.000		Application (structural)	Election Security	NOT_ESTABLISHED	NOT_ESTABLISHED	NOT_ESTABLISHED	NOT_ESTABLISHED	NOT_ESTABLISHED	NOT_ESTABLISHED	NOT_ESTABLISHED	NOT_ESTABLISHED	Unknown	NOT_ESTABLISHED	NOT_ESTABLISHED	Mechanism not yet established	PHPUnit JUnit run 2026-08-12 (L1 only)	NOT_ESTABLISHED	NOT_ESTABLISHED	NOT_ESTABLISHED	NOT_ESTABLISHED
Tests\Unit\Application\Election\Security\IpEvidenceTopologyEquivalenceTest::test_topology_multi_partition_network_and_verification	Tests\Unit\Application\Election\Security\IpEvidenceTopologyEquivalenceTest	test_topology_multi_partition_network_and_verification	SKIPPED	0	0.000		Application (structural)	Election Security	NOT_ESTABLISHED	NOT_ESTABLISHED	NOT_ESTABLISHED	NOT_ESTABLISHED	NOT_ESTABLISHED	NOT_ESTABLISHED	NOT_ESTABLISHED	NOT_ESTABLISHED	Unknown	NOT_ESTABLISHED	NOT_ESTABLISHED	Mechanism not yet established	PHPUnit JUnit run 2026-08-12 (L1 only)	NOT_ESTABLISHED	NOT_ESTABLISHED	NOT_ESTABLISHED	NOT_ESTABLISHED
Tests\Unit\Application\Election\Security\IpEvidenceTopologyEquivalenceTest::test_topology_partition_reconstruction_continuity_evidence	Tests\Unit\Application\Election\Security\IpEvidenceTopologyEquivalenceTest	test_topology_partition_reconstruction_continuity_evidence	SKIPPED	0	0.000		Application (structural)	Election Security	NOT_ESTABLISHED	NOT_ESTABLISHED	NOT_ESTABLISHED	NOT_ESTABLISHED	NOT_ESTABLISHED	NOT_ESTABLISHED	NOT_ESTABLISHED	NOT_ESTABLISHED	Unknown	NOT_ESTABLISHED	NOT_ESTABLISHED	Mechanism not yet established	PHPUnit JUnit run 2026-08-12 (L1 only)	NOT_ESTABLISHED	NOT_ESTABLISHED	NOT_ESTABLISHED	NOT_ESTABLISHED
Tests\Unit\Application\Election\Security\IpEvidenceTopologyEquivalenceTest::test_topology_partition_reconstruction_network_evidence	Tests\Unit\Application\Election\Security\IpEvidenceTopologyEquivalenceTest	test_topology_partition_reconstruction_network_evidence	SKIPPED	0	0.000		Application (structural)	Election Security	NOT_ESTABLISHED	NOT_ESTABLISHED	NOT_ESTABLISHED	NOT_ESTABLISHED	NOT_ESTABLISHED	NOT_ESTABLISHED	NOT_ESTABLISHED	NOT_ESTABLISHED	Unknown	NOT_ESTABLISHED	NOT_ESTABLISHED	Mechanism not yet established	PHPUnit JUnit run 2026-08-12 (L1 only)	NOT_ESTABLISHED	NOT_ESTABLISHED	NOT_ESTABLISHED	NOT_ESTABLISHED
Tests\Unit\Application\Election\Security\IpEvidenceTopologyEquivalenceTest::test_topology_policy_sequence_identical_across_topologies	Tests\Unit\Application\Election\Security\IpEvidenceTopologyEquivalenceTest	test_topology_policy_sequence_identical_across_topologies	SKIPPED	0	0.000		Application (structural)	Election Security	NOT_ESTABLISHED	NOT_ESTABLISHED	NOT_ESTABLISHED	NOT_ESTABLISHED	NOT_ESTABLISHED	NOT_ESTABLISHED	NOT_ESTABLISHED	NOT_ESTABLISHED	Unknown	NOT_ESTABLISHED	NOT_ESTABLISHED	Mechanism not yet established	PHPUnit JUnit run 2026-08-12 (L1 only)	NOT_ESTABLISHED	NOT_ESTABLISHED	NOT_ESTABLISHED	NOT_ESTABLISHED
Tests\Unit\Application\Election\Security\IpEvidenceTopologyEquivalenceTest::test_topology_reason_code_consistent_atomic	Tests\Unit\Application\Election\Security\IpEvidenceTopologyEquivalenceTest	test_topology_reason_code_consistent_atomic	SKIPPED	0	0.000		Application (structural)	Election Security	NOT_ESTABLISHED	NOT_ESTABLISHED	NOT_ESTABLISHED	NOT_ESTABLISHED	NOT_ESTABLISHED	NOT_ESTABLISHED	NOT_ESTABLISHED	NOT_ESTABLISHED	Unknown	NOT_ESTABLISHED	NOT_ESTABLISHED	Mechanism not yet established	PHPUnit JUnit run 2026-08-12 (L1 only)	NOT_ESTABLISHED	NOT_ESTABLISHED	NOT_ESTABLISHED	NOT_ESTABLISHED
Tests\Unit\Application\Election\Security\IpEvidenceTopologyEquivalenceTest::test_topology_single_evaluation_vs_batch	Tests\Unit\Application\Election\Security\IpEvidenceTopologyEquivalenceTest	test_topology_single_evaluation_vs_batch	SKIPPED	0	0.000		Application (structural)	Election Security	NOT_ESTABLISHED	NOT_ESTABLISHED	NOT_ESTABLISHED	NOT_ESTABLISHED	NOT_ESTABLISHED	NOT_ESTABLISHED	NOT_ESTABLISHED	NOT_ESTABLISHED	Unknown	NOT_ESTABLISHED	NOT_ESTABLISHED	Mechanism not yet established	PHPUnit JUnit run 2026-08-12 (L1 only)	NOT_ESTABLISHED	NOT_ESTABLISHED	NOT_ESTABLISHED	NOT_ESTABLISHED
Tests\Unit\Application\Election\Security\OverlayAggregatorConstitutionalTest::test_aggregate_does_not_rank_or_weight_signals	Tests\Unit\Application\Election\Security\OverlayAggregatorConstitutionalTest	test_aggregate_does_not_rank_or_weight_signals	PASSED	6	0.000		Application (structural)	Election Security	NOT_ESTABLISHED	NOT_ESTABLISHED	NOT_ESTABLISHED	NOT_ESTABLISHED	NOT_ESTABLISHED	NOT_ESTABLISHED	NOT_ESTABLISHED	NOT_ESTABLISHED	Unknown	NOT_ESTABLISHED	NOT_ESTABLISHED	n/a — passed	PHPUnit JUnit run 2026-08-12 (L1 only)	NOT_ESTABLISHED	NOT_ESTABLISHED	NOT_ESTABLISHED	NOT_ESTABLISHED
Tests\Unit\Application\Election\Security\OverlayAggregatorConstitutionalTest::test_aggregate_returns_constitutional_observation_context	Tests\Unit\Application\Election\Security\OverlayAggregatorConstitutionalTest	test_aggregate_returns_constitutional_observation_context	PASSED	1	0.000		Application (structural)	Election Security	NOT_ESTABLISHED	NOT_ESTABLISHED	NOT_ESTABLISHED	NOT_ESTABLISHED	NOT_ESTABLISHED	NOT_ESTABLISHED	NOT_ESTABLISHED	NOT_ESTABLISHED	Unknown	NOT_ESTABLISHED	NOT_ESTABLISHED	n/a — passed	PHPUnit JUnit run 2026-08-12 (L1 only)	NOT_ESTABLISHED	NOT_ESTABLISHED	NOT_ESTABLISHED	NOT_ESTABLISHED
Tests\Unit\Application\Election\Security\OverlayAggregatorConstitutionalTest::test_context_is_passive_collection_not_ranking_engine	Tests\Unit\Application\Election\Security\OverlayAggregatorConstitutionalTest	test_context_is_passive_collection_not_ranking_engine	PASSED	4	0.000		Application (structural)	Election Security	NOT_ESTABLISHED	NOT_ESTABLISHED	NOT_ESTABLISHED	NOT_ESTABLISHED	NOT_ESTABLISHED	NOT_ESTABLISHED	NOT_ESTABLISHED	NOT_ESTABLISHED	Unknown	NOT_ESTABLISHED	NOT_ESTABLISHED	n/a — passed	PHPUnit JUnit run 2026-08-12 (L1 only)	NOT_ESTABLISHED	NOT_ESTABLISHED	NOT_ESTABLISHED	NOT_ESTABLISHED
Tests\Unit\Application\Election\Security\OverlayAggregatorConstitutionalTest::test_empty_overlay_list_returns_empty_context	Tests\Unit\Application\Election\Security\OverlayAggregatorConstitutionalTest	test_empty_overlay_list_returns_empty_context	PASSED	3	0.000		Application (structural)	Election Security	NOT_ESTABLISHED	NOT_ESTABLISHED	NOT_ESTABLISHED	NOT_ESTABLISHED	NOT_ESTABLISHED	NOT_ESTABLISHED	NOT_ESTABLISHED	NOT_ESTABLISHED	Unknown	NOT_ESTABLISHED	NOT_ESTABLISHED	n/a — passed	PHPUnit JUnit run 2026-08-12 (L1 only)	NOT_ESTABLISHED	NOT_ESTABLISHED	NOT_ESTABLISHED	NOT_ESTABLISHED
Tests\Unit\Application\Election\Security\OverlayAggregatorTest::test_no_overlays_returns_no_influence	Tests\Unit\Application\Election\Security\OverlayAggregatorTest	test_no_overlays_returns_no_influence	PASSED	3	0.000		Application (structural)	Election Security	NOT_ESTABLISHED	NOT_ESTABLISHED	NOT_ESTABLISHED	NOT_ESTABLISHED	NOT_ESTABLISHED	NOT_ESTABLISHED	NOT_ESTABLISHED	NOT_ESTABLISHED	Unknown	NOT_ESTABLISHED	NOT_ESTABLISHED	n/a — passed	PHPUnit JUnit run 2026-08-12 (L1 only)	NOT_ESTABLISHED	NOT_ESTABLISHED	NOT_ESTABLISHED	NOT_ESTABLISHED
Tests\Unit\Application\Election\Security\OverlayAggregatorTest::test_overlay_never_mutates_context_facts	Tests\Unit\Application\Election\Security\OverlayAggregatorTest	test_overlay_never_mutates_context_facts	PASSED	2	0.000		Application (structural)	Election Security	NOT_ESTABLISHED	NOT_ESTABLISHED	NOT_ESTABLISHED	NOT_ESTABLISHED	NOT_ESTABLISHED	NOT_ESTABLISHED	NOT_ESTABLISHED	NOT_ESTABLISHED	Unknown	NOT_ESTABLISHED	NOT_ESTABLISHED	n/a — passed	PHPUnit JUnit run 2026-08-12 (L1 only)	NOT_ESTABLISHED	NOT_ESTABLISHED	NOT_ESTABLISHED	NOT_ESTABLISHED
Tests\Unit\Application\Election\Security\OverlayAggregatorTest::test_overlays_aggregate_signals	Tests\Unit\Application\Election\Security\OverlayAggregatorTest	test_overlays_aggregate_signals	PASSED	2	0.000		Application (structural)	Election Security	NOT_ESTABLISHED	NOT_ESTABLISHED	NOT_ESTABLISHED	NOT_ESTABLISHED	NOT_ESTABLISHED	NOT_ESTABLISHED	NOT_ESTABLISHED	NOT_ESTABLISHED	Unknown	NOT_ESTABLISHED	NOT_ESTABLISHED	n/a — passed	PHPUnit JUnit run 2026-08-12 (L1 only)	NOT_ESTABLISHED	NOT_ESTABLISHED	NOT_ESTABLISHED	NOT_ESTABLISHED
Tests\Unit\Application\Election\Security\OverlayRegistryTest::test_all_overlay_classes_exist_in_definitions	Tests\Unit\Application\Election\Security\OverlayRegistryTest	test_all_overlay_classes_exist_in_definitions	PASSED	3	0.000		Application (structural)	Election Security	NOT_ESTABLISHED	NOT_ESTABLISHED	NOT_ESTABLISHED	NOT_ESTABLISHED	NOT_ESTABLISHED	NOT_ESTABLISHED	NOT_ESTABLISHED	NOT_ESTABLISHED	Unknown	NOT_ESTABLISHED	NOT_ESTABLISHED	n/a — passed	PHPUnit JUnit run 2026-08-12 (L1 only)	NOT_ESTABLISHED	NOT_ESTABLISHED	NOT_ESTABLISHED	NOT_ESTABLISHED
Tests\Unit\Application\Election\Security\OverlayRegistryTest::test_definitions_ordered_by_stratification	Tests\Unit\Application\Election\Security\OverlayRegistryTest	test_definitions_ordered_by_stratification	PASSED	8	0.000		Application (structural)	Election Security	NOT_ESTABLISHED	NOT_ESTABLISHED	NOT_ESTABLISHED	NOT_ESTABLISHED	NOT_ESTABLISHED	NOT_ESTABLISHED	NOT_ESTABLISHED	NOT_ESTABLISHED	Unknown	NOT_ESTABLISHED	NOT_ESTABLISHED	n/a — passed	PHPUnit JUnit run 2026-08-12 (L1 only)	NOT_ESTABLISHED	NOT_ESTABLISHED	NOT_ESTABLISHED	NOT_ESTABLISHED
Tests\Unit\Application\Election\Security\OverlayRegistryTest::test_find_by_identifier_returns_correct_definition	Tests\Unit\Application\Election\Security\OverlayRegistryTest	test_find_by_identifier_returns_correct_definition	PASSED	3	0.000		Application (structural)	Election Security	NOT_ESTABLISHED	NOT_ESTABLISHED	NOT_ESTABLISHED	NOT_ESTABLISHED	NOT_ESTABLISHED	NOT_ESTABLISHED	NOT_ESTABLISHED	NOT_ESTABLISHED	Unknown	NOT_ESTABLISHED	NOT_ESTABLISHED	n/a — passed	PHPUnit JUnit run 2026-08-12 (L1 only)	NOT_ESTABLISHED	NOT_ESTABLISHED	NOT_ESTABLISHED	NOT_ESTABLISHED
Tests\Unit\Application\Election\Security\OverlayRegistryTest::test_find_by_identifier_returns_null_for_nonexistent	Tests\Unit\Application\Election\Security\OverlayRegistryTest	test_find_by_identifier_returns_null_for_nonexistent	PASSED	1	0.000		Application (structural)	Election Security	NOT_ESTABLISHED	NOT_ESTABLISHED	NOT_ESTABLISHED	NOT_ESTABLISHED	NOT_ESTABLISHED	NOT_ESTABLISHED	NOT_ESTABLISHED	NOT_ESTABLISHED	Unknown	NOT_ESTABLISHED	NOT_ESTABLISHED	n/a — passed	PHPUnit JUnit run 2026-08-12 (L1 only)	NOT_ESTABLISHED	NOT_ESTABLISHED	NOT_ESTABLISHED	NOT_ESTABLISHED
Tests\Unit\Application\Election\Security\OverlayRegistryTest::test_registry_holds_definitions_not_instances	Tests\Unit\Application\Election\Security\OverlayRegistryTest	test_registry_holds_definitions_not_instances	PASSED	20	0.001		Application (structural)	Election Security	NOT_ESTABLISHED	NOT_ESTABLISHED	NOT_ESTABLISHED	NOT_ESTABLISHED	NOT_ESTABLISHED	NOT_ESTABLISHED	NOT_ESTABLISHED	NOT_ESTABLISHED	Unknown	NOT_ESTABLISHED	NOT_ESTABLISHED	n/a — passed	PHPUnit JUnit run 2026-08-12 (L1 only)	NOT_ESTABLISHED	NOT_ESTABLISHED	NOT_ESTABLISHED	NOT_ESTABLISHED
Tests\Unit\Application\Election\Security\Overlays\DeviceAnomalyOverlayTest::test_identifier_matches_registry	Tests\Unit\Application\Election\Security\Overlays\DeviceAnomalyOverlayTest	test_identifier_matches_registry	PASSED	1	0.000		Application (structural)	Election Security — overlays	NOT_ESTABLISHED	NOT_ESTABLISHED	NOT_ESTABLISHED	NOT_ESTABLISHED	NOT_ESTABLISHED	NOT_ESTABLISHED	NOT_ESTABLISHED	NOT_ESTABLISHED	Unknown	NOT_ESTABLISHED	NOT_ESTABLISHED	n/a — passed	PHPUnit JUnit run 2026-08-12 (L1 only)	NOT_ESTABLISHED	NOT_ESTABLISHED	NOT_ESTABLISHED	NOT_ESTABLISHED
Tests\Unit\Application\Election\Security\Overlays\DeviceAnomalyOverlayTest::test_reports_attestation_when_device_becomes_volatile	Tests\Unit\Application\Election\Security\Overlays\DeviceAnomalyOverlayTest	test_reports_attestation_when_device_becomes_volatile	PASSED	2	0.000		Application (structural)	Election Security — overlays	NOT_ESTABLISHED	NOT_ESTABLISHED	NOT_ESTABLISHED	NOT_ESTABLISHED	NOT_ESTABLISHED	NOT_ESTABLISHED	NOT_ESTABLISHED	NOT_ESTABLISHED	Unknown	NOT_ESTABLISHED	NOT_ESTABLISHED	n/a — passed	PHPUnit JUnit run 2026-08-12 (L1 only)	NOT_ESTABLISHED	NOT_ESTABLISHED	NOT_ESTABLISHED	NOT_ESTABLISHED
Tests\Unit\Application\Election\Security\Overlays\DeviceAnomalyOverlayTest::test_reports_stable_when_device_stable	Tests\Unit\Application\Election\Security\Overlays\DeviceAnomalyOverlayTest	test_reports_stable_when_device_stable	PASSED	2	0.000		Application (structural)	Election Security — overlays	NOT_ESTABLISHED	NOT_ESTABLISHED	NOT_ESTABLISHED	NOT_ESTABLISHED	NOT_ESTABLISHED	NOT_ESTABLISHED	NOT_ESTABLISHED	NOT_ESTABLISHED	Unknown	NOT_ESTABLISHED	NOT_ESTABLISHED	n/a — passed	PHPUnit JUnit run 2026-08-12 (L1 only)	NOT_ESTABLISHED	NOT_ESTABLISHED	NOT_ESTABLISHED	NOT_ESTABLISHED
Tests\Unit\Application\Election\Security\Overlays\EmergencyConditionOverlayTest::test_evaluate_never_mutates_context	Tests\Unit\Application\Election\Security\Overlays\EmergencyConditionOverlayTest	test_evaluate_never_mutates_context	PASSED	1	0.033		Application (structural)	Election Security — overlays	NOT_ESTABLISHED	NOT_ESTABLISHED	NOT_ESTABLISHED	NOT_ESTABLISHED	NOT_ESTABLISHED	NOT_ESTABLISHED	NOT_ESTABLISHED	NOT_ESTABLISHED	Unknown	NOT_ESTABLISHED	NOT_ESTABLISHED	n/a — passed	PHPUnit JUnit run 2026-08-12 (L1 only)	NOT_ESTABLISHED	NOT_ESTABLISHED	NOT_ESTABLISHED	NOT_ESTABLISHED
Tests\Unit\Application\Election\Security\Overlays\EmergencyConditionOverlayTest::test_identifier_matches_registry	Tests\Unit\Application\Election\Security\Overlays\EmergencyConditionOverlayTest	test_identifier_matches_registry	PASSED	1	0.029		Application (structural)	Election Security — overlays	NOT_ESTABLISHED	NOT_ESTABLISHED	NOT_ESTABLISHED	NOT_ESTABLISHED	NOT_ESTABLISHED	NOT_ESTABLISHED	NOT_ESTABLISHED	NOT_ESTABLISHED	Unknown	NOT_ESTABLISHED	NOT_ESTABLISHED	n/a — passed	PHPUnit JUnit run 2026-08-12 (L1 only)	NOT_ESTABLISHED	NOT_ESTABLISHED	NOT_ESTABLISHED	NOT_ESTABLISHED
Tests\Unit\Application\Election\Security\Overlays\EmergencyConditionOverlayTest::test_reports_evidence_inconsistent_when_overlay_active	Tests\Unit\Application\Election\Security\Overlays\EmergencyConditionOverlayTest	test_reports_evidence_inconsistent_when_overlay_active	PASSED	2	0.034		Application (structural)	Election Security — overlays	NOT_ESTABLISHED	NOT_ESTABLISHED	NOT_ESTABLISHED	NOT_ESTABLISHED	NOT_ESTABLISHED	NOT_ESTABLISHED	NOT_ESTABLISHED	NOT_ESTABLISHED	Unknown	NOT_ESTABLISHED	NOT_ESTABLISHED	n/a — passed	PHPUnit JUnit run 2026-08-12 (L1 only)	NOT_ESTABLISHED	NOT_ESTABLISHED	NOT_ESTABLISHED	NOT_ESTABLISHED
Tests\Unit\Application\Election\Security\Overlays\EmergencyConditionOverlayTest::test_reports_stable_when_overlay_inactive	Tests\Unit\Application\Election\Security\Overlays\EmergencyConditionOverlayTest	test_reports_stable_when_overlay_inactive	PASSED	2	0.038		Application (structural)	Election Security — overlays	NOT_ESTABLISHED	NOT_ESTABLISHED	NOT_ESTABLISHED	NOT_ESTABLISHED	NOT_ESTABLISHED	NOT_ESTABLISHED	NOT_ESTABLISHED	NOT_ESTABLISHED	Unknown	NOT_ESTABLISHED	NOT_ESTABLISHED	n/a — passed	PHPUnit JUnit run 2026-08-12 (L1 only)	NOT_ESTABLISHED	NOT_ESTABLISHED	NOT_ESTABLISHED	NOT_ESTABLISHED
Tests\Unit\Application\Election\Security\Overlays\IpVelocityOverlayTest::test_identifier_matches_registry	Tests\Unit\Application\Election\Security\Overlays\IpVelocityOverlayTest	test_identifier_matches_registry	PASSED	1	0.029		Application (structural)	Election Security — overlays	NOT_ESTABLISHED	NOT_ESTABLISHED	NOT_ESTABLISHED	NOT_ESTABLISHED	NOT_ESTABLISHED	NOT_ESTABLISHED	NOT_ESTABLISHED	NOT_ESTABLISHED	Unknown	NOT_ESTABLISHED	NOT_ESTABLISHED	n/a — passed	PHPUnit JUnit run 2026-08-12 (L1 only)	NOT_ESTABLISHED	NOT_ESTABLISHED	NOT_ESTABLISHED	NOT_ESTABLISHED
Tests\Unit\Application\Election\Security\Overlays\IpVelocityOverlayTest::test_reports_attestation_when_velocity_threshold_exceeded	Tests\Unit\Application\Election\Security\Overlays\IpVelocityOverlayTest	test_reports_attestation_when_velocity_threshold_exceeded	ERROR	0	0.048	Illuminate\Database\QueryException: SQLSTATE[23503]: Foreign key violation: 7 ERROR: insert or update on table "election_security_events" violates foreign key constraint "election_security_events_election_id_foreign"	Application (structural)	Election Security — overlays	NOT_ESTABLISHED	NOT_ESTABLISHED	NOT_ESTABLISHED	NOT_ESTABLISHED	NOT_ESTABLISHED	NOT_ESTABLISHED	NOT_ESTABLISHED	NOT_ESTABLISHED	Unknown	NOT_ESTABLISHED	NOT_ESTABLISHED	Mechanism not yet established	PHPUnit JUnit run 2026-08-12 (L1 only)	NOT_ESTABLISHED	NOT_ESTABLISHED	NOT_ESTABLISHED	NOT_ESTABLISHED
Tests\Unit\Application\Election\Security\Overlays\IpVelocityOverlayTest::test_reports_stable_when_events_outside_aggregation_window	Tests\Unit\Application\Election\Security\Overlays\IpVelocityOverlayTest	test_reports_stable_when_events_outside_aggregation_window	ERROR	0	0.042	Illuminate\Database\QueryException: SQLSTATE[23503]: Foreign key violation: 7 ERROR: insert or update on table "election_security_events" violates foreign key constraint "election_security_events_election_id_foreign"	Application (structural)	Election Security — overlays	NOT_ESTABLISHED	NOT_ESTABLISHED	NOT_ESTABLISHED	NOT_ESTABLISHED	NOT_ESTABLISHED	NOT_ESTABLISHED	NOT_ESTABLISHED	NOT_ESTABLISHED	Unknown	NOT_ESTABLISHED	NOT_ESTABLISHED	Mechanism not yet established	PHPUnit JUnit run 2026-08-12 (L1 only)	NOT_ESTABLISHED	NOT_ESTABLISHED	NOT_ESTABLISHED	NOT_ESTABLISHED
Tests\Unit\Application\Election\Security\Overlays\IpVelocityOverlayTest::test_reports_stable_when_velocity_normal	Tests\Unit\Application\Election\Security\Overlays\IpVelocityOverlayTest	test_reports_stable_when_velocity_normal	PASSED	2	0.043		Application (structural)	Election Security — overlays	NOT_ESTABLISHED	NOT_ESTABLISHED	NOT_ESTABLISHED	NOT_ESTABLISHED	NOT_ESTABLISHED	NOT_ESTABLISHED	NOT_ESTABLISHED	NOT_ESTABLISHED	Unknown	NOT_ESTABLISHED	NOT_ESTABLISHED	n/a — passed	PHPUnit JUnit run 2026-08-12 (L1 only)	NOT_ESTABLISHED	NOT_ESTABLISHED	NOT_ESTABLISHED	NOT_ESTABLISHED
Tests\Unit\Application\Election\Security\Overlays\IpVelocityOverlayTest::test_velocity_breach_simplified_emits_evidence_inconsistent_not_attestation	Tests\Unit\Application\Election\Security\Overlays\IpVelocityOverlayTest	test_velocity_breach_simplified_emits_evidence_inconsistent_not_attestation	ERROR	0	0.043	Illuminate\Database\QueryException: SQLSTATE[23503]: Foreign key violation: 7 ERROR: insert or update on table "election_security_events" violates foreign key constraint "election_security_events_election_id_foreign"	Application (structural)	Election Security — overlays	NOT_ESTABLISHED	NOT_ESTABLISHED	NOT_ESTABLISHED	NOT_ESTABLISHED	NOT_ESTABLISHED	NOT_ESTABLISHED	NOT_ESTABLISHED	NOT_ESTABLISHED	Unknown	NOT_ESTABLISHED	NOT_ESTABLISHED	Mechanism not yet established	PHPUnit JUnit run 2026-08-12 (L1 only)	NOT_ESTABLISHED	NOT_ESTABLISHED	NOT_ESTABLISHED	NOT_ESTABLISHED
Tests\Unit\Application\Election\Security\Overlays\IpVelocityOverlayTest::test_velocity_signal_is_observational_not_procedural	Tests\Unit\Application\Election\Security\Overlays\IpVelocityOverlayTest	test_velocity_signal_is_observational_not_procedural	PASSED	5	0.046		Application (structural)	Election Security — overlays	NOT_ESTABLISHED	NOT_ESTABLISHED	NOT_ESTABLISHED	NOT_ESTABLISHED	NOT_ESTABLISHED	NOT_ESTABLISHED	NOT_ESTABLISHED	NOT_ESTABLISHED	Unknown	NOT_ESTABLISHED	NOT_ESTABLISHED	n/a — passed	PHPUnit JUnit run 2026-08-12 (L1 only)	NOT_ESTABLISHED	NOT_ESTABLISHED	NOT_ESTABLISHED	NOT_ESTABLISHED
Tests\Unit\Application\Election\Security\Overlays\IpVelocityOverlayTest::test_velocity_within_limit_simplified_emits_context_stable	Tests\Unit\Application\Election\Security\Overlays\IpVelocityOverlayTest	test_velocity_within_limit_simplified_emits_context_stable	PASSED	2	0.042		Application (structural)	Election Security — overlays	NOT_ESTABLISHED	NOT_ESTABLISHED	NOT_ESTABLISHED	NOT_ESTABLISHED	NOT_ESTABLISHED	NOT_ESTABLISHED	NOT_ESTABLISHED	NOT_ESTABLISHED	Unknown	NOT_ESTABLISHED	NOT_ESTABLISHED	n/a — passed	PHPUnit JUnit run 2026-08-12 (L1 only)	NOT_ESTABLISHED	NOT_ESTABLISHED	NOT_ESTABLISHED	NOT_ESTABLISHED
Tests\Unit\Application\Election\Security\Overlays\NetworkContinuityObservationTest::test_network_continuity_constitutional_basis_documented	Tests\Unit\Application\Election\Security\Overlays\NetworkContinuityObservationTest	test_network_continuity_constitutional_basis_documented	PASSED	2	0.035		Application (structural)	Election Security — overlays	NOT_ESTABLISHED	NOT_ESTABLISHED	NOT_ESTABLISHED	NOT_ESTABLISHED	NOT_ESTABLISHED	NOT_ESTABLISHED	NOT_ESTABLISHED	NOT_ESTABLISHED	Unknown	NOT_ESTABLISHED	NOT_ESTABLISHED	n/a — passed	PHPUnit JUnit run 2026-08-12 (L1 only)	NOT_ESTABLISHED	NOT_ESTABLISHED	NOT_ESTABLISHED	NOT_ESTABLISHED
Tests\Unit\Application\Election\Security\Overlays\NetworkContinuityObservationTest::test_network_continuity_identifier_registered	Tests\Unit\Application\Election\Security\Overlays\NetworkContinuityObservationTest	test_network_continuity_identifier_registered	PASSED	1	0.030		Application (structural)	Election Security — overlays	NOT_ESTABLISHED	NOT_ESTABLISHED	NOT_ESTABLISHED	NOT_ESTABLISHED	NOT_ESTABLISHED	NOT_ESTABLISHED	NOT_ESTABLISHED	NOT_ESTABLISHED	Unknown	NOT_ESTABLISHED	NOT_ESTABLISHED	n/a — passed	PHPUnit JUnit run 2026-08-12 (L1 only)	NOT_ESTABLISHED	NOT_ESTABLISHED	NOT_ESTABLISHED	NOT_ESTABLISHED
Tests\Unit\Application\Election\Security\Overlays\NetworkContinuityObservationTest::test_network_continuity_matched_emits_context_stable	Tests\Unit\Application\Election\Security\Overlays\NetworkContinuityObservationTest	test_network_continuity_matched_emits_context_stable	PASSED	2	0.033		Application (structural)	Election Security — overlays	NOT_ESTABLISHED	NOT_ESTABLISHED	NOT_ESTABLISHED	NOT_ESTABLISHED	NOT_ESTABLISHED	NOT_ESTABLISHED	NOT_ESTABLISHED	NOT_ESTABLISHED	Unknown	NOT_ESTABLISHED	NOT_ESTABLISHED	n/a — passed	PHPUnit JUnit run 2026-08-12 (L1 only)	NOT_ESTABLISHED	NOT_ESTABLISHED	NOT_ESTABLISHED	NOT_ESTABLISHED
Tests\Unit\Application\Election\Security\Overlays\NetworkContinuityObservationTest::test_network_continuity_mismatched_emits_evidence_inconsistent	Tests\Unit\Application\Election\Security\Overlays\NetworkContinuityObservationTest	test_network_continuity_mismatched_emits_evidence_inconsistent	PASSED	2	0.033		Application (structural)	Election Security — overlays	NOT_ESTABLISHED	NOT_ESTABLISHED	NOT_ESTABLISHED	NOT_ESTABLISHED	NOT_ESTABLISHED	NOT_ESTABLISHED	NOT_ESTABLISHED	NOT_ESTABLISHED	Unknown	NOT_ESTABLISHED	NOT_ESTABLISHED	n/a — passed	PHPUnit JUnit run 2026-08-12 (L1 only)	NOT_ESTABLISHED	NOT_ESTABLISHED	NOT_ESTABLISHED	NOT_ESTABLISHED
Tests\Unit\Application\Election\Security\Overlays\NetworkContinuityObservationTest::test_network_continuity_no_constraint_emits_context_stable	Tests\Unit\Application\Election\Security\Overlays\NetworkContinuityObservationTest	test_network_continuity_no_constraint_emits_context_stable	PASSED	1	0.033		Application (structural)	Election Security — overlays	NOT_ESTABLISHED	NOT_ESTABLISHED	NOT_ESTABLISHED	NOT_ESTABLISHED	NOT_ESTABLISHED	NOT_ESTABLISHED	NOT_ESTABLISHED	NOT_ESTABLISHED	Unknown	NOT_ESTABLISHED	NOT_ESTABLISHED	n/a — passed	PHPUnit JUnit run 2026-08-12 (L1 only)	NOT_ESTABLISHED	NOT_ESTABLISHED	NOT_ESTABLISHED	NOT_ESTABLISHED
Tests\Unit\Application\Election\Security\Overlays\NetworkContinuityObservationTest::test_network_continuity_preserves_evidence_context	Tests\Unit\Application\Election\Security\Overlays\NetworkContinuityObservationTest	test_network_continuity_preserves_evidence_context	PASSED	5	0.033		Application (structural)	Election Security — overlays	NOT_ESTABLISHED	NOT_ESTABLISHED	NOT_ESTABLISHED	NOT_ESTABLISHED	NOT_ESTABLISHED	NOT_ESTABLISHED	NOT_ESTABLISHED	NOT_ESTABLISHED	Unknown	NOT_ESTABLISHED	NOT_ESTABLISHED	n/a — passed	PHPUnit JUnit run 2026-08-12 (L1 only)	NOT_ESTABLISHED	NOT_ESTABLISHED	NOT_ESTABLISHED	NOT_ESTABLISHED
Tests\Unit\Application\Election\Security\Overlays\NetworkContinuityObservationTest::test_network_continuity_respects_binding_strategy_none	Tests\Unit\Application\Election\Security\Overlays\NetworkContinuityObservationTest	test_network_continuity_respects_binding_strategy_none	PASSED	2	0.034		Application (structural)	Election Security — overlays	NOT_ESTABLISHED	NOT_ESTABLISHED	NOT_ESTABLISHED	NOT_ESTABLISHED	NOT_ESTABLISHED	NOT_ESTABLISHED	NOT_ESTABLISHED	NOT_ESTABLISHED	Unknown	NOT_ESTABLISHED	NOT_ESTABLISHED	n/a — passed	PHPUnit JUnit run 2026-08-12 (L1 only)	NOT_ESTABLISHED	NOT_ESTABLISHED	NOT_ESTABLISHED	NOT_ESTABLISHED
Tests\Unit\Application\Election\Security\Overlays\NetworkContinuityObservationTest::test_network_continuity_respects_binding_strategy_strict	Tests\Unit\Application\Election\Security\Overlays\NetworkContinuityObservationTest	test_network_continuity_respects_binding_strategy_strict	PASSED	1	0.037		Application (structural)	Election Security — overlays	NOT_ESTABLISHED	NOT_ESTABLISHED	NOT_ESTABLISHED	NOT_ESTABLISHED	NOT_ESTABLISHED	NOT_ESTABLISHED	NOT_ESTABLISHED	NOT_ESTABLISHED	Unknown	NOT_ESTABLISHED	NOT_ESTABLISHED	n/a — passed	PHPUnit JUnit run 2026-08-12 (L1 only)	NOT_ESTABLISHED	NOT_ESTABLISHED	NOT_ESTABLISHED	NOT_ESTABLISHED
Tests\Unit\Application\Election\Security\Overlays\OverlayOrderingNeutralityTest::test_overlay_coordinator_aggregates_order_neutral	Tests\Unit\Application\Election\Security\Overlays\OverlayOrderingNeutralityTest	test_overlay_coordinator_aggregates_order_neutral	PASSED	1	0.033		Application (structural)	Election Security — overlays	NOT_ESTABLISHED	NOT_ESTABLISHED	NOT_ESTABLISHED	NOT_ESTABLISHED	NOT_ESTABLISHED	NOT_ESTABLISHED	NOT_ESTABLISHED	NOT_ESTABLISHED	Unknown	NOT_ESTABLISHED	NOT_ESTABLISHED	n/a — passed	PHPUnit JUnit run 2026-08-12 (L1 only)	NOT_ESTABLISHED	NOT_ESTABLISHED	NOT_ESTABLISHED	NOT_ESTABLISHED
Tests\Unit\Application\Election\Security\Overlays\OverlayOrderingNeutralityTest::test_overlay_order_network_first_density_second_identical_to_reverse	Tests\Unit\Application\Election\Security\Overlays\OverlayOrderingNeutralityTest	test_overlay_order_network_first_density_second_identical_to_reverse	PASSED	2	0.033		Application (structural)	Election Security — overlays	NOT_ESTABLISHED	NOT_ESTABLISHED	NOT_ESTABLISHED	NOT_ESTABLISHED	NOT_ESTABLISHED	NOT_ESTABLISHED	NOT_ESTABLISHED	NOT_ESTABLISHED	Unknown	NOT_ESTABLISHED	NOT_ESTABLISHED	n/a — passed	PHPUnit JUnit run 2026-08-12 (L1 only)	NOT_ESTABLISHED	NOT_ESTABLISHED	NOT_ESTABLISHED	NOT_ESTABLISHED
Tests\Unit\Application\Election\Security\Overlays\OverlayOrderingNeutralityTest::test_overlay_stable_ordering_is_order_independent	Tests\Unit\Application\Election\Security\Overlays\OverlayOrderingNeutralityTest	test_overlay_stable_ordering_is_order_independent	PASSED	1	0.035		Application (structural)	Election Security — overlays	NOT_ESTABLISHED	NOT_ESTABLISHED	NOT_ESTABLISHED	NOT_ESTABLISHED	NOT_ESTABLISHED	NOT_ESTABLISHED	NOT_ESTABLISHED	NOT_ESTABLISHED	Unknown	NOT_ESTABLISHED	NOT_ESTABLISHED	n/a — passed	PHPUnit JUnit run 2026-08-12 (L1 only)	NOT_ESTABLISHED	NOT_ESTABLISHED	NOT_ESTABLISHED	NOT_ESTABLISHED
Tests\Unit\Application\Election\Security\Overlays\ParticipationDensityObservationTest::test_participation_density_boundary_at_threshold	Tests\Unit\Application\Election\Security\Overlays\ParticipationDensityObservationTest	test_participation_density_boundary_at_threshold	PASSED	1	0.033		Application (structural)	Election Security — overlays	NOT_ESTABLISHED	NOT_ESTABLISHED	NOT_ESTABLISHED	NOT_ESTABLISHED	NOT_ESTABLISHED	NOT_ESTABLISHED	NOT_ESTABLISHED	NOT_ESTABLISHED	Unknown	NOT_ESTABLISHED	NOT_ESTABLISHED	n/a — passed	PHPUnit JUnit run 2026-08-12 (L1 only)	NOT_ESTABLISHED	NOT_ESTABLISHED	NOT_ESTABLISHED	NOT_ESTABLISHED
Tests\Unit\Application\Election\Security\Overlays\ParticipationDensityObservationTest::test_participation_density_boundary_below_threshold	Tests\Unit\Application\Election\Security\Overlays\ParticipationDensityObservationTest	test_participation_density_boundary_below_threshold	PASSED	1	0.036		Application (structural)	Election Security — overlays	NOT_ESTABLISHED	NOT_ESTABLISHED	NOT_ESTABLISHED	NOT_ESTABLISHED	NOT_ESTABLISHED	NOT_ESTABLISHED	NOT_ESTABLISHED	NOT_ESTABLISHED	Unknown	NOT_ESTABLISHED	NOT_ESTABLISHED	n/a — passed	PHPUnit JUnit run 2026-08-12 (L1 only)	NOT_ESTABLISHED	NOT_ESTABLISHED	NOT_ESTABLISHED	NOT_ESTABLISHED
Tests\Unit\Application\Election\Security\Overlays\ParticipationDensityObservationTest::test_participation_density_constitutional_basis_documents_constraint	Tests\Unit\Application\Election\Security\Overlays\ParticipationDensityObservationTest	test_participation_density_constitutional_basis_documents_constraint	PASSED	2	0.037		Application (structural)	Election Security — overlays	NOT_ESTABLISHED	NOT_ESTABLISHED	NOT_ESTABLISHED	NOT_ESTABLISHED	NOT_ESTABLISHED	NOT_ESTABLISHED	NOT_ESTABLISHED	NOT_ESTABLISHED	Unknown	NOT_ESTABLISHED	NOT_ESTABLISHED	n/a — passed	PHPUnit JUnit run 2026-08-12 (L1 only)	NOT_ESTABLISHED	NOT_ESTABLISHED	NOT_ESTABLISHED	NOT_ESTABLISHED
Tests\Unit\Application\Election\Security\Overlays\ParticipationDensityObservationTest::test_participation_density_disabled_emits_context_stable	Tests\Unit\Application\Election\Security\Overlays\ParticipationDensityObservationTest	test_participation_density_disabled_emits_context_stable	PASSED	1	0.034		Application (structural)	Election Security — overlays	NOT_ESTABLISHED	NOT_ESTABLISHED	NOT_ESTABLISHED	NOT_ESTABLISHED	NOT_ESTABLISHED	NOT_ESTABLISHED	NOT_ESTABLISHED	NOT_ESTABLISHED	Unknown	NOT_ESTABLISHED	NOT_ESTABLISHED	n/a — passed	PHPUnit JUnit run 2026-08-12 (L1 only)	NOT_ESTABLISHED	NOT_ESTABLISHED	NOT_ESTABLISHED	NOT_ESTABLISHED
Tests\Unit\Application\Election\Security\Overlays\ParticipationDensityObservationTest::test_participation_density_equals_threshold_emits_evidence_inconsistent	Tests\Unit\Application\Election\Security\Overlays\ParticipationDensityObservationTest	test_participation_density_equals_threshold_emits_evidence_inconsistent	PASSED	2	0.034		Application (structural)	Election Security — overlays	NOT_ESTABLISHED	NOT_ESTABLISHED	NOT_ESTABLISHED	NOT_ESTABLISHED	NOT_ESTABLISHED	NOT_ESTABLISHED	NOT_ESTABLISHED	NOT_ESTABLISHED	Unknown	NOT_ESTABLISHED	NOT_ESTABLISHED	n/a — passed	PHPUnit JUnit run 2026-08-12 (L1 only)	NOT_ESTABLISHED	NOT_ESTABLISHED	NOT_ESTABLISHED	NOT_ESTABLISHED
Tests\Unit\Application\Election\Security\Overlays\ParticipationDensityObservationTest::test_participation_density_exceeds_threshold_emits_evidence_inconsistent	Tests\Unit\Application\Election\Security\Overlays\ParticipationDensityObservationTest	test_participation_density_exceeds_threshold_emits_evidence_inconsistent	PASSED	1	0.033		Application (structural)	Election Security — overlays	NOT_ESTABLISHED	NOT_ESTABLISHED	NOT_ESTABLISHED	NOT_ESTABLISHED	NOT_ESTABLISHED	NOT_ESTABLISHED	NOT_ESTABLISHED	NOT_ESTABLISHED	Unknown	NOT_ESTABLISHED	NOT_ESTABLISHED	n/a — passed	PHPUnit JUnit run 2026-08-12 (L1 only)	NOT_ESTABLISHED	NOT_ESTABLISHED	NOT_ESTABLISHED	NOT_ESTABLISHED
Tests\Unit\Application\Election\Security\Overlays\ParticipationDensityObservationTest::test_participation_density_identifier_registered	Tests\Unit\Application\Election\Security\Overlays\ParticipationDensityObservationTest	test_participation_density_identifier_registered	PASSED	1	0.029		Application (structural)	Election Security — overlays	NOT_ESTABLISHED	NOT_ESTABLISHED	NOT_ESTABLISHED	NOT_ESTABLISHED	NOT_ESTABLISHED	NOT_ESTABLISHED	NOT_ESTABLISHED	NOT_ESTABLISHED	Unknown	NOT_ESTABLISHED	NOT_ESTABLISHED	n/a — passed	PHPUnit JUnit run 2026-08-12 (L1 only)	NOT_ESTABLISHED	NOT_ESTABLISHED	NOT_ESTABLISHED	NOT_ESTABLISHED
Tests\Unit\Application\Election\Security\Overlays\ParticipationDensityObservationTest::test_participation_density_preserves_vote_count_evidence	Tests\Unit\Application\Election\Security\Overlays\ParticipationDensityObservationTest	test_participation_density_preserves_vote_count_evidence	PASSED	4	0.034		Application (structural)	Election Security — overlays	NOT_ESTABLISHED	NOT_ESTABLISHED	NOT_ESTABLISHED	NOT_ESTABLISHED	NOT_ESTABLISHED	NOT_ESTABLISHED	NOT_ESTABLISHED	NOT_ESTABLISHED	Unknown	NOT_ESTABLISHED	NOT_ESTABLISHED	n/a — passed	PHPUnit JUnit run 2026-08-12 (L1 only)	NOT_ESTABLISHED	NOT_ESTABLISHED	NOT_ESTABLISHED	NOT_ESTABLISHED
Tests\Unit\Application\Election\Security\Overlays\ParticipationDensityObservationTest::test_participation_density_within_threshold_emits_context_stable	Tests\Unit\Application\Election\Security\Overlays\ParticipationDensityObservationTest	test_participation_density_within_threshold_emits_context_stable	PASSED	2	0.033		Application (structural)	Election Security — overlays	NOT_ESTABLISHED	NOT_ESTABLISHED	NOT_ESTABLISHED	NOT_ESTABLISHED	NOT_ESTABLISHED	NOT_ESTABLISHED	NOT_ESTABLISHED	NOT_ESTABLISHED	Unknown	NOT_ESTABLISHED	NOT_ESTABLISHED	n/a — passed	PHPUnit JUnit run 2026-08-12 (L1 only)	NOT_ESTABLISHED	NOT_ESTABLISHED	NOT_ESTABLISHED	NOT_ESTABLISHED
Tests\Unit\Application\Election\Security\Overlays\ParticipationDensityObservationTest::test_participation_density_zero_votes_stable	Tests\Unit\Application\Election\Security\Overlays\ParticipationDensityObservationTest	test_participation_density_zero_votes_stable	PASSED	1	0.034		Application (structural)	Election Security — overlays	NOT_ESTABLISHED	NOT_ESTABLISHED	NOT_ESTABLISHED	NOT_ESTABLISHED	NOT_ESTABLISHED	NOT_ESTABLISHED	NOT_ESTABLISHED	NOT_ESTABLISHED	Unknown	NOT_ESTABLISHED	NOT_ESTABLISHED	n/a — passed	PHPUnit JUnit run 2026-08-12 (L1 only)	NOT_ESTABLISHED	NOT_ESTABLISHED	NOT_ESTABLISHED	NOT_ESTABLISHED
Tests\Unit\Application\Election\Security\Overlays\RegistrarAttestationElevationTest::test_identifier_matches_registry	Tests\Unit\Application\Election\Security\Overlays\RegistrarAttestationElevationTest	test_identifier_matches_registry	PASSED	1	0.030		Application (structural)	Election Security — overlays	NOT_ESTABLISHED	NOT_ESTABLISHED	NOT_ESTABLISHED	NOT_ESTABLISHED	NOT_ESTABLISHED	NOT_ESTABLISHED	NOT_ESTABLISHED	NOT_ESTABLISHED	Unknown	NOT_ESTABLISHED	NOT_ESTABLISHED	n/a — passed	PHPUnit JUnit run 2026-08-12 (L1 only)	NOT_ESTABLISHED	NOT_ESTABLISHED	NOT_ESTABLISHED	NOT_ESTABLISHED
Tests\Unit\Application\Election\Security\Overlays\RegistrarAttestationElevationTest::test_reports_evidence_inconsistent_when_registrar_attested	Tests\Unit\Application\Election\Security\Overlays\RegistrarAttestationElevationTest	test_reports_evidence_inconsistent_when_registrar_attested	PASSED	3	0.034		Application (structural)	Election Security — overlays	NOT_ESTABLISHED	NOT_ESTABLISHED	NOT_ESTABLISHED	NOT_ESTABLISHED	NOT_ESTABLISHED	NOT_ESTABLISHED	NOT_ESTABLISHED	NOT_ESTABLISHED	Unknown	NOT_ESTABLISHED	NOT_ESTABLISHED	n/a — passed	PHPUnit JUnit run 2026-08-12 (L1 only)	NOT_ESTABLISHED	NOT_ESTABLISHED	NOT_ESTABLISHED	NOT_ESTABLISHED
Tests\Unit\Application\Election\Security\Overlays\RegistrarAttestationElevationTest::test_reports_no_constitutional_concern_when_no_registrar_present	Tests\Unit\Application\Election\Security\Overlays\RegistrarAttestationElevationTest	test_reports_no_constitutional_concern_when_no_registrar_present	PASSED	2	0.033		Application (structural)	Election Security — overlays	NOT_ESTABLISHED	NOT_ESTABLISHED	NOT_ESTABLISHED	NOT_ESTABLISHED	NOT_ESTABLISHED	NOT_ESTABLISHED	NOT_ESTABLISHED	NOT_ESTABLISHED	Unknown	NOT_ESTABLISHED	NOT_ESTABLISHED	n/a — passed	PHPUnit JUnit run 2026-08-12 (L1 only)	NOT_ESTABLISHED	NOT_ESTABLISHED	NOT_ESTABLISHED	NOT_ESTABLISHED
Tests\Unit\Application\Election\Security\Overlays\RegistrarAttestationElevationTest::test_reports_stable_when_attestation_revoked	Tests\Unit\Application\Election\Security\Overlays\RegistrarAttestationElevationTest	test_reports_stable_when_attestation_revoked	PASSED	1	0.036		Application (structural)	Election Security — overlays	NOT_ESTABLISHED	NOT_ESTABLISHED	NOT_ESTABLISHED	NOT_ESTABLISHED	NOT_ESTABLISHED	NOT_ESTABLISHED	NOT_ESTABLISHED	NOT_ESTABLISHED	Unknown	NOT_ESTABLISHED	NOT_ESTABLISHED	n/a — passed	PHPUnit JUnit run 2026-08-12 (L1 only)	NOT_ESTABLISHED	NOT_ESTABLISHED	NOT_ESTABLISHED	NOT_ESTABLISHED
Tests\Unit\Application\Election\Security\Overlays\RegistrarAttestationElevationTest::test_reports_stable_when_attestation_unsatisfied	Tests\Unit\Application\Election\Security\Overlays\RegistrarAttestationElevationTest	test_reports_stable_when_attestation_unsatisfied	PASSED	1	0.033		Application (structural)	Election Security — overlays	NOT_ESTABLISHED	NOT_ESTABLISHED	NOT_ESTABLISHED	NOT_ESTABLISHED	NOT_ESTABLISHED	NOT_ESTABLISHED	NOT_ESTABLISHED	NOT_ESTABLISHED	Unknown	NOT_ESTABLISHED	NOT_ESTABLISHED	n/a — passed	PHPUnit JUnit run 2026-08-12 (L1 only)	NOT_ESTABLISHED	NOT_ESTABLISHED	NOT_ESTABLISHED	NOT_ESTABLISHED
Tests\Unit\Application\Election\Security\Overlays\SuspiciousActivityOverlayTest::test_evaluate_never_mutates_context	Tests\Unit\Application\Election\Security\Overlays\SuspiciousActivityOverlayTest	test_evaluate_never_mutates_context	PASSED	1	0.032		Application (structural)	Election Security — overlays	NOT_ESTABLISHED	NOT_ESTABLISHED	NOT_ESTABLISHED	NOT_ESTABLISHED	NOT_ESTABLISHED	NOT_ESTABLISHED	NOT_ESTABLISHED	NOT_ESTABLISHED	Unknown	NOT_ESTABLISHED	NOT_ESTABLISHED	n/a — passed	PHPUnit JUnit run 2026-08-12 (L1 only)	NOT_ESTABLISHED	NOT_ESTABLISHED	NOT_ESTABLISHED	NOT_ESTABLISHED
Tests\Unit\Application\Election\Security\Overlays\SuspiciousActivityOverlayTest::test_identifier_matches_registry	Tests\Unit\Application\Election\Security\Overlays\SuspiciousActivityOverlayTest	test_identifier_matches_registry	PASSED	1	0.032		Application (structural)	Election Security — overlays	NOT_ESTABLISHED	NOT_ESTABLISHED	NOT_ESTABLISHED	NOT_ESTABLISHED	NOT_ESTABLISHED	NOT_ESTABLISHED	NOT_ESTABLISHED	NOT_ESTABLISHED	Unknown	NOT_ESTABLISHED	NOT_ESTABLISHED	n/a — passed	PHPUnit JUnit run 2026-08-12 (L1 only)	NOT_ESTABLISHED	NOT_ESTABLISHED	NOT_ESTABLISHED	NOT_ESTABLISHED
Tests\Unit\Application\Election\Security\Overlays\SuspiciousActivityOverlayTest::test_reports_attestation_when_suspicious_activity_detected	Tests\Unit\Application\Election\Security\Overlays\SuspiciousActivityOverlayTest	test_reports_attestation_when_suspicious_activity_detected	PASSED	2	0.033		Application (structural)	Election Security — overlays	NOT_ESTABLISHED	NOT_ESTABLISHED	NOT_ESTABLISHED	NOT_ESTABLISHED	NOT_ESTABLISHED	NOT_ESTABLISHED	NOT_ESTABLISHED	NOT_ESTABLISHED	Unknown	NOT_ESTABLISHED	NOT_ESTABLISHED	n/a — passed	PHPUnit JUnit run 2026-08-12 (L1 only)	NOT_ESTABLISHED	NOT_ESTABLISHED	NOT_ESTABLISHED	NOT_ESTABLISHED
Tests\Unit\Application\Election\Security\Overlays\SuspiciousActivityOverlayTest::test_reports_stable_when_activity_normal	Tests\Unit\Application\Election\Security\Overlays\SuspiciousActivityOverlayTest	test_reports_stable_when_activity_normal	PASSED	2	0.034		Application (structural)	Election Security — overlays	NOT_ESTABLISHED	NOT_ESTABLISHED	NOT_ESTABLISHED	NOT_ESTABLISHED	NOT_ESTABLISHED	NOT_ESTABLISHED	NOT_ESTABLISHED	NOT_ESTABLISHED	Unknown	NOT_ESTABLISHED	NOT_ESTABLISHED	n/a — passed	PHPUnit JUnit run 2026-08-12 (L1 only)	NOT_ESTABLISHED	NOT_ESTABLISHED	NOT_ESTABLISHED	NOT_ESTABLISHED
Tests\Unit\Application\Election\Security\Policies\DeviceBindingPolicyTest::test_reports_concern_when_no_match_and_required	Tests\Unit\Application\Election\Security\Policies\DeviceBindingPolicyTest	test_reports_concern_when_no_match_and_required	PASSED	2	0.000		Application (structural)	Election Security — policies	NOT_ESTABLISHED	NOT_ESTABLISHED	NOT_ESTABLISHED	NOT_ESTABLISHED	NOT_ESTABLISHED	NOT_ESTABLISHED	NOT_ESTABLISHED	NOT_ESTABLISHED	Unknown	NOT_ESTABLISHED	NOT_ESTABLISHED	n/a — passed	PHPUnit JUnit run 2026-08-12 (L1 only)	NOT_ESTABLISHED	NOT_ESTABLISHED	NOT_ESTABLISHED	NOT_ESTABLISHED
Tests\Unit\Application\Election\Security\Policies\DeviceBindingPolicyTest::test_reports_no_concern_when_fingerprint_exact_match	Tests\Unit\Application\Election\Security\Policies\DeviceBindingPolicyTest	test_reports_no_concern_when_fingerprint_exact_match	PASSED	2	0.000		Application (structural)	Election Security — policies	NOT_ESTABLISHED	NOT_ESTABLISHED	NOT_ESTABLISHED	NOT_ESTABLISHED	NOT_ESTABLISHED	NOT_ESTABLISHED	NOT_ESTABLISHED	NOT_ESTABLISHED	Unknown	NOT_ESTABLISHED	NOT_ESTABLISHED	n/a — passed	PHPUnit JUnit run 2026-08-12 (L1 only)	NOT_ESTABLISHED	NOT_ESTABLISHED	NOT_ESTABLISHED	NOT_ESTABLISHED
Tests\Unit\Application\Election\Security\Policies\DeviceBindingPolicyTest::test_reports_no_concern_when_fingerprint_not_required	Tests\Unit\Application\Election\Security\Policies\DeviceBindingPolicyTest	test_reports_no_concern_when_fingerprint_not_required	PASSED	2	0.001		Application (structural)	Election Security — policies	NOT_ESTABLISHED	NOT_ESTABLISHED	NOT_ESTABLISHED	NOT_ESTABLISHED	NOT_ESTABLISHED	NOT_ESTABLISHED	NOT_ESTABLISHED	NOT_ESTABLISHED	Unknown	NOT_ESTABLISHED	NOT_ESTABLISHED	n/a — passed	PHPUnit JUnit run 2026-08-12 (L1 only)	NOT_ESTABLISHED	NOT_ESTABLISHED	NOT_ESTABLISHED	NOT_ESTABLISHED
Tests\Unit\Application\Election\Security\Policies\DeviceBindingPolicyTest::test_reports_no_concern_when_no_match_but_not_required	Tests\Unit\Application\Election\Security\Policies\DeviceBindingPolicyTest	test_reports_no_concern_when_no_match_but_not_required	PASSED	2	0.000		Application (structural)	Election Security — policies	NOT_ESTABLISHED	NOT_ESTABLISHED	NOT_ESTABLISHED	NOT_ESTABLISHED	NOT_ESTABLISHED	NOT_ESTABLISHED	NOT_ESTABLISHED	NOT_ESTABLISHED	Unknown	NOT_ESTABLISHED	NOT_ESTABLISHED	n/a — passed	PHPUnit JUnit run 2026-08-12 (L1 only)	NOT_ESTABLISHED	NOT_ESTABLISHED	NOT_ESTABLISHED	NOT_ESTABLISHED
Tests\Unit\Application\Election\Security\Policies\NetworkBindingPolicyTest::test_reports_concern_when_registrar_attested_exceeds_2x_limit	Tests\Unit\Application\Election\Security\Policies\NetworkBindingPolicyTest	test_reports_concern_when_registrar_attested_exceeds_2x_limit	PASSED	2	0.000		Application (structural)	Election Security — policies	NOT_ESTABLISHED	NOT_ESTABLISHED	NOT_ESTABLISHED	NOT_ESTABLISHED	NOT_ESTABLISHED	NOT_ESTABLISHED	NOT_ESTABLISHED	NOT_ESTABLISHED	Unknown	NOT_ESTABLISHED	NOT_ESTABLISHED	n/a — passed	PHPUnit JUnit run 2026-08-12 (L1 only)	NOT_ESTABLISHED	NOT_ESTABLISHED	NOT_ESTABLISHED	NOT_ESTABLISHED
Tests\Unit\Application\Election\Security\Policies\NetworkBindingPolicyTest::test_reports_concern_when_unverified_exceeds_half_limit	Tests\Unit\Application\Election\Security\Policies\NetworkBindingPolicyTest	test_reports_concern_when_unverified_exceeds_half_limit	PASSED	3	0.000		Application (structural)	Election Security — policies	NOT_ESTABLISHED	NOT_ESTABLISHED	NOT_ESTABLISHED	NOT_ESTABLISHED	NOT_ESTABLISHED	NOT_ESTABLISHED	NOT_ESTABLISHED	NOT_ESTABLISHED	Unknown	NOT_ESTABLISHED	NOT_ESTABLISHED	n/a — passed	PHPUnit JUnit run 2026-08-12 (L1 only)	NOT_ESTABLISHED	NOT_ESTABLISHED	NOT_ESTABLISHED	NOT_ESTABLISHED
Tests\Unit\Application\Election\Security\Policies\NetworkBindingPolicyTest::test_reports_no_concern_when_attested_within_full_limit	Tests\Unit\Application\Election\Security\Policies\NetworkBindingPolicyTest	test_reports_no_concern_when_attested_within_full_limit	PASSED	1	0.000		Application (structural)	Election Security — policies	NOT_ESTABLISHED	NOT_ESTABLISHED	NOT_ESTABLISHED	NOT_ESTABLISHED	NOT_ESTABLISHED	NOT_ESTABLISHED	NOT_ESTABLISHED	NOT_ESTABLISHED	Unknown	NOT_ESTABLISHED	NOT_ESTABLISHED	n/a — passed	PHPUnit JUnit run 2026-08-12 (L1 only)	NOT_ESTABLISHED	NOT_ESTABLISHED	NOT_ESTABLISHED	NOT_ESTABLISHED
Tests\Unit\Application\Election\Security\Policies\NetworkBindingPolicyTest::test_reports_no_concern_when_ip_whitelisted	Tests\Unit\Application\Election\Security\Policies\NetworkBindingPolicyTest	test_reports_no_concern_when_ip_whitelisted	PASSED	1	0.000		Application (structural)	Election Security — policies	NOT_ESTABLISHED	NOT_ESTABLISHED	NOT_ESTABLISHED	NOT_ESTABLISHED	NOT_ESTABLISHED	NOT_ESTABLISHED	NOT_ESTABLISHED	NOT_ESTABLISHED	Unknown	NOT_ESTABLISHED	NOT_ESTABLISHED	n/a — passed	PHPUnit JUnit run 2026-08-12 (L1 only)	NOT_ESTABLISHED	NOT_ESTABLISHED	NOT_ESTABLISHED	NOT_ESTABLISHED
Tests\Unit\Application\Election\Security\Policies\NetworkBindingPolicyTest::test_reports_no_concern_when_registrar_attested_within_2x_limit	Tests\Unit\Application\Election\Security\Policies\NetworkBindingPolicyTest	test_reports_no_concern_when_registrar_attested_within_2x_limit	PASSED	1	0.000		Application (structural)	Election Security — policies	NOT_ESTABLISHED	NOT_ESTABLISHED	NOT_ESTABLISHED	NOT_ESTABLISHED	NOT_ESTABLISHED	NOT_ESTABLISHED	NOT_ESTABLISHED	NOT_ESTABLISHED	Unknown	NOT_ESTABLISHED	NOT_ESTABLISHED	n/a — passed	PHPUnit JUnit run 2026-08-12 (L1 only)	NOT_ESTABLISHED	NOT_ESTABLISHED	NOT_ESTABLISHED	NOT_ESTABLISHED
Tests\Unit\Application\Election\Security\Policies\NetworkBindingPolicyTest::test_reports_no_concern_when_restriction_disabled	Tests\Unit\Application\Election\Security\Policies\NetworkBindingPolicyTest	test_reports_no_concern_when_restriction_disabled	PASSED	1	0.000		Application (structural)	Election Security — policies	NOT_ESTABLISHED	NOT_ESTABLISHED	NOT_ESTABLISHED	NOT_ESTABLISHED	NOT_ESTABLISHED	NOT_ESTABLISHED	NOT_ESTABLISHED	NOT_ESTABLISHED	Unknown	NOT_ESTABLISHED	NOT_ESTABLISHED	n/a — passed	PHPUnit JUnit run 2026-08-12 (L1 only)	NOT_ESTABLISHED	NOT_ESTABLISHED	NOT_ESTABLISHED	NOT_ESTABLISHED
Tests\Unit\Application\Election\Security\Policies\NetworkBindingPolicyTest::test_supporting_facts_include_vote_count	Tests\Unit\Application\Election\Security\Policies\NetworkBindingPolicyTest	test_supporting_facts_include_vote_count	PASSED	2	0.000		Application (structural)	Election Security — policies	NOT_ESTABLISHED	NOT_ESTABLISHED	NOT_ESTABLISHED	NOT_ESTABLISHED	NOT_ESTABLISHED	NOT_ESTABLISHED	NOT_ESTABLISHED	NOT_ESTABLISHED	Unknown	NOT_ESTABLISHED	NOT_ESTABLISHED	n/a — passed	PHPUnit JUnit run 2026-08-12 (L1 only)	NOT_ESTABLISHED	NOT_ESTABLISHED	NOT_ESTABLISHED	NOT_ESTABLISHED
Tests\Unit\Application\Election\Security\Policies\PolicyPurityTest::test_device_policy_no_constructor_dependencies_on_resolver	Tests\Unit\Application\Election\Security\Policies\PolicyPurityTest	test_device_policy_no_constructor_dependencies_on_resolver	PASSED	1	0.000		Application (structural)	Election Security — policies	NOT_ESTABLISHED	NOT_ESTABLISHED	NOT_ESTABLISHED	NOT_ESTABLISHED	NOT_ESTABLISHED	NOT_ESTABLISHED	NOT_ESTABLISHED	NOT_ESTABLISHED	Unknown	NOT_ESTABLISHED	NOT_ESTABLISHED	n/a — passed	PHPUnit JUnit run 2026-08-12 (L1 only)	NOT_ESTABLISHED	NOT_ESTABLISHED	NOT_ESTABLISHED	NOT_ESTABLISHED
Tests\Unit\Application\Election\Security\Policies\PolicyPurityTest::test_network_policy_evaluation_is_deterministic	Tests\Unit\Application\Election\Security\Policies\PolicyPurityTest	test_network_policy_evaluation_is_deterministic	PASSED	2	0.000		Application (structural)	Election Security — policies	NOT_ESTABLISHED	NOT_ESTABLISHED	NOT_ESTABLISHED	NOT_ESTABLISHED	NOT_ESTABLISHED	NOT_ESTABLISHED	NOT_ESTABLISHED	NOT_ESTABLISHED	Unknown	NOT_ESTABLISHED	NOT_ESTABLISHED	n/a — passed	PHPUnit JUnit run 2026-08-12 (L1 only)	NOT_ESTABLISHED	NOT_ESTABLISHED	NOT_ESTABLISHED	NOT_ESTABLISHED
Tests\Unit\Application\Election\Security\Policies\PolicyPurityTest::test_network_policy_no_constructor_dependencies_on_resolver	Tests\Unit\Application\Election\Security\Policies\PolicyPurityTest	test_network_policy_no_constructor_dependencies_on_resolver	PASSED	1	0.000		Application (structural)	Election Security — policies	NOT_ESTABLISHED	NOT_ESTABLISHED	NOT_ESTABLISHED	NOT_ESTABLISHED	NOT_ESTABLISHED	NOT_ESTABLISHED	NOT_ESTABLISHED	NOT_ESTABLISHED	Unknown	NOT_ESTABLISHED	NOT_ESTABLISHED	n/a — passed	PHPUnit JUnit run 2026-08-12 (L1 only)	NOT_ESTABLISHED	NOT_ESTABLISHED	NOT_ESTABLISHED	NOT_ESTABLISHED
Tests\Unit\Application\Election\Security\Policies\PolicyPurityTest::test_no_policy_returns_voting_trust_result	Tests\Unit\Application\Election\Security\Policies\PolicyPurityTest	test_no_policy_returns_voting_trust_result	PASSED	6	0.000		Application (structural)	Election Security — policies	NOT_ESTABLISHED	NOT_ESTABLISHED	NOT_ESTABLISHED	NOT_ESTABLISHED	NOT_ESTABLISHED	NOT_ESTABLISHED	NOT_ESTABLISHED	NOT_ESTABLISHED	Unknown	NOT_ESTABLISHED	NOT_ESTABLISHED	n/a — passed	PHPUnit JUnit run 2026-08-12 (L1 only)	NOT_ESTABLISHED	NOT_ESTABLISHED	NOT_ESTABLISHED	NOT_ESTABLISHED
Tests\Unit\Application\Election\Security\Policies\PolicyPurityTest::test_policies_declare_dependencies	Tests\Unit\Application\Election\Security\Policies\PolicyPurityTest	test_policies_declare_dependencies	PASSED	3	0.000		Application (structural)	Election Security — policies	NOT_ESTABLISHED	NOT_ESTABLISHED	NOT_ESTABLISHED	NOT_ESTABLISHED	NOT_ESTABLISHED	NOT_ESTABLISHED	NOT_ESTABLISHED	NOT_ESTABLISHED	Unknown	NOT_ESTABLISHED	NOT_ESTABLISHED	n/a — passed	PHPUnit JUnit run 2026-08-12 (L1 only)	NOT_ESTABLISHED	NOT_ESTABLISHED	NOT_ESTABLISHED	NOT_ESTABLISHED
Tests\Unit\Application\Election\Security\Policies\PolicyPurityTest::test_policies_declare_identifier	Tests\Unit\Application\Election\Security\Policies\PolicyPurityTest	test_policies_declare_identifier	PASSED	7	0.000		Application (structural)	Election Security — policies	NOT_ESTABLISHED	NOT_ESTABLISHED	NOT_ESTABLISHED	NOT_ESTABLISHED	NOT_ESTABLISHED	NOT_ESTABLISHED	NOT_ESTABLISHED	NOT_ESTABLISHED	Unknown	NOT_ESTABLISHED	NOT_ESTABLISHED	n/a — passed	PHPUnit JUnit run 2026-08-12 (L1 only)	NOT_ESTABLISHED	NOT_ESTABLISHED	NOT_ESTABLISHED	NOT_ESTABLISHED
Tests\Unit\Application\Election\Security\Policies\PolicyPurityTest::test_policies_implement_constitutional_policy_interface	Tests\Unit\Application\Election\Security\Policies\PolicyPurityTest	test_policies_implement_constitutional_policy_interface	PASSED	3	0.000		Application (structural)	Election Security — policies	NOT_ESTABLISHED	NOT_ESTABLISHED	NOT_ESTABLISHED	NOT_ESTABLISHED	NOT_ESTABLISHED	NOT_ESTABLISHED	NOT_ESTABLISHED	NOT_ESTABLISHED	Unknown	NOT_ESTABLISHED	NOT_ESTABLISHED	n/a — passed	PHPUnit JUnit run 2026-08-12 (L1 only)	NOT_ESTABLISHED	NOT_ESTABLISHED	NOT_ESTABLISHED	NOT_ESTABLISHED
Tests\Unit\Application\Election\Security\Policies\PolicyPurityTest::test_policy_findings_have_minimal_concern_levels	Tests\Unit\Application\Election\Security\Policies\PolicyPurityTest	test_policy_findings_have_minimal_concern_levels	PASSED	1	0.000		Application (structural)	Election Security — policies	NOT_ESTABLISHED	NOT_ESTABLISHED	NOT_ESTABLISHED	NOT_ESTABLISHED	NOT_ESTABLISHED	NOT_ESTABLISHED	NOT_ESTABLISHED	NOT_ESTABLISHED	Unknown	NOT_ESTABLISHED	NOT_ESTABLISHED	n/a — passed	PHPUnit JUnit run 2026-08-12 (L1 only)	NOT_ESTABLISHED	NOT_ESTABLISHED	NOT_ESTABLISHED	NOT_ESTABLISHED
Tests\Unit\Application\Election\Security\Policies\PolicyPurityTest::test_verification_policy_no_authority_vocabulary	Tests\Unit\Application\Election\Security\Policies\PolicyPurityTest	test_verification_policy_no_authority_vocabulary	PASSED	5	0.000		Application (structural)	Election Security — policies	NOT_ESTABLISHED	NOT_ESTABLISHED	NOT_ESTABLISHED	NOT_ESTABLISHED	NOT_ESTABLISHED	NOT_ESTABLISHED	NOT_ESTABLISHED	NOT_ESTABLISHED	Unknown	NOT_ESTABLISHED	NOT_ESTABLISHED	n/a — passed	PHPUnit JUnit run 2026-08-12 (L1 only)	NOT_ESTABLISHED	NOT_ESTABLISHED	NOT_ESTABLISHED	NOT_ESTABLISHED
Tests\Unit\Application\Election\Security\Policies\PolicyPurityTest::test_verification_policy_no_constructor_dependencies_on_resolver	Tests\Unit\Application\Election\Security\Policies\PolicyPurityTest	test_verification_policy_no_constructor_dependencies_on_resolver	PASSED	1	0.000		Application (structural)	Election Security — policies	NOT_ESTABLISHED	NOT_ESTABLISHED	NOT_ESTABLISHED	NOT_ESTABLISHED	NOT_ESTABLISHED	NOT_ESTABLISHED	NOT_ESTABLISHED	NOT_ESTABLISHED	Unknown	NOT_ESTABLISHED	NOT_ESTABLISHED	n/a — passed	PHPUnit JUnit run 2026-08-12 (L1 only)	NOT_ESTABLISHED	NOT_ESTABLISHED	NOT_ESTABLISHED	NOT_ESTABLISHED
Tests\Unit\Application\Election\Security\Policies\PolicyPurityTest::test_verification_policy_returns_constitutional_finding	Tests\Unit\Application\Election\Security\Policies\PolicyPurityTest	test_verification_policy_returns_constitutional_finding	PASSED	6	0.000		Application (structural)	Election Security — policies	NOT_ESTABLISHED	NOT_ESTABLISHED	NOT_ESTABLISHED	NOT_ESTABLISHED	NOT_ESTABLISHED	NOT_ESTABLISHED	NOT_ESTABLISHED	NOT_ESTABLISHED	Unknown	NOT_ESTABLISHED	NOT_ESTABLISHED	n/a — passed	PHPUnit JUnit run 2026-08-12 (L1 only)	NOT_ESTABLISHED	NOT_ESTABLISHED	NOT_ESTABLISHED	NOT_ESTABLISHED
Tests\Unit\Application\Election\Security\Policies\VerificationAttestationPolicyTest::test_finding_includes_policy_identifier	Tests\Unit\Application\Election\Security\Policies\VerificationAttestationPolicyTest	test_finding_includes_policy_identifier	PASSED	1	0.000		Application (structural)	Election Security — policies	NOT_ESTABLISHED	NOT_ESTABLISHED	NOT_ESTABLISHED	NOT_ESTABLISHED	NOT_ESTABLISHED	NOT_ESTABLISHED	NOT_ESTABLISHED	NOT_ESTABLISHED	Unknown	NOT_ESTABLISHED	NOT_ESTABLISHED	n/a — passed	PHPUnit JUnit run 2026-08-12 (L1 only)	NOT_ESTABLISHED	NOT_ESTABLISHED	NOT_ESTABLISHED	NOT_ESTABLISHED
Tests\Unit\Application\Election\Security\Policies\VerificationAttestationPolicyTest::test_policies_do_not_call_each_other	Tests\Unit\Application\Election\Security\Policies\VerificationAttestationPolicyTest	test_policies_do_not_call_each_other	PASSED	1	0.000		Application (structural)	Election Security — policies	NOT_ESTABLISHED	NOT_ESTABLISHED	NOT_ESTABLISHED	NOT_ESTABLISHED	NOT_ESTABLISHED	NOT_ESTABLISHED	NOT_ESTABLISHED	NOT_ESTABLISHED	Unknown	NOT_ESTABLISHED	NOT_ESTABLISHED	n/a — passed	PHPUnit JUnit run 2026-08-12 (L1 only)	NOT_ESTABLISHED	NOT_ESTABLISHED	NOT_ESTABLISHED	NOT_ESTABLISHED
Tests\Unit\Application\Election\Security\Policies\VerificationAttestationPolicyTest::test_reports_critical_concern_when_attestation_revoked	Tests\Unit\Application\Election\Security\Policies\VerificationAttestationPolicyTest	test_reports_critical_concern_when_attestation_revoked	PASSED	3	0.000		Application (structural)	Election Security — policies	NOT_ESTABLISHED	NOT_ESTABLISHED	NOT_ESTABLISHED	NOT_ESTABLISHED	NOT_ESTABLISHED	NOT_ESTABLISHED	NOT_ESTABLISHED	NOT_ESTABLISHED	Unknown	NOT_ESTABLISHED	NOT_ESTABLISHED	n/a — passed	PHPUnit JUnit run 2026-08-12 (L1 only)	NOT_ESTABLISHED	NOT_ESTABLISHED	NOT_ESTABLISHED	NOT_ESTABLISHED
Tests\Unit\Application\Election\Security\Policies\VerificationAttestationPolicyTest::test_reports_critical_concern_when_not_satisfied_and_required	Tests\Unit\Application\Election\Security\Policies\VerificationAttestationPolicyTest	test_reports_critical_concern_when_not_satisfied_and_required	PASSED	3	0.000		Application (structural)	Election Security — policies	NOT_ESTABLISHED	NOT_ESTABLISHED	NOT_ESTABLISHED	NOT_ESTABLISHED	NOT_ESTABLISHED	NOT_ESTABLISHED	NOT_ESTABLISHED	NOT_ESTABLISHED	Unknown	NOT_ESTABLISHED	NOT_ESTABLISHED	n/a — passed	PHPUnit JUnit run 2026-08-12 (L1 only)	NOT_ESTABLISHED	NOT_ESTABLISHED	NOT_ESTABLISHED	NOT_ESTABLISHED
Tests\Unit\Application\Election\Security\Policies\VerificationAttestationPolicyTest::test_reports_no_concern_when_not_required_and_not_attested	Tests\Unit\Application\Election\Security\Policies\VerificationAttestationPolicyTest	test_reports_no_concern_when_not_required_and_not_attested	PASSED	2	0.000		Application (structural)	Election Security — policies	NOT_ESTABLISHED	NOT_ESTABLISHED	NOT_ESTABLISHED	NOT_ESTABLISHED	NOT_ESTABLISHED	NOT_ESTABLISHED	NOT_ESTABLISHED	NOT_ESTABLISHED	Unknown	NOT_ESTABLISHED	NOT_ESTABLISHED	n/a — passed	PHPUnit JUnit run 2026-08-12 (L1 only)	NOT_ESTABLISHED	NOT_ESTABLISHED	NOT_ESTABLISHED	NOT_ESTABLISHED
Tests\Unit\Application\Election\Security\Policies\VerificationAttestationPolicyTest::test_reports_no_concern_when_satisfied_with_registrar	Tests\Unit\Application\Election\Security\Policies\VerificationAttestationPolicyTest	test_reports_no_concern_when_satisfied_with_registrar	PASSED	2	0.000		Application (structural)	Election Security — policies	NOT_ESTABLISHED	NOT_ESTABLISHED	NOT_ESTABLISHED	NOT_ESTABLISHED	NOT_ESTABLISHED	NOT_ESTABLISHED	NOT_ESTABLISHED	NOT_ESTABLISHED	Unknown	NOT_ESTABLISHED	NOT_ESTABLISHED	n/a — passed	PHPUnit JUnit run 2026-08-12 (L1 only)	NOT_ESTABLISHED	NOT_ESTABLISHED	NOT_ESTABLISHED	NOT_ESTABLISHED
Tests\Unit\Application\Election\Security\Policies\VerificationAttestationPolicyTest::test_reports_no_concern_when_satisfied_without_registrar	Tests\Unit\Application\Election\Security\Policies\VerificationAttestationPolicyTest	test_reports_no_concern_when_satisfied_without_registrar	PASSED	2	0.000		Application (structural)	Election Security — policies	NOT_ESTABLISHED	NOT_ESTABLISHED	NOT_ESTABLISHED	NOT_ESTABLISHED	NOT_ESTABLISHED	NOT_ESTABLISHED	NOT_ESTABLISHED	NOT_ESTABLISHED	Unknown	NOT_ESTABLISHED	NOT_ESTABLISHED	n/a — passed	PHPUnit JUnit run 2026-08-12 (L1 only)	NOT_ESTABLISHED	NOT_ESTABLISHED	NOT_ESTABLISHED	NOT_ESTABLISHED
Tests\Unit\Application\Election\Security\PolicySequenceTest::test_all_policies_pass_returns_allow	Tests\Unit\Application\Election\Security\PolicySequenceTest	test_all_policies_pass_returns_allow	PASSED	1	0.000		Application (structural)	Election Security	NOT_ESTABLISHED	NOT_ESTABLISHED	NOT_ESTABLISHED	NOT_ESTABLISHED	NOT_ESTABLISHED	NOT_ESTABLISHED	NOT_ESTABLISHED	NOT_ESTABLISHED	Unknown	NOT_ESTABLISHED	NOT_ESTABLISHED	n/a — passed	PHPUnit JUnit run 2026-08-12 (L1 only)	NOT_ESTABLISHED	NOT_ESTABLISHED	NOT_ESTABLISHED	NOT_ESTABLISHED
Tests\Unit\Application\Election\Security\PolicySequenceTest::test_all_three_policy_outcomes_present_when_all_pass	Tests\Unit\Application\Election\Security\PolicySequenceTest	test_all_three_policy_outcomes_present_when_all_pass	PASSED	3	0.000		Application (structural)	Election Security	NOT_ESTABLISHED	NOT_ESTABLISHED	NOT_ESTABLISHED	NOT_ESTABLISHED	NOT_ESTABLISHED	NOT_ESTABLISHED	NOT_ESTABLISHED	NOT_ESTABLISHED	Unknown	NOT_ESTABLISHED	NOT_ESTABLISHED	n/a — passed	PHPUnit JUnit run 2026-08-12 (L1 only)	NOT_ESTABLISHED	NOT_ESTABLISHED	NOT_ESTABLISHED	NOT_ESTABLISHED
Tests\Unit\Application\Election\Security\PolicySequenceTest::test_device_denial_returns_device_reason	Tests\Unit\Application\Election\Security\PolicySequenceTest	test_device_denial_returns_device_reason	PASSED	2	0.000		Application (structural)	Election Security	NOT_ESTABLISHED	NOT_ESTABLISHED	NOT_ESTABLISHED	NOT_ESTABLISHED	NOT_ESTABLISHED	NOT_ESTABLISHED	NOT_ESTABLISHED	NOT_ESTABLISHED	Unknown	NOT_ESTABLISHED	NOT_ESTABLISHED	n/a — passed	PHPUnit JUnit run 2026-08-12 (L1 only)	NOT_ESTABLISHED	NOT_ESTABLISHED	NOT_ESTABLISHED	NOT_ESTABLISHED
Tests\Unit\Application\Election\Security\PolicySequenceTest::test_trust_level_from_verification_flows_to_network_policy	Tests\Unit\Application\Election\Security\PolicySequenceTest	test_trust_level_from_verification_flows_to_network_policy	PASSED	2	0.000		Application (structural)	Election Security	NOT_ESTABLISHED	NOT_ESTABLISHED	NOT_ESTABLISHED	NOT_ESTABLISHED	NOT_ESTABLISHED	NOT_ESTABLISHED	NOT_ESTABLISHED	NOT_ESTABLISHED	Unknown	NOT_ESTABLISHED	NOT_ESTABLISHED	n/a — passed	PHPUnit JUnit run 2026-08-12 (L1 only)	NOT_ESTABLISHED	NOT_ESTABLISHED	NOT_ESTABLISHED	NOT_ESTABLISHED
Tests\Unit\Application\Election\Security\PolicySequenceTest::test_verification_denial_short_circuits_network_and_device	Tests\Unit\Application\Election\Security\PolicySequenceTest	test_verification_denial_short_circuits_network_and_device	PASSED	3	0.000		Application (structural)	Election Security	NOT_ESTABLISHED	NOT_ESTABLISHED	NOT_ESTABLISHED	NOT_ESTABLISHED	NOT_ESTABLISHED	NOT_ESTABLISHED	NOT_ESTABLISHED	NOT_ESTABLISHED	Unknown	NOT_ESTABLISHED	NOT_ESTABLISHED	n/a — passed	PHPUnit JUnit run 2026-08-12 (L1 only)	NOT_ESTABLISHED	NOT_ESTABLISHED	NOT_ESTABLISHED	NOT_ESTABLISHED
Tests\Unit\Application\Election\Security\SecurityEventRecorderTest::test_deny_result_always_recorded	Tests\Unit\Application\Election\Security\SecurityEventRecorderTest	test_deny_result_always_recorded	FAILURE	1	0.043	Failed asserting that a row in the table [election_security_events] matches the attributes {	Application (structural)	Election Security	NOT_ESTABLISHED	NOT_ESTABLISHED	NOT_ESTABLISHED	NOT_ESTABLISHED	NOT_ESTABLISHED	NOT_ESTABLISHED	NOT_ESTABLISHED	NOT_ESTABLISHED	Unknown	NOT_ESTABLISHED	NOT_ESTABLISHED	Mechanism not yet established	PHPUnit JUnit run 2026-08-12 (L1 only)	NOT_ESTABLISHED	NOT_ESTABLISHED	NOT_ESTABLISHED	NOT_ESTABLISHED
Tests\Unit\Application\Election\Security\SecurityEventRecorderTest::test_event_preserves_policy_evaluation_sequence	Tests\Unit\Application\Election\Security\SecurityEventRecorderTest	test_event_preserves_policy_evaluation_sequence	FAILURE	1	0.049	Failed asserting that null is not null.	Application (structural)	Election Security	NOT_ESTABLISHED	NOT_ESTABLISHED	NOT_ESTABLISHED	NOT_ESTABLISHED	NOT_ESTABLISHED	NOT_ESTABLISHED	NOT_ESTABLISHED	NOT_ESTABLISHED	Unknown	NOT_ESTABLISHED	NOT_ESTABLISHED	Mechanism not yet established	PHPUnit JUnit run 2026-08-12 (L1 only)	NOT_ESTABLISHED	NOT_ESTABLISHED	NOT_ESTABLISHED	NOT_ESTABLISHED
Tests\Unit\Application\Election\Security\SecurityEventRecorderTest::test_recorded_event_has_recorded_at_timestamp	Tests\Unit\Application\Election\Security\SecurityEventRecorderTest	test_recorded_event_has_recorded_at_timestamp	FAILURE	1	0.043	Failed asserting that null is not null.	Application (structural)	Election Security	NOT_ESTABLISHED	NOT_ESTABLISHED	NOT_ESTABLISHED	NOT_ESTABLISHED	NOT_ESTABLISHED	NOT_ESTABLISHED	NOT_ESTABLISHED	NOT_ESTABLISHED	Unknown	NOT_ESTABLISHED	NOT_ESTABLISHED	Mechanism not yet established	PHPUnit JUnit run 2026-08-12 (L1 only)	NOT_ESTABLISHED	NOT_ESTABLISHED	NOT_ESTABLISHED	NOT_ESTABLISHED
Tests\Unit\Application\Election\Security\SecurityEventRecorderTest::test_recorder_failure_does_not_change_trust_result	Tests\Unit\Application\Election\Security\SecurityEventRecorderTest	test_recorder_failure_does_not_change_trust_result	PASSED	2	0.029		Application (structural)	Election Security	NOT_ESTABLISHED	NOT_ESTABLISHED	NOT_ESTABLISHED	NOT_ESTABLISHED	NOT_ESTABLISHED	NOT_ESTABLISHED	NOT_ESTABLISHED	NOT_ESTABLISHED	Unknown	NOT_ESTABLISHED	NOT_ESTABLISHED	n/a — passed	PHPUnit JUnit run 2026-08-12 (L1 only)	NOT_ESTABLISHED	NOT_ESTABLISHED	NOT_ESTABLISHED	NOT_ESTABLISHED
Tests\Unit\Application\Election\Security\SecurityEventRecorderTest::test_recorder_returns_void	Tests\Unit\Application\Election\Security\SecurityEventRecorderTest	test_recorder_returns_void	PASSED	1	0.028		Application (structural)	Election Security	NOT_ESTABLISHED	NOT_ESTABLISHED	NOT_ESTABLISHED	NOT_ESTABLISHED	NOT_ESTABLISHED	NOT_ESTABLISHED	NOT_ESTABLISHED	NOT_ESTABLISHED	Unknown	NOT_ESTABLISHED	NOT_ESTABLISHED	n/a — passed	PHPUnit JUnit run 2026-08-12 (L1 only)	NOT_ESTABLISHED	NOT_ESTABLISHED	NOT_ESTABLISHED	NOT_ESTABLISHED
Tests\Unit\Application\Election\Security\Simplified\ConstitutionalEvidenceSnapshotTest::test_has_no_behavioral_methods	Tests\Unit\Application\Election\Security\Simplified\ConstitutionalEvidenceSnapshotTest	test_has_no_behavioral_methods	PASSED	1	0.000		Application (structural)	Election Security — simplified model	NOT_ESTABLISHED	NOT_ESTABLISHED	NOT_ESTABLISHED	NOT_ESTABLISHED	NOT_ESTABLISHED	NOT_ESTABLISHED	NOT_ESTABLISHED	NOT_ESTABLISHED	Unknown	NOT_ESTABLISHED	NOT_ESTABLISHED	n/a — passed	PHPUnit JUnit run 2026-08-12 (L1 only)	NOT_ESTABLISHED	NOT_ESTABLISHED	NOT_ESTABLISHED	NOT_ESTABLISHED
Tests\Unit\Application\Election\Security\Simplified\ConstitutionalEvidenceSnapshotTest::test_same_input_produces_same_hash	Tests\Unit\Application\Election\Security\Simplified\ConstitutionalEvidenceSnapshotTest	test_same_input_produces_same_hash	PASSED	1	0.000		Application (structural)	Election Security — simplified model	NOT_ESTABLISHED	NOT_ESTABLISHED	NOT_ESTABLISHED	NOT_ESTABLISHED	NOT_ESTABLISHED	NOT_ESTABLISHED	NOT_ESTABLISHED	NOT_ESTABLISHED	Unknown	NOT_ESTABLISHED	NOT_ESTABLISHED	n/a — passed	PHPUnit JUnit run 2026-08-12 (L1 only)	NOT_ESTABLISHED	NOT_ESTABLISHED	NOT_ESTABLISHED	NOT_ESTABLISHED
Tests\Unit\Application\Election\Security\Simplified\ConstitutionalEvidenceSnapshotTest::test_snapshot_frozen_at_construction	Tests\Unit\Application\Election\Security\Simplified\ConstitutionalEvidenceSnapshotTest	test_snapshot_frozen_at_construction	PASSED	6	0.000		Application (structural)	Election Security — simplified model	NOT_ESTABLISHED	NOT_ESTABLISHED	NOT_ESTABLISHED	NOT_ESTABLISHED	NOT_ESTABLISHED	NOT_ESTABLISHED	NOT_ESTABLISHED	NOT_ESTABLISHED	Unknown	NOT_ESTABLISHED	NOT_ESTABLISHED	n/a — passed	PHPUnit JUnit run 2026-08-12 (L1 only)	NOT_ESTABLISHED	NOT_ESTABLISHED	NOT_ESTABLISHED	NOT_ESTABLISHED
Tests\Unit\Application\Election\Security\Simplified\ConstitutionalEvidenceSnapshotTest::test_snapshot_is_readonly	Tests\Unit\Application\Election\Security\Simplified\ConstitutionalEvidenceSnapshotTest	test_snapshot_is_readonly	PASSED	1	0.000		Application (structural)	Election Security — simplified model	NOT_ESTABLISHED	NOT_ESTABLISHED	NOT_ESTABLISHED	NOT_ESTABLISHED	NOT_ESTABLISHED	NOT_ESTABLISHED	NOT_ESTABLISHED	NOT_ESTABLISHED	Unknown	NOT_ESTABLISHED	NOT_ESTABLISHED	n/a — passed	PHPUnit JUnit run 2026-08-12 (L1 only)	NOT_ESTABLISHED	NOT_ESTABLISHED	NOT_ESTABLISHED	NOT_ESTABLISHED
Tests\Unit\Application\Election\Security\Simplified\ConstitutionalPolicyTest::test_interface_has_only_one_method	Tests\Unit\Application\Election\Security\Simplified\ConstitutionalPolicyTest	test_interface_has_only_one_method	PASSED	1	0.000		Application (structural)	Election Security — simplified model	NOT_ESTABLISHED	NOT_ESTABLISHED	NOT_ESTABLISHED	NOT_ESTABLISHED	NOT_ESTABLISHED	NOT_ESTABLISHED	NOT_ESTABLISHED	NOT_ESTABLISHED	Unknown	NOT_ESTABLISHED	NOT_ESTABLISHED	n/a — passed	PHPUnit JUnit run 2026-08-12 (L1 only)	NOT_ESTABLISHED	NOT_ESTABLISHED	NOT_ESTABLISHED	NOT_ESTABLISHED
Tests\Unit\Application\Election\Security\Simplified\ConstitutionalPolicyTest::test_interface_requires_evaluate_method	Tests\Unit\Application\Election\Security\Simplified\ConstitutionalPolicyTest	test_interface_requires_evaluate_method	PASSED	5	0.000		Application (structural)	Election Security — simplified model	NOT_ESTABLISHED	NOT_ESTABLISHED	NOT_ESTABLISHED	NOT_ESTABLISHED	NOT_ESTABLISHED	NOT_ESTABLISHED	NOT_ESTABLISHED	NOT_ESTABLISHED	Unknown	NOT_ESTABLISHED	NOT_ESTABLISHED	n/a — passed	PHPUnit JUnit run 2026-08-12 (L1 only)	NOT_ESTABLISHED	NOT_ESTABLISHED	NOT_ESTABLISHED	NOT_ESTABLISHED
Tests\Unit\Application\Election\Security\Simplified\DeviceBindingPolicyTest::test_fingerprint_required_and_exact_match	Tests\Unit\Application\Election\Security\Simplified\DeviceBindingPolicyTest	test_fingerprint_required_and_exact_match	PASSED	1	0.000		Application (structural)	Election Security — simplified model	NOT_ESTABLISHED	NOT_ESTABLISHED	NOT_ESTABLISHED	NOT_ESTABLISHED	NOT_ESTABLISHED	NOT_ESTABLISHED	NOT_ESTABLISHED	NOT_ESTABLISHED	Unknown	NOT_ESTABLISHED	NOT_ESTABLISHED	n/a — passed	PHPUnit JUnit run 2026-08-12 (L1 only)	NOT_ESTABLISHED	NOT_ESTABLISHED	NOT_ESTABLISHED	NOT_ESTABLISHED
Tests\Unit\Application\Election\Security\Simplified\DeviceBindingPolicyTest::test_fingerprint_required_and_no_match	Tests\Unit\Application\Election\Security\Simplified\DeviceBindingPolicyTest	test_fingerprint_required_and_no_match	PASSED	2	0.000		Application (structural)	Election Security — simplified model	NOT_ESTABLISHED	NOT_ESTABLISHED	NOT_ESTABLISHED	NOT_ESTABLISHED	NOT_ESTABLISHED	NOT_ESTABLISHED	NOT_ESTABLISHED	NOT_ESTABLISHED	Unknown	NOT_ESTABLISHED	NOT_ESTABLISHED	n/a — passed	PHPUnit JUnit run 2026-08-12 (L1 only)	NOT_ESTABLISHED	NOT_ESTABLISHED	NOT_ESTABLISHED	NOT_ESTABLISHED
Tests\Unit\Application\Election\Security\Simplified\DeviceBindingPolicyTest::test_not_required_null_fp_passes	Tests\Unit\Application\Election\Security\Simplified\DeviceBindingPolicyTest	test_not_required_null_fp_passes	PASSED	1	0.000		Application (structural)	Election Security — simplified model	NOT_ESTABLISHED	NOT_ESTABLISHED	NOT_ESTABLISHED	NOT_ESTABLISHED	NOT_ESTABLISHED	NOT_ESTABLISHED	NOT_ESTABLISHED	NOT_ESTABLISHED	Unknown	NOT_ESTABLISHED	NOT_ESTABLISHED	n/a — passed	PHPUnit JUnit run 2026-08-12 (L1 only)	NOT_ESTABLISHED	NOT_ESTABLISHED	NOT_ESTABLISHED	NOT_ESTABLISHED
Tests\Unit\Application\Election\Security\Simplified\DeviceBindingPolicyTest::test_passes_when_strategy_none	Tests\Unit\Application\Election\Security\Simplified\DeviceBindingPolicyTest	test_passes_when_strategy_none	PASSED	2	0.000		Application (structural)	Election Security — simplified model	NOT_ESTABLISHED	NOT_ESTABLISHED	NOT_ESTABLISHED	NOT_ESTABLISHED	NOT_ESTABLISHED	NOT_ESTABLISHED	NOT_ESTABLISHED	NOT_ESTABLISHED	Unknown	NOT_ESTABLISHED	NOT_ESTABLISHED	n/a — passed	PHPUnit JUnit run 2026-08-12 (L1 only)	NOT_ESTABLISHED	NOT_ESTABLISHED	NOT_ESTABLISHED	NOT_ESTABLISHED
Tests\Unit\Application\Election\Security\Simplified\DeviceBindingPolicyTest::test_returns_policy_finding_not_authority	Tests\Unit\Application\Election\Security\Simplified\DeviceBindingPolicyTest	test_returns_policy_finding_not_authority	PASSED	5	0.000		Application (structural)	Election Security — simplified model	NOT_ESTABLISHED	NOT_ESTABLISHED	NOT_ESTABLISHED	NOT_ESTABLISHED	NOT_ESTABLISHED	NOT_ESTABLISHED	NOT_ESTABLISHED	NOT_ESTABLISHED	Unknown	NOT_ESTABLISHED	NOT_ESTABLISHED	n/a — passed	PHPUnit JUnit run 2026-08-12 (L1 only)	NOT_ESTABLISHED	NOT_ESTABLISHED	NOT_ESTABLISHED	NOT_ESTABLISHED
Tests\Unit\Application\Election\Security\Simplified\DeviceBindingPolicyTest::test_supporting_facts_contain_device_details	Tests\Unit\Application\Election\Security\Simplified\DeviceBindingPolicyTest	test_supporting_facts_contain_device_details	PASSED	6	0.000		Application (structural)	Election Security — simplified model	NOT_ESTABLISHED	NOT_ESTABLISHED	NOT_ESTABLISHED	NOT_ESTABLISHED	NOT_ESTABLISHED	NOT_ESTABLISHED	NOT_ESTABLISHED	NOT_ESTABLISHED	Unknown	NOT_ESTABLISHED	NOT_ESTABLISHED	n/a — passed	PHPUnit JUnit run 2026-08-12 (L1 only)	NOT_ESTABLISHED	NOT_ESTABLISHED	NOT_ESTABLISHED	NOT_ESTABLISHED
Tests\Unit\Application\Election\Security\Simplified\NetworkBindingPolicyTest::test_ip_count_exceeds_base_limit	Tests\Unit\Application\Election\Security\Simplified\NetworkBindingPolicyTest	test_ip_count_exceeds_base_limit	PASSED	2	0.000		Application (structural)	Election Security — simplified model	NOT_ESTABLISHED	NOT_ESTABLISHED	NOT_ESTABLISHED	NOT_ESTABLISHED	NOT_ESTABLISHED	NOT_ESTABLISHED	NOT_ESTABLISHED	NOT_ESTABLISHED	Unknown	NOT_ESTABLISHED	NOT_ESTABLISHED	n/a — passed	PHPUnit JUnit run 2026-08-12 (L1 only)	NOT_ESTABLISHED	NOT_ESTABLISHED	NOT_ESTABLISHED	NOT_ESTABLISHED
Tests\Unit\Application\Election\Security\Simplified\NetworkBindingPolicyTest::test_ip_count_within_base_limit	Tests\Unit\Application\Election\Security\Simplified\NetworkBindingPolicyTest	test_ip_count_within_base_limit	PASSED	1	0.000		Application (structural)	Election Security — simplified model	NOT_ESTABLISHED	NOT_ESTABLISHED	NOT_ESTABLISHED	NOT_ESTABLISHED	NOT_ESTABLISHED	NOT_ESTABLISHED	NOT_ESTABLISHED	NOT_ESTABLISHED	Unknown	NOT_ESTABLISHED	NOT_ESTABLISHED	n/a — passed	PHPUnit JUnit run 2026-08-12 (L1 only)	NOT_ESTABLISHED	NOT_ESTABLISHED	NOT_ESTABLISHED	NOT_ESTABLISHED
Tests\Unit\Application\Election\Security\Simplified\NetworkBindingPolicyTest::test_ip_strict_current_ip_matches	Tests\Unit\Application\Election\Security\Simplified\NetworkBindingPolicyTest	test_ip_strict_current_ip_matches	PASSED	1	0.000		Application (structural)	Election Security — simplified model	NOT_ESTABLISHED	NOT_ESTABLISHED	NOT_ESTABLISHED	NOT_ESTABLISHED	NOT_ESTABLISHED	NOT_ESTABLISHED	NOT_ESTABLISHED	NOT_ESTABLISHED	Unknown	NOT_ESTABLISHED	NOT_ESTABLISHED	n/a — passed	PHPUnit JUnit run 2026-08-12 (L1 only)	NOT_ESTABLISHED	NOT_ESTABLISHED	NOT_ESTABLISHED	NOT_ESTABLISHED
Tests\Unit\Application\Election\Security\Simplified\NetworkBindingPolicyTest::test_ip_strict_current_ip_mismatch	Tests\Unit\Application\Election\Security\Simplified\NetworkBindingPolicyTest	test_ip_strict_current_ip_mismatch	PASSED	2	0.000		Application (structural)	Election Security — simplified model	NOT_ESTABLISHED	NOT_ESTABLISHED	NOT_ESTABLISHED	NOT_ESTABLISHED	NOT_ESTABLISHED	NOT_ESTABLISHED	NOT_ESTABLISHED	NOT_ESTABLISHED	Unknown	NOT_ESTABLISHED	NOT_ESTABLISHED	n/a — passed	PHPUnit JUnit run 2026-08-12 (L1 only)	NOT_ESTABLISHED	NOT_ESTABLISHED	NOT_ESTABLISHED	NOT_ESTABLISHED
Tests\Unit\Application\Election\Security\Simplified\NetworkBindingPolicyTest::test_no_threshold_math_in_policy	Tests\Unit\Application\Election\Security\Simplified\NetworkBindingPolicyTest	test_no_threshold_math_in_policy	PASSED	9	0.000		Application (structural)	Election Security — simplified model	NOT_ESTABLISHED	NOT_ESTABLISHED	NOT_ESTABLISHED	NOT_ESTABLISHED	NOT_ESTABLISHED	NOT_ESTABLISHED	NOT_ESTABLISHED	NOT_ESTABLISHED	Unknown	NOT_ESTABLISHED	NOT_ESTABLISHED	n/a — passed	PHPUnit JUnit run 2026-08-12 (L1 only)	NOT_ESTABLISHED	NOT_ESTABLISHED	NOT_ESTABLISHED	NOT_ESTABLISHED
Tests\Unit\Application\Election\Security\Simplified\NetworkBindingPolicyTest::test_passes_when_strategy_none	Tests\Unit\Application\Election\Security\Simplified\NetworkBindingPolicyTest	test_passes_when_strategy_none	PASSED	2	0.000		Application (structural)	Election Security — simplified model	NOT_ESTABLISHED	NOT_ESTABLISHED	NOT_ESTABLISHED	NOT_ESTABLISHED	NOT_ESTABLISHED	NOT_ESTABLISHED	NOT_ESTABLISHED	NOT_ESTABLISHED	Unknown	NOT_ESTABLISHED	NOT_ESTABLISHED	n/a — passed	PHPUnit JUnit run 2026-08-12 (L1 only)	NOT_ESTABLISHED	NOT_ESTABLISHED	NOT_ESTABLISHED	NOT_ESTABLISHED
Tests\Unit\Application\Election\Security\Simplified\NetworkBindingPolicyTest::test_returns_policy_finding_not_authority	Tests\Unit\Application\Election\Security\Simplified\NetworkBindingPolicyTest	test_returns_policy_finding_not_authority	PASSED	5	0.000		Application (structural)	Election Security — simplified model	NOT_ESTABLISHED	NOT_ESTABLISHED	NOT_ESTABLISHED	NOT_ESTABLISHED	NOT_ESTABLISHED	NOT_ESTABLISHED	NOT_ESTABLISHED	NOT_ESTABLISHED	Unknown	NOT_ESTABLISHED	NOT_ESTABLISHED	n/a — passed	PHPUnit JUnit run 2026-08-12 (L1 only)	NOT_ESTABLISHED	NOT_ESTABLISHED	NOT_ESTABLISHED	NOT_ESTABLISHED
Tests\Unit\Application\Election\Security\Simplified\PolicyFindingTest::test_can_represent_failure	Tests\Unit\Application\Election\Security\Simplified\PolicyFindingTest	test_can_represent_failure	PASSED	1	0.000		Application (structural)	Election Security — simplified model	NOT_ESTABLISHED	NOT_ESTABLISHED	NOT_ESTABLISHED	NOT_ESTABLISHED	NOT_ESTABLISHED	NOT_ESTABLISHED	NOT_ESTABLISHED	NOT_ESTABLISHED	Unknown	NOT_ESTABLISHED	NOT_ESTABLISHED	n/a — passed	PHPUnit JUnit run 2026-08-12 (L1 only)	NOT_ESTABLISHED	NOT_ESTABLISHED	NOT_ESTABLISHED	NOT_ESTABLISHED
Tests\Unit\Application\Election\Security\Simplified\PolicyFindingTest::test_constructs_with_all_properties	Tests\Unit\Application\Election\Security\Simplified\PolicyFindingTest	test_constructs_with_all_properties	PASSED	4	0.000		Application (structural)	Election Security — simplified model	NOT_ESTABLISHED	NOT_ESTABLISHED	NOT_ESTABLISHED	NOT_ESTABLISHED	NOT_ESTABLISHED	NOT_ESTABLISHED	NOT_ESTABLISHED	NOT_ESTABLISHED	Unknown	NOT_ESTABLISHED	NOT_ESTABLISHED	n/a — passed	PHPUnit JUnit run 2026-08-12 (L1 only)	NOT_ESTABLISHED	NOT_ESTABLISHED	NOT_ESTABLISHED	NOT_ESTABLISHED
Tests\Unit\Application\Election\Security\Simplified\PolicyFindingTest::test_has_no_behavioral_methods	Tests\Unit\Application\Election\Security\Simplified\PolicyFindingTest	test_has_no_behavioral_methods	PASSED	1	0.000		Application (structural)	Election Security — simplified model	NOT_ESTABLISHED	NOT_ESTABLISHED	NOT_ESTABLISHED	NOT_ESTABLISHED	NOT_ESTABLISHED	NOT_ESTABLISHED	NOT_ESTABLISHED	NOT_ESTABLISHED	Unknown	NOT_ESTABLISHED	NOT_ESTABLISHED	n/a — passed	PHPUnit JUnit run 2026-08-12 (L1 only)	NOT_ESTABLISHED	NOT_ESTABLISHED	NOT_ESTABLISHED	NOT_ESTABLISHED
Tests\Unit\Application\Election\Security\Simplified\PolicyFindingTest::test_is_readonly	Tests\Unit\Application\Election\Security\Simplified\PolicyFindingTest	test_is_readonly	PASSED	1	0.000		Application (structural)	Election Security — simplified model	NOT_ESTABLISHED	NOT_ESTABLISHED	NOT_ESTABLISHED	NOT_ESTABLISHED	NOT_ESTABLISHED	NOT_ESTABLISHED	NOT_ESTABLISHED	NOT_ESTABLISHED	Unknown	NOT_ESTABLISHED	NOT_ESTABLISHED	n/a — passed	PHPUnit JUnit run 2026-08-12 (L1 only)	NOT_ESTABLISHED	NOT_ESTABLISHED	NOT_ESTABLISHED	NOT_ESTABLISHED
Tests\Unit\Application\Election\Security\Simplified\PolicyPurityTest::test_all_policies_implement_constitutional_policy	Tests\Unit\Application\Election\Security\Simplified\PolicyPurityTest	test_all_policies_implement_constitutional_policy	PASSED	6	0.000		Application (structural)	Election Security — simplified model	NOT_ESTABLISHED	NOT_ESTABLISHED	NOT_ESTABLISHED	NOT_ESTABLISHED	NOT_ESTABLISHED	NOT_ESTABLISHED	NOT_ESTABLISHED	NOT_ESTABLISHED	Unknown	NOT_ESTABLISHED	NOT_ESTABLISHED	n/a — passed	PHPUnit JUnit run 2026-08-12 (L1 only)	NOT_ESTABLISHED	NOT_ESTABLISHED	NOT_ESTABLISHED	NOT_ESTABLISHED
Tests\Unit\Application\Election\Security\Simplified\PolicyPurityTest::test_policies_do_not_import_eloquent	Tests\Unit\Application\Election\Security\Simplified\PolicyPurityTest	test_policies_do_not_import_eloquent	PASSED	3	0.000		Application (structural)	Election Security — simplified model	NOT_ESTABLISHED	NOT_ESTABLISHED	NOT_ESTABLISHED	NOT_ESTABLISHED	NOT_ESTABLISHED	NOT_ESTABLISHED	NOT_ESTABLISHED	NOT_ESTABLISHED	Unknown	NOT_ESTABLISHED	NOT_ESTABLISHED	n/a — passed	PHPUnit JUnit run 2026-08-12 (L1 only)	NOT_ESTABLISHED	NOT_ESTABLISHED	NOT_ESTABLISHED	NOT_ESTABLISHED
Tests\Unit\Application\Election\Security\Simplified\PolicyPurityTest::test_policies_do_not_return_boolean_or_trust_level	Tests\Unit\Application\Election\Security\Simplified\PolicyPurityTest	test_policies_do_not_return_boolean_or_trust_level	PASSED	6	0.000		Application (structural)	Election Security — simplified model	NOT_ESTABLISHED	NOT_ESTABLISHED	NOT_ESTABLISHED	NOT_ESTABLISHED	NOT_ESTABLISHED	NOT_ESTABLISHED	NOT_ESTABLISHED	NOT_ESTABLISHED	Unknown	NOT_ESTABLISHED	NOT_ESTABLISHED	n/a — passed	PHPUnit JUnit run 2026-08-12 (L1 only)	NOT_ESTABLISHED	NOT_ESTABLISHED	NOT_ESTABLISHED	NOT_ESTABLISHED
Tests\Unit\Application\Election\Security\Simplified\PolicyPurityTest::test_policies_do_not_use_authority_methods	Tests\Unit\Application\Election\Security\Simplified\PolicyPurityTest	test_policies_do_not_use_authority_methods	PASSED	15	0.000		Application (structural)	Election Security — simplified model	NOT_ESTABLISHED	NOT_ESTABLISHED	NOT_ESTABLISHED	NOT_ESTABLISHED	NOT_ESTABLISHED	NOT_ESTABLISHED	NOT_ESTABLISHED	NOT_ESTABLISHED	Unknown	NOT_ESTABLISHED	NOT_ESTABLISHED	n/a — passed	PHPUnit JUnit run 2026-08-12 (L1 only)	NOT_ESTABLISHED	NOT_ESTABLISHED	NOT_ESTABLISHED	NOT_ESTABLISHED
Tests\Unit\Application\Election\Security\Simplified\PolicyPurityTest::test_policies_have_unique_identifiers	Tests\Unit\Application\Election\Security\Simplified\PolicyPurityTest	test_policies_have_unique_identifiers	PASSED	5	0.000		Application (structural)	Election Security — simplified model	NOT_ESTABLISHED	NOT_ESTABLISHED	NOT_ESTABLISHED	NOT_ESTABLISHED	NOT_ESTABLISHED	NOT_ESTABLISHED	NOT_ESTABLISHED	NOT_ESTABLISHED	Unknown	NOT_ESTABLISHED	NOT_ESTABLISHED	n/a — passed	PHPUnit JUnit run 2026-08-12 (L1 only)	NOT_ESTABLISHED	NOT_ESTABLISHED	NOT_ESTABLISHED	NOT_ESTABLISHED
Tests\Unit\Application\Election\Security\Simplified\PolicyPurityTest::test_policy_file_name_matches_class	Tests\Unit\Application\Election\Security\Simplified\PolicyPurityTest	test_policy_file_name_matches_class	PASSED	3	0.000		Application (structural)	Election Security — simplified model	NOT_ESTABLISHED	NOT_ESTABLISHED	NOT_ESTABLISHED	NOT_ESTABLISHED	NOT_ESTABLISHED	NOT_ESTABLISHED	NOT_ESTABLISHED	NOT_ESTABLISHED	Unknown	NOT_ESTABLISHED	NOT_ESTABLISHED	n/a — passed	PHPUnit JUnit run 2026-08-12 (L1 only)	NOT_ESTABLISHED	NOT_ESTABLISHED	NOT_ESTABLISHED	NOT_ESTABLISHED
Tests\Unit\Application\Election\Security\Simplified\SimplifiedPolicySequenceTest::test_all_pass_returns_sufficient_evidence	Tests\Unit\Application\Election\Security\Simplified\SimplifiedPolicySequenceTest	test_all_pass_returns_sufficient_evidence	PASSED	3	0.000		Application (structural)	Election Security — simplified model	NOT_ESTABLISHED	NOT_ESTABLISHED	NOT_ESTABLISHED	NOT_ESTABLISHED	NOT_ESTABLISHED	NOT_ESTABLISHED	NOT_ESTABLISHED	NOT_ESTABLISHED	Unknown	NOT_ESTABLISHED	NOT_ESTABLISHED	n/a — passed	PHPUnit JUnit run 2026-08-12 (L1 only)	NOT_ESTABLISHED	NOT_ESTABLISHED	NOT_ESTABLISHED	NOT_ESTABLISHED
Tests\Unit\Application\Election\Security\Simplified\SimplifiedPolicySequenceTest::test_device_failure_reported	Tests\Unit\Application\Election\Security\Simplified\SimplifiedPolicySequenceTest	test_device_failure_reported	PASSED	5	0.000		Application (structural)	Election Security — simplified model	NOT_ESTABLISHED	NOT_ESTABLISHED	NOT_ESTABLISHED	NOT_ESTABLISHED	NOT_ESTABLISHED	NOT_ESTABLISHED	NOT_ESTABLISHED	NOT_ESTABLISHED	Unknown	NOT_ESTABLISHED	NOT_ESTABLISHED	n/a — passed	PHPUnit JUnit run 2026-08-12 (L1 only)	NOT_ESTABLISHED	NOT_ESTABLISHED	NOT_ESTABLISHED	NOT_ESTABLISHED
Tests\Unit\Application\Election\Security\Simplified\SimplifiedPolicySequenceTest::test_failure_reason_is_evaluation_reason_code_enum	Tests\Unit\Application\Election\Security\Simplified\SimplifiedPolicySequenceTest	test_failure_reason_is_evaluation_reason_code_enum	PASSED	3	0.000		Application (structural)	Election Security — simplified model	NOT_ESTABLISHED	NOT_ESTABLISHED	NOT_ESTABLISHED	NOT_ESTABLISHED	NOT_ESTABLISHED	NOT_ESTABLISHED	NOT_ESTABLISHED	NOT_ESTABLISHED	Unknown	NOT_ESTABLISHED	NOT_ESTABLISHED	n/a — passed	PHPUnit JUnit run 2026-08-12 (L1 only)	NOT_ESTABLISHED	NOT_ESTABLISHED	NOT_ESTABLISHED	NOT_ESTABLISHED
Tests\Unit\Application\Election\Security\Simplified\SimplifiedPolicySequenceTest::test_multiple_failures_use_appropriate_reason_code	Tests\Unit\Application\Election\Security\Simplified\SimplifiedPolicySequenceTest	test_multiple_failures_use_appropriate_reason_code	PASSED	6	0.000		Application (structural)	Election Security — simplified model	NOT_ESTABLISHED	NOT_ESTABLISHED	NOT_ESTABLISHED	NOT_ESTABLISHED	NOT_ESTABLISHED	NOT_ESTABLISHED	NOT_ESTABLISHED	NOT_ESTABLISHED	Unknown	NOT_ESTABLISHED	NOT_ESTABLISHED	n/a — passed	PHPUnit JUnit run 2026-08-12 (L1 only)	NOT_ESTABLISHED	NOT_ESTABLISHED	NOT_ESTABLISHED	NOT_ESTABLISHED
Tests\Unit\Application\Election\Security\Simplified\SimplifiedPolicySequenceTest::test_network_failure_all_policies_still_evaluated	Tests\Unit\Application\Election\Security\Simplified\SimplifiedPolicySequenceTest	test_network_failure_all_policies_still_evaluated	PASSED	8	0.000		Application (structural)	Election Security — simplified model	NOT_ESTABLISHED	NOT_ESTABLISHED	NOT_ESTABLISHED	NOT_ESTABLISHED	NOT_ESTABLISHED	NOT_ESTABLISHED	NOT_ESTABLISHED	NOT_ESTABLISHED	Unknown	NOT_ESTABLISHED	NOT_ESTABLISHED	n/a — passed	PHPUnit JUnit run 2026-08-12 (L1 only)	NOT_ESTABLISHED	NOT_ESTABLISHED	NOT_ESTABLISHED	NOT_ESTABLISHED
Tests\Unit\Application\Election\Security\Simplified\SimplifiedPolicySequenceTest::test_network_strategy_none_passes	Tests\Unit\Application\Election\Security\Simplified\SimplifiedPolicySequenceTest	test_network_strategy_none_passes	PASSED	1	0.000		Application (structural)	Election Security — simplified model	NOT_ESTABLISHED	NOT_ESTABLISHED	NOT_ESTABLISHED	NOT_ESTABLISHED	NOT_ESTABLISHED	NOT_ESTABLISHED	NOT_ESTABLISHED	NOT_ESTABLISHED	Unknown	NOT_ESTABLISHED	NOT_ESTABLISHED	n/a — passed	PHPUnit JUnit run 2026-08-12 (L1 only)	NOT_ESTABLISHED	NOT_ESTABLISHED	NOT_ESTABLISHED	NOT_ESTABLISHED
Tests\Unit\Application\Election\Security\Simplified\SimplifiedPolicySequenceTest::test_policy_outcome_sequence_preserves_order	Tests\Unit\Application\Election\Security\Simplified\SimplifiedPolicySequenceTest	test_policy_outcome_sequence_preserves_order	PASSED	3	0.000		Application (structural)	Election Security — simplified model	NOT_ESTABLISHED	NOT_ESTABLISHED	NOT_ESTABLISHED	NOT_ESTABLISHED	NOT_ESTABLISHED	NOT_ESTABLISHED	NOT_ESTABLISHED	NOT_ESTABLISHED	Unknown	NOT_ESTABLISHED	NOT_ESTABLISHED	n/a — passed	PHPUnit JUnit run 2026-08-12 (L1 only)	NOT_ESTABLISHED	NOT_ESTABLISHED	NOT_ESTABLISHED	NOT_ESTABLISHED
Tests\Unit\Application\Election\Security\Simplified\SimplifiedPolicySequenceTest::test_replay_determinism	Tests\Unit\Application\Election\Security\Simplified\SimplifiedPolicySequenceTest	test_replay_determinism	PASSED	9	0.000		Application (structural)	Election Security — simplified model	NOT_ESTABLISHED	NOT_ESTABLISHED	NOT_ESTABLISHED	NOT_ESTABLISHED	NOT_ESTABLISHED	NOT_ESTABLISHED	NOT_ESTABLISHED	NOT_ESTABLISHED	Unknown	NOT_ESTABLISHED	NOT_ESTABLISHED	n/a — passed	PHPUnit JUnit run 2026-08-12 (L1 only)	NOT_ESTABLISHED	NOT_ESTABLISHED	NOT_ESTABLISHED	NOT_ESTABLISHED
Tests\Unit\Application\Election\Security\Simplified\SimplifiedPolicySequenceTest::test_trust_level_is_placeholder_unverified	Tests\Unit\Application\Election\Security\Simplified\SimplifiedPolicySequenceTest	test_trust_level_is_placeholder_unverified	PASSED	1	0.000		Application (structural)	Election Security — simplified model	NOT_ESTABLISHED	NOT_ESTABLISHED	NOT_ESTABLISHED	NOT_ESTABLISHED	NOT_ESTABLISHED	NOT_ESTABLISHED	NOT_ESTABLISHED	NOT_ESTABLISHED	Unknown	NOT_ESTABLISHED	NOT_ESTABLISHED	n/a — passed	PHPUnit JUnit run 2026-08-12 (L1 only)	NOT_ESTABLISHED	NOT_ESTABLISHED	NOT_ESTABLISHED	NOT_ESTABLISHED
Tests\Unit\Application\Election\Security\Simplified\SimplifiedPolicySequenceTest::test_verification_failure_with_all_policies_evaluated	Tests\Unit\Application\Election\Security\Simplified\SimplifiedPolicySequenceTest	test_verification_failure_with_all_policies_evaluated	PASSED	6	0.000		Application (structural)	Election Security — simplified model	NOT_ESTABLISHED	NOT_ESTABLISHED	NOT_ESTABLISHED	NOT_ESTABLISHED	NOT_ESTABLISHED	NOT_ESTABLISHED	NOT_ESTABLISHED	NOT_ESTABLISHED	Unknown	NOT_ESTABLISHED	NOT_ESTABLISHED	n/a — passed	PHPUnit JUnit run 2026-08-12 (L1 only)	NOT_ESTABLISHED	NOT_ESTABLISHED	NOT_ESTABLISHED	NOT_ESTABLISHED
Tests\Unit\Application\Election\Security\Simplified\SimplifiedTrustChainIntegrationTest::test_chain_output_is_deterministic_for_identical_snapshots	Tests\Unit\Application\Election\Security\Simplified\SimplifiedTrustChainIntegrationTest	test_chain_output_is_deterministic_for_identical_snapshots	PASSED	4	0.000		Application (structural)	Election Security — simplified model	NOT_ESTABLISHED	NOT_ESTABLISHED	NOT_ESTABLISHED	NOT_ESTABLISHED	NOT_ESTABLISHED	NOT_ESTABLISHED	NOT_ESTABLISHED	NOT_ESTABLISHED	Unknown	NOT_ESTABLISHED	NOT_ESTABLISHED	n/a — passed	PHPUnit JUnit run 2026-08-12 (L1 only)	NOT_ESTABLISHED	NOT_ESTABLISHED	NOT_ESTABLISHED	NOT_ESTABLISHED
Tests\Unit\Application\Election\Security\Simplified\SimplifiedTrustChainIntegrationTest::test_chain_with_attestation_signal_prohibits	Tests\Unit\Application\Election\Security\Simplified\SimplifiedTrustChainIntegrationTest	test_chain_with_attestation_signal_prohibits	PASSED	3	0.000		Application (structural)	Election Security — simplified model	NOT_ESTABLISHED	NOT_ESTABLISHED	NOT_ESTABLISHED	NOT_ESTABLISHED	NOT_ESTABLISHED	NOT_ESTABLISHED	NOT_ESTABLISHED	NOT_ESTABLISHED	Unknown	NOT_ESTABLISHED	NOT_ESTABLISHED	n/a — passed	PHPUnit JUnit run 2026-08-12 (L1 only)	NOT_ESTABLISHED	NOT_ESTABLISHED	NOT_ESTABLISHED	NOT_ESTABLISHED
Tests\Unit\Application\Election\Security\Simplified\SimplifiedTrustChainIntegrationTest::test_full_chain_abstains_when_all_evidence_valid	Tests\Unit\Application\Election\Security\Simplified\SimplifiedTrustChainIntegrationTest	test_full_chain_abstains_when_all_evidence_valid	PASSED	2	0.000		Application (structural)	Election Security — simplified model	NOT_ESTABLISHED	NOT_ESTABLISHED	NOT_ESTABLISHED	NOT_ESTABLISHED	NOT_ESTABLISHED	NOT_ESTABLISHED	NOT_ESTABLISHED	NOT_ESTABLISHED	Unknown	NOT_ESTABLISHED	NOT_ESTABLISHED	n/a — passed	PHPUnit JUnit run 2026-08-12 (L1 only)	NOT_ESTABLISHED	NOT_ESTABLISHED	NOT_ESTABLISHED	NOT_ESTABLISHED
Tests\Unit\Application\Election\Security\Simplified\SimplifiedTrustChainIntegrationTest::test_full_chain_prohibits_when_verification_fails	Tests\Unit\Application\Election\Security\Simplified\SimplifiedTrustChainIntegrationTest	test_full_chain_prohibits_when_verification_fails	PASSED	3	0.000		Application (structural)	Election Security — simplified model	NOT_ESTABLISHED	NOT_ESTABLISHED	NOT_ESTABLISHED	NOT_ESTABLISHED	NOT_ESTABLISHED	NOT_ESTABLISHED	NOT_ESTABLISHED	NOT_ESTABLISHED	Unknown	NOT_ESTABLISHED	NOT_ESTABLISHED	n/a — passed	PHPUnit JUnit run 2026-08-12 (L1 only)	NOT_ESTABLISHED	NOT_ESTABLISHED	NOT_ESTABLISHED	NOT_ESTABLISHED
Tests\Unit\Application\Election\Security\Simplified\VerificationPolicyTest::test_fails_when_required_and_not_attested	Tests\Unit\Application\Election\Security\Simplified\VerificationPolicyTest	test_fails_when_required_and_not_attested	PASSED	2	0.000		Application (structural)	Election Security — simplified model	NOT_ESTABLISHED	NOT_ESTABLISHED	NOT_ESTABLISHED	NOT_ESTABLISHED	NOT_ESTABLISHED	NOT_ESTABLISHED	NOT_ESTABLISHED	NOT_ESTABLISHED	Unknown	NOT_ESTABLISHED	NOT_ESTABLISHED	n/a — passed	PHPUnit JUnit run 2026-08-12 (L1 only)	NOT_ESTABLISHED	NOT_ESTABLISHED	NOT_ESTABLISHED	NOT_ESTABLISHED
Tests\Unit\Application\Election\Security\Simplified\VerificationPolicyTest::test_no_authority_vocabulary_in_output	Tests\Unit\Application\Election\Security\Simplified\VerificationPolicyTest	test_no_authority_vocabulary_in_output	PASSED	6	0.000		Application (structural)	Election Security — simplified model	NOT_ESTABLISHED	NOT_ESTABLISHED	NOT_ESTABLISHED	NOT_ESTABLISHED	NOT_ESTABLISHED	NOT_ESTABLISHED	NOT_ESTABLISHED	NOT_ESTABLISHED	Unknown	NOT_ESTABLISHED	NOT_ESTABLISHED	n/a — passed	PHPUnit JUnit run 2026-08-12 (L1 only)	NOT_ESTABLISHED	NOT_ESTABLISHED	NOT_ESTABLISHED	NOT_ESTABLISHED
Tests\Unit\Application\Election\Security\Simplified\VerificationPolicyTest::test_passes_when_attested	Tests\Unit\Application\Election\Security\Simplified\VerificationPolicyTest	test_passes_when_attested	PASSED	2	0.000		Application (structural)	Election Security — simplified model	NOT_ESTABLISHED	NOT_ESTABLISHED	NOT_ESTABLISHED	NOT_ESTABLISHED	NOT_ESTABLISHED	NOT_ESTABLISHED	NOT_ESTABLISHED	NOT_ESTABLISHED	Unknown	NOT_ESTABLISHED	NOT_ESTABLISHED	n/a — passed	PHPUnit JUnit run 2026-08-12 (L1 only)	NOT_ESTABLISHED	NOT_ESTABLISHED	NOT_ESTABLISHED	NOT_ESTABLISHED
Tests\Unit\Application\Election\Security\Simplified\VerificationPolicyTest::test_passes_when_not_required	Tests\Unit\Application\Election\Security\Simplified\VerificationPolicyTest	test_passes_when_not_required	PASSED	2	0.000		Application (structural)	Election Security — simplified model	NOT_ESTABLISHED	NOT_ESTABLISHED	NOT_ESTABLISHED	NOT_ESTABLISHED	NOT_ESTABLISHED	NOT_ESTABLISHED	NOT_ESTABLISHED	NOT_ESTABLISHED	Unknown	NOT_ESTABLISHED	NOT_ESTABLISHED	n/a — passed	PHPUnit JUnit run 2026-08-12 (L1 only)	NOT_ESTABLISHED	NOT_ESTABLISHED	NOT_ESTABLISHED	NOT_ESTABLISHED
Tests\Unit\Application\Election\Security\Simplified\VerificationPolicyTest::test_returns_policy_finding_not_trust_level	Tests\Unit\Application\Election\Security\Simplified\VerificationPolicyTest	test_returns_policy_finding_not_trust_level	PASSED	3	0.000		Application (structural)	Election Security — simplified model	NOT_ESTABLISHED	NOT_ESTABLISHED	NOT_ESTABLISHED	NOT_ESTABLISHED	NOT_ESTABLISHED	NOT_ESTABLISHED	NOT_ESTABLISHED	NOT_ESTABLISHED	Unknown	NOT_ESTABLISHED	NOT_ESTABLISHED	n/a — passed	PHPUnit JUnit run 2026-08-12 (L1 only)	NOT_ESTABLISHED	NOT_ESTABLISHED	NOT_ESTABLISHED	NOT_ESTABLISHED
Tests\Unit\Application\Election\Security\Simplified\VerificationPolicyTest::test_supporting_facts_contain_verification_details	Tests\Unit\Application\Election\Security\Simplified\VerificationPolicyTest	test_supporting_facts_contain_verification_details	PASSED	5	0.000		Application (structural)	Election Security — simplified model	NOT_ESTABLISHED	NOT_ESTABLISHED	NOT_ESTABLISHED	NOT_ESTABLISHED	NOT_ESTABLISHED	NOT_ESTABLISHED	NOT_ESTABLISHED	NOT_ESTABLISHED	Unknown	NOT_ESTABLISHED	NOT_ESTABLISHED	n/a — passed	PHPUnit JUnit run 2026-08-12 (L1 only)	NOT_ESTABLISHED	NOT_ESTABLISHED	NOT_ESTABLISHED	NOT_ESTABLISHED
Tests\Unit\Application\Election\Security\SovereignEquivalenceTest::test_network_binding_policy_allows_when_ips_match	Tests\Unit\Application\Election\Security\SovereignEquivalenceTest	test_network_binding_policy_allows_when_ips_match	PASSED	1	0.033		Application (structural)	Election Security	NOT_ESTABLISHED	NOT_ESTABLISHED	NOT_ESTABLISHED	NOT_ESTABLISHED	NOT_ESTABLISHED	NOT_ESTABLISHED	NOT_ESTABLISHED	NOT_ESTABLISHED	Unknown	NOT_ESTABLISHED	NOT_ESTABLISHED	n/a — passed	PHPUnit JUnit run 2026-08-12 (L1 only)	NOT_ESTABLISHED	NOT_ESTABLISHED	NOT_ESTABLISHED	NOT_ESTABLISHED
Tests\Unit\Application\Election\Security\SovereignEquivalenceTest::test_network_binding_policy_denies_insufficient_evidence_for_mismatched_ip	Tests\Unit\Application\Election\Security\SovereignEquivalenceTest	test_network_binding_policy_denies_insufficient_evidence_for_mismatched_ip	PASSED	1	0.033		Application (structural)	Election Security	NOT_ESTABLISHED	NOT_ESTABLISHED	NOT_ESTABLISHED	NOT_ESTABLISHED	NOT_ESTABLISHED	NOT_ESTABLISHED	NOT_ESTABLISHED	NOT_ESTABLISHED	Unknown	NOT_ESTABLISHED	NOT_ESTABLISHED	n/a — passed	PHPUnit JUnit run 2026-08-12 (L1 only)	NOT_ESTABLISHED	NOT_ESTABLISHED	NOT_ESTABLISHED	NOT_ESTABLISHED
Tests\Unit\Application\Election\Security\SovereignEquivalenceTest::test_sovereign_equivalence_proof_complete	Tests\Unit\Application\Election\Security\SovereignEquivalenceTest	test_sovereign_equivalence_proof_complete	PASSED	1	0.033		Application (structural)	Election Security	NOT_ESTABLISHED	NOT_ESTABLISHED	NOT_ESTABLISHED	NOT_ESTABLISHED	NOT_ESTABLISHED	NOT_ESTABLISHED	NOT_ESTABLISHED	NOT_ESTABLISHED	Unknown	NOT_ESTABLISHED	NOT_ESTABLISHED	n/a — passed	PHPUnit JUnit run 2026-08-12 (L1 only)	NOT_ESTABLISHED	NOT_ESTABLISHED	NOT_ESTABLISHED	NOT_ESTABLISHED
Tests\Unit\Application\Election\Security\SovereigntyBoundaryTest::test_domain_never_imports_application	Tests\Unit\Application\Election\Security\SovereigntyBoundaryTest	test_domain_never_imports_application	PASSED	5	0.000		Application (structural)	Election Security	NOT_ESTABLISHED	NOT_ESTABLISHED	NOT_ESTABLISHED	NOT_ESTABLISHED	NOT_ESTABLISHED	NOT_ESTABLISHED	NOT_ESTABLISHED	NOT_ESTABLISHED	Unknown	NOT_ESTABLISHED	NOT_ESTABLISHED	n/a — passed	PHPUnit JUnit run 2026-08-12 (L1 only)	NOT_ESTABLISHED	NOT_ESTABLISHED	NOT_ESTABLISHED	NOT_ESTABLISHED
Tests\Unit\Application\Election\Security\SovereigntyBoundaryTest::test_overlay_signal_never_references_evaluation_state	Tests\Unit\Application\Election\Security\SovereigntyBoundaryTest	test_overlay_signal_never_references_evaluation_state	PASSED	1	0.000		Application (structural)	Election Security	NOT_ESTABLISHED	NOT_ESTABLISHED	NOT_ESTABLISHED	NOT_ESTABLISHED	NOT_ESTABLISHED	NOT_ESTABLISHED	NOT_ESTABLISHED	NOT_ESTABLISHED	Unknown	NOT_ESTABLISHED	NOT_ESTABLISHED	n/a — passed	PHPUnit JUnit run 2026-08-12 (L1 only)	NOT_ESTABLISHED	NOT_ESTABLISHED	NOT_ESTABLISHED	NOT_ESTABLISHED
Tests\Unit\Application\Election\Security\SovereigntyBoundaryTest::test_overlays_never_return_authority_types	Tests\Unit\Application\Election\Security\SovereigntyBoundaryTest	test_overlays_never_return_authority_types	PASSED	10	0.000		Application (structural)	Election Security	NOT_ESTABLISHED	NOT_ESTABLISHED	NOT_ESTABLISHED	NOT_ESTABLISHED	NOT_ESTABLISHED	NOT_ESTABLISHED	NOT_ESTABLISHED	NOT_ESTABLISHED	Unknown	NOT_ESTABLISHED	NOT_ESTABLISHED	n/a — passed	PHPUnit JUnit run 2026-08-12 (L1 only)	NOT_ESTABLISHED	NOT_ESTABLISHED	NOT_ESTABLISHED	NOT_ESTABLISHED
Tests\Unit\Application\Election\Security\SovereigntyBoundaryTest::test_policies_never_allow_or_deny	Tests\Unit\Application\Election\Security\SovereigntyBoundaryTest	test_policies_never_allow_or_deny	PASSED	8	0.000		Application (structural)	Election Security	NOT_ESTABLISHED	NOT_ESTABLISHED	NOT_ESTABLISHED	NOT_ESTABLISHED	NOT_ESTABLISHED	NOT_ESTABLISHED	NOT_ESTABLISHED	NOT_ESTABLISHED	Unknown	NOT_ESTABLISHED	NOT_ESTABLISHED	n/a — passed	PHPUnit JUnit run 2026-08-12 (L1 only)	NOT_ESTABLISHED	NOT_ESTABLISHED	NOT_ESTABLISHED	NOT_ESTABLISHED
Tests\Unit\Application\Election\Security\SovereigntyBoundaryTest::test_policy_finding_has_no_trust_level	Tests\Unit\Application\Election\Security\SovereigntyBoundaryTest	test_policy_finding_has_no_trust_level	PASSED	4	0.000		Application (structural)	Election Security	NOT_ESTABLISHED	NOT_ESTABLISHED	NOT_ESTABLISHED	NOT_ESTABLISHED	NOT_ESTABLISHED	NOT_ESTABLISHED	NOT_ESTABLISHED	NOT_ESTABLISHED	Unknown	NOT_ESTABLISHED	NOT_ESTABLISHED	n/a — passed	PHPUnit JUnit run 2026-08-12 (L1 only)	NOT_ESTABLISHED	NOT_ESTABLISHED	NOT_ESTABLISHED	NOT_ESTABLISHED
Tests\Unit\Application\Election\Security\SovereigntyBoundaryTest::test_security_domain_never_imports_illuminate	Tests\Unit\Application\Election\Security\SovereigntyBoundaryTest	test_security_domain_never_imports_illuminate	PASSED	1	0.001		Application (structural)	Election Security	NOT_ESTABLISHED	NOT_ESTABLISHED	NOT_ESTABLISHED	NOT_ESTABLISHED	NOT_ESTABLISHED	NOT_ESTABLISHED	NOT_ESTABLISHED	NOT_ESTABLISHED	Unknown	NOT_ESTABLISHED	NOT_ESTABLISHED	n/a — passed	PHPUnit JUnit run 2026-08-12 (L1 only)	NOT_ESTABLISHED	NOT_ESTABLISHED	NOT_ESTABLISHED	NOT_ESTABLISHED
Tests\Unit\Application\Election\Security\SovereigntyBoundaryTest::test_simplified_policies_have_minimal_public_api	Tests\Unit\Application\Election\Security\SovereigntyBoundaryTest	test_simplified_policies_have_minimal_public_api	PASSED	3	0.000		Application (structural)	Election Security	NOT_ESTABLISHED	NOT_ESTABLISHED	NOT_ESTABLISHED	NOT_ESTABLISHED	NOT_ESTABLISHED	NOT_ESTABLISHED	NOT_ESTABLISHED	NOT_ESTABLISHED	Unknown	NOT_ESTABLISHED	NOT_ESTABLISHED	n/a — passed	PHPUnit JUnit run 2026-08-12 (L1 only)	NOT_ESTABLISHED	NOT_ESTABLISHED	NOT_ESTABLISHED	NOT_ESTABLISHED
Tests\Unit\Application\Election\Security\SovereigntyBoundaryTest::test_simplified_policies_never_import_eloquent	Tests\Unit\Application\Election\Security\SovereigntyBoundaryTest	test_simplified_policies_never_import_eloquent	PASSED	1	0.000		Application (structural)	Election Security	NOT_ESTABLISHED	NOT_ESTABLISHED	NOT_ESTABLISHED	NOT_ESTABLISHED	NOT_ESTABLISHED	NOT_ESTABLISHED	NOT_ESTABLISHED	NOT_ESTABLISHED	Unknown	NOT_ESTABLISHED	NOT_ESTABLISHED	n/a — passed	PHPUnit JUnit run 2026-08-12 (L1 only)	NOT_ESTABLISHED	NOT_ESTABLISHED	NOT_ESTABLISHED	NOT_ESTABLISHED
Tests\Unit\Application\Election\Security\SovereigntyBoundaryTest::test_simplified_policies_never_reference_capability	Tests\Unit\Application\Election\Security\SovereigntyBoundaryTest	test_simplified_policies_never_reference_capability	PASSED	6	0.000		Application (structural)	Election Security	NOT_ESTABLISHED	NOT_ESTABLISHED	NOT_ESTABLISHED	NOT_ESTABLISHED	NOT_ESTABLISHED	NOT_ESTABLISHED	NOT_ESTABLISHED	NOT_ESTABLISHED	Unknown	NOT_ESTABLISHED	NOT_ESTABLISHED	n/a — passed	PHPUnit JUnit run 2026-08-12 (L1 only)	NOT_ESTABLISHED	NOT_ESTABLISHED	NOT_ESTABLISHED	NOT_ESTABLISHED
Tests\Unit\Application\Election\Security\SovereigntyBoundaryTest::test_simplified_policies_never_reference_evaluation_state	Tests\Unit\Application\Election\Security\SovereigntyBoundaryTest	test_simplified_policies_never_reference_evaluation_state	PASSED	3	0.000		Application (structural)	Election Security	NOT_ESTABLISHED	NOT_ESTABLISHED	NOT_ESTABLISHED	NOT_ESTABLISHED	NOT_ESTABLISHED	NOT_ESTABLISHED	NOT_ESTABLISHED	NOT_ESTABLISHED	Unknown	NOT_ESTABLISHED	NOT_ESTABLISHED	n/a — passed	PHPUnit JUnit run 2026-08-12 (L1 only)	NOT_ESTABLISHED	NOT_ESTABLISHED	NOT_ESTABLISHED	NOT_ESTABLISHED
Tests\Unit\Application\Election\Security\TrustCapabilityContextTest::test_context_has_no_authority_deriving_methods	Tests\Unit\Application\Election\Security\TrustCapabilityContextTest	test_context_has_no_authority_deriving_methods	PASSED	4	0.000		Application (structural)	Election Security	NOT_ESTABLISHED	NOT_ESTABLISHED	NOT_ESTABLISHED	NOT_ESTABLISHED	NOT_ESTABLISHED	NOT_ESTABLISHED	NOT_ESTABLISHED	NOT_ESTABLISHED	Unknown	NOT_ESTABLISHED	NOT_ESTABLISHED	n/a — passed	PHPUnit JUnit run 2026-08-12 (L1 only)	NOT_ESTABLISHED	NOT_ESTABLISHED	NOT_ESTABLISHED	NOT_ESTABLISHED
Tests\Unit\Application\Election\Security\TrustCapabilityContextTest::test_continuity_not_preserved_when_ip_changed	Tests\Unit\Application\Election\Security\TrustCapabilityContextTest	test_continuity_not_preserved_when_ip_changed	PASSED	1	0.000		Application (structural)	Election Security	NOT_ESTABLISHED	NOT_ESTABLISHED	NOT_ESTABLISHED	NOT_ESTABLISHED	NOT_ESTABLISHED	NOT_ESTABLISHED	NOT_ESTABLISHED	NOT_ESTABLISHED	Unknown	NOT_ESTABLISHED	NOT_ESTABLISHED	n/a — passed	PHPUnit JUnit run 2026-08-12 (L1 only)	NOT_ESTABLISHED	NOT_ESTABLISHED	NOT_ESTABLISHED	NOT_ESTABLISHED
Tests\Unit\Application\Election\Security\TrustCapabilityContextTest::test_continuity_preserved_delegates_to_session	Tests\Unit\Application\Election\Security\TrustCapabilityContextTest	test_continuity_preserved_delegates_to_session	PASSED	1	0.000		Application (structural)	Election Security	NOT_ESTABLISHED	NOT_ESTABLISHED	NOT_ESTABLISHED	NOT_ESTABLISHED	NOT_ESTABLISHED	NOT_ESTABLISHED	NOT_ESTABLISHED	NOT_ESTABLISHED	Unknown	NOT_ESTABLISHED	NOT_ESTABLISHED	n/a — passed	PHPUnit JUnit run 2026-08-12 (L1 only)	NOT_ESTABLISHED	NOT_ESTABLISHED	NOT_ESTABLISHED	NOT_ESTABLISHED
Tests\Unit\Application\Election\Security\TrustCapabilityContextTest::test_current_trust_level_delegates_to_attestation	Tests\Unit\Application\Election\Security\TrustCapabilityContextTest	test_current_trust_level_delegates_to_attestation	PASSED	1	0.000		Application (structural)	Election Security	NOT_ESTABLISHED	NOT_ESTABLISHED	NOT_ESTABLISHED	NOT_ESTABLISHED	NOT_ESTABLISHED	NOT_ESTABLISHED	NOT_ESTABLISHED	NOT_ESTABLISHED	Unknown	NOT_ESTABLISHED	NOT_ESTABLISHED	n/a — passed	PHPUnit JUnit run 2026-08-12 (L1 only)	NOT_ESTABLISHED	NOT_ESTABLISHED	NOT_ESTABLISHED	NOT_ESTABLISHED
Tests\Unit\Application\Election\Security\TrustCapabilityContextTest::test_current_trust_level_unverified_when_not_attested	Tests\Unit\Application\Election\Security\TrustCapabilityContextTest	test_current_trust_level_unverified_when_not_attested	PASSED	1	0.000		Application (structural)	Election Security	NOT_ESTABLISHED	NOT_ESTABLISHED	NOT_ESTABLISHED	NOT_ESTABLISHED	NOT_ESTABLISHED	NOT_ESTABLISHED	NOT_ESTABLISHED	NOT_ESTABLISHED	Unknown	NOT_ESTABLISHED	NOT_ESTABLISHED	n/a — passed	PHPUnit JUnit run 2026-08-12 (L1 only)	NOT_ESTABLISHED	NOT_ESTABLISHED	NOT_ESTABLISHED	NOT_ESTABLISHED
Tests\Unit\Application\Election\Security\TrustPolicyEvaluatorD4Test::test_evaluate_hashes_raw_ip_before_use	Tests\Unit\Application\Election\Security\TrustPolicyEvaluatorD4Test	test_evaluate_hashes_raw_ip_before_use	PASSED	2	0.030		Application (structural)	Election Security	NOT_ESTABLISHED	NOT_ESTABLISHED	NOT_ESTABLISHED	NOT_ESTABLISHED	NOT_ESTABLISHED	NOT_ESTABLISHED	NOT_ESTABLISHED	NOT_ESTABLISHED	Unknown	NOT_ESTABLISHED	NOT_ESTABLISHED	n/a — passed	PHPUnit JUnit run 2026-08-12 (L1 only)	NOT_ESTABLISHED	NOT_ESTABLISHED	NOT_ESTABLISHED	NOT_ESTABLISHED
Tests\Unit\Application\Election\Security\TrustPolicyEvaluatorD4Test::test_evaluate_returns_voting_trust_result_only	Tests\Unit\Application\Election\Security\TrustPolicyEvaluatorD4Test	test_evaluate_returns_voting_trust_result_only	PASSED	3	0.029		Application (structural)	Election Security	NOT_ESTABLISHED	NOT_ESTABLISHED	NOT_ESTABLISHED	NOT_ESTABLISHED	NOT_ESTABLISHED	NOT_ESTABLISHED	NOT_ESTABLISHED	NOT_ESTABLISHED	Unknown	NOT_ESTABLISHED	NOT_ESTABLISHED	n/a — passed	PHPUnit JUnit run 2026-08-12 (L1 only)	NOT_ESTABLISHED	NOT_ESTABLISHED	NOT_ESTABLISHED	NOT_ESTABLISHED
Tests\Unit\Application\Election\Security\TrustPolicyEvaluatorD4Test::test_evaluate_with_overlays_always_runs_policies	Tests\Unit\Application\Election\Security\TrustPolicyEvaluatorD4Test	test_evaluate_with_overlays_always_runs_policies	PASSED	2	0.047		Application (structural)	Election Security	NOT_ESTABLISHED	NOT_ESTABLISHED	NOT_ESTABLISHED	NOT_ESTABLISHED	NOT_ESTABLISHED	NOT_ESTABLISHED	NOT_ESTABLISHED	NOT_ESTABLISHED	Unknown	NOT_ESTABLISHED	NOT_ESTABLISHED	n/a — passed	PHPUnit JUnit run 2026-08-12 (L1 only)	NOT_ESTABLISHED	NOT_ESTABLISHED	NOT_ESTABLISHED	NOT_ESTABLISHED
Tests\Unit\Application\Election\Security\TrustPolicyEvaluatorNetworkRestrictionTest::test_bool_comparison_result_is_never_null_so_null_coalescing_is_dead	Tests\Unit\Application\Election\Security\TrustPolicyEvaluatorNetworkRestrictionTest	test_bool_comparison_result_is_never_null_so_null_coalescing_is_dead	PASSED	4	0.000		Application (structural)	Election Security	NOT_ESTABLISHED	NOT_ESTABLISHED	NOT_ESTABLISHED	NOT_ESTABLISHED	NOT_ESTABLISHED	NOT_ESTABLISHED	NOT_ESTABLISHED	NOT_ESTABLISHED	Unknown	NOT_ESTABLISHED	NOT_ESTABLISHED	n/a — passed	PHPUnit JUnit run 2026-08-12 (L1 only)	NOT_ESTABLISHED	NOT_ESTABLISHED	NOT_ESTABLISHED	NOT_ESTABLISHED
Tests\Unit\Application\Election\Security\TrustPolicyEvaluatorNetworkRestrictionTest::test_ip_count_strategy_enables_restriction	Tests\Unit\Application\Election\Security\TrustPolicyEvaluatorNetworkRestrictionTest	test_ip_count_strategy_enables_restriction	PASSED	1	0.000		Application (structural)	Election Security	NOT_ESTABLISHED	NOT_ESTABLISHED	NOT_ESTABLISHED	NOT_ESTABLISHED	NOT_ESTABLISHED	NOT_ESTABLISHED	NOT_ESTABLISHED	NOT_ESTABLISHED	Unknown	NOT_ESTABLISHED	NOT_ESTABLISHED	n/a — passed	PHPUnit JUnit run 2026-08-12 (L1 only)	NOT_ESTABLISHED	NOT_ESTABLISHED	NOT_ESTABLISHED	NOT_ESTABLISHED
Tests\Unit\Application\Election\Security\TrustPolicyEvaluatorNetworkRestrictionTest::test_none_strategy_disables_restriction	Tests\Unit\Application\Election\Security\TrustPolicyEvaluatorNetworkRestrictionTest	test_none_strategy_disables_restriction	PASSED	1	0.000		Application (structural)	Election Security	NOT_ESTABLISHED	NOT_ESTABLISHED	NOT_ESTABLISHED	NOT_ESTABLISHED	NOT_ESTABLISHED	NOT_ESTABLISHED	NOT_ESTABLISHED	NOT_ESTABLISHED	Unknown	NOT_ESTABLISHED	NOT_ESTABLISHED	n/a — passed	PHPUnit JUnit run 2026-08-12 (L1 only)	NOT_ESTABLISHED	NOT_ESTABLISHED	NOT_ESTABLISHED	NOT_ESTABLISHED
Tests\Unit\Application\Election\Security\TrustPolicyEvaluatorNetworkRestrictionTest::test_null_election_disables_network_restriction	Tests\Unit\Application\Election\Security\TrustPolicyEvaluatorNetworkRestrictionTest	test_null_election_disables_network_restriction	PASSED	1	0.000		Application (structural)	Election Security	NOT_ESTABLISHED	NOT_ESTABLISHED	NOT_ESTABLISHED	NOT_ESTABLISHED	NOT_ESTABLISHED	NOT_ESTABLISHED	NOT_ESTABLISHED	NOT_ESTABLISHED	Unknown	NOT_ESTABLISHED	NOT_ESTABLISHED	n/a — passed	PHPUnit JUnit run 2026-08-12 (L1 only)	NOT_ESTABLISHED	NOT_ESTABLISHED	NOT_ESTABLISHED	NOT_ESTABLISHED
Tests\Unit\Application\Election\Security\TrustPolicyEvaluatorNetworkRestrictionTest::test_strict_binding_strategy_enables_restriction	Tests\Unit\Application\Election\Security\TrustPolicyEvaluatorNetworkRestrictionTest	test_strict_binding_strategy_enables_restriction	PASSED	1	0.000		Application (structural)	Election Security	NOT_ESTABLISHED	NOT_ESTABLISHED	NOT_ESTABLISHED	NOT_ESTABLISHED	NOT_ESTABLISHED	NOT_ESTABLISHED	NOT_ESTABLISHED	NOT_ESTABLISHED	Unknown	NOT_ESTABLISHED	NOT_ESTABLISHED	n/a — passed	PHPUnit JUnit run 2026-08-12 (L1 only)	NOT_ESTABLISHED	NOT_ESTABLISHED	NOT_ESTABLISHED	NOT_ESTABLISHED
Tests\Unit\Application\Election\Security\TrustPolicyEvaluatorTest::test_evaluator_never_returns_capability_array	Tests\Unit\Application\Election\Security\TrustPolicyEvaluatorTest	test_evaluator_never_returns_capability_array	PASSED	3	0.029		Application (structural)	Election Security	NOT_ESTABLISHED	NOT_ESTABLISHED	NOT_ESTABLISHED	NOT_ESTABLISHED	NOT_ESTABLISHED	NOT_ESTABLISHED	NOT_ESTABLISHED	NOT_ESTABLISHED	Unknown	NOT_ESTABLISHED	NOT_ESTABLISHED	n/a — passed	PHPUnit JUnit run 2026-08-12 (L1 only)	NOT_ESTABLISHED	NOT_ESTABLISHED	NOT_ESTABLISHED	NOT_ESTABLISHED
Tests\Unit\Application\Election\Security\TrustPolicyEvaluatorTest::test_evaluator_returns_voting_trust_result	Tests\Unit\Application\Election\Security\TrustPolicyEvaluatorTest	test_evaluator_returns_voting_trust_result	PASSED	2	0.032		Application (structural)	Election Security	NOT_ESTABLISHED	NOT_ESTABLISHED	NOT_ESTABLISHED	NOT_ESTABLISHED	NOT_ESTABLISHED	NOT_ESTABLISHED	NOT_ESTABLISHED	NOT_ESTABLISHED	Unknown	NOT_ESTABLISHED	NOT_ESTABLISHED	n/a — passed	PHPUnit JUnit run 2026-08-12 (L1 only)	NOT_ESTABLISHED	NOT_ESTABLISHED	NOT_ESTABLISHED	NOT_ESTABLISHED
Tests\Unit\Application\Election\Security\TrustPolicyEvaluatorTest::test_full_allow_path	Tests\Unit\Application\Election\Security\TrustPolicyEvaluatorTest	test_full_allow_path	PASSED	1	0.029		Application (structural)	Election Security	NOT_ESTABLISHED	NOT_ESTABLISHED	NOT_ESTABLISHED	NOT_ESTABLISHED	NOT_ESTABLISHED	NOT_ESTABLISHED	NOT_ESTABLISHED	NOT_ESTABLISHED	Unknown	NOT_ESTABLISHED	NOT_ESTABLISHED	n/a — passed	PHPUnit JUnit run 2026-08-12 (L1 only)	NOT_ESTABLISHED	NOT_ESTABLISHED	NOT_ESTABLISHED	NOT_ESTABLISHED
Tests\Unit\Application\Election\Security\TrustPolicyEvaluatorTest::test_returns_only_voting_trust_result	Tests\Unit\Application\Election\Security\TrustPolicyEvaluatorTest	test_returns_only_voting_trust_result	PASSED	2	0.039		Application (structural)	Election Security	NOT_ESTABLISHED	NOT_ESTABLISHED	NOT_ESTABLISHED	NOT_ESTABLISHED	NOT_ESTABLISHED	NOT_ESTABLISHED	NOT_ESTABLISHED	NOT_ESTABLISHED	Unknown	NOT_ESTABLISHED	NOT_ESTABLISHED	n/a — passed	PHPUnit JUnit run 2026-08-12 (L1 only)	NOT_ESTABLISHED	NOT_ESTABLISHED	NOT_ESTABLISHED	NOT_ESTABLISHED
Tests\Unit\Application\Election\Security\TrustPolicyEvaluatorTest::test_unverified_context_when_no_attestation_required	Tests\Unit\Application\Election\Security\TrustPolicyEvaluatorTest	test_unverified_context_when_no_attestation_required	PASSED	1	0.029		Application (structural)	Election Security	NOT_ESTABLISHED	NOT_ESTABLISHED	NOT_ESTABLISHED	NOT_ESTABLISHED	NOT_ESTABLISHED	NOT_ESTABLISHED	NOT_ESTABLISHED	NOT_ESTABLISHED	Unknown	NOT_ESTABLISHED	NOT_ESTABLISHED	n/a — passed	PHPUnit JUnit run 2026-08-12 (L1 only)	NOT_ESTABLISHED	NOT_ESTABLISHED	NOT_ESTABLISHED	NOT_ESTABLISHED
Tests\Unit\Application\Election\Security\TrustSnapshotAssemblerTest::test_assembles_snapshot_from_allow_result	Tests\Unit\Application\Election\Security\TrustSnapshotAssemblerTest	test_assembles_snapshot_from_allow_result	PASSED	3	0.000		Application (structural)	Election Security	NOT_ESTABLISHED	NOT_ESTABLISHED	NOT_ESTABLISHED	NOT_ESTABLISHED	NOT_ESTABLISHED	NOT_ESTABLISHED	NOT_ESTABLISHED	NOT_ESTABLISHED	Unknown	NOT_ESTABLISHED	NOT_ESTABLISHED	n/a — passed	PHPUnit JUnit run 2026-08-12 (L1 only)	NOT_ESTABLISHED	NOT_ESTABLISHED	NOT_ESTABLISHED	NOT_ESTABLISHED
Tests\Unit\Application\Election\Security\TrustSnapshotAssemblerTest::test_assembles_snapshot_from_deny_result	Tests\Unit\Application\Election\Security\TrustSnapshotAssemblerTest	test_assembles_snapshot_from_deny_result	PASSED	2	0.000		Application (structural)	Election Security	NOT_ESTABLISHED	NOT_ESTABLISHED	NOT_ESTABLISHED	NOT_ESTABLISHED	NOT_ESTABLISHED	NOT_ESTABLISHED	NOT_ESTABLISHED	NOT_ESTABLISHED	Unknown	NOT_ESTABLISHED	NOT_ESTABLISHED	n/a — passed	PHPUnit JUnit run 2026-08-12 (L1 only)	NOT_ESTABLISHED	NOT_ESTABLISHED	NOT_ESTABLISHED	NOT_ESTABLISHED
Tests\Unit\Application\Election\Security\TrustSnapshotAssemblerTest::test_attestation_valid_from_context	Tests\Unit\Application\Election\Security\TrustSnapshotAssemblerTest	test_attestation_valid_from_context	PASSED	2	0.000		Application (structural)	Election Security	NOT_ESTABLISHED	NOT_ESTABLISHED	NOT_ESTABLISHED	NOT_ESTABLISHED	NOT_ESTABLISHED	NOT_ESTABLISHED	NOT_ESTABLISHED	NOT_ESTABLISHED	Unknown	NOT_ESTABLISHED	NOT_ESTABLISHED	n/a — passed	PHPUnit JUnit run 2026-08-12 (L1 only)	NOT_ESTABLISHED	NOT_ESTABLISHED	NOT_ESTABLISHED	NOT_ESTABLISHED
Tests\Unit\Application\Election\Security\TrustSnapshotAssemblerTest::test_requires_view_token_for_dual_code	Tests\Unit\Application\Election\Security\TrustSnapshotAssemblerTest	test_requires_view_token_for_dual_code	PASSED	2	0.000		Application (structural)	Election Security	NOT_ESTABLISHED	NOT_ESTABLISHED	NOT_ESTABLISHED	NOT_ESTABLISHED	NOT_ESTABLISHED	NOT_ESTABLISHED	NOT_ESTABLISHED	NOT_ESTABLISHED	Unknown	NOT_ESTABLISHED	NOT_ESTABLISHED	n/a — passed	PHPUnit JUnit run 2026-08-12 (L1 only)	NOT_ESTABLISHED	NOT_ESTABLISHED	NOT_ESTABLISHED	NOT_ESTABLISHED
Tests\Unit\Application\Election\VoterVerification\VoterVerificationPolicyTest::test_abstains_when_no_session_data	Tests\Unit\Application\Election\VoterVerification\VoterVerificationPolicyTest	test_abstains_when_no_session_data	PASSED	1	0.000		Application (structural)	Voter verification	NOT_ESTABLISHED	NOT_ESTABLISHED	NOT_ESTABLISHED	NOT_ESTABLISHED	NOT_ESTABLISHED	NOT_ESTABLISHED	NOT_ESTABLISHED	NOT_ESTABLISHED	Unknown	NOT_ESTABLISHED	NOT_ESTABLISHED	n/a — passed	PHPUnit JUnit run 2026-08-12 (L1 only)	NOT_ESTABLISHED	NOT_ESTABLISHED	NOT_ESTABLISHED	NOT_ESTABLISHED
Tests\Unit\Application\Election\VoterVerification\VoterVerificationPolicyTest::test_abstains_when_not_required	Tests\Unit\Application\Election\VoterVerification\VoterVerificationPolicyTest	test_abstains_when_not_required	PASSED	1	0.000		Application (structural)	Voter verification	NOT_ESTABLISHED	NOT_ESTABLISHED	NOT_ESTABLISHED	NOT_ESTABLISHED	NOT_ESTABLISHED	NOT_ESTABLISHED	NOT_ESTABLISHED	NOT_ESTABLISHED	Unknown	NOT_ESTABLISHED	NOT_ESTABLISHED	n/a — passed	PHPUnit JUnit run 2026-08-12 (L1 only)	NOT_ESTABLISHED	NOT_ESTABLISHED	NOT_ESTABLISHED	NOT_ESTABLISHED
Tests\Unit\Application\Election\VoterVerification\VoterVerificationPolicyTest::test_abstains_when_required_and_complete	Tests\Unit\Application\Election\VoterVerification\VoterVerificationPolicyTest	test_abstains_when_required_and_complete	PASSED	1	0.000		Application (structural)	Voter verification	NOT_ESTABLISHED	NOT_ESTABLISHED	NOT_ESTABLISHED	NOT_ESTABLISHED	NOT_ESTABLISHED	NOT_ESTABLISHED	NOT_ESTABLISHED	NOT_ESTABLISHED	Unknown	NOT_ESTABLISHED	NOT_ESTABLISHED	n/a — passed	PHPUnit JUnit run 2026-08-12 (L1 only)	NOT_ESTABLISHED	NOT_ESTABLISHED	NOT_ESTABLISHED	NOT_ESTABLISHED
Tests\Unit\Application\Election\VoterVerification\VoterVerificationPolicyTest::test_denies_when_required_and_incomplete	Tests\Unit\Application\Election\VoterVerification\VoterVerificationPolicyTest	test_denies_when_required_and_incomplete	PASSED	2	0.000		Application (structural)	Voter verification	NOT_ESTABLISHED	NOT_ESTABLISHED	NOT_ESTABLISHED	NOT_ESTABLISHED	NOT_ESTABLISHED	NOT_ESTABLISHED	NOT_ESTABLISHED	NOT_ESTABLISHED	Unknown	NOT_ESTABLISHED	NOT_ESTABLISHED	n/a — passed	PHPUnit JUnit run 2026-08-12 (L1 only)	NOT_ESTABLISHED	NOT_ESTABLISHED	NOT_ESTABLISHED	NOT_ESTABLISHED
Tests\Unit\Application\Election\VoterVerification\VoterVerificationPolicyTest::test_does_not_authorize_participation	Tests\Unit\Application\Election\VoterVerification\VoterVerificationPolicyTest	test_does_not_authorize_participation	PASSED	3	0.000		Application (structural)	Voter verification	NOT_ESTABLISHED	NOT_ESTABLISHED	NOT_ESTABLISHED	NOT_ESTABLISHED	NOT_ESTABLISHED	NOT_ESTABLISHED	NOT_ESTABLISHED	NOT_ESTABLISHED	Unknown	NOT_ESTABLISHED	NOT_ESTABLISHED	n/a — passed	PHPUnit JUnit run 2026-08-12 (L1 only)	NOT_ESTABLISHED	NOT_ESTABLISHED	NOT_ESTABLISHED	NOT_ESTABLISHED
Tests\Unit\Application\Election\VoterVerification\VoterVerificationPolicyTest::test_policy_layers_at_preconditions	Tests\Unit\Application\Election\VoterVerification\VoterVerificationPolicyTest	test_policy_layers_at_preconditions	PASSED	1	0.000		Application (structural)	Voter verification	NOT_ESTABLISHED	NOT_ESTABLISHED	NOT_ESTABLISHED	NOT_ESTABLISHED	NOT_ESTABLISHED	NOT_ESTABLISHED	NOT_ESTABLISHED	NOT_ESTABLISHED	Unknown	NOT_ESTABLISHED	NOT_ESTABLISHED	n/a — passed	PHPUnit JUnit run 2026-08-12 (L1 only)	NOT_ESTABLISHED	NOT_ESTABLISHED	NOT_ESTABLISHED	NOT_ESTABLISHED
Tests\Unit\Application\Election\VotersPreconditionTest::test_has_voters_precondition_checks_voters_table_not_memberships	Tests\Unit\Application\Election\VotersPreconditionTest	test_has_voters_precondition_checks_voters_table_not_memberships	PASSED	2	0.061		Application (structural)	Election — general	NOT_ESTABLISHED	NOT_ESTABLISHED	NOT_ESTABLISHED	NOT_ESTABLISHED	NOT_ESTABLISHED	NOT_ESTABLISHED	NOT_ESTABLISHED	NOT_ESTABLISHED	Unknown	NOT_ESTABLISHED	NOT_ESTABLISHED	n/a — passed	PHPUnit JUnit run 2026-08-12 (L1 only)	NOT_ESTABLISHED	NOT_ESTABLISHED	NOT_ESTABLISHED	NOT_ESTABLISHED
Tests\Unit\Application\Election\VotersPreconditionTest::test_has_voters_precondition_fails_when_no_voters_exist	Tests\Unit\Application\Election\VotersPreconditionTest	test_has_voters_precondition_fails_when_no_voters_exist	PASSED	1	0.035		Application (structural)	Election — general	NOT_ESTABLISHED	NOT_ESTABLISHED	NOT_ESTABLISHED	NOT_ESTABLISHED	NOT_ESTABLISHED	NOT_ESTABLISHED	NOT_ESTABLISHED	NOT_ESTABLISHED	Unknown	NOT_ESTABLISHED	NOT_ESTABLISHED	n/a — passed	PHPUnit JUnit run 2026-08-12 (L1 only)	NOT_ESTABLISHED	NOT_ESTABLISHED	NOT_ESTABLISHED	NOT_ESTABLISHED
Tests\Unit\Domain\Election\Constitution\NetworkThresholdInterpreterTest::test_attested_threshold	Tests\Unit\Domain\Election\Constitution\NetworkThresholdInterpreterTest	test_attested_threshold	PASSED	1	0.000		Domain (structural)	Constitution	NOT_ESTABLISHED	NOT_ESTABLISHED	NOT_ESTABLISHED	NOT_ESTABLISHED	NOT_ESTABLISHED	NOT_ESTABLISHED	NOT_ESTABLISHED	NOT_ESTABLISHED	Unknown	NOT_ESTABLISHED	NOT_ESTABLISHED	n/a — passed	PHPUnit JUnit run 2026-08-12 (L1 only)	NOT_ESTABLISHED	NOT_ESTABLISHED	NOT_ESTABLISHED	NOT_ESTABLISHED
Tests\Unit\Domain\Election\Constitution\NetworkThresholdInterpreterTest::test_continuity_verified_threshold	Tests\Unit\Domain\Election\Constitution\NetworkThresholdInterpreterTest	test_continuity_verified_threshold	PASSED	1	0.000		Domain (structural)	Constitution	NOT_ESTABLISHED	NOT_ESTABLISHED	NOT_ESTABLISHED	NOT_ESTABLISHED	NOT_ESTABLISHED	NOT_ESTABLISHED	NOT_ESTABLISHED	NOT_ESTABLISHED	Unknown	NOT_ESTABLISHED	NOT_ESTABLISHED	n/a — passed	PHPUnit JUnit run 2026-08-12 (L1 only)	NOT_ESTABLISHED	NOT_ESTABLISHED	NOT_ESTABLISHED	NOT_ESTABLISHED
Tests\Unit\Domain\Election\Constitution\NetworkThresholdInterpreterTest::test_deterministic_same_input_same_output	Tests\Unit\Domain\Election\Constitution\NetworkThresholdInterpreterTest	test_deterministic_same_input_same_output	PASSED	3	0.000		Domain (structural)	Constitution	NOT_ESTABLISHED	NOT_ESTABLISHED	NOT_ESTABLISHED	NOT_ESTABLISHED	NOT_ESTABLISHED	NOT_ESTABLISHED	NOT_ESTABLISHED	NOT_ESTABLISHED	Unknown	NOT_ESTABLISHED	NOT_ESTABLISHED	n/a — passed	PHPUnit JUnit run 2026-08-12 (L1 only)	NOT_ESTABLISHED	NOT_ESTABLISHED	NOT_ESTABLISHED	NOT_ESTABLISHED
Tests\Unit\Domain\Election\Constitution\NetworkThresholdInterpreterTest::test_integer_only_math	Tests\Unit\Domain\Election\Constitution\NetworkThresholdInterpreterTest	test_integer_only_math	PASSED	4	0.000		Domain (structural)	Constitution	NOT_ESTABLISHED	NOT_ESTABLISHED	NOT_ESTABLISHED	NOT_ESTABLISHED	NOT_ESTABLISHED	NOT_ESTABLISHED	NOT_ESTABLISHED	NOT_ESTABLISHED	Unknown	NOT_ESTABLISHED	NOT_ESTABLISHED	n/a — passed	PHPUnit JUnit run 2026-08-12 (L1 only)	NOT_ESTABLISHED	NOT_ESTABLISHED	NOT_ESTABLISHED	NOT_ESTABLISHED
Tests\Unit\Domain\Election\Constitution\NetworkThresholdInterpreterTest::test_is_pure_function_with_no_side_effects	Tests\Unit\Domain\Election\Constitution\NetworkThresholdInterpreterTest	test_is_pure_function_with_no_side_effects	PASSED	2	0.000		Domain (structural)	Constitution	NOT_ESTABLISHED	NOT_ESTABLISHED	NOT_ESTABLISHED	NOT_ESTABLISHED	NOT_ESTABLISHED	NOT_ESTABLISHED	NOT_ESTABLISHED	NOT_ESTABLISHED	Unknown	NOT_ESTABLISHED	NOT_ESTABLISHED	n/a — passed	PHPUnit JUnit run 2026-08-12 (L1 only)	NOT_ESTABLISHED	NOT_ESTABLISHED	NOT_ESTABLISHED	NOT_ESTABLISHED
Tests\Unit\Domain\Election\Constitution\NetworkThresholdInterpreterTest::test_registrar_attested_threshold	Tests\Unit\Domain\Election\Constitution\NetworkThresholdInterpreterTest	test_registrar_attested_threshold	PASSED	1	0.000		Domain (structural)	Constitution	NOT_ESTABLISHED	NOT_ESTABLISHED	NOT_ESTABLISHED	NOT_ESTABLISHED	NOT_ESTABLISHED	NOT_ESTABLISHED	NOT_ESTABLISHED	NOT_ESTABLISHED	Unknown	NOT_ESTABLISHED	NOT_ESTABLISHED	n/a — passed	PHPUnit JUnit run 2026-08-12 (L1 only)	NOT_ESTABLISHED	NOT_ESTABLISHED	NOT_ESTABLISHED	NOT_ESTABLISHED
Tests\Unit\Domain\Election\Constitution\NetworkThresholdInterpreterTest::test_single_max_vote	Tests\Unit\Domain\Election\Constitution\NetworkThresholdInterpreterTest	test_single_max_vote	PASSED	2	0.000		Domain (structural)	Constitution	NOT_ESTABLISHED	NOT_ESTABLISHED	NOT_ESTABLISHED	NOT_ESTABLISHED	NOT_ESTABLISHED	NOT_ESTABLISHED	NOT_ESTABLISHED	NOT_ESTABLISHED	Unknown	NOT_ESTABLISHED	NOT_ESTABLISHED	n/a — passed	PHPUnit JUnit run 2026-08-12 (L1 only)	NOT_ESTABLISHED	NOT_ESTABLISHED	NOT_ESTABLISHED	NOT_ESTABLISHED
Tests\Unit\Domain\Election\Constitution\NetworkThresholdInterpreterTest::test_unverified_threshold	Tests\Unit\Domain\Election\Constitution\NetworkThresholdInterpreterTest	test_unverified_threshold	PASSED	1	0.003		Domain (structural)	Constitution	NOT_ESTABLISHED	NOT_ESTABLISHED	NOT_ESTABLISHED	NOT_ESTABLISHED	NOT_ESTABLISHED	NOT_ESTABLISHED	NOT_ESTABLISHED	NOT_ESTABLISHED	Unknown	NOT_ESTABLISHED	NOT_ESTABLISHED	n/a — passed	PHPUnit JUnit run 2026-08-12 (L1 only)	NOT_ESTABLISHED	NOT_ESTABLISHED	NOT_ESTABLISHED	NOT_ESTABLISHED
Tests\Unit\Domain\Election\Constitution\NetworkThresholdInterpreterTest::test_zero_max_votes	Tests\Unit\Domain\Election\Constitution\NetworkThresholdInterpreterTest	test_zero_max_votes	PASSED	3	0.000		Domain (structural)	Constitution	NOT_ESTABLISHED	NOT_ESTABLISHED	NOT_ESTABLISHED	NOT_ESTABLISHED	NOT_ESTABLISHED	NOT_ESTABLISHED	NOT_ESTABLISHED	NOT_ESTABLISHED	Unknown	NOT_ESTABLISHED	NOT_ESTABLISHED	n/a — passed	PHPUnit JUnit run 2026-08-12 (L1 only)	NOT_ESTABLISHED	NOT_ESTABLISHED	NOT_ESTABLISHED	NOT_ESTABLISHED
Tests\Unit\Domain\Election\ElectionConstitutionTargetStateTest::test_all_actions_have_target_state	Tests\Unit\Domain\Election\ElectionConstitutionTargetStateTest	test_all_actions_have_target_state	PASSED	15	3.601		Domain (structural)	Election — general	NOT_ESTABLISHED	NOT_ESTABLISHED	NOT_ESTABLISHED	NOT_ESTABLISHED	NOT_ESTABLISHED	NOT_ESTABLISHED	NOT_ESTABLISHED	NOT_ESTABLISHED	Unknown	NOT_ESTABLISHED	NOT_ESTABLISHED	n/a — passed	PHPUnit JUnit run 2026-08-12 (L1 only)	NOT_ESTABLISHED	NOT_ESTABLISHED	NOT_ESTABLISHED	NOT_ESTABLISHED
Tests\Unit\Domain\Election\ElectionConstitutionTargetStateTest::test_all_target_states_are_valid_enum_values	Tests\Unit\Domain\Election\ElectionConstitutionTargetStateTest	test_all_target_states_are_valid_enum_values	PASSED	15	0.028		Domain (structural)	Election — general	NOT_ESTABLISHED	NOT_ESTABLISHED	NOT_ESTABLISHED	NOT_ESTABLISHED	NOT_ESTABLISHED	NOT_ESTABLISHED	NOT_ESTABLISHED	NOT_ESTABLISHED	Unknown	NOT_ESTABLISHED	NOT_ESTABLISHED	n/a — passed	PHPUnit JUnit run 2026-08-12 (L1 only)	NOT_ESTABLISHED	NOT_ESTABLISHED	NOT_ESTABLISHED	NOT_ESTABLISHED
Tests\Unit\Domain\Election\ElectionConstitutionTargetStateTest::test_target_state_is_what_engine_derives_after_transition	Tests\Unit\Domain\Election\ElectionConstitutionTargetStateTest	test_target_state_is_what_engine_derives_after_transition	PASSED	1	0.066		Domain (structural)	Election — general	NOT_ESTABLISHED	NOT_ESTABLISHED	NOT_ESTABLISHED	NOT_ESTABLISHED	NOT_ESTABLISHED	NOT_ESTABLISHED	NOT_ESTABLISHED	NOT_ESTABLISHED	Unknown	NOT_ESTABLISHED	NOT_ESTABLISHED	n/a — passed	PHPUnit JUnit run 2026-08-12 (L1 only)	NOT_ESTABLISHED	NOT_ESTABLISHED	NOT_ESTABLISHED	NOT_ESTABLISHED
Tests\Unit\Domain\Election\ElectionConstitutionTargetStateTest::test_target_states_are_correct	Tests\Unit\Domain\Election\ElectionConstitutionTargetStateTest	test_target_states_are_correct	FAILURE	5	0.050	Failed asserting that two strings are equal.	Domain (structural)	Election — general	NOT_ESTABLISHED	NOT_ESTABLISHED	NOT_ESTABLISHED	NOT_ESTABLISHED	NOT_ESTABLISHED	NOT_ESTABLISHED	NOT_ESTABLISHED	NOT_ESTABLISHED	Unknown	NOT_ESTABLISHED	NOT_ESTABLISHED	Mechanism not yet established	PHPUnit JUnit run 2026-08-12 (L1 only)	NOT_ESTABLISHED	NOT_ESTABLISHED	NOT_ESTABLISHED	NOT_ESTABLISHED
Tests\Unit\Domain\Election\ElectionConstitutionTest::administration_requires_committee_roles	Tests\Unit\Domain\Election\ElectionConstitutionTest	administration_requires_committee_roles	PASSED	3	0.000		Domain (structural)	Election — general	NOT_ESTABLISHED	NOT_ESTABLISHED	NOT_ESTABLISHED	NOT_ESTABLISHED	NOT_ESTABLISHED	NOT_ESTABLISHED	NOT_ESTABLISHED	NOT_ESTABLISHED	Unknown	NOT_ESTABLISHED	NOT_ESTABLISHED	n/a — passed	PHPUnit JUnit run 2026-08-12 (L1 only)	NOT_ESTABLISHED	NOT_ESTABLISHED	NOT_ESTABLISHED	NOT_ESTABLISHED
Tests\Unit\Domain\Election\ElectionConstitutionTest::complete_administration_has_preconditions	Tests\Unit\Domain\Election\ElectionConstitutionTest	complete_administration_has_preconditions	PASSED	4	0.000		Domain (structural)	Election — general	NOT_ESTABLISHED	NOT_ESTABLISHED	NOT_ESTABLISHED	NOT_ESTABLISHED	NOT_ESTABLISHED	NOT_ESTABLISHED	NOT_ESTABLISHED	NOT_ESTABLISHED	Unknown	NOT_ESTABLISHED	NOT_ESTABLISHED	n/a — passed	PHPUnit JUnit run 2026-08-12 (L1 only)	NOT_ESTABLISHED	NOT_ESTABLISHED	NOT_ESTABLISHED	NOT_ESTABLISHED
Tests\Unit\Domain\Election\ElectionConstitutionTest::constitution_has_rules_for_all_actions	Tests\Unit\Domain\Election\ElectionConstitutionTest	constitution_has_rules_for_all_actions	PASSED	8	0.001		Domain (structural)	Election — general	NOT_ESTABLISHED	NOT_ESTABLISHED	NOT_ESTABLISHED	NOT_ESTABLISHED	NOT_ESTABLISHED	NOT_ESTABLISHED	NOT_ESTABLISHED	NOT_ESTABLISHED	Unknown	NOT_ESTABLISHED	NOT_ESTABLISHED	n/a — passed	PHPUnit JUnit run 2026-08-12 (L1 only)	NOT_ESTABLISHED	NOT_ESTABLISHED	NOT_ESTABLISHED	NOT_ESTABLISHED
Tests\Unit\Domain\Election\ElectionConstitutionTest::get_rules_for_action_returns_rule_structure	Tests\Unit\Domain\Election\ElectionConstitutionTest	get_rules_for_action_returns_rule_structure	PASSED	6	0.000		Domain (structural)	Election — general	NOT_ESTABLISHED	NOT_ESTABLISHED	NOT_ESTABLISHED	NOT_ESTABLISHED	NOT_ESTABLISHED	NOT_ESTABLISHED	NOT_ESTABLISHED	NOT_ESTABLISHED	Unknown	NOT_ESTABLISHED	NOT_ESTABLISHED	n/a — passed	PHPUnit JUnit run 2026-08-12 (L1 only)	NOT_ESTABLISHED	NOT_ESTABLISHED	NOT_ESTABLISHED	NOT_ESTABLISHED
Tests\Unit\Domain\Election\ElectionConstitutionTest::is_action_allowed_in_state_checks_state	Tests\Unit\Domain\Election\ElectionConstitutionTest	is_action_allowed_in_state_checks_state	PASSED	2	0.000		Domain (structural)	Election — general	NOT_ESTABLISHED	NOT_ESTABLISHED	NOT_ESTABLISHED	NOT_ESTABLISHED	NOT_ESTABLISHED	NOT_ESTABLISHED	NOT_ESTABLISHED	NOT_ESTABLISHED	Unknown	NOT_ESTABLISHED	NOT_ESTABLISHED	n/a — passed	PHPUnit JUnit run 2026-08-12 (L1 only)	NOT_ESTABLISHED	NOT_ESTABLISHED	NOT_ESTABLISHED	NOT_ESTABLISHED
Tests\Unit\Domain\Election\ElectionConstitutionTest::only_chief_can_open_voting	Tests\Unit\Domain\Election\ElectionConstitutionTest	only_chief_can_open_voting	PASSED	2	0.000		Domain (structural)	Election — general	NOT_ESTABLISHED	NOT_ESTABLISHED	NOT_ESTABLISHED	NOT_ESTABLISHED	NOT_ESTABLISHED	NOT_ESTABLISHED	NOT_ESTABLISHED	NOT_ESTABLISHED	Unknown	NOT_ESTABLISHED	NOT_ESTABLISHED	n/a — passed	PHPUnit JUnit run 2026-08-12 (L1 only)	NOT_ESTABLISHED	NOT_ESTABLISHED	NOT_ESTABLISHED	NOT_ESTABLISHED
Tests\Unit\Domain\Election\ElectionConstitutionTest::open_voting_requires_voting_window	Tests\Unit\Domain\Election\ElectionConstitutionTest	open_voting_requires_voting_window	PASSED	1	0.000		Domain (structural)	Election — general	NOT_ESTABLISHED	NOT_ESTABLISHED	NOT_ESTABLISHED	NOT_ESTABLISHED	NOT_ESTABLISHED	NOT_ESTABLISHED	NOT_ESTABLISHED	NOT_ESTABLISHED	Unknown	NOT_ESTABLISHED	NOT_ESTABLISHED	n/a — passed	PHPUnit JUnit run 2026-08-12 (L1 only)	NOT_ESTABLISHED	NOT_ESTABLISHED	NOT_ESTABLISHED	NOT_ESTABLISHED
Tests\Unit\Domain\Election\ElectionConstitutionTest::unknown_action_throws_exception	Tests\Unit\Domain\Election\ElectionConstitutionTest	unknown_action_throws_exception	PASSED	1	0.000		Domain (structural)	Election — general	NOT_ESTABLISHED	NOT_ESTABLISHED	NOT_ESTABLISHED	NOT_ESTABLISHED	NOT_ESTABLISHED	NOT_ESTABLISHED	NOT_ESTABLISHED	NOT_ESTABLISHED	Unknown	NOT_ESTABLISHED	NOT_ESTABLISHED	n/a — passed	PHPUnit JUnit run 2026-08-12 (L1 only)	NOT_ESTABLISHED	NOT_ESTABLISHED	NOT_ESTABLISHED	NOT_ESTABLISHED
Tests\Unit\Domain\Election\ElectionLifecycleEngineTest::approved_state_when_platform_approved_but_setup_not_started	Tests\Unit\Domain\Election\ElectionLifecycleEngineTest	approved_state_when_platform_approved_but_setup_not_started	PASSED	1	0.034		Domain (structural)	Election — general	NOT_ESTABLISHED	NOT_ESTABLISHED	NOT_ESTABLISHED	NOT_ESTABLISHED	NOT_ESTABLISHED	NOT_ESTABLISHED	NOT_ESTABLISHED	NOT_ESTABLISHED	Unknown	NOT_ESTABLISHED	NOT_ESTABLISHED	n/a — passed	PHPUnit JUnit run 2026-08-12 (L1 only)	NOT_ESTABLISHED	NOT_ESTABLISHED	NOT_ESTABLISHED	NOT_ESTABLISHED
Tests\Unit\Domain\Election\ElectionLifecycleEngineTest::draft_state_provides_correct_permissions	Tests\Unit\Domain\Election\ElectionLifecycleEngineTest	draft_state_provides_correct_permissions	PASSED	4	0.033		Domain (structural)	Election — general	NOT_ESTABLISHED	NOT_ESTABLISHED	NOT_ESTABLISHED	NOT_ESTABLISHED	NOT_ESTABLISHED	NOT_ESTABLISHED	NOT_ESTABLISHED	NOT_ESTABLISHED	Unknown	NOT_ESTABLISHED	NOT_ESTABLISHED	n/a — passed	PHPUnit JUnit run 2026-08-12 (L1 only)	NOT_ESTABLISHED	NOT_ESTABLISHED	NOT_ESTABLISHED	NOT_ESTABLISHED
Tests\Unit\Domain\Election\ElectionLifecycleEngineTest::draft_state_when_election_just_created	Tests\Unit\Domain\Election\ElectionLifecycleEngineTest	draft_state_when_election_just_created	PASSED	1	0.033		Domain (structural)	Election — general	NOT_ESTABLISHED	NOT_ESTABLISHED	NOT_ESTABLISHED	NOT_ESTABLISHED	NOT_ESTABLISHED	NOT_ESTABLISHED	NOT_ESTABLISHED	NOT_ESTABLISHED	Unknown	NOT_ESTABLISHED	NOT_ESTABLISHED	n/a — passed	PHPUnit JUnit run 2026-08-12 (L1 only)	NOT_ESTABLISHED	NOT_ESTABLISHED	NOT_ESTABLISHED	NOT_ESTABLISHED
Tests\Unit\Domain\Election\ElectionLifecycleEngineTest::engine_derives_suspended_when_suspended_at_is_set	Tests\Unit\Domain\Election\ElectionLifecycleEngineTest	engine_derives_suspended_when_suspended_at_is_set	PASSED	1	0.037		Domain (structural)	Election — general	NOT_ESTABLISHED	NOT_ESTABLISHED	NOT_ESTABLISHED	NOT_ESTABLISHED	NOT_ESTABLISHED	NOT_ESTABLISHED	NOT_ESTABLISHED	NOT_ESTABLISHED	Unknown	NOT_ESTABLISHED	NOT_ESTABLISHED	n/a — passed	PHPUnit JUnit run 2026-08-12 (L1 only)	NOT_ESTABLISHED	NOT_ESTABLISHED	NOT_ESTABLISHED	NOT_ESTABLISHED
Tests\Unit\Domain\Election\ElectionLifecycleEngineTest::engine_is_injectable	Tests\Unit\Domain\Election\ElectionLifecycleEngineTest	engine_is_injectable	PASSED	1	0.030		Domain (structural)	Election — general	NOT_ESTABLISHED	NOT_ESTABLISHED	NOT_ESTABLISHED	NOT_ESTABLISHED	NOT_ESTABLISHED	NOT_ESTABLISHED	NOT_ESTABLISHED	NOT_ESTABLISHED	Unknown	NOT_ESTABLISHED	NOT_ESTABLISHED	n/a — passed	PHPUnit JUnit run 2026-08-12 (L1 only)	NOT_ESTABLISHED	NOT_ESTABLISHED	NOT_ESTABLISHED	NOT_ESTABLISHED
Tests\Unit\Domain\Election\ElectionLifecycleEngineTest::engine_returns_snapshot_for_any_election	Tests\Unit\Domain\Election\ElectionLifecycleEngineTest	engine_returns_snapshot_for_any_election	PASSED	5	0.032		Domain (structural)	Election — general	NOT_ESTABLISHED	NOT_ESTABLISHED	NOT_ESTABLISHED	NOT_ESTABLISHED	NOT_ESTABLISHED	NOT_ESTABLISHED	NOT_ESTABLISHED	NOT_ESTABLISHED	Unknown	NOT_ESTABLISHED	NOT_ESTABLISHED	n/a — passed	PHPUnit JUnit run 2026-08-12 (L1 only)	NOT_ESTABLISHED	NOT_ESTABLISHED	NOT_ESTABLISHED	NOT_ESTABLISHED
Tests\Unit\Domain\Election\ElectionLifecycleEngineTest::setup_administration_state_when_setup_started_but_admin_not_complete	Tests\Unit\Domain\Election\ElectionLifecycleEngineTest	setup_administration_state_when_setup_started_but_admin_not_complete	PASSED	1	0.034		Domain (structural)	Election — general	NOT_ESTABLISHED	NOT_ESTABLISHED	NOT_ESTABLISHED	NOT_ESTABLISHED	NOT_ESTABLISHED	NOT_ESTABLISHED	NOT_ESTABLISHED	NOT_ESTABLISHED	Unknown	NOT_ESTABLISHED	NOT_ESTABLISHED	n/a — passed	PHPUnit JUnit run 2026-08-12 (L1 only)	NOT_ESTABLISHED	NOT_ESTABLISHED	NOT_ESTABLISHED	NOT_ESTABLISHED
Tests\Unit\Domain\Election\ElectionLifecycleEngineTest::setup_administration_when_nomination_window_not_yet_open	Tests\Unit\Domain\Election\ElectionLifecycleEngineTest	setup_administration_when_nomination_window_not_yet_open	PASSED	1	0.037		Domain (structural)	Election — general	NOT_ESTABLISHED	NOT_ESTABLISHED	NOT_ESTABLISHED	NOT_ESTABLISHED	NOT_ESTABLISHED	NOT_ESTABLISHED	NOT_ESTABLISHED	NOT_ESTABLISHED	Unknown	NOT_ESTABLISHED	NOT_ESTABLISHED	n/a — passed	PHPUnit JUnit run 2026-08-12 (L1 only)	NOT_ESTABLISHED	NOT_ESTABLISHED	NOT_ESTABLISHED	NOT_ESTABLISHED
Tests\Unit\Domain\Election\ElectionLifecycleEngineTest::setup_nomination_when_admin_complete_and_no_dates_set	Tests\Unit\Domain\Election\ElectionLifecycleEngineTest	setup_nomination_when_admin_complete_and_no_dates_set	PASSED	1	0.033		Domain (structural)	Election — general	NOT_ESTABLISHED	NOT_ESTABLISHED	NOT_ESTABLISHED	NOT_ESTABLISHED	NOT_ESTABLISHED	NOT_ESTABLISHED	NOT_ESTABLISHED	NOT_ESTABLISHED	Unknown	NOT_ESTABLISHED	NOT_ESTABLISHED	n/a — passed	PHPUnit JUnit run 2026-08-12 (L1 only)	NOT_ESTABLISHED	NOT_ESTABLISHED	NOT_ESTABLISHED	NOT_ESTABLISHED
Tests\Unit\Domain\Election\ElectionLifecycleEngineTest::setup_nomination_when_admin_complete_and_window_open	Tests\Unit\Domain\Election\ElectionLifecycleEngineTest	setup_nomination_when_admin_complete_and_window_open	PASSED	1	0.033		Domain (structural)	Election — general	NOT_ESTABLISHED	NOT_ESTABLISHED	NOT_ESTABLISHED	NOT_ESTABLISHED	NOT_ESTABLISHED	NOT_ESTABLISHED	NOT_ESTABLISHED	NOT_ESTABLISHED	Unknown	NOT_ESTABLISHED	NOT_ESTABLISHED	n/a — passed	PHPUnit JUnit run 2026-08-12 (L1 only)	NOT_ESTABLISHED	NOT_ESTABLISHED	NOT_ESTABLISHED	NOT_ESTABLISHED
Tests\Unit\Domain\Election\ElectionLifecycleEngineTest::snapshot_is_deterministic	Tests\Unit\Domain\Election\ElectionLifecycleEngineTest	snapshot_is_deterministic	PASSED	3	0.033		Domain (structural)	Election — general	NOT_ESTABLISHED	NOT_ESTABLISHED	NOT_ESTABLISHED	NOT_ESTABLISHED	NOT_ESTABLISHED	NOT_ESTABLISHED	NOT_ESTABLISHED	NOT_ESTABLISHED	Unknown	NOT_ESTABLISHED	NOT_ESTABLISHED	n/a — passed	PHPUnit JUnit run 2026-08-12 (L1 only)	NOT_ESTABLISHED	NOT_ESTABLISHED	NOT_ESTABLISHED	NOT_ESTABLISHED
Tests\Unit\Domain\Election\ElectionLifecycleEngineTest::suspension_is_highest_priority_override	Tests\Unit\Domain\Election\ElectionLifecycleEngineTest	suspension_is_highest_priority_override	PASSED	2	0.038		Domain (structural)	Election — general	NOT_ESTABLISHED	NOT_ESTABLISHED	NOT_ESTABLISHED	NOT_ESTABLISHED	NOT_ESTABLISHED	NOT_ESTABLISHED	NOT_ESTABLISHED	NOT_ESTABLISHED	Unknown	NOT_ESTABLISHED	NOT_ESTABLISHED	n/a — passed	PHPUnit JUnit run 2026-08-12 (L1 only)	NOT_ESTABLISHED	NOT_ESTABLISHED	NOT_ESTABLISHED	NOT_ESTABLISHED
Tests\Unit\Domain\Election\ElectionLifecycleSnapshotTest::allowed_actions_empty_when_no_transitions_possible	Tests\Unit\Domain\Election\ElectionLifecycleSnapshotTest	allowed_actions_empty_when_no_transitions_possible	PASSED	1	0.000		Domain (structural)	Election — general	NOT_ESTABLISHED	NOT_ESTABLISHED	NOT_ESTABLISHED	NOT_ESTABLISHED	NOT_ESTABLISHED	NOT_ESTABLISHED	NOT_ESTABLISHED	NOT_ESTABLISHED	Unknown	NOT_ESTABLISHED	NOT_ESTABLISHED	n/a — passed	PHPUnit JUnit run 2026-08-12 (L1 only)	NOT_ESTABLISHED	NOT_ESTABLISHED	NOT_ESTABLISHED	NOT_ESTABLISHED
Tests\Unit\Domain\Election\ElectionLifecycleSnapshotTest::blocked_reason_explains_why_action_not_allowed	Tests\Unit\Domain\Election\ElectionLifecycleSnapshotTest	blocked_reason_explains_why_action_not_allowed	PASSED	3	0.000		Domain (structural)	Election — general	NOT_ESTABLISHED	NOT_ESTABLISHED	NOT_ESTABLISHED	NOT_ESTABLISHED	NOT_ESTABLISHED	NOT_ESTABLISHED	NOT_ESTABLISHED	NOT_ESTABLISHED	Unknown	NOT_ESTABLISHED	NOT_ESTABLISHED	n/a — passed	PHPUnit JUnit run 2026-08-12 (L1 only)	NOT_ESTABLISHED	NOT_ESTABLISHED	NOT_ESTABLISHED	NOT_ESTABLISHED
Tests\Unit\Domain\Election\ElectionLifecycleSnapshotTest::is_action_allowed_checks_allowed_actions	Tests\Unit\Domain\Election\ElectionLifecycleSnapshotTest	is_action_allowed_checks_allowed_actions	PASSED	2	0.000		Domain (structural)	Election — general	NOT_ESTABLISHED	NOT_ESTABLISHED	NOT_ESTABLISHED	NOT_ESTABLISHED	NOT_ESTABLISHED	NOT_ESTABLISHED	NOT_ESTABLISHED	NOT_ESTABLISHED	Unknown	NOT_ESTABLISHED	NOT_ESTABLISHED	n/a — passed	PHPUnit JUnit run 2026-08-12 (L1 only)	NOT_ESTABLISHED	NOT_ESTABLISHED	NOT_ESTABLISHED	NOT_ESTABLISHED
Tests\Unit\Domain\Election\ElectionLifecycleSnapshotTest::is_active_returns_true_only_for_voting_active_state	Tests\Unit\Domain\Election\ElectionLifecycleSnapshotTest	is_active_returns_true_only_for_voting_active_state	PASSED	2	0.000		Domain (structural)	Election — general	NOT_ESTABLISHED	NOT_ESTABLISHED	NOT_ESTABLISHED	NOT_ESTABLISHED	NOT_ESTABLISHED	NOT_ESTABLISHED	NOT_ESTABLISHED	NOT_ESTABLISHED	Unknown	NOT_ESTABLISHED	NOT_ESTABLISHED	n/a — passed	PHPUnit JUnit run 2026-08-12 (L1 only)	NOT_ESTABLISHED	NOT_ESTABLISHED	NOT_ESTABLISHED	NOT_ESTABLISHED
Tests\Unit\Domain\Election\ElectionLifecycleSnapshotTest::is_locked_indicates_frozen_state	Tests\Unit\Domain\Election\ElectionLifecycleSnapshotTest	is_locked_indicates_frozen_state	PASSED	2	0.000		Domain (structural)	Election — general	NOT_ESTABLISHED	NOT_ESTABLISHED	NOT_ESTABLISHED	NOT_ESTABLISHED	NOT_ESTABLISHED	NOT_ESTABLISHED	NOT_ESTABLISHED	NOT_ESTABLISHED	Unknown	NOT_ESTABLISHED	NOT_ESTABLISHED	n/a — passed	PHPUnit JUnit run 2026-08-12 (L1 only)	NOT_ESTABLISHED	NOT_ESTABLISHED	NOT_ESTABLISHED	NOT_ESTABLISHED
Tests\Unit\Domain\Election\ElectionLifecycleSnapshotTest::snapshot_is_immutable	Tests\Unit\Domain\Election\ElectionLifecycleSnapshotTest	snapshot_is_immutable	PASSED	1	0.000		Domain (structural)	Election — general	NOT_ESTABLISHED	NOT_ESTABLISHED	NOT_ESTABLISHED	NOT_ESTABLISHED	NOT_ESTABLISHED	NOT_ESTABLISHED	NOT_ESTABLISHED	NOT_ESTABLISHED	Unknown	NOT_ESTABLISHED	NOT_ESTABLISHED	n/a — passed	PHPUnit JUnit run 2026-08-12 (L1 only)	NOT_ESTABLISHED	NOT_ESTABLISHED	NOT_ESTABLISHED	NOT_ESTABLISHED
Tests\Unit\Domain\Election\ElectionLifecycleStateTest::can_create_from_string_value	Tests\Unit\Domain\Election\ElectionLifecycleStateTest	can_create_from_string_value	PASSED	1	0.000		Domain (structural)	Election — general	NOT_ESTABLISHED	NOT_ESTABLISHED	NOT_ESTABLISHED	NOT_ESTABLISHED	NOT_ESTABLISHED	NOT_ESTABLISHED	NOT_ESTABLISHED	NOT_ESTABLISHED	Unknown	NOT_ESTABLISHED	NOT_ESTABLISHED	n/a — passed	PHPUnit JUnit run 2026-08-12 (L1 only)	NOT_ESTABLISHED	NOT_ESTABLISHED	NOT_ESTABLISHED	NOT_ESTABLISHED
Tests\Unit\Domain\Election\ElectionLifecycleStateTest::enum_has_correct_case_count	Tests\Unit\Domain\Election\ElectionLifecycleStateTest	enum_has_correct_case_count	PASSED	1	0.000		Domain (structural)	Election — general	NOT_ESTABLISHED	NOT_ESTABLISHED	NOT_ESTABLISHED	NOT_ESTABLISHED	NOT_ESTABLISHED	NOT_ESTABLISHED	NOT_ESTABLISHED	NOT_ESTABLISHED	Unknown	NOT_ESTABLISHED	NOT_ESTABLISHED	n/a — passed	PHPUnit JUnit run 2026-08-12 (L1 only)	NOT_ESTABLISHED	NOT_ESTABLISHED	NOT_ESTABLISHED	NOT_ESTABLISHED
Tests\Unit\Domain\Election\ElectionLifecycleStateTest::enum_values_are_correct	Tests\Unit\Domain\Election\ElectionLifecycleStateTest	enum_values_are_correct	PASSED	11	0.000		Domain (structural)	Election — general	NOT_ESTABLISHED	NOT_ESTABLISHED	NOT_ESTABLISHED	NOT_ESTABLISHED	NOT_ESTABLISHED	NOT_ESTABLISHED	NOT_ESTABLISHED	NOT_ESTABLISHED	Unknown	NOT_ESTABLISHED	NOT_ESTABLISHED	n/a — passed	PHPUnit JUnit run 2026-08-12 (L1 only)	NOT_ESTABLISHED	NOT_ESTABLISHED	NOT_ESTABLISHED	NOT_ESTABLISHED
Tests\Unit\Domain\Election\ElectionLifecycleStateTest::label_returns_human_readable_string	Tests\Unit\Domain\Election\ElectionLifecycleStateTest	label_returns_human_readable_string	PASSED	11	0.000		Domain (structural)	Election — general	NOT_ESTABLISHED	NOT_ESTABLISHED	NOT_ESTABLISHED	NOT_ESTABLISHED	NOT_ESTABLISHED	NOT_ESTABLISHED	NOT_ESTABLISHED	NOT_ESTABLISHED	Unknown	NOT_ESTABLISHED	NOT_ESTABLISHED	n/a — passed	PHPUnit JUnit run 2026-08-12 (L1 only)	NOT_ESTABLISHED	NOT_ESTABLISHED	NOT_ESTABLISHED	NOT_ESTABLISHED
Tests\Unit\Domain\Election\ElectionLifecycleStateTest::test_is_suspended_returns_false_for_non_suspended_states	Tests\Unit\Domain\Election\ElectionLifecycleStateTest	test_is_suspended_returns_false_for_non_suspended_states	PASSED	3	0.000		Domain (structural)	Election — general	NOT_ESTABLISHED	NOT_ESTABLISHED	NOT_ESTABLISHED	NOT_ESTABLISHED	NOT_ESTABLISHED	NOT_ESTABLISHED	NOT_ESTABLISHED	NOT_ESTABLISHED	Unknown	NOT_ESTABLISHED	NOT_ESTABLISHED	n/a — passed	PHPUnit JUnit run 2026-08-12 (L1 only)	NOT_ESTABLISHED	NOT_ESTABLISHED	NOT_ESTABLISHED	NOT_ESTABLISHED
Tests\Unit\Domain\Election\ElectionLifecycleStateTest::test_is_suspended_returns_true_for_suspended	Tests\Unit\Domain\Election\ElectionLifecycleStateTest	test_is_suspended_returns_true_for_suspended	PASSED	1	0.000		Domain (structural)	Election — general	NOT_ESTABLISHED	NOT_ESTABLISHED	NOT_ESTABLISHED	NOT_ESTABLISHED	NOT_ESTABLISHED	NOT_ESTABLISHED	NOT_ESTABLISHED	NOT_ESTABLISHED	Unknown	NOT_ESTABLISHED	NOT_ESTABLISHED	n/a — passed	PHPUnit JUnit run 2026-08-12 (L1 only)	NOT_ESTABLISHED	NOT_ESTABLISHED	NOT_ESTABLISHED	NOT_ESTABLISHED
Tests\Unit\Domain\Election\ElectionLifecycleStateTest::test_setup_administration_state_exists	Tests\Unit\Domain\Election\ElectionLifecycleStateTest	test_setup_administration_state_exists	PASSED	1	0.000		Domain (structural)	Election — general	NOT_ESTABLISHED	NOT_ESTABLISHED	NOT_ESTABLISHED	NOT_ESTABLISHED	NOT_ESTABLISHED	NOT_ESTABLISHED	NOT_ESTABLISHED	NOT_ESTABLISHED	Unknown	NOT_ESTABLISHED	NOT_ESTABLISHED	n/a — passed	PHPUnit JUnit run 2026-08-12 (L1 only)	NOT_ESTABLISHED	NOT_ESTABLISHED	NOT_ESTABLISHED	NOT_ESTABLISHED
Tests\Unit\Domain\Election\ElectionLifecycleStateTest::test_setup_nomination_state_exists	Tests\Unit\Domain\Election\ElectionLifecycleStateTest	test_setup_nomination_state_exists	PASSED	1	0.000		Domain (structural)	Election — general	NOT_ESTABLISHED	NOT_ESTABLISHED	NOT_ESTABLISHED	NOT_ESTABLISHED	NOT_ESTABLISHED	NOT_ESTABLISHED	NOT_ESTABLISHED	NOT_ESTABLISHED	Unknown	NOT_ESTABLISHED	NOT_ESTABLISHED	n/a — passed	PHPUnit JUnit run 2026-08-12 (L1 only)	NOT_ESTABLISHED	NOT_ESTABLISHED	NOT_ESTABLISHED	NOT_ESTABLISHED
Tests\Unit\Domain\Election\ElectionLifecycleStateTest::test_setup_state_removed	Tests\Unit\Domain\Election\ElectionLifecycleStateTest	test_setup_state_removed	PASSED	1	0.000		Domain (structural)	Election — general	NOT_ESTABLISHED	NOT_ESTABLISHED	NOT_ESTABLISHED	NOT_ESTABLISHED	NOT_ESTABLISHED	NOT_ESTABLISHED	NOT_ESTABLISHED	NOT_ESTABLISHED	Unknown	NOT_ESTABLISHED	NOT_ESTABLISHED	n/a — passed	PHPUnit JUnit run 2026-08-12 (L1 only)	NOT_ESTABLISHED	NOT_ESTABLISHED	NOT_ESTABLISHED	NOT_ESTABLISHED
Tests\Unit\Domain\Election\ElectionLifecycleStateTest::test_suspended_label_is_election_suspended	Tests\Unit\Domain\Election\ElectionLifecycleStateTest	test_suspended_label_is_election_suspended	PASSED	1	0.000		Domain (structural)	Election — general	NOT_ESTABLISHED	NOT_ESTABLISHED	NOT_ESTABLISHED	NOT_ESTABLISHED	NOT_ESTABLISHED	NOT_ESTABLISHED	NOT_ESTABLISHED	NOT_ESTABLISHED	Unknown	NOT_ESTABLISHED	NOT_ESTABLISHED	n/a — passed	PHPUnit JUnit run 2026-08-12 (L1 only)	NOT_ESTABLISHED	NOT_ESTABLISHED	NOT_ESTABLISHED	NOT_ESTABLISHED
Tests\Unit\Domain\Election\ElectionLifecycleStateTest::test_suspended_value_is_correct	Tests\Unit\Domain\Election\ElectionLifecycleStateTest	test_suspended_value_is_correct	PASSED	1	0.000		Domain (structural)	Election — general	NOT_ESTABLISHED	NOT_ESTABLISHED	NOT_ESTABLISHED	NOT_ESTABLISHED	NOT_ESTABLISHED	NOT_ESTABLISHED	NOT_ESTABLISHED	NOT_ESTABLISHED	Unknown	NOT_ESTABLISHED	NOT_ESTABLISHED	n/a — passed	PHPUnit JUnit run 2026-08-12 (L1 only)	NOT_ESTABLISHED	NOT_ESTABLISHED	NOT_ESTABLISHED	NOT_ESTABLISHED
Tests\Unit\Domain\Election\ElectionLifecycleStateTest::throws_on_invalid_value	Tests\Unit\Domain\Election\ElectionLifecycleStateTest	throws_on_invalid_value	PASSED	1	0.000		Domain (structural)	Election — general	NOT_ESTABLISHED	NOT_ESTABLISHED	NOT_ESTABLISHED	NOT_ESTABLISHED	NOT_ESTABLISHED	NOT_ESTABLISHED	NOT_ESTABLISHED	NOT_ESTABLISHED	Unknown	NOT_ESTABLISHED	NOT_ESTABLISHED	n/a — passed	PHPUnit JUnit run 2026-08-12 (L1 only)	NOT_ESTABLISHED	NOT_ESTABLISHED	NOT_ESTABLISHED	NOT_ESTABLISHED
Tests\Unit\Domain\Election\Projection\ElectionLifecycleProjectionTest::test_archived_has_all_nine_prior_states_completed	Tests\Unit\Domain\Election\Projection\ElectionLifecycleProjectionTest	test_archived_has_all_nine_prior_states_completed	PASSED	3	0.000		Domain (structural)	Lifecycle projection	NOT_ESTABLISHED	NOT_ESTABLISHED	NOT_ESTABLISHED	NOT_ESTABLISHED	NOT_ESTABLISHED	NOT_ESTABLISHED	NOT_ESTABLISHED	NOT_ESTABLISHED	Unknown	NOT_ESTABLISHED	NOT_ESTABLISHED	n/a — passed	PHPUnit JUnit run 2026-08-12 (L1 only)	NOT_ESTABLISHED	NOT_ESTABLISHED	NOT_ESTABLISHED	NOT_ESTABLISHED
Tests\Unit\Domain\Election\Projection\ElectionLifecycleProjectionTest::test_draft_has_no_completed_states	Tests\Unit\Domain\Election\Projection\ElectionLifecycleProjectionTest	test_draft_has_no_completed_states	PASSED	2	0.000		Domain (structural)	Lifecycle projection	NOT_ESTABLISHED	NOT_ESTABLISHED	NOT_ESTABLISHED	NOT_ESTABLISHED	NOT_ESTABLISHED	NOT_ESTABLISHED	NOT_ESTABLISHED	NOT_ESTABLISHED	Unknown	NOT_ESTABLISHED	NOT_ESTABLISHED	n/a — passed	PHPUnit JUnit run 2026-08-12 (L1 only)	NOT_ESTABLISHED	NOT_ESTABLISHED	NOT_ESTABLISHED	NOT_ESTABLISHED
Tests\Unit\Domain\Election\Projection\ElectionLifecycleProjectionTest::test_rejected_is_not_in_linear_progression	Tests\Unit\Domain\Election\Projection\ElectionLifecycleProjectionTest	test_rejected_is_not_in_linear_progression	PASSED	2	0.000		Domain (structural)	Lifecycle projection	NOT_ESTABLISHED	NOT_ESTABLISHED	NOT_ESTABLISHED	NOT_ESTABLISHED	NOT_ESTABLISHED	NOT_ESTABLISHED	NOT_ESTABLISHED	NOT_ESTABLISHED	Unknown	NOT_ESTABLISHED	NOT_ESTABLISHED	n/a — passed	PHPUnit JUnit run 2026-08-12 (L1 only)	NOT_ESTABLISHED	NOT_ESTABLISHED	NOT_ESTABLISHED	NOT_ESTABLISHED
Tests\Unit\Domain\Election\Projection\ElectionLifecycleProjectionTest::test_setup_nomination_has_four_prior_states_completed	Tests\Unit\Domain\Election\Projection\ElectionLifecycleProjectionTest	test_setup_nomination_has_four_prior_states_completed	PASSED	7	0.000		Domain (structural)	Lifecycle projection	NOT_ESTABLISHED	NOT_ESTABLISHED	NOT_ESTABLISHED	NOT_ESTABLISHED	NOT_ESTABLISHED	NOT_ESTABLISHED	NOT_ESTABLISHED	NOT_ESTABLISHED	Unknown	NOT_ESTABLISHED	NOT_ESTABLISHED	n/a — passed	PHPUnit JUnit run 2026-08-12 (L1 only)	NOT_ESTABLISHED	NOT_ESTABLISHED	NOT_ESTABLISHED	NOT_ESTABLISHED
Tests\Unit\Domain\Election\Projection\ElectionLifecycleProjectionTest::test_suspended_overlay_projection_unavailable	Tests\Unit\Domain\Election\Projection\ElectionLifecycleProjectionTest	test_suspended_overlay_projection_unavailable	PASSED	2	0.000		Domain (structural)	Lifecycle projection	NOT_ESTABLISHED	NOT_ESTABLISHED	NOT_ESTABLISHED	NOT_ESTABLISHED	NOT_ESTABLISHED	NOT_ESTABLISHED	NOT_ESTABLISHED	NOT_ESTABLISHED	Unknown	NOT_ESTABLISHED	NOT_ESTABLISHED	n/a — passed	PHPUnit JUnit run 2026-08-12 (L1 only)	NOT_ESTABLISHED	NOT_ESTABLISHED	NOT_ESTABLISHED	NOT_ESTABLISHED
Tests\Unit\Domain\Election\Projection\ElectionLifecycleProjectionTest::test_unknown_state_projection_unavailable	Tests\Unit\Domain\Election\Projection\ElectionLifecycleProjectionTest	test_unknown_state_projection_unavailable	PASSED	2	0.000		Domain (structural)	Lifecycle projection	NOT_ESTABLISHED	NOT_ESTABLISHED	NOT_ESTABLISHED	NOT_ESTABLISHED	NOT_ESTABLISHED	NOT_ESTABLISHED	NOT_ESTABLISHED	NOT_ESTABLISHED	Unknown	NOT_ESTABLISHED	NOT_ESTABLISHED	n/a — passed	PHPUnit JUnit run 2026-08-12 (L1 only)	NOT_ESTABLISHED	NOT_ESTABLISHED	NOT_ESTABLISHED	NOT_ESTABLISHED
Tests\Unit\Domain\Election\Projection\ElectionLifecycleProjectionTest::test_voting_active_has_prior_states_completed	Tests\Unit\Domain\Election\Projection\ElectionLifecycleProjectionTest	test_voting_active_has_prior_states_completed	PASSED	4	0.000		Domain (structural)	Lifecycle projection	NOT_ESTABLISHED	NOT_ESTABLISHED	NOT_ESTABLISHED	NOT_ESTABLISHED	NOT_ESTABLISHED	NOT_ESTABLISHED	NOT_ESTABLISHED	NOT_ESTABLISHED	Unknown	NOT_ESTABLISHED	NOT_ESTABLISHED	n/a — passed	PHPUnit JUnit run 2026-08-12 (L1 only)	NOT_ESTABLISHED	NOT_ESTABLISHED	NOT_ESTABLISHED	NOT_ESTABLISHED
Tests\Unit\Domain\Election\Replay\Event\ReplayEventsTest::test_replay_certification_issued_records_matched_outcome	Tests\Unit\Domain\Election\Replay\Event\ReplayEventsTest	test_replay_certification_issued_records_matched_outcome	PASSED	1	0.000		Domain (structural)	Replay / determinism	NOT_ESTABLISHED	NOT_ESTABLISHED	NOT_ESTABLISHED	NOT_ESTABLISHED	NOT_ESTABLISHED	NOT_ESTABLISHED	NOT_ESTABLISHED	NOT_ESTABLISHED	Unknown	NOT_ESTABLISHED	NOT_ESTABLISHED	n/a — passed	PHPUnit JUnit run 2026-08-12 (L1 only)	NOT_ESTABLISHED	NOT_ESTABLISHED	NOT_ESTABLISHED	NOT_ESTABLISHED
Tests\Unit\Domain\Election\Replay\Event\ReplayEventsTest::test_replay_divergence_detected_records_mismatch	Tests\Unit\Domain\Election\Replay\Event\ReplayEventsTest	test_replay_divergence_detected_records_mismatch	PASSED	3	0.000		Domain (structural)	Replay / determinism	NOT_ESTABLISHED	NOT_ESTABLISHED	NOT_ESTABLISHED	NOT_ESTABLISHED	NOT_ESTABLISHED	NOT_ESTABLISHED	NOT_ESTABLISHED	NOT_ESTABLISHED	Unknown	NOT_ESTABLISHED	NOT_ESTABLISHED	n/a — passed	PHPUnit JUnit run 2026-08-12 (L1 only)	NOT_ESTABLISHED	NOT_ESTABLISHED	NOT_ESTABLISHED	NOT_ESTABLISHED
Tests\Unit\Domain\Election\Replay\Event\ReplayEventsTest::test_replay_events_have_no_laravel_dependencies	Tests\Unit\Domain\Election\Replay\Event\ReplayEventsTest	test_replay_events_have_no_laravel_dependencies	PASSED	3	0.000		Domain (structural)	Replay / determinism	NOT_ESTABLISHED	NOT_ESTABLISHED	NOT_ESTABLISHED	NOT_ESTABLISHED	NOT_ESTABLISHED	NOT_ESTABLISHED	NOT_ESTABLISHED	NOT_ESTABLISHED	Unknown	NOT_ESTABLISHED	NOT_ESTABLISHED	n/a — passed	PHPUnit JUnit run 2026-08-12 (L1 only)	NOT_ESTABLISHED	NOT_ESTABLISHED	NOT_ESTABLISHED	NOT_ESTABLISHED
Tests\Unit\Domain\Election\Replay\Event\ReplayEventsTest::test_replay_session_opened_immutable	Tests\Unit\Domain\Election\Replay\Event\ReplayEventsTest	test_replay_session_opened_immutable	PASSED	3	0.000		Domain (structural)	Replay / determinism	NOT_ESTABLISHED	NOT_ESTABLISHED	NOT_ESTABLISHED	NOT_ESTABLISHED	NOT_ESTABLISHED	NOT_ESTABLISHED	NOT_ESTABLISHED	NOT_ESTABLISHED	Unknown	NOT_ESTABLISHED	NOT_ESTABLISHED	n/a — passed	PHPUnit JUnit run 2026-08-12 (L1 only)	NOT_ESTABLISHED	NOT_ESTABLISHED	NOT_ESTABLISHED	NOT_ESTABLISHED
Tests\Unit\Domain\Election\Replay\ReplayAssertionTest::test_assertion_creates_deterministic_hash	Tests\Unit\Domain\Election\Replay\ReplayAssertionTest	test_assertion_creates_deterministic_hash	PASSED	1	0.001		Domain (structural)	Replay / determinism	NOT_ESTABLISHED	NOT_ESTABLISHED	NOT_ESTABLISHED	NOT_ESTABLISHED	NOT_ESTABLISHED	NOT_ESTABLISHED	NOT_ESTABLISHED	NOT_ESTABLISHED	Unknown	NOT_ESTABLISHED	NOT_ESTABLISHED	n/a — passed	PHPUnit JUnit run 2026-08-12 (L1 only)	NOT_ESTABLISHED	NOT_ESTABLISHED	NOT_ESTABLISHED	NOT_ESTABLISHED
Tests\Unit\Domain\Election\Replay\ReplayAssertionTest::test_assertion_is_readonly	Tests\Unit\Domain\Election\Replay\ReplayAssertionTest	test_assertion_is_readonly	PASSED	1	0.000		Domain (structural)	Replay / determinism	NOT_ESTABLISHED	NOT_ESTABLISHED	NOT_ESTABLISHED	NOT_ESTABLISHED	NOT_ESTABLISHED	NOT_ESTABLISHED	NOT_ESTABLISHED	NOT_ESTABLISHED	Unknown	NOT_ESTABLISHED	NOT_ESTABLISHED	n/a — passed	PHPUnit JUnit run 2026-08-12 (L1 only)	NOT_ESTABLISHED	NOT_ESTABLISHED	NOT_ESTABLISHED	NOT_ESTABLISHED
Tests\Unit\Domain\Election\Replay\ReplayAssertionTest::test_verify_matched_outcome	Tests\Unit\Domain\Election\Replay\ReplayAssertionTest	test_verify_matched_outcome	PASSED	1	0.000		Domain (structural)	Replay / determinism	NOT_ESTABLISHED	NOT_ESTABLISHED	NOT_ESTABLISHED	NOT_ESTABLISHED	NOT_ESTABLISHED	NOT_ESTABLISHED	NOT_ESTABLISHED	NOT_ESTABLISHED	Unknown	NOT_ESTABLISHED	NOT_ESTABLISHED	n/a — passed	PHPUnit JUnit run 2026-08-12 (L1 only)	NOT_ESTABLISHED	NOT_ESTABLISHED	NOT_ESTABLISHED	NOT_ESTABLISHED
Tests\Unit\Domain\Election\Replay\ReplayAssertionTest::test_verify_mismatched_outcome	Tests\Unit\Domain\Election\Replay\ReplayAssertionTest	test_verify_mismatched_outcome	PASSED	1	0.000		Domain (structural)	Replay / determinism	NOT_ESTABLISHED	NOT_ESTABLISHED	NOT_ESTABLISHED	NOT_ESTABLISHED	NOT_ESTABLISHED	NOT_ESTABLISHED	NOT_ESTABLISHED	NOT_ESTABLISHED	Unknown	NOT_ESTABLISHED	NOT_ESTABLISHED	n/a — passed	PHPUnit JUnit run 2026-08-12 (L1 only)	NOT_ESTABLISHED	NOT_ESTABLISHED	NOT_ESTABLISHED	NOT_ESTABLISHED
Tests\Unit\Domain\Election\Replay\ReplayCertificationTest::test_certification_hash_is_deterministic	Tests\Unit\Domain\Election\Replay\ReplayCertificationTest	test_certification_hash_is_deterministic	PASSED	1	0.000		Domain (structural)	Replay / determinism	NOT_ESTABLISHED	NOT_ESTABLISHED	NOT_ESTABLISHED	NOT_ESTABLISHED	NOT_ESTABLISHED	NOT_ESTABLISHED	NOT_ESTABLISHED	NOT_ESTABLISHED	Unknown	NOT_ESTABLISHED	NOT_ESTABLISHED	n/a — passed	PHPUnit JUnit run 2026-08-12 (L1 only)	NOT_ESTABLISHED	NOT_ESTABLISHED	NOT_ESTABLISHED	NOT_ESTABLISHED
Tests\Unit\Domain\Election\Replay\ReplayCertificationTest::test_certification_is_readonly	Tests\Unit\Domain\Election\Replay\ReplayCertificationTest	test_certification_is_readonly	PASSED	1	0.000		Domain (structural)	Replay / determinism	NOT_ESTABLISHED	NOT_ESTABLISHED	NOT_ESTABLISHED	NOT_ESTABLISHED	NOT_ESTABLISHED	NOT_ESTABLISHED	NOT_ESTABLISHED	NOT_ESTABLISHED	Unknown	NOT_ESTABLISHED	NOT_ESTABLISHED	n/a — passed	PHPUnit JUnit run 2026-08-12 (L1 only)	NOT_ESTABLISHED	NOT_ESTABLISHED	NOT_ESTABLISHED	NOT_ESTABLISHED
Tests\Unit\Domain\Election\Replay\ReplayCertificationTest::test_diverged_certification_factory	Tests\Unit\Domain\Election\Replay\ReplayCertificationTest	test_diverged_certification_factory	PASSED	3	0.000		Domain (structural)	Replay / determinism	NOT_ESTABLISHED	NOT_ESTABLISHED	NOT_ESTABLISHED	NOT_ESTABLISHED	NOT_ESTABLISHED	NOT_ESTABLISHED	NOT_ESTABLISHED	NOT_ESTABLISHED	Unknown	NOT_ESTABLISHED	NOT_ESTABLISHED	n/a — passed	PHPUnit JUnit run 2026-08-12 (L1 only)	NOT_ESTABLISHED	NOT_ESTABLISHED	NOT_ESTABLISHED	NOT_ESTABLISHED
Tests\Unit\Domain\Election\Replay\ReplayCertificationTest::test_matched_certification_factory	Tests\Unit\Domain\Election\Replay\ReplayCertificationTest	test_matched_certification_factory	PASSED	3	0.000		Domain (structural)	Replay / determinism	NOT_ESTABLISHED	NOT_ESTABLISHED	NOT_ESTABLISHED	NOT_ESTABLISHED	NOT_ESTABLISHED	NOT_ESTABLISHED	NOT_ESTABLISHED	NOT_ESTABLISHED	Unknown	NOT_ESTABLISHED	NOT_ESTABLISHED	n/a — passed	PHPUnit JUnit run 2026-08-12 (L1 only)	NOT_ESTABLISHED	NOT_ESTABLISHED	NOT_ESTABLISHED	NOT_ESTABLISHED
Tests\Unit\Domain\Election\Replay\ReplayCompatibilityVersionTest::test_current_version_returns_consistent_value	Tests\Unit\Domain\Election\Replay\ReplayCompatibilityVersionTest	test_current_version_returns_consistent_value	PASSED	2	0.000		Domain (structural)	Replay / determinism	NOT_ESTABLISHED	NOT_ESTABLISHED	NOT_ESTABLISHED	NOT_ESTABLISHED	NOT_ESTABLISHED	NOT_ESTABLISHED	NOT_ESTABLISHED	NOT_ESTABLISHED	Unknown	NOT_ESTABLISHED	NOT_ESTABLISHED	n/a — passed	PHPUnit JUnit run 2026-08-12 (L1 only)	NOT_ESTABLISHED	NOT_ESTABLISHED	NOT_ESTABLISHED	NOT_ESTABLISHED
Tests\Unit\Domain\Election\Replay\ReplayCompatibilityVersionTest::test_deterministic_construction	Tests\Unit\Domain\Election\Replay\ReplayCompatibilityVersionTest	test_deterministic_construction	PASSED	2	0.000		Domain (structural)	Replay / determinism	NOT_ESTABLISHED	NOT_ESTABLISHED	NOT_ESTABLISHED	NOT_ESTABLISHED	NOT_ESTABLISHED	NOT_ESTABLISHED	NOT_ESTABLISHED	NOT_ESTABLISHED	Unknown	NOT_ESTABLISHED	NOT_ESTABLISHED	n/a — passed	PHPUnit JUnit run 2026-08-12 (L1 only)	NOT_ESTABLISHED	NOT_ESTABLISHED	NOT_ESTABLISHED	NOT_ESTABLISHED
Tests\Unit\Domain\Election\Replay\ReplayCompatibilityVersionTest::test_different_major_is_not_compatible	Tests\Unit\Domain\Election\Replay\ReplayCompatibilityVersionTest	test_different_major_is_not_compatible	PASSED	1	0.000		Domain (structural)	Replay / determinism	NOT_ESTABLISHED	NOT_ESTABLISHED	NOT_ESTABLISHED	NOT_ESTABLISHED	NOT_ESTABLISHED	NOT_ESTABLISHED	NOT_ESTABLISHED	NOT_ESTABLISHED	Unknown	NOT_ESTABLISHED	NOT_ESTABLISHED	n/a — passed	PHPUnit JUnit run 2026-08-12 (L1 only)	NOT_ESTABLISHED	NOT_ESTABLISHED	NOT_ESTABLISHED	NOT_ESTABLISHED
Tests\Unit\Domain\Election\Replay\ReplayCompatibilityVersionTest::test_different_versions_are_not_equal	Tests\Unit\Domain\Election\Replay\ReplayCompatibilityVersionTest	test_different_versions_are_not_equal	PASSED	1	0.000		Domain (structural)	Replay / determinism	NOT_ESTABLISHED	NOT_ESTABLISHED	NOT_ESTABLISHED	NOT_ESTABLISHED	NOT_ESTABLISHED	NOT_ESTABLISHED	NOT_ESTABLISHED	NOT_ESTABLISHED	Unknown	NOT_ESTABLISHED	NOT_ESTABLISHED	n/a — passed	PHPUnit JUnit run 2026-08-12 (L1 only)	NOT_ESTABLISHED	NOT_ESTABLISHED	NOT_ESTABLISHED	NOT_ESTABLISHED
Tests\Unit\Domain\Election\Replay\ReplayCompatibilityVersionTest::test_from_string_parses_major_minor	Tests\Unit\Domain\Election\Replay\ReplayCompatibilityVersionTest	test_from_string_parses_major_minor	PASSED	1	0.000		Domain (structural)	Replay / determinism	NOT_ESTABLISHED	NOT_ESTABLISHED	NOT_ESTABLISHED	NOT_ESTABLISHED	NOT_ESTABLISHED	NOT_ESTABLISHED	NOT_ESTABLISHED	NOT_ESTABLISHED	Unknown	NOT_ESTABLISHED	NOT_ESTABLISHED	n/a — passed	PHPUnit JUnit run 2026-08-12 (L1 only)	NOT_ESTABLISHED	NOT_ESTABLISHED	NOT_ESTABLISHED	NOT_ESTABLISHED
Tests\Unit\Domain\Election\Replay\ReplayCompatibilityVersionTest::test_invalid_format_throws_exception	Tests\Unit\Domain\Election\Replay\ReplayCompatibilityVersionTest	test_invalid_format_throws_exception	PASSED	1	0.000		Domain (structural)	Replay / determinism	NOT_ESTABLISHED	NOT_ESTABLISHED	NOT_ESTABLISHED	NOT_ESTABLISHED	NOT_ESTABLISHED	NOT_ESTABLISHED	NOT_ESTABLISHED	NOT_ESTABLISHED	Unknown	NOT_ESTABLISHED	NOT_ESTABLISHED	n/a — passed	PHPUnit JUnit run 2026-08-12 (L1 only)	NOT_ESTABLISHED	NOT_ESTABLISHED	NOT_ESTABLISHED	NOT_ESTABLISHED
Tests\Unit\Domain\Election\Replay\ReplayCompatibilityVersionTest::test_matching_versions_are_equal	Tests\Unit\Domain\Election\Replay\ReplayCompatibilityVersionTest	test_matching_versions_are_equal	PASSED	1	0.000		Domain (structural)	Replay / determinism	NOT_ESTABLISHED	NOT_ESTABLISHED	NOT_ESTABLISHED	NOT_ESTABLISHED	NOT_ESTABLISHED	NOT_ESTABLISHED	NOT_ESTABLISHED	NOT_ESTABLISHED	Unknown	NOT_ESTABLISHED	NOT_ESTABLISHED	n/a — passed	PHPUnit JUnit run 2026-08-12 (L1 only)	NOT_ESTABLISHED	NOT_ESTABLISHED	NOT_ESTABLISHED	NOT_ESTABLISHED
Tests\Unit\Domain\Election\Replay\ReplayCompatibilityVersionTest::test_partial_format_throws_exception	Tests\Unit\Domain\Election\Replay\ReplayCompatibilityVersionTest	test_partial_format_throws_exception	PASSED	1	0.000		Domain (structural)	Replay / determinism	NOT_ESTABLISHED	NOT_ESTABLISHED	NOT_ESTABLISHED	NOT_ESTABLISHED	NOT_ESTABLISHED	NOT_ESTABLISHED	NOT_ESTABLISHED	NOT_ESTABLISHED	Unknown	NOT_ESTABLISHED	NOT_ESTABLISHED	n/a — passed	PHPUnit JUnit run 2026-08-12 (L1 only)	NOT_ESTABLISHED	NOT_ESTABLISHED	NOT_ESTABLISHED	NOT_ESTABLISHED
Tests\Unit\Domain\Election\Replay\ReplayCompatibilityVersionTest::test_same_major_is_compatible	Tests\Unit\Domain\Election\Replay\ReplayCompatibilityVersionTest	test_same_major_is_compatible	PASSED	1	0.000		Domain (structural)	Replay / determinism	NOT_ESTABLISHED	NOT_ESTABLISHED	NOT_ESTABLISHED	NOT_ESTABLISHED	NOT_ESTABLISHED	NOT_ESTABLISHED	NOT_ESTABLISHED	NOT_ESTABLISHED	Unknown	NOT_ESTABLISHED	NOT_ESTABLISHED	n/a — passed	PHPUnit JUnit run 2026-08-12 (L1 only)	NOT_ESTABLISHED	NOT_ESTABLISHED	NOT_ESTABLISHED	NOT_ESTABLISHED
Tests\Unit\Domain\Election\Replay\ReplayEvidenceEnvelopeTest::test_different_election_identifier_produces_different_hash	Tests\Unit\Domain\Election\Replay\ReplayEvidenceEnvelopeTest	test_different_election_identifier_produces_different_hash	PASSED	1	0.000		Domain (structural)	Replay / determinism	NOT_ESTABLISHED	NOT_ESTABLISHED	NOT_ESTABLISHED	NOT_ESTABLISHED	NOT_ESTABLISHED	NOT_ESTABLISHED	NOT_ESTABLISHED	NOT_ESTABLISHED	Unknown	NOT_ESTABLISHED	NOT_ESTABLISHED	n/a — passed	PHPUnit JUnit run 2026-08-12 (L1 only)	NOT_ESTABLISHED	NOT_ESTABLISHED	NOT_ESTABLISHED	NOT_ESTABLISHED
Tests\Unit\Domain\Election\Replay\ReplayEvidenceEnvelopeTest::test_different_evidence_produces_different_hash	Tests\Unit\Domain\Election\Replay\ReplayEvidenceEnvelopeTest	test_different_evidence_produces_different_hash	PASSED	1	0.000		Domain (structural)	Replay / determinism	NOT_ESTABLISHED	NOT_ESTABLISHED	NOT_ESTABLISHED	NOT_ESTABLISHED	NOT_ESTABLISHED	NOT_ESTABLISHED	NOT_ESTABLISHED	NOT_ESTABLISHED	Unknown	NOT_ESTABLISHED	NOT_ESTABLISHED	n/a — passed	PHPUnit JUnit run 2026-08-12 (L1 only)	NOT_ESTABLISHED	NOT_ESTABLISHED	NOT_ESTABLISHED	NOT_ESTABLISHED
Tests\Unit\Domain\Election\Replay\ReplayEvidenceEnvelopeTest::test_envelope_creates_deterministic_hash	Tests\Unit\Domain\Election\Replay\ReplayEvidenceEnvelopeTest	test_envelope_creates_deterministic_hash	PASSED	1	0.000		Domain (structural)	Replay / determinism	NOT_ESTABLISHED	NOT_ESTABLISHED	NOT_ESTABLISHED	NOT_ESTABLISHED	NOT_ESTABLISHED	NOT_ESTABLISHED	NOT_ESTABLISHED	NOT_ESTABLISHED	Unknown	NOT_ESTABLISHED	NOT_ESTABLISHED	n/a — passed	PHPUnit JUnit run 2026-08-12 (L1 only)	NOT_ESTABLISHED	NOT_ESTABLISHED	NOT_ESTABLISHED	NOT_ESTABLISHED
Tests\Unit\Domain\Election\Replay\ReplayEvidenceEnvelopeTest::test_envelope_is_readonly	Tests\Unit\Domain\Election\Replay\ReplayEvidenceEnvelopeTest	test_envelope_is_readonly	PASSED	1	0.000		Domain (structural)	Replay / determinism	NOT_ESTABLISHED	NOT_ESTABLISHED	NOT_ESTABLISHED	NOT_ESTABLISHED	NOT_ESTABLISHED	NOT_ESTABLISHED	NOT_ESTABLISHED	NOT_ESTABLISHED	Unknown	NOT_ESTABLISHED	NOT_ESTABLISHED	n/a — passed	PHPUnit JUnit run 2026-08-12 (L1 only)	NOT_ESTABLISHED	NOT_ESTABLISHED	NOT_ESTABLISHED	NOT_ESTABLISHED
Tests\Unit\Domain\Election\Replay\ReplayEvidenceEnvelopeTest::test_evidence_count	Tests\Unit\Domain\Election\Replay\ReplayEvidenceEnvelopeTest	test_evidence_count	PASSED	1	0.000		Domain (structural)	Replay / determinism	NOT_ESTABLISHED	NOT_ESTABLISHED	NOT_ESTABLISHED	NOT_ESTABLISHED	NOT_ESTABLISHED	NOT_ESTABLISHED	NOT_ESTABLISHED	NOT_ESTABLISHED	Unknown	NOT_ESTABLISHED	NOT_ESTABLISHED	n/a — passed	PHPUnit JUnit run 2026-08-12 (L1 only)	NOT_ESTABLISHED	NOT_ESTABLISHED	NOT_ESTABLISHED	NOT_ESTABLISHED
Tests\Unit\Domain\Election\Replay\ReplayEvidenceEnvelopeTest::test_verify_integrity_with_correct_hash	Tests\Unit\Domain\Election\Replay\ReplayEvidenceEnvelopeTest	test_verify_integrity_with_correct_hash	PASSED	1	0.000		Domain (structural)	Replay / determinism	NOT_ESTABLISHED	NOT_ESTABLISHED	NOT_ESTABLISHED	NOT_ESTABLISHED	NOT_ESTABLISHED	NOT_ESTABLISHED	NOT_ESTABLISHED	NOT_ESTABLISHED	Unknown	NOT_ESTABLISHED	NOT_ESTABLISHED	n/a — passed	PHPUnit JUnit run 2026-08-12 (L1 only)	NOT_ESTABLISHED	NOT_ESTABLISHED	NOT_ESTABLISHED	NOT_ESTABLISHED
Tests\Unit\Domain\Election\Replay\ReplayEvidenceEnvelopeTest::test_verify_integrity_with_incorrect_hash	Tests\Unit\Domain\Election\Replay\ReplayEvidenceEnvelopeTest	test_verify_integrity_with_incorrect_hash	PASSED	1	0.000		Domain (structural)	Replay / determinism	NOT_ESTABLISHED	NOT_ESTABLISHED	NOT_ESTABLISHED	NOT_ESTABLISHED	NOT_ESTABLISHED	NOT_ESTABLISHED	NOT_ESTABLISHED	NOT_ESTABLISHED	Unknown	NOT_ESTABLISHED	NOT_ESTABLISHED	n/a — passed	PHPUnit JUnit run 2026-08-12 (L1 only)	NOT_ESTABLISHED	NOT_ESTABLISHED	NOT_ESTABLISHED	NOT_ESTABLISHED
Tests\Unit\Domain\Election\Replay\ReplaySessionTest::test_cannot_certify_twice	Tests\Unit\Domain\Election\Replay\ReplaySessionTest	test_cannot_certify_twice	PASSED	1	0.000		Domain (structural)	Replay / determinism	NOT_ESTABLISHED	NOT_ESTABLISHED	NOT_ESTABLISHED	NOT_ESTABLISHED	NOT_ESTABLISHED	NOT_ESTABLISHED	NOT_ESTABLISHED	NOT_ESTABLISHED	Unknown	NOT_ESTABLISHED	NOT_ESTABLISHED	n/a — passed	PHPUnit JUnit run 2026-08-12 (L1 only)	NOT_ESTABLISHED	NOT_ESTABLISHED	NOT_ESTABLISHED	NOT_ESTABLISHED
Tests\Unit\Domain\Election\Replay\ReplaySessionTest::test_cannot_certify_without_assertion	Tests\Unit\Domain\Election\Replay\ReplaySessionTest	test_cannot_certify_without_assertion	PASSED	1	0.000		Domain (structural)	Replay / determinism	NOT_ESTABLISHED	NOT_ESTABLISHED	NOT_ESTABLISHED	NOT_ESTABLISHED	NOT_ESTABLISHED	NOT_ESTABLISHED	NOT_ESTABLISHED	NOT_ESTABLISHED	Unknown	NOT_ESTABLISHED	NOT_ESTABLISHED	n/a — passed	PHPUnit JUnit run 2026-08-12 (L1 only)	NOT_ESTABLISHED	NOT_ESTABLISHED	NOT_ESTABLISHED	NOT_ESTABLISHED
Tests\Unit\Domain\Election\Replay\ReplaySessionTest::test_cannot_record_assertion_twice	Tests\Unit\Domain\Election\Replay\ReplaySessionTest	test_cannot_record_assertion_twice	PASSED	1	0.000		Domain (structural)	Replay / determinism	NOT_ESTABLISHED	NOT_ESTABLISHED	NOT_ESTABLISHED	NOT_ESTABLISHED	NOT_ESTABLISHED	NOT_ESTABLISHED	NOT_ESTABLISHED	NOT_ESTABLISHED	Unknown	NOT_ESTABLISHED	NOT_ESTABLISHED	n/a — passed	PHPUnit JUnit run 2026-08-12 (L1 only)	NOT_ESTABLISHED	NOT_ESTABLISHED	NOT_ESTABLISHED	NOT_ESTABLISHED
Tests\Unit\Domain\Election\Replay\ReplaySessionTest::test_certification_carries_envelope_hash	Tests\Unit\Domain\Election\Replay\ReplaySessionTest	test_certification_carries_envelope_hash	PASSED	1	0.000		Domain (structural)	Replay / determinism	NOT_ESTABLISHED	NOT_ESTABLISHED	NOT_ESTABLISHED	NOT_ESTABLISHED	NOT_ESTABLISHED	NOT_ESTABLISHED	NOT_ESTABLISHED	NOT_ESTABLISHED	Unknown	NOT_ESTABLISHED	NOT_ESTABLISHED	n/a — passed	PHPUnit JUnit run 2026-08-12 (L1 only)	NOT_ESTABLISHED	NOT_ESTABLISHED	NOT_ESTABLISHED	NOT_ESTABLISHED
Tests\Unit\Domain\Election\Replay\ReplaySessionTest::test_session_detects_divergence	Tests\Unit\Domain\Election\Replay\ReplaySessionTest	test_session_detects_divergence	PASSED	4	0.000		Domain (structural)	Replay / determinism	NOT_ESTABLISHED	NOT_ESTABLISHED	NOT_ESTABLISHED	NOT_ESTABLISHED	NOT_ESTABLISHED	NOT_ESTABLISHED	NOT_ESTABLISHED	NOT_ESTABLISHED	Unknown	NOT_ESTABLISHED	NOT_ESTABLISHED	n/a — passed	PHPUnit JUnit run 2026-08-12 (L1 only)	NOT_ESTABLISHED	NOT_ESTABLISHED	NOT_ESTABLISHED	NOT_ESTABLISHED
Tests\Unit\Domain\Election\Replay\ReplaySessionTest::test_session_id_is_deterministic	Tests\Unit\Domain\Election\Replay\ReplaySessionTest	test_session_id_is_deterministic	PASSED	1	0.000		Domain (structural)	Replay / determinism	NOT_ESTABLISHED	NOT_ESTABLISHED	NOT_ESTABLISHED	NOT_ESTABLISHED	NOT_ESTABLISHED	NOT_ESTABLISHED	NOT_ESTABLISHED	NOT_ESTABLISHED	Unknown	NOT_ESTABLISHED	NOT_ESTABLISHED	n/a — passed	PHPUnit JUnit run 2026-08-12 (L1 only)	NOT_ESTABLISHED	NOT_ESTABLISHED	NOT_ESTABLISHED	NOT_ESTABLISHED
Tests\Unit\Domain\Election\Replay\ReplaySessionTest::test_session_lifecycle_sealed_to_certified	Tests\Unit\Domain\Election\Replay\ReplaySessionTest	test_session_lifecycle_sealed_to_certified	PASSED	8	0.000		Domain (structural)	Replay / determinism	NOT_ESTABLISHED	NOT_ESTABLISHED	NOT_ESTABLISHED	NOT_ESTABLISHED	NOT_ESTABLISHED	NOT_ESTABLISHED	NOT_ESTABLISHED	NOT_ESTABLISHED	Unknown	NOT_ESTABLISHED	NOT_ESTABLISHED	n/a — passed	PHPUnit JUnit run 2026-08-12 (L1 only)	NOT_ESTABLISHED	NOT_ESTABLISHED	NOT_ESTABLISHED	NOT_ESTABLISHED
Tests\Unit\Domain\Election\Replay\ReplaySessionTest::test_session_starts_in_sealed_state	Tests\Unit\Domain\Election\Replay\ReplaySessionTest	test_session_starts_in_sealed_state	PASSED	4	0.000		Domain (structural)	Replay / determinism	NOT_ESTABLISHED	NOT_ESTABLISHED	NOT_ESTABLISHED	NOT_ESTABLISHED	NOT_ESTABLISHED	NOT_ESTABLISHED	NOT_ESTABLISHED	NOT_ESTABLISHED	Unknown	NOT_ESTABLISHED	NOT_ESTABLISHED	n/a — passed	PHPUnit JUnit run 2026-08-12 (L1 only)	NOT_ESTABLISHED	NOT_ESTABLISHED	NOT_ESTABLISHED	NOT_ESTABLISHED
Tests\Unit\Domain\Election\Security\BallotAuthorizationProtocolTest::test_split_authorization_protocol_requires_two_steps	Tests\Unit\Domain\Election\Security\BallotAuthorizationProtocolTest	test_split_authorization_protocol_requires_two_steps	PASSED	1	0.000		Domain (structural)	Election Security	NOT_ESTABLISHED	NOT_ESTABLISHED	NOT_ESTABLISHED	NOT_ESTABLISHED	NOT_ESTABLISHED	NOT_ESTABLISHED	NOT_ESTABLISHED	NOT_ESTABLISHED	Unknown	NOT_ESTABLISHED	NOT_ESTABLISHED	n/a — passed	PHPUnit JUnit run 2026-08-12 (L1 only)	NOT_ESTABLISHED	NOT_ESTABLISHED	NOT_ESTABLISHED	NOT_ESTABLISHED
Tests\Unit\Domain\Election\Security\BallotAuthorizationProtocolTest::test_split_authorization_requires_separate_commit	Tests\Unit\Domain\Election\Security\BallotAuthorizationProtocolTest	test_split_authorization_requires_separate_commit	PASSED	1	0.000		Domain (structural)	Election Security	NOT_ESTABLISHED	NOT_ESTABLISHED	NOT_ESTABLISHED	NOT_ESTABLISHED	NOT_ESTABLISHED	NOT_ESTABLISHED	NOT_ESTABLISHED	NOT_ESTABLISHED	Unknown	NOT_ESTABLISHED	NOT_ESTABLISHED	n/a — passed	PHPUnit JUnit run 2026-08-12 (L1 only)	NOT_ESTABLISHED	NOT_ESTABLISHED	NOT_ESTABLISHED	NOT_ESTABLISHED
Tests\Unit\Domain\Election\Security\BallotAuthorizationProtocolTest::test_split_authorization_requires_view_token	Tests\Unit\Domain\Election\Security\BallotAuthorizationProtocolTest	test_split_authorization_requires_view_token	PASSED	1	0.000		Domain (structural)	Election Security	NOT_ESTABLISHED	NOT_ESTABLISHED	NOT_ESTABLISHED	NOT_ESTABLISHED	NOT_ESTABLISHED	NOT_ESTABLISHED	NOT_ESTABLISHED	NOT_ESTABLISHED	Unknown	NOT_ESTABLISHED	NOT_ESTABLISHED	n/a — passed	PHPUnit JUnit run 2026-08-12 (L1 only)	NOT_ESTABLISHED	NOT_ESTABLISHED	NOT_ESTABLISHED	NOT_ESTABLISHED
Tests\Unit\Domain\Election\Security\BallotAuthorizationProtocolTest::test_unified_token_does_not_require_separate_commit	Tests\Unit\Domain\Election\Security\BallotAuthorizationProtocolTest	test_unified_token_does_not_require_separate_commit	PASSED	1	0.000		Domain (structural)	Election Security	NOT_ESTABLISHED	NOT_ESTABLISHED	NOT_ESTABLISHED	NOT_ESTABLISHED	NOT_ESTABLISHED	NOT_ESTABLISHED	NOT_ESTABLISHED	NOT_ESTABLISHED	Unknown	NOT_ESTABLISHED	NOT_ESTABLISHED	n/a — passed	PHPUnit JUnit run 2026-08-12 (L1 only)	NOT_ESTABLISHED	NOT_ESTABLISHED	NOT_ESTABLISHED	NOT_ESTABLISHED
Tests\Unit\Domain\Election\Security\BallotAuthorizationProtocolTest::test_unified_token_protocol_requires_one_step	Tests\Unit\Domain\Election\Security\BallotAuthorizationProtocolTest	test_unified_token_protocol_requires_one_step	PASSED	1	0.000		Domain (structural)	Election Security	NOT_ESTABLISHED	NOT_ESTABLISHED	NOT_ESTABLISHED	NOT_ESTABLISHED	NOT_ESTABLISHED	NOT_ESTABLISHED	NOT_ESTABLISHED	NOT_ESTABLISHED	Unknown	NOT_ESTABLISHED	NOT_ESTABLISHED	n/a — passed	PHPUnit JUnit run 2026-08-12 (L1 only)	NOT_ESTABLISHED	NOT_ESTABLISHED	NOT_ESTABLISHED	NOT_ESTABLISHED
Tests\Unit\Domain\Election\Security\CommitAuthorizationFreshnessTest::test_fresh_token_within_window	Tests\Unit\Domain\Election\Security\CommitAuthorizationFreshnessTest	test_fresh_token_within_window	PASSED	1	0.000		Domain (structural)	Election Security	NOT_ESTABLISHED	NOT_ESTABLISHED	NOT_ESTABLISHED	NOT_ESTABLISHED	NOT_ESTABLISHED	NOT_ESTABLISHED	NOT_ESTABLISHED	NOT_ESTABLISHED	Unknown	NOT_ESTABLISHED	NOT_ESTABLISHED	n/a — passed	PHPUnit JUnit run 2026-08-12 (L1 only)	NOT_ESTABLISHED	NOT_ESTABLISHED	NOT_ESTABLISHED	NOT_ESTABLISHED
Tests\Unit\Domain\Election\Security\CommitAuthorizationFreshnessTest::test_is_not_replay_when_unused	Tests\Unit\Domain\Election\Security\CommitAuthorizationFreshnessTest	test_is_not_replay_when_unused	PASSED	1	0.000		Domain (structural)	Election Security	NOT_ESTABLISHED	NOT_ESTABLISHED	NOT_ESTABLISHED	NOT_ESTABLISHED	NOT_ESTABLISHED	NOT_ESTABLISHED	NOT_ESTABLISHED	NOT_ESTABLISHED	Unknown	NOT_ESTABLISHED	NOT_ESTABLISHED	n/a — passed	PHPUnit JUnit run 2026-08-12 (L1 only)	NOT_ESTABLISHED	NOT_ESTABLISHED	NOT_ESTABLISHED	NOT_ESTABLISHED
Tests\Unit\Domain\Election\Security\CommitAuthorizationFreshnessTest::test_is_replay_when_already_used	Tests\Unit\Domain\Election\Security\CommitAuthorizationFreshnessTest	test_is_replay_when_already_used	PASSED	1	0.000		Domain (structural)	Election Security	NOT_ESTABLISHED	NOT_ESTABLISHED	NOT_ESTABLISHED	NOT_ESTABLISHED	NOT_ESTABLISHED	NOT_ESTABLISHED	NOT_ESTABLISHED	NOT_ESTABLISHED	Unknown	NOT_ESTABLISHED	NOT_ESTABLISHED	n/a — passed	PHPUnit JUnit run 2026-08-12 (L1 only)	NOT_ESTABLISHED	NOT_ESTABLISHED	NOT_ESTABLISHED	NOT_ESTABLISHED
Tests\Unit\Domain\Election\Security\CommitAuthorizationFreshnessTest::test_stale_token_outside_window	Tests\Unit\Domain\Election\Security\CommitAuthorizationFreshnessTest	test_stale_token_outside_window	PASSED	1	0.000		Domain (structural)	Election Security	NOT_ESTABLISHED	NOT_ESTABLISHED	NOT_ESTABLISHED	NOT_ESTABLISHED	NOT_ESTABLISHED	NOT_ESTABLISHED	NOT_ESTABLISHED	NOT_ESTABLISHED	Unknown	NOT_ESTABLISHED	NOT_ESTABLISHED	n/a — passed	PHPUnit JUnit run 2026-08-12 (L1 only)	NOT_ESTABLISHED	NOT_ESTABLISHED	NOT_ESTABLISHED	NOT_ESTABLISHED
Tests\Unit\Domain\Election\Security\CommitAuthorizationFreshnessTest::test_used_token_is_not_fresh	Tests\Unit\Domain\Election\Security\CommitAuthorizationFreshnessTest	test_used_token_is_not_fresh	PASSED	1	0.000		Domain (structural)	Election Security	NOT_ESTABLISHED	NOT_ESTABLISHED	NOT_ESTABLISHED	NOT_ESTABLISHED	NOT_ESTABLISHED	NOT_ESTABLISHED	NOT_ESTABLISHED	NOT_ESTABLISHED	Unknown	NOT_ESTABLISHED	NOT_ESTABLISHED	n/a — passed	PHPUnit JUnit run 2026-08-12 (L1 only)	NOT_ESTABLISHED	NOT_ESTABLISHED	NOT_ESTABLISHED	NOT_ESTABLISHED
Tests\Unit\Domain\Election\Security\ConstitutionalParityTest::test_commit_token_reuse_replay_rejected	Tests\Unit\Domain\Election\Security\ConstitutionalParityTest	test_commit_token_reuse_replay_rejected	PASSED	1	0.000		Domain (structural)	Election Security	NOT_ESTABLISHED	NOT_ESTABLISHED	NOT_ESTABLISHED	NOT_ESTABLISHED	NOT_ESTABLISHED	NOT_ESTABLISHED	NOT_ESTABLISHED	NOT_ESTABLISHED	Unknown	NOT_ESTABLISHED	NOT_ESTABLISHED	n/a — passed	PHPUnit JUnit run 2026-08-12 (L1 only)	NOT_ESTABLISHED	NOT_ESTABLISHED	NOT_ESTABLISHED	NOT_ESTABLISHED
Tests\Unit\Domain\Election\Security\ConstitutionalParityTest::test_dual_code_requirement_single_code_denied	Tests\Unit\Domain\Election\Security\ConstitutionalParityTest	test_dual_code_requirement_single_code_denied	PASSED	1	0.000		Domain (structural)	Election Security	NOT_ESTABLISHED	NOT_ESTABLISHED	NOT_ESTABLISHED	NOT_ESTABLISHED	NOT_ESTABLISHED	NOT_ESTABLISHED	NOT_ESTABLISHED	NOT_ESTABLISHED	Unknown	NOT_ESTABLISHED	NOT_ESTABLISHED	n/a — passed	PHPUnit JUnit run 2026-08-12 (L1 only)	NOT_ESTABLISHED	NOT_ESTABLISHED	NOT_ESTABLISHED	NOT_ESTABLISHED
Tests\Unit\Domain\Election\Security\ConstitutionalParityTest::test_emergency_overlay_does_not_grant_authority	Tests\Unit\Domain\Election\Security\ConstitutionalParityTest	test_emergency_overlay_does_not_grant_authority	PASSED	1	0.000		Domain (structural)	Election Security	NOT_ESTABLISHED	NOT_ESTABLISHED	NOT_ESTABLISHED	NOT_ESTABLISHED	NOT_ESTABLISHED	NOT_ESTABLISHED	NOT_ESTABLISHED	NOT_ESTABLISHED	Unknown	NOT_ESTABLISHED	NOT_ESTABLISHED	n/a — passed	PHPUnit JUnit run 2026-08-12 (L1 only)	NOT_ESTABLISHED	NOT_ESTABLISHED	NOT_ESTABLISHED	NOT_ESTABLISHED
Tests\Unit\Domain\Election\Security\ConstitutionalParityTest::test_happy_path_all_legitimate_no_overlay_active_lifecycle	Tests\Unit\Domain\Election\Security\ConstitutionalParityTest	test_happy_path_all_legitimate_no_overlay_active_lifecycle	PASSED	1	0.001		Domain (structural)	Election Security	NOT_ESTABLISHED	NOT_ESTABLISHED	NOT_ESTABLISHED	NOT_ESTABLISHED	NOT_ESTABLISHED	NOT_ESTABLISHED	NOT_ESTABLISHED	NOT_ESTABLISHED	Unknown	NOT_ESTABLISHED	NOT_ESTABLISHED	n/a — passed	PHPUnit JUnit run 2026-08-12 (L1 only)	NOT_ESTABLISHED	NOT_ESTABLISHED	NOT_ESTABLISHED	NOT_ESTABLISHED
Tests\Unit\Domain\Election\Security\ConstitutionalParityTest::test_lifecycle_closed_overrides_trust_legitimate	Tests\Unit\Domain\Election\Security\ConstitutionalParityTest	test_lifecycle_closed_overrides_trust_legitimate	PASSED	1	0.000		Domain (structural)	Election Security	NOT_ESTABLISHED	NOT_ESTABLISHED	NOT_ESTABLISHED	NOT_ESTABLISHED	NOT_ESTABLISHED	NOT_ESTABLISHED	NOT_ESTABLISHED	NOT_ESTABLISHED	Unknown	NOT_ESTABLISHED	NOT_ESTABLISHED	n/a — passed	PHPUnit JUnit run 2026-08-12 (L1 only)	NOT_ESTABLISHED	NOT_ESTABLISHED	NOT_ESTABLISHED	NOT_ESTABLISHED
Tests\Unit\Domain\Election\Security\ConstitutionalParityTest::test_overlay_review_signal_trust_elevated_lifecycle_active	Tests\Unit\Domain\Election\Security\ConstitutionalParityTest	test_overlay_review_signal_trust_elevated_lifecycle_active	PASSED	1	0.000		Domain (structural)	Election Security	NOT_ESTABLISHED	NOT_ESTABLISHED	NOT_ESTABLISHED	NOT_ESTABLISHED	NOT_ESTABLISHED	NOT_ESTABLISHED	NOT_ESTABLISHED	NOT_ESTABLISHED	Unknown	NOT_ESTABLISHED	NOT_ESTABLISHED	n/a — passed	PHPUnit JUnit run 2026-08-12 (L1 only)	NOT_ESTABLISHED	NOT_ESTABLISHED	NOT_ESTABLISHED	NOT_ESTABLISHED
Tests\Unit\Domain\Election\Security\ConstitutionalParityTest::test_policy_stratification_overlay_before_trust	Tests\Unit\Domain\Election\Security\ConstitutionalParityTest	test_policy_stratification_overlay_before_trust	PASSED	1	0.000		Domain (structural)	Election Security	NOT_ESTABLISHED	NOT_ESTABLISHED	NOT_ESTABLISHED	NOT_ESTABLISHED	NOT_ESTABLISHED	NOT_ESTABLISHED	NOT_ESTABLISHED	NOT_ESTABLISHED	Unknown	NOT_ESTABLISHED	NOT_ESTABLISHED	n/a — passed	PHPUnit JUnit run 2026-08-12 (L1 only)	NOT_ESTABLISHED	NOT_ESTABLISHED	NOT_ESTABLISHED	NOT_ESTABLISHED
Tests\Unit\Domain\Election\Security\ConstitutionalParityTest::test_stale_authorization_freshness_expired	Tests\Unit\Domain\Election\Security\ConstitutionalParityTest	test_stale_authorization_freshness_expired	PASSED	1	0.000		Domain (structural)	Election Security	NOT_ESTABLISHED	NOT_ESTABLISHED	NOT_ESTABLISHED	NOT_ESTABLISHED	NOT_ESTABLISHED	NOT_ESTABLISHED	NOT_ESTABLISHED	NOT_ESTABLISHED	Unknown	NOT_ESTABLISHED	NOT_ESTABLISHED	n/a — passed	PHPUnit JUnit run 2026-08-12 (L1 only)	NOT_ESTABLISHED	NOT_ESTABLISHED	NOT_ESTABLISHED	NOT_ESTABLISHED
Tests\Unit\Domain\Election\Security\ConstitutionalParityTest::test_suspicious_activity_overlay_inconclusive_trust	Tests\Unit\Domain\Election\Security\ConstitutionalParityTest	test_suspicious_activity_overlay_inconclusive_trust	PASSED	1	0.000		Domain (structural)	Election Security	NOT_ESTABLISHED	NOT_ESTABLISHED	NOT_ESTABLISHED	NOT_ESTABLISHED	NOT_ESTABLISHED	NOT_ESTABLISHED	NOT_ESTABLISHED	NOT_ESTABLISHED	Unknown	NOT_ESTABLISHED	NOT_ESTABLISHED	n/a — passed	PHPUnit JUnit run 2026-08-12 (L1 only)	NOT_ESTABLISHED	NOT_ESTABLISHED	NOT_ESTABLISHED	NOT_ESTABLISHED
Tests\Unit\Domain\Election\Security\ConstitutionalParityTest::test_trust_denied_short_circuits_lifecycle_evaluation	Tests\Unit\Domain\Election\Security\ConstitutionalParityTest	test_trust_denied_short_circuits_lifecycle_evaluation	PASSED	1	0.000		Domain (structural)	Election Security	NOT_ESTABLISHED	NOT_ESTABLISHED	NOT_ESTABLISHED	NOT_ESTABLISHED	NOT_ESTABLISHED	NOT_ESTABLISHED	NOT_ESTABLISHED	NOT_ESTABLISHED	Unknown	NOT_ESTABLISHED	NOT_ESTABLISHED	n/a — passed	PHPUnit JUnit run 2026-08-12 (L1 only)	NOT_ESTABLISHED	NOT_ESTABLISHED	NOT_ESTABLISHED	NOT_ESTABLISHED
Tests\Unit\Domain\Election\Security\ConstitutionalTrustViolationTest::test_all_cases_exist	Tests\Unit\Domain\Election\Security\ConstitutionalTrustViolationTest	test_all_cases_exist	PASSED	1	0.000		Domain (structural)	Election Security	NOT_ESTABLISHED	NOT_ESTABLISHED	NOT_ESTABLISHED	NOT_ESTABLISHED	NOT_ESTABLISHED	NOT_ESTABLISHED	NOT_ESTABLISHED	NOT_ESTABLISHED	Unknown	NOT_ESTABLISHED	NOT_ESTABLISHED	n/a — passed	PHPUnit JUnit run 2026-08-12 (L1 only)	NOT_ESTABLISHED	NOT_ESTABLISHED	NOT_ESTABLISHED	NOT_ESTABLISHED
Tests\Unit\Domain\Election\Security\ConstitutionalTrustViolationTest::test_constitutional_review_pending_has_correct_value	Tests\Unit\Domain\Election\Security\ConstitutionalTrustViolationTest	test_constitutional_review_pending_has_correct_value	PASSED	1	0.000		Domain (structural)	Election Security	NOT_ESTABLISHED	NOT_ESTABLISHED	NOT_ESTABLISHED	NOT_ESTABLISHED	NOT_ESTABLISHED	NOT_ESTABLISHED	NOT_ESTABLISHED	NOT_ESTABLISHED	Unknown	NOT_ESTABLISHED	NOT_ESTABLISHED	n/a — passed	PHPUnit JUnit run 2026-08-12 (L1 only)	NOT_ESTABLISHED	NOT_ESTABLISHED	NOT_ESTABLISHED	NOT_ESTABLISHED
Tests\Unit\Domain\Election\Security\ConstitutionalTrustViolationTest::test_legitimacy_failure_has_correct_value	Tests\Unit\Domain\Election\Security\ConstitutionalTrustViolationTest	test_legitimacy_failure_has_correct_value	PASSED	1	0.000		Domain (structural)	Election Security	NOT_ESTABLISHED	NOT_ESTABLISHED	NOT_ESTABLISHED	NOT_ESTABLISHED	NOT_ESTABLISHED	NOT_ESTABLISHED	NOT_ESTABLISHED	NOT_ESTABLISHED	Unknown	NOT_ESTABLISHED	NOT_ESTABLISHED	n/a — passed	PHPUnit JUnit run 2026-08-12 (L1 only)	NOT_ESTABLISHED	NOT_ESTABLISHED	NOT_ESTABLISHED	NOT_ESTABLISHED
Tests\Unit\Domain\Election\Security\ConstitutionalTrustViolationTest::test_network_limit_exceeded_has_correct_value	Tests\Unit\Domain\Election\Security\ConstitutionalTrustViolationTest	test_network_limit_exceeded_has_correct_value	PASSED	1	0.000		Domain (structural)	Election Security	NOT_ESTABLISHED	NOT_ESTABLISHED	NOT_ESTABLISHED	NOT_ESTABLISHED	NOT_ESTABLISHED	NOT_ESTABLISHED	NOT_ESTABLISHED	NOT_ESTABLISHED	Unknown	NOT_ESTABLISHED	NOT_ESTABLISHED	n/a — passed	PHPUnit JUnit run 2026-08-12 (L1 only)	NOT_ESTABLISHED	NOT_ESTABLISHED	NOT_ESTABLISHED	NOT_ESTABLISHED
Tests\Unit\Domain\Election\Security\ConstitutionalTrustViolationTest::test_no_banned_vocabulary_in_violation_types	Tests\Unit\Domain\Election\Security\ConstitutionalTrustViolationTest	test_no_banned_vocabulary_in_violation_types	PASSED	45	0.000		Domain (structural)	Election Security	NOT_ESTABLISHED	NOT_ESTABLISHED	NOT_ESTABLISHED	NOT_ESTABLISHED	NOT_ESTABLISHED	NOT_ESTABLISHED	NOT_ESTABLISHED	NOT_ESTABLISHED	Unknown	NOT_ESTABLISHED	NOT_ESTABLISHED	n/a — passed	PHPUnit JUnit run 2026-08-12 (L1 only)	NOT_ESTABLISHED	NOT_ESTABLISHED	NOT_ESTABLISHED	NOT_ESTABLISHED
Tests\Unit\Domain\Election\Security\ContextBoundaryFitnessTest::test_F11_1a_evidence_must_not_import_legitimacy	Tests\Unit\Domain\Election\Security\ContextBoundaryFitnessTest	test_F11_1a_evidence_must_not_import_legitimacy	PASSED	1	0.000		Domain (structural)	Election Security	NOT_ESTABLISHED	NOT_ESTABLISHED	NOT_ESTABLISHED	NOT_ESTABLISHED	NOT_ESTABLISHED	NOT_ESTABLISHED	NOT_ESTABLISHED	NOT_ESTABLISHED	Unknown	NOT_ESTABLISHED	NOT_ESTABLISHED	n/a — passed	PHPUnit JUnit run 2026-08-12 (L1 only)	NOT_ESTABLISHED	NOT_ESTABLISHED	NOT_ESTABLISHED	NOT_ESTABLISHED
Tests\Unit\Domain\Election\Security\ContextBoundaryFitnessTest::test_F11_1b_observation_must_not_import_legitimacy	Tests\Unit\Domain\Election\Security\ContextBoundaryFitnessTest	test_F11_1b_observation_must_not_import_legitimacy	PASSED	1	0.000		Domain (structural)	Election Security	NOT_ESTABLISHED	NOT_ESTABLISHED	NOT_ESTABLISHED	NOT_ESTABLISHED	NOT_ESTABLISHED	NOT_ESTABLISHED	NOT_ESTABLISHED	NOT_ESTABLISHED	Unknown	NOT_ESTABLISHED	NOT_ESTABLISHED	n/a — passed	PHPUnit JUnit run 2026-08-12 (L1 only)	NOT_ESTABLISHED	NOT_ESTABLISHED	NOT_ESTABLISHED	NOT_ESTABLISHED
Tests\Unit\Domain\Election\Security\ContextBoundaryFitnessTest::test_F11_1c_legitimacy_must_not_import_observation_directly	Tests\Unit\Domain\Election\Security\ContextBoundaryFitnessTest	test_F11_1c_legitimacy_must_not_import_observation_directly	PASSED	1	0.000		Domain (structural)	Election Security	NOT_ESTABLISHED	NOT_ESTABLISHED	NOT_ESTABLISHED	NOT_ESTABLISHED	NOT_ESTABLISHED	NOT_ESTABLISHED	NOT_ESTABLISHED	NOT_ESTABLISHED	Unknown	NOT_ESTABLISHED	NOT_ESTABLISHED	n/a — passed	PHPUnit JUnit run 2026-08-12 (L1 only)	NOT_ESTABLISHED	NOT_ESTABLISHED	NOT_ESTABLISHED	NOT_ESTABLISHED
Tests\Unit\Domain\Election\Security\ContextBoundaryFitnessTest::test_F11_1d_controllers_must_not_derive_legitimacy	Tests\Unit\Domain\Election\Security\ContextBoundaryFitnessTest	test_F11_1d_controllers_must_not_derive_legitimacy	PASSED	1	0.002		Domain (structural)	Election Security	NOT_ESTABLISHED	NOT_ESTABLISHED	NOT_ESTABLISHED	NOT_ESTABLISHED	NOT_ESTABLISHED	NOT_ESTABLISHED	NOT_ESTABLISHED	NOT_ESTABLISHED	Unknown	NOT_ESTABLISHED	NOT_ESTABLISHED	n/a — passed	PHPUnit JUnit run 2026-08-12 (L1 only)	NOT_ESTABLISHED	NOT_ESTABLISHED	NOT_ESTABLISHED	NOT_ESTABLISHED
Tests\Unit\Domain\Election\Security\ContextBoundaryFitnessTest::test_F11_1e_temporary_context_isolation	Tests\Unit\Domain\Election\Security\ContextBoundaryFitnessTest	test_F11_1e_temporary_context_isolation	PASSED	2	0.003		Domain (structural)	Election Security	NOT_ESTABLISHED	NOT_ESTABLISHED	NOT_ESTABLISHED	NOT_ESTABLISHED	NOT_ESTABLISHED	NOT_ESTABLISHED	NOT_ESTABLISHED	NOT_ESTABLISHED	Unknown	NOT_ESTABLISHED	NOT_ESTABLISHED	n/a — passed	PHPUnit JUnit run 2026-08-12 (L1 only)	NOT_ESTABLISHED	NOT_ESTABLISHED	NOT_ESTABLISHED	NOT_ESTABLISHED
Tests\Unit\Domain\Election\Security\ContextBoundaryFitnessTest::test_F11_1f_projection_must_not_reference_legitimacy	Tests\Unit\Domain\Election\Security\ContextBoundaryFitnessTest	test_F11_1f_projection_must_not_reference_legitimacy	SKIPPED	1	0.000		Domain (structural)	Election Security	NOT_ESTABLISHED	NOT_ESTABLISHED	NOT_ESTABLISHED	NOT_ESTABLISHED	NOT_ESTABLISHED	NOT_ESTABLISHED	NOT_ESTABLISHED	NOT_ESTABLISHED	Unknown	NOT_ESTABLISHED	NOT_ESTABLISHED	Mechanism not yet established	PHPUnit JUnit run 2026-08-12 (L1 only)	NOT_ESTABLISHED	NOT_ESTABLISHED	NOT_ESTABLISHED	NOT_ESTABLISHED
Tests\Unit\Domain\Election\Security\ContextBoundaryFitnessTest::test_F11_2a_legitimacy_consumes_only_published_language	Tests\Unit\Domain\Election\Security\ContextBoundaryFitnessTest	test_F11_2a_legitimacy_consumes_only_published_language	PASSED	2	0.000		Domain (structural)	Election Security	NOT_ESTABLISHED	NOT_ESTABLISHED	NOT_ESTABLISHED	NOT_ESTABLISHED	NOT_ESTABLISHED	NOT_ESTABLISHED	NOT_ESTABLISHED	NOT_ESTABLISHED	Unknown	NOT_ESTABLISHED	NOT_ESTABLISHED	n/a — passed	PHPUnit JUnit run 2026-08-12 (L1 only)	NOT_ESTABLISHED	NOT_ESTABLISHED	NOT_ESTABLISHED	NOT_ESTABLISHED
Tests\Unit\Domain\Election\Security\ContextBoundaryFitnessTest::test_F11_2b_evaluation_must_not_produce_legitimacy	Tests\Unit\Domain\Election\Security\ContextBoundaryFitnessTest	test_F11_2b_evaluation_must_not_produce_legitimacy	PASSED	1	0.000		Domain (structural)	Election Security	NOT_ESTABLISHED	NOT_ESTABLISHED	NOT_ESTABLISHED	NOT_ESTABLISHED	NOT_ESTABLISHED	NOT_ESTABLISHED	NOT_ESTABLISHED	NOT_ESTABLISHED	Unknown	NOT_ESTABLISHED	NOT_ESTABLISHED	n/a — passed	PHPUnit JUnit run 2026-08-12 (L1 only)	NOT_ESTABLISHED	NOT_ESTABLISHED	NOT_ESTABLISHED	NOT_ESTABLISHED
Tests\Unit\Domain\Election\Security\ContextBoundaryFitnessTest::test_F11_3a_observation_must_not_depend_on_evidence	Tests\Unit\Domain\Election\Security\ContextBoundaryFitnessTest	test_F11_3a_observation_must_not_depend_on_evidence	PASSED	1	0.000		Domain (structural)	Election Security	NOT_ESTABLISHED	NOT_ESTABLISHED	NOT_ESTABLISHED	NOT_ESTABLISHED	NOT_ESTABLISHED	NOT_ESTABLISHED	NOT_ESTABLISHED	NOT_ESTABLISHED	Unknown	NOT_ESTABLISHED	NOT_ESTABLISHED	n/a — passed	PHPUnit JUnit run 2026-08-12 (L1 only)	NOT_ESTABLISHED	NOT_ESTABLISHED	NOT_ESTABLISHED	NOT_ESTABLISHED
Tests\Unit\Domain\Election\Security\ContextBoundaryFitnessTest::test_F11_3b_governance_must_not_bypass_legitimacy	Tests\Unit\Domain\Election\Security\ContextBoundaryFitnessTest	test_F11_3b_governance_must_not_bypass_legitimacy	SKIPPED	1	0.000		Domain (structural)	Election Security	NOT_ESTABLISHED	NOT_ESTABLISHED	NOT_ESTABLISHED	NOT_ESTABLISHED	NOT_ESTABLISHED	NOT_ESTABLISHED	NOT_ESTABLISHED	NOT_ESTABLISHED	Unknown	NOT_ESTABLISHED	NOT_ESTABLISHED	Mechanism not yet established	PHPUnit JUnit run 2026-08-12 (L1 only)	NOT_ESTABLISHED	NOT_ESTABLISHED	NOT_ESTABLISHED	NOT_ESTABLISHED
Tests\Unit\Domain\Election\Security\ContextBoundaryFitnessTest::test_F11_4a_envelope_uses_observation_context	Tests\Unit\Domain\Election\Security\ContextBoundaryFitnessTest	test_F11_4a_envelope_uses_observation_context	PASSED	1	0.000		Domain (structural)	Election Security	NOT_ESTABLISHED	NOT_ESTABLISHED	NOT_ESTABLISHED	NOT_ESTABLISHED	NOT_ESTABLISHED	NOT_ESTABLISHED	NOT_ESTABLISHED	NOT_ESTABLISHED	Unknown	NOT_ESTABLISHED	NOT_ESTABLISHED	n/a — passed	PHPUnit JUnit run 2026-08-12 (L1 only)	NOT_ESTABLISHED	NOT_ESTABLISHED	NOT_ESTABLISHED	NOT_ESTABLISHED
Tests\Unit\Domain\Election\Security\ContextBoundaryFitnessTest::test_F11_4b_replay_evidence_is_read_only	Tests\Unit\Domain\Election\Security\ContextBoundaryFitnessTest	test_F11_4b_replay_evidence_is_read_only	PASSED	2	0.000		Domain (structural)	Election Security	NOT_ESTABLISHED	NOT_ESTABLISHED	NOT_ESTABLISHED	NOT_ESTABLISHED	NOT_ESTABLISHED	NOT_ESTABLISHED	NOT_ESTABLISHED	NOT_ESTABLISHED	Unknown	NOT_ESTABLISHED	NOT_ESTABLISHED	n/a — passed	PHPUnit JUnit run 2026-08-12 (L1 only)	NOT_ESTABLISHED	NOT_ESTABLISHED	NOT_ESTABLISHED	NOT_ESTABLISHED
Tests\Unit\Domain\Election\Security\D0_3a_ConstitutionalEnforcementTest::test_allowed_outcome_does_not_trigger_enforcement	Tests\Unit\Domain\Election\Security\D0_3a_ConstitutionalEnforcementTest	test_allowed_outcome_does_not_trigger_enforcement	PASSED	1	0.000		Domain (structural)	Election Security	NOT_ESTABLISHED	NOT_ESTABLISHED	NOT_ESTABLISHED	NOT_ESTABLISHED	NOT_ESTABLISHED	NOT_ESTABLISHED	NOT_ESTABLISHED	NOT_ESTABLISHED	Unknown	NOT_ESTABLISHED	NOT_ESTABLISHED	n/a — passed	PHPUnit JUnit run 2026-08-12 (L1 only)	NOT_ESTABLISHED	NOT_ESTABLISHED	NOT_ESTABLISHED	NOT_ESTABLISHED
Tests\Unit\Domain\Election\Security\D0_3a_ConstitutionalEnforcementTest::test_deferred_outcome_triggers_enforcement	Tests\Unit\Domain\Election\Security\D0_3a_ConstitutionalEnforcementTest	test_deferred_outcome_triggers_enforcement	PASSED	1	0.000		Domain (structural)	Election Security	NOT_ESTABLISHED	NOT_ESTABLISHED	NOT_ESTABLISHED	NOT_ESTABLISHED	NOT_ESTABLISHED	NOT_ESTABLISHED	NOT_ESTABLISHED	NOT_ESTABLISHED	Unknown	NOT_ESTABLISHED	NOT_ESTABLISHED	n/a — passed	PHPUnit JUnit run 2026-08-12 (L1 only)	NOT_ESTABLISHED	NOT_ESTABLISHED	NOT_ESTABLISHED	NOT_ESTABLISHED
Tests\Unit\Domain\Election\Security\D0_3a_ConstitutionalEnforcementTest::test_denied_outcome_triggers_enforcement	Tests\Unit\Domain\Election\Security\D0_3a_ConstitutionalEnforcementTest	test_denied_outcome_triggers_enforcement	PASSED	1	0.000		Domain (structural)	Election Security	NOT_ESTABLISHED	NOT_ESTABLISHED	NOT_ESTABLISHED	NOT_ESTABLISHED	NOT_ESTABLISHED	NOT_ESTABLISHED	NOT_ESTABLISHED	NOT_ESTABLISHED	Unknown	NOT_ESTABLISHED	NOT_ESTABLISHED	n/a — passed	PHPUnit JUnit run 2026-08-12 (L1 only)	NOT_ESTABLISHED	NOT_ESTABLISHED	NOT_ESTABLISHED	NOT_ESTABLISHED
Tests\Unit\Domain\Election\Security\D0_3a_ConstitutionalEnforcementTest::test_identical_trust_results_produce_identical_outcomes	Tests\Unit\Domain\Election\Security\D0_3a_ConstitutionalEnforcementTest	test_identical_trust_results_produce_identical_outcomes	PASSED	1	0.000		Domain (structural)	Election Security	NOT_ESTABLISHED	NOT_ESTABLISHED	NOT_ESTABLISHED	NOT_ESTABLISHED	NOT_ESTABLISHED	NOT_ESTABLISHED	NOT_ESTABLISHED	NOT_ESTABLISHED	Unknown	NOT_ESTABLISHED	NOT_ESTABLISHED	n/a — passed	PHPUnit JUnit run 2026-08-12 (L1 only)	NOT_ESTABLISHED	NOT_ESTABLISHED	NOT_ESTABLISHED	NOT_ESTABLISHED
Tests\Unit\Domain\Election\Security\D0_3a_ConstitutionalEnforcementTest::test_inconclusive_maps_to_investigate	Tests\Unit\Domain\Election\Security\D0_3a_ConstitutionalEnforcementTest	test_inconclusive_maps_to_investigate	PASSED	1	0.000		Domain (structural)	Election Security	NOT_ESTABLISHED	NOT_ESTABLISHED	NOT_ESTABLISHED	NOT_ESTABLISHED	NOT_ESTABLISHED	NOT_ESTABLISHED	NOT_ESTABLISHED	NOT_ESTABLISHED	Unknown	NOT_ESTABLISHED	NOT_ESTABLISHED	n/a — passed	PHPUnit JUnit run 2026-08-12 (L1 only)	NOT_ESTABLISHED	NOT_ESTABLISHED	NOT_ESTABLISHED	NOT_ESTABLISHED
Tests\Unit\Domain\Election\Security\D0_3a_ConstitutionalEnforcementTest::test_insufficient_evidence_maps_to_denied	Tests\Unit\Domain\Election\Security\D0_3a_ConstitutionalEnforcementTest	test_insufficient_evidence_maps_to_denied	PASSED	1	0.000		Domain (structural)	Election Security	NOT_ESTABLISHED	NOT_ESTABLISHED	NOT_ESTABLISHED	NOT_ESTABLISHED	NOT_ESTABLISHED	NOT_ESTABLISHED	NOT_ESTABLISHED	NOT_ESTABLISHED	Unknown	NOT_ESTABLISHED	NOT_ESTABLISHED	n/a — passed	PHPUnit JUnit run 2026-08-12 (L1 only)	NOT_ESTABLISHED	NOT_ESTABLISHED	NOT_ESTABLISHED	NOT_ESTABLISHED
Tests\Unit\Domain\Election\Security\D0_3a_ConstitutionalEnforcementTest::test_investigate_outcome_triggers_enforcement	Tests\Unit\Domain\Election\Security\D0_3a_ConstitutionalEnforcementTest	test_investigate_outcome_triggers_enforcement	PASSED	1	0.000		Domain (structural)	Election Security	NOT_ESTABLISHED	NOT_ESTABLISHED	NOT_ESTABLISHED	NOT_ESTABLISHED	NOT_ESTABLISHED	NOT_ESTABLISHED	NOT_ESTABLISHED	NOT_ESTABLISHED	Unknown	NOT_ESTABLISHED	NOT_ESTABLISHED	n/a — passed	PHPUnit JUnit run 2026-08-12 (L1 only)	NOT_ESTABLISHED	NOT_ESTABLISHED	NOT_ESTABLISHED	NOT_ESTABLISHED
Tests\Unit\Domain\Election\Security\D0_3a_ConstitutionalEnforcementTest::test_review_required_maps_to_deferred	Tests\Unit\Domain\Election\Security\D0_3a_ConstitutionalEnforcementTest	test_review_required_maps_to_deferred	PASSED	1	0.000		Domain (structural)	Election Security	NOT_ESTABLISHED	NOT_ESTABLISHED	NOT_ESTABLISHED	NOT_ESTABLISHED	NOT_ESTABLISHED	NOT_ESTABLISHED	NOT_ESTABLISHED	NOT_ESTABLISHED	Unknown	NOT_ESTABLISHED	NOT_ESTABLISHED	n/a — passed	PHPUnit JUnit run 2026-08-12 (L1 only)	NOT_ESTABLISHED	NOT_ESTABLISHED	NOT_ESTABLISHED	NOT_ESTABLISHED
Tests\Unit\Domain\Election\Security\D0_3a_ConstitutionalEnforcementTest::test_sufficient_evidence_maps_to_allowed	Tests\Unit\Domain\Election\Security\D0_3a_ConstitutionalEnforcementTest	test_sufficient_evidence_maps_to_allowed	PASSED	1	0.000		Domain (structural)	Election Security	NOT_ESTABLISHED	NOT_ESTABLISHED	NOT_ESTABLISHED	NOT_ESTABLISHED	NOT_ESTABLISHED	NOT_ESTABLISHED	NOT_ESTABLISHED	NOT_ESTABLISHED	Unknown	NOT_ESTABLISHED	NOT_ESTABLISHED	n/a — passed	PHPUnit JUnit run 2026-08-12 (L1 only)	NOT_ESTABLISHED	NOT_ESTABLISHED	NOT_ESTABLISHED	NOT_ESTABLISHED
Tests\Unit\Domain\Election\Security\D1DomainObjectsTest::test_ballot_authorization_protocol_has_cases	Tests\Unit\Domain\Election\Security\D1DomainObjectsTest	test_ballot_authorization_protocol_has_cases	PASSED	2	0.000		Domain (structural)	Election Security	NOT_ESTABLISHED	NOT_ESTABLISHED	NOT_ESTABLISHED	NOT_ESTABLISHED	NOT_ESTABLISHED	NOT_ESTABLISHED	NOT_ESTABLISHED	NOT_ESTABLISHED	Unknown	NOT_ESTABLISHED	NOT_ESTABLISHED	n/a — passed	PHPUnit JUnit run 2026-08-12 (L1 only)	NOT_ESTABLISHED	NOT_ESTABLISHED	NOT_ESTABLISHED	NOT_ESTABLISHED
Tests\Unit\Domain\Election\Security\D1DomainObjectsTest::test_constitutional_trust_snapshot_denial_reason	Tests\Unit\Domain\Election\Security\D1DomainObjectsTest	test_constitutional_trust_snapshot_denial_reason	PASSED	1	0.000		Domain (structural)	Election Security	NOT_ESTABLISHED	NOT_ESTABLISHED	NOT_ESTABLISHED	NOT_ESTABLISHED	NOT_ESTABLISHED	NOT_ESTABLISHED	NOT_ESTABLISHED	NOT_ESTABLISHED	Unknown	NOT_ESTABLISHED	NOT_ESTABLISHED	n/a — passed	PHPUnit JUnit run 2026-08-12 (L1 only)	NOT_ESTABLISHED	NOT_ESTABLISHED	NOT_ESTABLISHED	NOT_ESTABLISHED
Tests\Unit\Domain\Election\Security\D1DomainObjectsTest::test_constitutional_trust_snapshot_is_readonly_projection	Tests\Unit\Domain\Election\Security\D1DomainObjectsTest	test_constitutional_trust_snapshot_is_readonly_projection	PASSED	3	0.000		Domain (structural)	Election Security	NOT_ESTABLISHED	NOT_ESTABLISHED	NOT_ESTABLISHED	NOT_ESTABLISHED	NOT_ESTABLISHED	NOT_ESTABLISHED	NOT_ESTABLISHED	NOT_ESTABLISHED	Unknown	NOT_ESTABLISHED	NOT_ESTABLISHED	n/a — passed	PHPUnit JUnit run 2026-08-12 (L1 only)	NOT_ESTABLISHED	NOT_ESTABLISHED	NOT_ESTABLISHED	NOT_ESTABLISHED
Tests\Unit\Domain\Election\Security\D1DomainObjectsTest::test_device_evidence_captures_fingerprint_hash	Tests\Unit\Domain\Election\Security\D1DomainObjectsTest	test_device_evidence_captures_fingerprint_hash	PASSED	2	0.000		Domain (structural)	Election Security	NOT_ESTABLISHED	NOT_ESTABLISHED	NOT_ESTABLISHED	NOT_ESTABLISHED	NOT_ESTABLISHED	NOT_ESTABLISHED	NOT_ESTABLISHED	NOT_ESTABLISHED	Unknown	NOT_ESTABLISHED	NOT_ESTABLISHED	n/a — passed	PHPUnit JUnit run 2026-08-12 (L1 only)	NOT_ESTABLISHED	NOT_ESTABLISHED	NOT_ESTABLISHED	NOT_ESTABLISHED
Tests\Unit\Domain\Election\Security\D1DomainObjectsTest::test_election_security_event_captures_causality	Tests\Unit\Domain\Election\Security\D1DomainObjectsTest	test_election_security_event_captures_causality	PASSED	2	0.000		Domain (structural)	Election Security	NOT_ESTABLISHED	NOT_ESTABLISHED	NOT_ESTABLISHED	NOT_ESTABLISHED	NOT_ESTABLISHED	NOT_ESTABLISHED	NOT_ESTABLISHED	NOT_ESTABLISHED	Unknown	NOT_ESTABLISHED	NOT_ESTABLISHED	n/a — passed	PHPUnit JUnit run 2026-08-12 (L1 only)	NOT_ESTABLISHED	NOT_ESTABLISHED	NOT_ESTABLISHED	NOT_ESTABLISHED
Tests\Unit\Domain\Election\Security\D1DomainObjectsTest::test_election_security_event_immutable	Tests\Unit\Domain\Election\Security\D1DomainObjectsTest	test_election_security_event_immutable	PASSED	4	0.000		Domain (structural)	Election Security	NOT_ESTABLISHED	NOT_ESTABLISHED	NOT_ESTABLISHED	NOT_ESTABLISHED	NOT_ESTABLISHED	NOT_ESTABLISHED	NOT_ESTABLISHED	NOT_ESTABLISHED	Unknown	NOT_ESTABLISHED	NOT_ESTABLISHED	n/a — passed	PHPUnit JUnit run 2026-08-12 (L1 only)	NOT_ESTABLISHED	NOT_ESTABLISHED	NOT_ESTABLISHED	NOT_ESTABLISHED
Tests\Unit\Domain\Election\Security\D1DomainObjectsTest::test_network_evidence_is_readonly	Tests\Unit\Domain\Election\Security\D1DomainObjectsTest	test_network_evidence_is_readonly	PASSED	3	0.000		Domain (structural)	Election Security	NOT_ESTABLISHED	NOT_ESTABLISHED	NOT_ESTABLISHED	NOT_ESTABLISHED	NOT_ESTABLISHED	NOT_ESTABLISHED	NOT_ESTABLISHED	NOT_ESTABLISHED	Unknown	NOT_ESTABLISHED	NOT_ESTABLISHED	n/a — passed	PHPUnit JUnit run 2026-08-12 (L1 only)	NOT_ESTABLISHED	NOT_ESTABLISHED	NOT_ESTABLISHED	NOT_ESTABLISHED
Tests\Unit\Domain\Election\Security\D1DomainObjectsTest::test_overlay_signal_has_three_signal_types	Tests\Unit\Domain\Election\Security\D1DomainObjectsTest	test_overlay_signal_has_three_signal_types	PASSED	2	0.000		Domain (structural)	Election Security	NOT_ESTABLISHED	NOT_ESTABLISHED	NOT_ESTABLISHED	NOT_ESTABLISHED	NOT_ESTABLISHED	NOT_ESTABLISHED	NOT_ESTABLISHED	NOT_ESTABLISHED	Unknown	NOT_ESTABLISHED	NOT_ESTABLISHED	n/a — passed	PHPUnit JUnit run 2026-08-12 (L1 only)	NOT_ESTABLISHED	NOT_ESTABLISHED	NOT_ESTABLISHED	NOT_ESTABLISHED
Tests\Unit\Domain\Election\Security\D1DomainObjectsTest::test_session_continuity_preserves_state	Tests\Unit\Domain\Election\Security\D1DomainObjectsTest	test_session_continuity_preserves_state	PASSED	2	0.000		Domain (structural)	Election Security	NOT_ESTABLISHED	NOT_ESTABLISHED	NOT_ESTABLISHED	NOT_ESTABLISHED	NOT_ESTABLISHED	NOT_ESTABLISHED	NOT_ESTABLISHED	NOT_ESTABLISHED	Unknown	NOT_ESTABLISHED	NOT_ESTABLISHED	n/a — passed	PHPUnit JUnit run 2026-08-12 (L1 only)	NOT_ESTABLISHED	NOT_ESTABLISHED	NOT_ESTABLISHED	NOT_ESTABLISHED
Tests\Unit\Domain\Election\Security\D1DomainObjectsTest::test_trust_evaluation_state_has_all_cases	Tests\Unit\Domain\Election\Security\D1DomainObjectsTest	test_trust_evaluation_state_has_all_cases	PASSED	4	0.000		Domain (structural)	Election Security	NOT_ESTABLISHED	NOT_ESTABLISHED	NOT_ESTABLISHED	NOT_ESTABLISHED	NOT_ESTABLISHED	NOT_ESTABLISHED	NOT_ESTABLISHED	NOT_ESTABLISHED	Unknown	NOT_ESTABLISHED	NOT_ESTABLISHED	n/a — passed	PHPUnit JUnit run 2026-08-12 (L1 only)	NOT_ESTABLISHED	NOT_ESTABLISHED	NOT_ESTABLISHED	NOT_ESTABLISHED
Tests\Unit\Domain\Election\Security\D1DomainObjectsTest::test_trust_evidence_aggregate_bundles_evidence	Tests\Unit\Domain\Election\Security\D1DomainObjectsTest	test_trust_evidence_aggregate_bundles_evidence	PASSED	4	0.000		Domain (structural)	Election Security	NOT_ESTABLISHED	NOT_ESTABLISHED	NOT_ESTABLISHED	NOT_ESTABLISHED	NOT_ESTABLISHED	NOT_ESTABLISHED	NOT_ESTABLISHED	NOT_ESTABLISHED	Unknown	NOT_ESTABLISHED	NOT_ESTABLISHED	n/a — passed	PHPUnit JUnit run 2026-08-12 (L1 only)	NOT_ESTABLISHED	NOT_ESTABLISHED	NOT_ESTABLISHED	NOT_ESTABLISHED
Tests\Unit\Domain\Election\Security\D1DomainObjectsTest::test_trust_level_has_all_cases	Tests\Unit\Domain\Election\Security\D1DomainObjectsTest	test_trust_level_has_all_cases	PASSED	4	0.000		Domain (structural)	Election Security	NOT_ESTABLISHED	NOT_ESTABLISHED	NOT_ESTABLISHED	NOT_ESTABLISHED	NOT_ESTABLISHED	NOT_ESTABLISHED	NOT_ESTABLISHED	NOT_ESTABLISHED	Unknown	NOT_ESTABLISHED	NOT_ESTABLISHED	n/a — passed	PHPUnit JUnit run 2026-08-12 (L1 only)	NOT_ESTABLISHED	NOT_ESTABLISHED	NOT_ESTABLISHED	NOT_ESTABLISHED
Tests\Unit\Domain\Election\Security\D1DomainObjectsTest::test_verification_evidence_required_field	Tests\Unit\Domain\Election\Security\D1DomainObjectsTest	test_verification_evidence_required_field	PASSED	2	0.000		Domain (structural)	Election Security	NOT_ESTABLISHED	NOT_ESTABLISHED	NOT_ESTABLISHED	NOT_ESTABLISHED	NOT_ESTABLISHED	NOT_ESTABLISHED	NOT_ESTABLISHED	NOT_ESTABLISHED	Unknown	NOT_ESTABLISHED	NOT_ESTABLISHED	n/a — passed	PHPUnit JUnit run 2026-08-12 (L1 only)	NOT_ESTABLISHED	NOT_ESTABLISHED	NOT_ESTABLISHED	NOT_ESTABLISHED
Tests\Unit\Domain\Election\Security\D1DomainObjectsTest::test_voting_trust_result_captures_evaluation_state	Tests\Unit\Domain\Election\Security\D1DomainObjectsTest	test_voting_trust_result_captures_evaluation_state	PASSED	2	0.000		Domain (structural)	Election Security	NOT_ESTABLISHED	NOT_ESTABLISHED	NOT_ESTABLISHED	NOT_ESTABLISHED	NOT_ESTABLISHED	NOT_ESTABLISHED	NOT_ESTABLISHED	NOT_ESTABLISHED	Unknown	NOT_ESTABLISHED	NOT_ESTABLISHED	n/a — passed	PHPUnit JUnit run 2026-08-12 (L1 only)	NOT_ESTABLISHED	NOT_ESTABLISHED	NOT_ESTABLISHED	NOT_ESTABLISHED
Tests\Unit\Domain\Election\Security\D1DomainObjectsTest::test_voting_trust_result_insufficient_evidence	Tests\Unit\Domain\Election\Security\D1DomainObjectsTest	test_voting_trust_result_insufficient_evidence	PASSED	2	0.000		Domain (structural)	Election Security	NOT_ESTABLISHED	NOT_ESTABLISHED	NOT_ESTABLISHED	NOT_ESTABLISHED	NOT_ESTABLISHED	NOT_ESTABLISHED	NOT_ESTABLISHED	NOT_ESTABLISHED	Unknown	NOT_ESTABLISHED	NOT_ESTABLISHED	n/a — passed	PHPUnit JUnit run 2026-08-12 (L1 only)	NOT_ESTABLISHED	NOT_ESTABLISHED	NOT_ESTABLISHED	NOT_ESTABLISHED
Tests\Unit\Domain\Election\Security\D2DatabaseMigrationsTest::test_election_security_events_has_indexes	Tests\Unit\Domain\Election\Security\D2DatabaseMigrationsTest	test_election_security_events_has_indexes	PASSED	1	0.029		Domain (structural)	Election Security	NOT_ESTABLISHED	NOT_ESTABLISHED	NOT_ESTABLISHED	NOT_ESTABLISHED	NOT_ESTABLISHED	NOT_ESTABLISHED	NOT_ESTABLISHED	NOT_ESTABLISHED	Unknown	NOT_ESTABLISHED	NOT_ESTABLISHED	n/a — passed	PHPUnit JUnit run 2026-08-12 (L1 only)	NOT_ESTABLISHED	NOT_ESTABLISHED	NOT_ESTABLISHED	NOT_ESTABLISHED
Tests\Unit\Domain\Election\Security\D2DatabaseMigrationsTest::test_election_security_events_has_required_columns	Tests\Unit\Domain\Election\Security\D2DatabaseMigrationsTest	test_election_security_events_has_required_columns	PASSED	11	0.044		Domain (structural)	Election Security	NOT_ESTABLISHED	NOT_ESTABLISHED	NOT_ESTABLISHED	NOT_ESTABLISHED	NOT_ESTABLISHED	NOT_ESTABLISHED	NOT_ESTABLISHED	NOT_ESTABLISHED	Unknown	NOT_ESTABLISHED	NOT_ESTABLISHED	n/a — passed	PHPUnit JUnit run 2026-08-12 (L1 only)	NOT_ESTABLISHED	NOT_ESTABLISHED	NOT_ESTABLISHED	NOT_ESTABLISHED
Tests\Unit\Domain\Election\Security\D2DatabaseMigrationsTest::test_election_security_events_is_append_only	Tests\Unit\Domain\Election\Security\D2DatabaseMigrationsTest	test_election_security_events_is_append_only	PASSED	1	0.030		Domain (structural)	Election Security	NOT_ESTABLISHED	NOT_ESTABLISHED	NOT_ESTABLISHED	NOT_ESTABLISHED	NOT_ESTABLISHED	NOT_ESTABLISHED	NOT_ESTABLISHED	NOT_ESTABLISHED	Unknown	NOT_ESTABLISHED	NOT_ESTABLISHED	n/a — passed	PHPUnit JUnit run 2026-08-12 (L1 only)	NOT_ESTABLISHED	NOT_ESTABLISHED	NOT_ESTABLISHED	NOT_ESTABLISHED
Tests\Unit\Domain\Election\Security\D2DatabaseMigrationsTest::test_election_security_events_table_exists	Tests\Unit\Domain\Election\Security\D2DatabaseMigrationsTest	test_election_security_events_table_exists	PASSED	1	0.029		Domain (structural)	Election Security	NOT_ESTABLISHED	NOT_ESTABLISHED	NOT_ESTABLISHED	NOT_ESTABLISHED	NOT_ESTABLISHED	NOT_ESTABLISHED	NOT_ESTABLISHED	NOT_ESTABLISHED	Unknown	NOT_ESTABLISHED	NOT_ESTABLISHED	n/a — passed	PHPUnit JUnit run 2026-08-12 (L1 only)	NOT_ESTABLISHED	NOT_ESTABLISHED	NOT_ESTABLISHED	NOT_ESTABLISHED
Tests\Unit\Domain\Election\Security\D2DatabaseMigrationsTest::test_elections_table_defaults	Tests\Unit\Domain\Election\Security\D2DatabaseMigrationsTest	test_elections_table_defaults	PASSED	4	0.042		Domain (structural)	Election Security	NOT_ESTABLISHED	NOT_ESTABLISHED	NOT_ESTABLISHED	NOT_ESTABLISHED	NOT_ESTABLISHED	NOT_ESTABLISHED	NOT_ESTABLISHED	NOT_ESTABLISHED	Unknown	NOT_ESTABLISHED	NOT_ESTABLISHED	n/a — passed	PHPUnit JUnit run 2026-08-12 (L1 only)	NOT_ESTABLISHED	NOT_ESTABLISHED	NOT_ESTABLISHED	NOT_ESTABLISHED
Tests\Unit\Domain\Election\Security\D2DatabaseMigrationsTest::test_elections_table_has_trust_columns	Tests\Unit\Domain\Election\Security\D2DatabaseMigrationsTest	test_elections_table_has_trust_columns	PASSED	5	0.037		Domain (structural)	Election Security	NOT_ESTABLISHED	NOT_ESTABLISHED	NOT_ESTABLISHED	NOT_ESTABLISHED	NOT_ESTABLISHED	NOT_ESTABLISHED	NOT_ESTABLISHED	NOT_ESTABLISHED	Unknown	NOT_ESTABLISHED	NOT_ESTABLISHED	n/a — passed	PHPUnit JUnit run 2026-08-12 (L1 only)	NOT_ESTABLISHED	NOT_ESTABLISHED	NOT_ESTABLISHED	NOT_ESTABLISHED
Tests\Unit\Domain\Election\Security\D2_5ConstitutionalArticlesSnapshotTest::test_constitutional_snapshot_is_readonly	Tests\Unit\Domain\Election\Security\D2_5ConstitutionalArticlesSnapshotTest	test_constitutional_snapshot_is_readonly	PASSED	3	0.000		Domain (structural)	Election Security	NOT_ESTABLISHED	NOT_ESTABLISHED	NOT_ESTABLISHED	NOT_ESTABLISHED	NOT_ESTABLISHED	NOT_ESTABLISHED	NOT_ESTABLISHED	NOT_ESTABLISHED	Unknown	NOT_ESTABLISHED	NOT_ESTABLISHED	n/a — passed	PHPUnit JUnit run 2026-08-12 (L1 only)	NOT_ESTABLISHED	NOT_ESTABLISHED	NOT_ESTABLISHED	NOT_ESTABLISHED
Tests\Unit\Domain\Election\Security\D2_5ConstitutionalArticlesSnapshotTest::test_hasher_produces_deterministic_hash	Tests\Unit\Domain\Election\Security\D2_5ConstitutionalArticlesSnapshotTest	test_hasher_produces_deterministic_hash	PASSED	3	0.000		Domain (structural)	Election Security	NOT_ESTABLISHED	NOT_ESTABLISHED	NOT_ESTABLISHED	NOT_ESTABLISHED	NOT_ESTABLISHED	NOT_ESTABLISHED	NOT_ESTABLISHED	NOT_ESTABLISHED	Unknown	NOT_ESTABLISHED	NOT_ESTABLISHED	n/a — passed	PHPUnit JUnit run 2026-08-12 (L1 only)	NOT_ESTABLISHED	NOT_ESTABLISHED	NOT_ESTABLISHED	NOT_ESTABLISHED
Tests\Unit\Domain\Election\Security\D2_5ConstitutionalArticlesSnapshotTest::test_hasher_produces_different_hashes_for_different_snapshots	Tests\Unit\Domain\Election\Security\D2_5ConstitutionalArticlesSnapshotTest	test_hasher_produces_different_hashes_for_different_snapshots	PASSED	1	0.000		Domain (structural)	Election Security	NOT_ESTABLISHED	NOT_ESTABLISHED	NOT_ESTABLISHED	NOT_ESTABLISHED	NOT_ESTABLISHED	NOT_ESTABLISHED	NOT_ESTABLISHED	NOT_ESTABLISHED	Unknown	NOT_ESTABLISHED	NOT_ESTABLISHED	n/a — passed	PHPUnit JUnit run 2026-08-12 (L1 only)	NOT_ESTABLISHED	NOT_ESTABLISHED	NOT_ESTABLISHED	NOT_ESTABLISHED
Tests\Unit\Domain\Election\Security\D2_5ConstitutionalArticlesSnapshotTest::test_schema_defines_valid_ballot_protocols	Tests\Unit\Domain\Election\Security\D2_5ConstitutionalArticlesSnapshotTest	test_schema_defines_valid_ballot_protocols	PASSED	2	0.000		Domain (structural)	Election Security	NOT_ESTABLISHED	NOT_ESTABLISHED	NOT_ESTABLISHED	NOT_ESTABLISHED	NOT_ESTABLISHED	NOT_ESTABLISHED	NOT_ESTABLISHED	NOT_ESTABLISHED	Unknown	NOT_ESTABLISHED	NOT_ESTABLISHED	n/a — passed	PHPUnit JUnit run 2026-08-12 (L1 only)	NOT_ESTABLISHED	NOT_ESTABLISHED	NOT_ESTABLISHED	NOT_ESTABLISHED
Tests\Unit\Domain\Election\Security\D2_5ConstitutionalArticlesSnapshotTest::test_schema_defines_valid_device_strategies	Tests\Unit\Domain\Election\Security\D2_5ConstitutionalArticlesSnapshotTest	test_schema_defines_valid_device_strategies	PASSED	2	0.000		Domain (structural)	Election Security	NOT_ESTABLISHED	NOT_ESTABLISHED	NOT_ESTABLISHED	NOT_ESTABLISHED	NOT_ESTABLISHED	NOT_ESTABLISHED	NOT_ESTABLISHED	NOT_ESTABLISHED	Unknown	NOT_ESTABLISHED	NOT_ESTABLISHED	n/a — passed	PHPUnit JUnit run 2026-08-12 (L1 only)	NOT_ESTABLISHED	NOT_ESTABLISHED	NOT_ESTABLISHED	NOT_ESTABLISHED
Tests\Unit\Domain\Election\Security\D2_5ConstitutionalArticlesSnapshotTest::test_schema_defines_valid_network_strategies	Tests\Unit\Domain\Election\Security\D2_5ConstitutionalArticlesSnapshotTest	test_schema_defines_valid_network_strategies	PASSED	3	0.000		Domain (structural)	Election Security	NOT_ESTABLISHED	NOT_ESTABLISHED	NOT_ESTABLISHED	NOT_ESTABLISHED	NOT_ESTABLISHED	NOT_ESTABLISHED	NOT_ESTABLISHED	NOT_ESTABLISHED	Unknown	NOT_ESTABLISHED	NOT_ESTABLISHED	n/a — passed	PHPUnit JUnit run 2026-08-12 (L1 only)	NOT_ESTABLISHED	NOT_ESTABLISHED	NOT_ESTABLISHED	NOT_ESTABLISHED
Tests\Unit\Domain\Election\Security\D2_5ConstitutionalArticlesSnapshotTest::test_validator_accepts_all_boundary_values	Tests\Unit\Domain\Election\Security\D2_5ConstitutionalArticlesSnapshotTest	test_validator_accepts_all_boundary_values	PASSED	1	0.000		Domain (structural)	Election Security	NOT_ESTABLISHED	NOT_ESTABLISHED	NOT_ESTABLISHED	NOT_ESTABLISHED	NOT_ESTABLISHED	NOT_ESTABLISHED	NOT_ESTABLISHED	NOT_ESTABLISHED	Unknown	NOT_ESTABLISHED	NOT_ESTABLISHED	n/a — passed	PHPUnit JUnit run 2026-08-12 (L1 only)	NOT_ESTABLISHED	NOT_ESTABLISHED	NOT_ESTABLISHED	NOT_ESTABLISHED
Tests\Unit\Domain\Election\Security\D2_5ConstitutionalArticlesSnapshotTest::test_validator_allows_valid_snapshot	Tests\Unit\Domain\Election\Security\D2_5ConstitutionalArticlesSnapshotTest	test_validator_allows_valid_snapshot	PASSED	1	0.000		Domain (structural)	Election Security	NOT_ESTABLISHED	NOT_ESTABLISHED	NOT_ESTABLISHED	NOT_ESTABLISHED	NOT_ESTABLISHED	NOT_ESTABLISHED	NOT_ESTABLISHED	NOT_ESTABLISHED	Unknown	NOT_ESTABLISHED	NOT_ESTABLISHED	n/a — passed	PHPUnit JUnit run 2026-08-12 (L1 only)	NOT_ESTABLISHED	NOT_ESTABLISHED	NOT_ESTABLISHED	NOT_ESTABLISHED
Tests\Unit\Domain\Election\Security\D2_5ConstitutionalArticlesSnapshotTest::test_validator_allows_verification_required_true	Tests\Unit\Domain\Election\Security\D2_5ConstitutionalArticlesSnapshotTest	test_validator_allows_verification_required_true	PASSED	1	0.000		Domain (structural)	Election Security	NOT_ESTABLISHED	NOT_ESTABLISHED	NOT_ESTABLISHED	NOT_ESTABLISHED	NOT_ESTABLISHED	NOT_ESTABLISHED	NOT_ESTABLISHED	NOT_ESTABLISHED	Unknown	NOT_ESTABLISHED	NOT_ESTABLISHED	n/a — passed	PHPUnit JUnit run 2026-08-12 (L1 only)	NOT_ESTABLISHED	NOT_ESTABLISHED	NOT_ESTABLISHED	NOT_ESTABLISHED
Tests\Unit\Domain\Election\Security\D2_5ConstitutionalArticlesSnapshotTest::test_validator_rejects_invalid_ballot_protocol	Tests\Unit\Domain\Election\Security\D2_5ConstitutionalArticlesSnapshotTest	test_validator_rejects_invalid_ballot_protocol	PASSED	1	0.000		Domain (structural)	Election Security	NOT_ESTABLISHED	NOT_ESTABLISHED	NOT_ESTABLISHED	NOT_ESTABLISHED	NOT_ESTABLISHED	NOT_ESTABLISHED	NOT_ESTABLISHED	NOT_ESTABLISHED	Unknown	NOT_ESTABLISHED	NOT_ESTABLISHED	n/a — passed	PHPUnit JUnit run 2026-08-12 (L1 only)	NOT_ESTABLISHED	NOT_ESTABLISHED	NOT_ESTABLISHED	NOT_ESTABLISHED
Tests\Unit\Domain\Election\Security\D2_5ConstitutionalArticlesSnapshotTest::test_validator_rejects_invalid_device_strategy	Tests\Unit\Domain\Election\Security\D2_5ConstitutionalArticlesSnapshotTest	test_validator_rejects_invalid_device_strategy	PASSED	1	0.000		Domain (structural)	Election Security	NOT_ESTABLISHED	NOT_ESTABLISHED	NOT_ESTABLISHED	NOT_ESTABLISHED	NOT_ESTABLISHED	NOT_ESTABLISHED	NOT_ESTABLISHED	NOT_ESTABLISHED	Unknown	NOT_ESTABLISHED	NOT_ESTABLISHED	n/a — passed	PHPUnit JUnit run 2026-08-12 (L1 only)	NOT_ESTABLISHED	NOT_ESTABLISHED	NOT_ESTABLISHED	NOT_ESTABLISHED
Tests\Unit\Domain\Election\Security\D2_5ConstitutionalArticlesSnapshotTest::test_validator_rejects_invalid_network_strategy	Tests\Unit\Domain\Election\Security\D2_5ConstitutionalArticlesSnapshotTest	test_validator_rejects_invalid_network_strategy	PASSED	1	0.000		Domain (structural)	Election Security	NOT_ESTABLISHED	NOT_ESTABLISHED	NOT_ESTABLISHED	NOT_ESTABLISHED	NOT_ESTABLISHED	NOT_ESTABLISHED	NOT_ESTABLISHED	NOT_ESTABLISHED	Unknown	NOT_ESTABLISHED	NOT_ESTABLISHED	n/a — passed	PHPUnit JUnit run 2026-08-12 (L1 only)	NOT_ESTABLISHED	NOT_ESTABLISHED	NOT_ESTABLISHED	NOT_ESTABLISHED
Tests\Unit\Domain\Election\Security\D2_5ConstitutionalArticlesSnapshotTest::test_validator_rejects_max_votes_per_ip_above_100	Tests\Unit\Domain\Election\Security\D2_5ConstitutionalArticlesSnapshotTest	test_validator_rejects_max_votes_per_ip_above_100	PASSED	1	0.000		Domain (structural)	Election Security	NOT_ESTABLISHED	NOT_ESTABLISHED	NOT_ESTABLISHED	NOT_ESTABLISHED	NOT_ESTABLISHED	NOT_ESTABLISHED	NOT_ESTABLISHED	NOT_ESTABLISHED	Unknown	NOT_ESTABLISHED	NOT_ESTABLISHED	n/a — passed	PHPUnit JUnit run 2026-08-12 (L1 only)	NOT_ESTABLISHED	NOT_ESTABLISHED	NOT_ESTABLISHED	NOT_ESTABLISHED
Tests\Unit\Domain\Election\Security\D2_5ConstitutionalArticlesSnapshotTest::test_validator_rejects_max_votes_per_ip_below_1	Tests\Unit\Domain\Election\Security\D2_5ConstitutionalArticlesSnapshotTest	test_validator_rejects_max_votes_per_ip_below_1	PASSED	1	0.000		Domain (structural)	Election Security	NOT_ESTABLISHED	NOT_ESTABLISHED	NOT_ESTABLISHED	NOT_ESTABLISHED	NOT_ESTABLISHED	NOT_ESTABLISHED	NOT_ESTABLISHED	NOT_ESTABLISHED	Unknown	NOT_ESTABLISHED	NOT_ESTABLISHED	n/a — passed	PHPUnit JUnit run 2026-08-12 (L1 only)	NOT_ESTABLISHED	NOT_ESTABLISHED	NOT_ESTABLISHED	NOT_ESTABLISHED
Tests\Unit\Domain\Election\Security\D3TrustPolicyEvaluationTest::test_constitutional_trust_snapshot_denial_reason	Tests\Unit\Domain\Election\Security\D3TrustPolicyEvaluationTest	test_constitutional_trust_snapshot_denial_reason	PASSED	1	0.000		Domain (structural)	Election Security	NOT_ESTABLISHED	NOT_ESTABLISHED	NOT_ESTABLISHED	NOT_ESTABLISHED	NOT_ESTABLISHED	NOT_ESTABLISHED	NOT_ESTABLISHED	NOT_ESTABLISHED	Unknown	NOT_ESTABLISHED	NOT_ESTABLISHED	n/a — passed	PHPUnit JUnit run 2026-08-12 (L1 only)	NOT_ESTABLISHED	NOT_ESTABLISHED	NOT_ESTABLISHED	NOT_ESTABLISHED
Tests\Unit\Domain\Election\Security\D3TrustPolicyEvaluationTest::test_constitutional_trust_snapshot_is_readonly_projection	Tests\Unit\Domain\Election\Security\D3TrustPolicyEvaluationTest	test_constitutional_trust_snapshot_is_readonly_projection	PASSED	2	0.000		Domain (structural)	Election Security	NOT_ESTABLISHED	NOT_ESTABLISHED	NOT_ESTABLISHED	NOT_ESTABLISHED	NOT_ESTABLISHED	NOT_ESTABLISHED	NOT_ESTABLISHED	NOT_ESTABLISHED	Unknown	NOT_ESTABLISHED	NOT_ESTABLISHED	n/a — passed	PHPUnit JUnit run 2026-08-12 (L1 only)	NOT_ESTABLISHED	NOT_ESTABLISHED	NOT_ESTABLISHED	NOT_ESTABLISHED
Tests\Unit\Domain\Election\Security\D3TrustPolicyEvaluationTest::test_overlay_signal_attestation_present	Tests\Unit\Domain\Election\Security\D3TrustPolicyEvaluationTest	test_overlay_signal_attestation_present	PASSED	1	0.000		Domain (structural)	Election Security	NOT_ESTABLISHED	NOT_ESTABLISHED	NOT_ESTABLISHED	NOT_ESTABLISHED	NOT_ESTABLISHED	NOT_ESTABLISHED	NOT_ESTABLISHED	NOT_ESTABLISHED	Unknown	NOT_ESTABLISHED	NOT_ESTABLISHED	n/a — passed	PHPUnit JUnit run 2026-08-12 (L1 only)	NOT_ESTABLISHED	NOT_ESTABLISHED	NOT_ESTABLISHED	NOT_ESTABLISHED
Tests\Unit\Domain\Election\Security\D3TrustPolicyEvaluationTest::test_overlay_signal_context_stable	Tests\Unit\Domain\Election\Security\D3TrustPolicyEvaluationTest	test_overlay_signal_context_stable	PASSED	1	0.000		Domain (structural)	Election Security	NOT_ESTABLISHED	NOT_ESTABLISHED	NOT_ESTABLISHED	NOT_ESTABLISHED	NOT_ESTABLISHED	NOT_ESTABLISHED	NOT_ESTABLISHED	NOT_ESTABLISHED	Unknown	NOT_ESTABLISHED	NOT_ESTABLISHED	n/a — passed	PHPUnit JUnit run 2026-08-12 (L1 only)	NOT_ESTABLISHED	NOT_ESTABLISHED	NOT_ESTABLISHED	NOT_ESTABLISHED
Tests\Unit\Domain\Election\Security\D3TrustPolicyEvaluationTest::test_overlay_signal_evidence_inconsistent	Tests\Unit\Domain\Election\Security\D3TrustPolicyEvaluationTest	test_overlay_signal_evidence_inconsistent	PASSED	2	0.000		Domain (structural)	Election Security	NOT_ESTABLISHED	NOT_ESTABLISHED	NOT_ESTABLISHED	NOT_ESTABLISHED	NOT_ESTABLISHED	NOT_ESTABLISHED	NOT_ESTABLISHED	NOT_ESTABLISHED	Unknown	NOT_ESTABLISHED	NOT_ESTABLISHED	n/a — passed	PHPUnit JUnit run 2026-08-12 (L1 only)	NOT_ESTABLISHED	NOT_ESTABLISHED	NOT_ESTABLISHED	NOT_ESTABLISHED
Tests\Unit\Domain\Election\Security\D3TrustPolicyEvaluationTest::test_policy_sequence_captures_evaluation_order	Tests\Unit\Domain\Election\Security\D3TrustPolicyEvaluationTest	test_policy_sequence_captures_evaluation_order	PASSED	3	0.000		Domain (structural)	Election Security	NOT_ESTABLISHED	NOT_ESTABLISHED	NOT_ESTABLISHED	NOT_ESTABLISHED	NOT_ESTABLISHED	NOT_ESTABLISHED	NOT_ESTABLISHED	NOT_ESTABLISHED	Unknown	NOT_ESTABLISHED	NOT_ESTABLISHED	n/a — passed	PHPUnit JUnit run 2026-08-12 (L1 only)	NOT_ESTABLISHED	NOT_ESTABLISHED	NOT_ESTABLISHED	NOT_ESTABLISHED
Tests\Unit\Domain\Election\Security\D3TrustPolicyEvaluationTest::test_short_circuit_stops_at_first_insufficient_evidence	Tests\Unit\Domain\Election\Security\D3TrustPolicyEvaluationTest	test_short_circuit_stops_at_first_insufficient_evidence	PASSED	2	0.000		Domain (structural)	Election Security	NOT_ESTABLISHED	NOT_ESTABLISHED	NOT_ESTABLISHED	NOT_ESTABLISHED	NOT_ESTABLISHED	NOT_ESTABLISHED	NOT_ESTABLISHED	NOT_ESTABLISHED	Unknown	NOT_ESTABLISHED	NOT_ESTABLISHED	n/a — passed	PHPUnit JUnit run 2026-08-12 (L1 only)	NOT_ESTABLISHED	NOT_ESTABLISHED	NOT_ESTABLISHED	NOT_ESTABLISHED
Tests\Unit\Domain\Election\Security\D3TrustPolicyEvaluationTest::test_voting_trust_result_captures_insufficient_evidence	Tests\Unit\Domain\Election\Security\D3TrustPolicyEvaluationTest	test_voting_trust_result_captures_insufficient_evidence	PASSED	1	0.000		Domain (structural)	Election Security	NOT_ESTABLISHED	NOT_ESTABLISHED	NOT_ESTABLISHED	NOT_ESTABLISHED	NOT_ESTABLISHED	NOT_ESTABLISHED	NOT_ESTABLISHED	NOT_ESTABLISHED	Unknown	NOT_ESTABLISHED	NOT_ESTABLISHED	n/a — passed	PHPUnit JUnit run 2026-08-12 (L1 only)	NOT_ESTABLISHED	NOT_ESTABLISHED	NOT_ESTABLISHED	NOT_ESTABLISHED
Tests\Unit\Domain\Election\Security\D3TrustPolicyEvaluationTest::test_voting_trust_result_captures_sufficient_evidence	Tests\Unit\Domain\Election\Security\D3TrustPolicyEvaluationTest	test_voting_trust_result_captures_sufficient_evidence	PASSED	2	0.000		Domain (structural)	Election Security	NOT_ESTABLISHED	NOT_ESTABLISHED	NOT_ESTABLISHED	NOT_ESTABLISHED	NOT_ESTABLISHED	NOT_ESTABLISHED	NOT_ESTABLISHED	NOT_ESTABLISHED	Unknown	NOT_ESTABLISHED	NOT_ESTABLISHED	n/a — passed	PHPUnit JUnit run 2026-08-12 (L1 only)	NOT_ESTABLISHED	NOT_ESTABLISHED	NOT_ESTABLISHED	NOT_ESTABLISHED
Tests\Unit\Domain\Election\Security\D4OverlayGovernanceTest::test_device_anomaly_overlay_requires_reverification_on_device_change	Tests\Unit\Domain\Election\Security\D4OverlayGovernanceTest	test_device_anomaly_overlay_requires_reverification_on_device_change	PASSED	2	0.000		Domain (structural)	Election Security	NOT_ESTABLISHED	NOT_ESTABLISHED	NOT_ESTABLISHED	NOT_ESTABLISHED	NOT_ESTABLISHED	NOT_ESTABLISHED	NOT_ESTABLISHED	NOT_ESTABLISHED	Unknown	NOT_ESTABLISHED	NOT_ESTABLISHED	n/a — passed	PHPUnit JUnit run 2026-08-12 (L1 only)	NOT_ESTABLISHED	NOT_ESTABLISHED	NOT_ESTABLISHED	NOT_ESTABLISHED
Tests\Unit\Domain\Election\Security\D4OverlayGovernanceTest::test_device_anomaly_overlay_returns_context_stable_when_device_unchanged	Tests\Unit\Domain\Election\Security\D4OverlayGovernanceTest	test_device_anomaly_overlay_returns_context_stable_when_device_unchanged	PASSED	2	0.000		Domain (structural)	Election Security	NOT_ESTABLISHED	NOT_ESTABLISHED	NOT_ESTABLISHED	NOT_ESTABLISHED	NOT_ESTABLISHED	NOT_ESTABLISHED	NOT_ESTABLISHED	NOT_ESTABLISHED	Unknown	NOT_ESTABLISHED	NOT_ESTABLISHED	n/a — passed	PHPUnit JUnit run 2026-08-12 (L1 only)	NOT_ESTABLISHED	NOT_ESTABLISHED	NOT_ESTABLISHED	NOT_ESTABLISHED
Tests\Unit\Domain\Election\Security\D4OverlayGovernanceTest::test_emergency_condition_overlay_requires_reverification_on_emergency	Tests\Unit\Domain\Election\Security\D4OverlayGovernanceTest	test_emergency_condition_overlay_requires_reverification_on_emergency	PASSED	2	0.000		Domain (structural)	Election Security	NOT_ESTABLISHED	NOT_ESTABLISHED	NOT_ESTABLISHED	NOT_ESTABLISHED	NOT_ESTABLISHED	NOT_ESTABLISHED	NOT_ESTABLISHED	NOT_ESTABLISHED	Unknown	NOT_ESTABLISHED	NOT_ESTABLISHED	n/a — passed	PHPUnit JUnit run 2026-08-12 (L1 only)	NOT_ESTABLISHED	NOT_ESTABLISHED	NOT_ESTABLISHED	NOT_ESTABLISHED
Tests\Unit\Domain\Election\Security\D4OverlayGovernanceTest::test_emergency_condition_overlay_returns_context_stable_when_no_emergency	Tests\Unit\Domain\Election\Security\D4OverlayGovernanceTest	test_emergency_condition_overlay_returns_context_stable_when_no_emergency	PASSED	2	0.000		Domain (structural)	Election Security	NOT_ESTABLISHED	NOT_ESTABLISHED	NOT_ESTABLISHED	NOT_ESTABLISHED	NOT_ESTABLISHED	NOT_ESTABLISHED	NOT_ESTABLISHED	NOT_ESTABLISHED	Unknown	NOT_ESTABLISHED	NOT_ESTABLISHED	n/a — passed	PHPUnit JUnit run 2026-08-12 (L1 only)	NOT_ESTABLISHED	NOT_ESTABLISHED	NOT_ESTABLISHED	NOT_ESTABLISHED
Tests\Unit\Domain\Election\Security\D4OverlayGovernanceTest::test_ip_velocity_overlay_elevates_when_near_threshold	Tests\Unit\Domain\Election\Security\D4OverlayGovernanceTest	test_ip_velocity_overlay_elevates_when_near_threshold	PASSED	2	0.000		Domain (structural)	Election Security	NOT_ESTABLISHED	NOT_ESTABLISHED	NOT_ESTABLISHED	NOT_ESTABLISHED	NOT_ESTABLISHED	NOT_ESTABLISHED	NOT_ESTABLISHED	NOT_ESTABLISHED	Unknown	NOT_ESTABLISHED	NOT_ESTABLISHED	n/a — passed	PHPUnit JUnit run 2026-08-12 (L1 only)	NOT_ESTABLISHED	NOT_ESTABLISHED	NOT_ESTABLISHED	NOT_ESTABLISHED
Tests\Unit\Domain\Election\Security\D4OverlayGovernanceTest::test_ip_velocity_overlay_requires_reverification_when_exceeded	Tests\Unit\Domain\Election\Security\D4OverlayGovernanceTest	test_ip_velocity_overlay_requires_reverification_when_exceeded	PASSED	2	0.000		Domain (structural)	Election Security	NOT_ESTABLISHED	NOT_ESTABLISHED	NOT_ESTABLISHED	NOT_ESTABLISHED	NOT_ESTABLISHED	NOT_ESTABLISHED	NOT_ESTABLISHED	NOT_ESTABLISHED	Unknown	NOT_ESTABLISHED	NOT_ESTABLISHED	n/a — passed	PHPUnit JUnit run 2026-08-12 (L1 only)	NOT_ESTABLISHED	NOT_ESTABLISHED	NOT_ESTABLISHED	NOT_ESTABLISHED
Tests\Unit\Domain\Election\Security\D4OverlayGovernanceTest::test_ip_velocity_overlay_returns_context_stable_when_under_threshold	Tests\Unit\Domain\Election\Security\D4OverlayGovernanceTest	test_ip_velocity_overlay_returns_context_stable_when_under_threshold	PASSED	2	0.000		Domain (structural)	Election Security	NOT_ESTABLISHED	NOT_ESTABLISHED	NOT_ESTABLISHED	NOT_ESTABLISHED	NOT_ESTABLISHED	NOT_ESTABLISHED	NOT_ESTABLISHED	NOT_ESTABLISHED	Unknown	NOT_ESTABLISHED	NOT_ESTABLISHED	n/a — passed	PHPUnit JUnit run 2026-08-12 (L1 only)	NOT_ESTABLISHED	NOT_ESTABLISHED	NOT_ESTABLISHED	NOT_ESTABLISHED
Tests\Unit\Domain\Election\Security\D4OverlayGovernanceTest::test_overlay_coordinator_aggregates_multiple_signals	Tests\Unit\Domain\Election\Security\D4OverlayGovernanceTest	test_overlay_coordinator_aggregates_multiple_signals	PASSED	6	0.000		Domain (structural)	Election Security	NOT_ESTABLISHED	NOT_ESTABLISHED	NOT_ESTABLISHED	NOT_ESTABLISHED	NOT_ESTABLISHED	NOT_ESTABLISHED	NOT_ESTABLISHED	NOT_ESTABLISHED	Unknown	NOT_ESTABLISHED	NOT_ESTABLISHED	n/a — passed	PHPUnit JUnit run 2026-08-12 (L1 only)	NOT_ESTABLISHED	NOT_ESTABLISHED	NOT_ESTABLISHED	NOT_ESTABLISHED
Tests\Unit\Domain\Election\Security\D4OverlayGovernanceTest::test_overlay_coordinator_attestation_present_takes_precedence	Tests\Unit\Domain\Election\Security\D4OverlayGovernanceTest	test_overlay_coordinator_attestation_present_takes_precedence	PASSED	5	0.000		Domain (structural)	Election Security	NOT_ESTABLISHED	NOT_ESTABLISHED	NOT_ESTABLISHED	NOT_ESTABLISHED	NOT_ESTABLISHED	NOT_ESTABLISHED	NOT_ESTABLISHED	NOT_ESTABLISHED	Unknown	NOT_ESTABLISHED	NOT_ESTABLISHED	n/a — passed	PHPUnit JUnit run 2026-08-12 (L1 only)	NOT_ESTABLISHED	NOT_ESTABLISHED	NOT_ESTABLISHED	NOT_ESTABLISHED
Tests\Unit\Domain\Election\Security\D4OverlayGovernanceTest::test_overlay_coordinator_evidence_inconsistent_overrides_context_stable	Tests\Unit\Domain\Election\Security\D4OverlayGovernanceTest	test_overlay_coordinator_evidence_inconsistent_overrides_context_stable	PASSED	2	0.000		Domain (structural)	Election Security	NOT_ESTABLISHED	NOT_ESTABLISHED	NOT_ESTABLISHED	NOT_ESTABLISHED	NOT_ESTABLISHED	NOT_ESTABLISHED	NOT_ESTABLISHED	NOT_ESTABLISHED	Unknown	NOT_ESTABLISHED	NOT_ESTABLISHED	n/a — passed	PHPUnit JUnit run 2026-08-12 (L1 only)	NOT_ESTABLISHED	NOT_ESTABLISHED	NOT_ESTABLISHED	NOT_ESTABLISHED
Tests\Unit\Domain\Election\Security\D4OverlayGovernanceTest::test_overlay_signal_never_grants_authority	Tests\Unit\Domain\Election\Security\D4OverlayGovernanceTest	test_overlay_signal_never_grants_authority	PASSED	6	0.000		Domain (structural)	Election Security	NOT_ESTABLISHED	NOT_ESTABLISHED	NOT_ESTABLISHED	NOT_ESTABLISHED	NOT_ESTABLISHED	NOT_ESTABLISHED	NOT_ESTABLISHED	NOT_ESTABLISHED	Unknown	NOT_ESTABLISHED	NOT_ESTABLISHED	n/a — passed	PHPUnit JUnit run 2026-08-12 (L1 only)	NOT_ESTABLISHED	NOT_ESTABLISHED	NOT_ESTABLISHED	NOT_ESTABLISHED
Tests\Unit\Domain\Election\Security\D4OverlayGovernanceTest::test_registrar_attestation_elevates_when_attested	Tests\Unit\Domain\Election\Security\D4OverlayGovernanceTest	test_registrar_attestation_elevates_when_attested	PASSED	1	0.000		Domain (structural)	Election Security	NOT_ESTABLISHED	NOT_ESTABLISHED	NOT_ESTABLISHED	NOT_ESTABLISHED	NOT_ESTABLISHED	NOT_ESTABLISHED	NOT_ESTABLISHED	NOT_ESTABLISHED	Unknown	NOT_ESTABLISHED	NOT_ESTABLISHED	n/a — passed	PHPUnit JUnit run 2026-08-12 (L1 only)	NOT_ESTABLISHED	NOT_ESTABLISHED	NOT_ESTABLISHED	NOT_ESTABLISHED
Tests\Unit\Domain\Election\Security\D4OverlayGovernanceTest::test_registrar_attestation_returns_context_stable_when_not_attested	Tests\Unit\Domain\Election\Security\D4OverlayGovernanceTest	test_registrar_attestation_returns_context_stable_when_not_attested	PASSED	1	0.000		Domain (structural)	Election Security	NOT_ESTABLISHED	NOT_ESTABLISHED	NOT_ESTABLISHED	NOT_ESTABLISHED	NOT_ESTABLISHED	NOT_ESTABLISHED	NOT_ESTABLISHED	NOT_ESTABLISHED	Unknown	NOT_ESTABLISHED	NOT_ESTABLISHED	n/a — passed	PHPUnit JUnit run 2026-08-12 (L1 only)	NOT_ESTABLISHED	NOT_ESTABLISHED	NOT_ESTABLISHED	NOT_ESTABLISHED
Tests\Unit\Domain\Election\Security\D4OverlayGovernanceTest::test_suspicious_activity_overlay_requires_reverification_on_anomaly	Tests\Unit\Domain\Election\Security\D4OverlayGovernanceTest	test_suspicious_activity_overlay_requires_reverification_on_anomaly	PASSED	1	0.000		Domain (structural)	Election Security	NOT_ESTABLISHED	NOT_ESTABLISHED	NOT_ESTABLISHED	NOT_ESTABLISHED	NOT_ESTABLISHED	NOT_ESTABLISHED	NOT_ESTABLISHED	NOT_ESTABLISHED	Unknown	NOT_ESTABLISHED	NOT_ESTABLISHED	n/a — passed	PHPUnit JUnit run 2026-08-12 (L1 only)	NOT_ESTABLISHED	NOT_ESTABLISHED	NOT_ESTABLISHED	NOT_ESTABLISHED
Tests\Unit\Domain\Election\Security\D4OverlayGovernanceTest::test_suspicious_activity_overlay_returns_context_stable_when_normal	Tests\Unit\Domain\Election\Security\D4OverlayGovernanceTest	test_suspicious_activity_overlay_returns_context_stable_when_normal	PASSED	2	0.000		Domain (structural)	Election Security	NOT_ESTABLISHED	NOT_ESTABLISHED	NOT_ESTABLISHED	NOT_ESTABLISHED	NOT_ESTABLISHED	NOT_ESTABLISHED	NOT_ESTABLISHED	NOT_ESTABLISHED	Unknown	NOT_ESTABLISHED	NOT_ESTABLISHED	n/a — passed	PHPUnit JUnit run 2026-08-12 (L1 only)	NOT_ESTABLISHED	NOT_ESTABLISHED	NOT_ESTABLISHED	NOT_ESTABLISHED
Tests\Unit\Domain\Election\Security\D5ResolverIntegrationTest::test_denial_pipeline	Tests\Unit\Domain\Election\Security\D5ResolverIntegrationTest	test_denial_pipeline	ERROR	0	0.000	TypeError: App\Domain\Election\Security\Simplified\EvaluationEnvelope::__construct(): Argument #2 ($observations) must be of type App\Domain\Election\Security\Simplified\ConstitutionalObservationContext, App\Domain\Elect	Domain (structural)	Election Security	NOT_ESTABLISHED — not read	NOT_ESTABLISHED	NOT_ESTABLISHED	NOT_ESTABLISHED	NOT_ESTABLISHED	NOT_ESTABLISHED	NOT_ESTABLISHED	NOT_ESTABLISHED	Unknown	NOT_ESTABLISHED	NOT_ESTABLISHED	Mechanism not yet established — TypeError involving App\Domain\Election\Security\Simplified\EvaluationEnvelope. A TypeError is a CONTRACT MISMATCH, which may be a test defect OR a production signature change. Direction NOT established; do not assume fixture	JUnit run 2026-08-12; TypeError signature only	Contributes nothing at present	D5 resolver integration currently UNVERIFIED	NOT_ESTABLISHED	Which side of the EvaluationEnvelope contract moved — the test's expectation or the production signature?
Tests\Unit\Domain\Election\Security\D5ResolverIntegrationTest::test_envelope_bundles_evaluation_result_overlay_and_snapshot	Tests\Unit\Domain\Election\Security\D5ResolverIntegrationTest	test_envelope_bundles_evaluation_result_overlay_and_snapshot	ERROR	0	0.000	TypeError: App\Domain\Election\Security\Simplified\EvaluationEnvelope::__construct(): Argument #2 ($observations) must be of type App\Domain\Election\Security\Simplified\ConstitutionalObservationContext, App\Domain\Elect	Domain (structural)	Election Security	NOT_ESTABLISHED — not read	NOT_ESTABLISHED	NOT_ESTABLISHED	NOT_ESTABLISHED	NOT_ESTABLISHED	NOT_ESTABLISHED	NOT_ESTABLISHED	NOT_ESTABLISHED	Unknown	NOT_ESTABLISHED	NOT_ESTABLISHED	Mechanism not yet established — TypeError involving App\Domain\Election\Security\Simplified\EvaluationEnvelope. A TypeError is a CONTRACT MISMATCH, which may be a test defect OR a production signature change. Direction NOT established; do not assume fixture	JUnit run 2026-08-12; TypeError signature only	Contributes nothing at present	D5 resolver integration currently UNVERIFIED	NOT_ESTABLISHED	Which side of the EvaluationEnvelope contract moved — the test's expectation or the production signature?
Tests\Unit\Domain\Election\Security\D5ResolverIntegrationTest::test_envelope_carries_evaluation_state_not_authority	Tests\Unit\Domain\Election\Security\D5ResolverIntegrationTest	test_envelope_carries_evaluation_state_not_authority	ERROR	0	0.000	TypeError: App\Domain\Election\Security\Simplified\EvaluationEnvelope::__construct(): Argument #2 ($observations) must be of type App\Domain\Election\Security\Simplified\ConstitutionalObservationContext, App\Domain\Elect	Domain (structural)	Election Security	NOT_ESTABLISHED — not read	NOT_ESTABLISHED	NOT_ESTABLISHED	NOT_ESTABLISHED	NOT_ESTABLISHED	NOT_ESTABLISHED	NOT_ESTABLISHED	NOT_ESTABLISHED	Unknown	NOT_ESTABLISHED	NOT_ESTABLISHED	Mechanism not yet established — TypeError involving App\Domain\Election\Security\Simplified\EvaluationEnvelope. A TypeError is a CONTRACT MISMATCH, which may be a test defect OR a production signature change. Direction NOT established; do not assume fixture	JUnit run 2026-08-12; TypeError signature only	Contributes nothing at present	D5 resolver integration currently UNVERIFIED	NOT_ESTABLISHED	Which side of the EvaluationEnvelope contract moved — the test's expectation or the production signature?
Tests\Unit\Domain\Election\Security\D5ResolverIntegrationTest::test_envelope_has_no_behavioral_methods	Tests\Unit\Domain\Election\Security\D5ResolverIntegrationTest	test_envelope_has_no_behavioral_methods	PASSED	1	0.000		Domain (structural)	Election Security	NOT_ESTABLISHED — not read	NOT_ESTABLISHED	NOT_ESTABLISHED	NOT_ESTABLISHED	NOT_ESTABLISHED	NOT_ESTABLISHED	NOT_ESTABLISHED	NOT_ESTABLISHED	Unknown	NOT_ESTABLISHED	NOT_ESTABLISHED	Mechanism not yet established — TypeError involving App\Domain\Election\Security\Simplified\EvaluationEnvelope. A TypeError is a CONTRACT MISMATCH, which may be a test defect OR a production signature change. Direction NOT established; do not assume fixture	JUnit run 2026-08-12; TypeError signature only	Contributes nothing at present	D5 resolver integration currently UNVERIFIED	NOT_ESTABLISHED	Which side of the EvaluationEnvelope contract moved — the test's expectation or the production signature?
Tests\Unit\Domain\Election\Security\D5ResolverIntegrationTest::test_envelope_is_readonly	Tests\Unit\Domain\Election\Security\D5ResolverIntegrationTest	test_envelope_is_readonly	ERROR	0	0.000	TypeError: App\Domain\Election\Security\Simplified\EvaluationEnvelope::__construct(): Argument #2 ($observations) must be of type App\Domain\Election\Security\Simplified\ConstitutionalObservationContext, App\Domain\Elect	Domain (structural)	Election Security	NOT_ESTABLISHED — not read	NOT_ESTABLISHED	NOT_ESTABLISHED	NOT_ESTABLISHED	NOT_ESTABLISHED	NOT_ESTABLISHED	NOT_ESTABLISHED	NOT_ESTABLISHED	Unknown	NOT_ESTABLISHED	NOT_ESTABLISHED	Mechanism not yet established — TypeError involving App\Domain\Election\Security\Simplified\EvaluationEnvelope. A TypeError is a CONTRACT MISMATCH, which may be a test defect OR a production signature change. Direction NOT established; do not assume fixture	JUnit run 2026-08-12; TypeError signature only	Contributes nothing at present	D5 resolver integration currently UNVERIFIED	NOT_ESTABLISHED	Which side of the EvaluationEnvelope contract moved — the test's expectation or the production signature?
Tests\Unit\Domain\Election\Security\D5ResolverIntegrationTest::test_full_pipeline_evaluation	Tests\Unit\Domain\Election\Security\D5ResolverIntegrationTest	test_full_pipeline_evaluation	ERROR	0	0.000	TypeError: App\Domain\Election\Security\Simplified\EvaluationEnvelope::__construct(): Argument #2 ($observations) must be of type App\Domain\Election\Security\Simplified\ConstitutionalObservationContext, App\Domain\Elect	Domain (structural)	Election Security	NOT_ESTABLISHED — not read	NOT_ESTABLISHED	NOT_ESTABLISHED	NOT_ESTABLISHED	NOT_ESTABLISHED	NOT_ESTABLISHED	NOT_ESTABLISHED	NOT_ESTABLISHED	Unknown	NOT_ESTABLISHED	NOT_ESTABLISHED	Mechanism not yet established — TypeError involving App\Domain\Election\Security\Simplified\EvaluationEnvelope. A TypeError is a CONTRACT MISMATCH, which may be a test defect OR a production signature change. Direction NOT established; do not assume fixture	JUnit run 2026-08-12; TypeError signature only	Contributes nothing at present	D5 resolver integration currently UNVERIFIED	NOT_ESTABLISHED	Which side of the EvaluationEnvelope contract moved — the test's expectation or the production signature?
Tests\Unit\Domain\Election\Security\D5ResolverIntegrationTest::test_insufficient_data_pipeline	Tests\Unit\Domain\Election\Security\D5ResolverIntegrationTest	test_insufficient_data_pipeline	ERROR	0	0.000	TypeError: App\Domain\Election\Security\Simplified\EvaluationEnvelope::__construct(): Argument #2 ($observations) must be of type App\Domain\Election\Security\Simplified\ConstitutionalObservationContext, App\Domain\Elect	Domain (structural)	Election Security	NOT_ESTABLISHED — not read	NOT_ESTABLISHED	NOT_ESTABLISHED	NOT_ESTABLISHED	NOT_ESTABLISHED	NOT_ESTABLISHED	NOT_ESTABLISHED	NOT_ESTABLISHED	Unknown	NOT_ESTABLISHED	NOT_ESTABLISHED	Mechanism not yet established — TypeError involving App\Domain\Election\Security\Simplified\EvaluationEnvelope. A TypeError is a CONTRACT MISMATCH, which may be a test defect OR a production signature change. Direction NOT established; do not assume fixture	JUnit run 2026-08-12; TypeError signature only	Contributes nothing at present	D5 resolver integration currently UNVERIFIED	NOT_ESTABLISHED	Which side of the EvaluationEnvelope contract moved — the test's expectation or the production signature?
Tests\Unit\Domain\Election\Security\D5ResolverIntegrationTest::test_overlay_signal_in_envelope_is_influence_only	Tests\Unit\Domain\Election\Security\D5ResolverIntegrationTest	test_overlay_signal_in_envelope_is_influence_only	ERROR	0	0.000	TypeError: App\Domain\Election\Security\Simplified\EvaluationEnvelope::__construct(): Argument #2 ($observations) must be of type App\Domain\Election\Security\Simplified\ConstitutionalObservationContext, App\Domain\Elect	Domain (structural)	Election Security	NOT_ESTABLISHED — not read	NOT_ESTABLISHED	NOT_ESTABLISHED	NOT_ESTABLISHED	NOT_ESTABLISHED	NOT_ESTABLISHED	NOT_ESTABLISHED	NOT_ESTABLISHED	Unknown	NOT_ESTABLISHED	NOT_ESTABLISHED	Mechanism not yet established — TypeError involving App\Domain\Election\Security\Simplified\EvaluationEnvelope. A TypeError is a CONTRACT MISMATCH, which may be a test defect OR a production signature change. Direction NOT established; do not assume fixture	JUnit run 2026-08-12; TypeError signature only	Contributes nothing at present	D5 resolver integration currently UNVERIFIED	NOT_ESTABLISHED	Which side of the EvaluationEnvelope contract moved — the test's expectation or the production signature?
Tests\Unit\Domain\Election\Security\D5ResolverIntegrationTest::test_review_required_pipeline	Tests\Unit\Domain\Election\Security\D5ResolverIntegrationTest	test_review_required_pipeline	ERROR	0	0.000	TypeError: App\Domain\Election\Security\Simplified\EvaluationEnvelope::__construct(): Argument #2 ($observations) must be of type App\Domain\Election\Security\Simplified\ConstitutionalObservationContext, App\Domain\Elect	Domain (structural)	Election Security	NOT_ESTABLISHED — not read	NOT_ESTABLISHED	NOT_ESTABLISHED	NOT_ESTABLISHED	NOT_ESTABLISHED	NOT_ESTABLISHED	NOT_ESTABLISHED	NOT_ESTABLISHED	Unknown	NOT_ESTABLISHED	NOT_ESTABLISHED	Mechanism not yet established — TypeError involving App\Domain\Election\Security\Simplified\EvaluationEnvelope. A TypeError is a CONTRACT MISMATCH, which may be a test defect OR a production signature change. Direction NOT established; do not assume fixture	JUnit run 2026-08-12; TypeError signature only	Contributes nothing at present	D5 resolver integration currently UNVERIFIED	NOT_ESTABLISHED	Which side of the EvaluationEnvelope contract moved — the test's expectation or the production signature?
Tests\Unit\Domain\Election\Security\D6SovereigntyConvergenceTest::test_causality_chain_preserved	Tests\Unit\Domain\Election\Security\D6SovereigntyConvergenceTest	test_causality_chain_preserved	PASSED	4	0.000		Domain (structural)	Election Security	NOT_ESTABLISHED	NOT_ESTABLISHED	NOT_ESTABLISHED	NOT_ESTABLISHED	NOT_ESTABLISHED	NOT_ESTABLISHED	NOT_ESTABLISHED	NOT_ESTABLISHED	Unknown	NOT_ESTABLISHED	NOT_ESTABLISHED	n/a — passed	PHPUnit JUnit run 2026-08-12 (L1 only)	NOT_ESTABLISHED	NOT_ESTABLISHED	NOT_ESTABLISHED	NOT_ESTABLISHED
Tests\Unit\Domain\Election\Security\D6SovereigntyConvergenceTest::test_domain_objects_have_no_authority_flags	Tests\Unit\Domain\Election\Security\D6SovereigntyConvergenceTest	test_domain_objects_have_no_authority_flags	PASSED	5	0.000		Domain (structural)	Election Security	NOT_ESTABLISHED	NOT_ESTABLISHED	NOT_ESTABLISHED	NOT_ESTABLISHED	NOT_ESTABLISHED	NOT_ESTABLISHED	NOT_ESTABLISHED	NOT_ESTABLISHED	Unknown	NOT_ESTABLISHED	NOT_ESTABLISHED	n/a — passed	PHPUnit JUnit run 2026-08-12 (L1 only)	NOT_ESTABLISHED	NOT_ESTABLISHED	NOT_ESTABLISHED	NOT_ESTABLISHED
Tests\Unit\Domain\Election\Security\D6SovereigntyConvergenceTest::test_elevate_trust_with_sufficient_evidence	Tests\Unit\Domain\Election\Security\D6SovereigntyConvergenceTest	test_elevate_trust_with_sufficient_evidence	PASSED	2	0.000		Domain (structural)	Election Security	NOT_ESTABLISHED	NOT_ESTABLISHED	NOT_ESTABLISHED	NOT_ESTABLISHED	NOT_ESTABLISHED	NOT_ESTABLISHED	NOT_ESTABLISHED	NOT_ESTABLISHED	Unknown	NOT_ESTABLISHED	NOT_ESTABLISHED	n/a — passed	PHPUnit JUnit run 2026-08-12 (L1 only)	NOT_ESTABLISHED	NOT_ESTABLISHED	NOT_ESTABLISHED	NOT_ESTABLISHED
Tests\Unit\Domain\Election\Security\D6SovereigntyConvergenceTest::test_envelope_contains_event_recordable_data	Tests\Unit\Domain\Election\Security\D6SovereigntyConvergenceTest	test_envelope_contains_event_recordable_data	PASSED	4	0.000		Domain (structural)	Election Security	NOT_ESTABLISHED	NOT_ESTABLISHED	NOT_ESTABLISHED	NOT_ESTABLISHED	NOT_ESTABLISHED	NOT_ESTABLISHED	NOT_ESTABLISHED	NOT_ESTABLISHED	Unknown	NOT_ESTABLISHED	NOT_ESTABLISHED	n/a — passed	PHPUnit JUnit run 2026-08-12 (L1 only)	NOT_ESTABLISHED	NOT_ESTABLISHED	NOT_ESTABLISHED	NOT_ESTABLISHED
Tests\Unit\Domain\Election\Security\D6SovereigntyConvergenceTest::test_envelope_has_no_behavioral_methods	Tests\Unit\Domain\Election\Security\D6SovereigntyConvergenceTest	test_envelope_has_no_behavioral_methods	PASSED	1	0.000		Domain (structural)	Election Security	NOT_ESTABLISHED	NOT_ESTABLISHED	NOT_ESTABLISHED	NOT_ESTABLISHED	NOT_ESTABLISHED	NOT_ESTABLISHED	NOT_ESTABLISHED	NOT_ESTABLISHED	Unknown	NOT_ESTABLISHED	NOT_ESTABLISHED	n/a — passed	PHPUnit JUnit run 2026-08-12 (L1 only)	NOT_ESTABLISHED	NOT_ESTABLISHED	NOT_ESTABLISHED	NOT_ESTABLISHED
Tests\Unit\Domain\Election\Security\D6SovereigntyConvergenceTest::test_inconclusive_blocks_voting	Tests\Unit\Domain\Election\Security\D6SovereigntyConvergenceTest	test_inconclusive_blocks_voting	PASSED	1	0.000		Domain (structural)	Election Security	NOT_ESTABLISHED	NOT_ESTABLISHED	NOT_ESTABLISHED	NOT_ESTABLISHED	NOT_ESTABLISHED	NOT_ESTABLISHED	NOT_ESTABLISHED	NOT_ESTABLISHED	Unknown	NOT_ESTABLISHED	NOT_ESTABLISHED	n/a — passed	PHPUnit JUnit run 2026-08-12 (L1 only)	NOT_ESTABLISHED	NOT_ESTABLISHED	NOT_ESTABLISHED	NOT_ESTABLISHED
Tests\Unit\Domain\Election\Security\D6SovereigntyConvergenceTest::test_insufficient_evidence_denies_voting	Tests\Unit\Domain\Election\Security\D6SovereigntyConvergenceTest	test_insufficient_evidence_denies_voting	PASSED	1	0.000		Domain (structural)	Election Security	NOT_ESTABLISHED	NOT_ESTABLISHED	NOT_ESTABLISHED	NOT_ESTABLISHED	NOT_ESTABLISHED	NOT_ESTABLISHED	NOT_ESTABLISHED	NOT_ESTABLISHED	Unknown	NOT_ESTABLISHED	NOT_ESTABLISHED	n/a — passed	PHPUnit JUnit run 2026-08-12 (L1 only)	NOT_ESTABLISHED	NOT_ESTABLISHED	NOT_ESTABLISHED	NOT_ESTABLISHED
Tests\Unit\Domain\Election\Security\D6SovereigntyConvergenceTest::test_no_domain_object_returns_boolean	Tests\Unit\Domain\Election\Security\D6SovereigntyConvergenceTest	test_no_domain_object_returns_boolean	PASSED	1	0.000		Domain (structural)	Election Security	NOT_ESTABLISHED	NOT_ESTABLISHED	NOT_ESTABLISHED	NOT_ESTABLISHED	NOT_ESTABLISHED	NOT_ESTABLISHED	NOT_ESTABLISHED	NOT_ESTABLISHED	Unknown	NOT_ESTABLISHED	NOT_ESTABLISHED	n/a — passed	PHPUnit JUnit run 2026-08-12 (L1 only)	NOT_ESTABLISHED	NOT_ESTABLISHED	NOT_ESTABLISHED	NOT_ESTABLISHED
Tests\Unit\Domain\Election\Security\D6SovereigntyConvergenceTest::test_overlay_signal_has_no_instance_methods	Tests\Unit\Domain\Election\Security\D6SovereigntyConvergenceTest	test_overlay_signal_has_no_instance_methods	PASSED	1	0.000		Domain (structural)	Election Security	NOT_ESTABLISHED	NOT_ESTABLISHED	NOT_ESTABLISHED	NOT_ESTABLISHED	NOT_ESTABLISHED	NOT_ESTABLISHED	NOT_ESTABLISHED	NOT_ESTABLISHED	Unknown	NOT_ESTABLISHED	NOT_ESTABLISHED	n/a — passed	PHPUnit JUnit run 2026-08-12 (L1 only)	NOT_ESTABLISHED	NOT_ESTABLISHED	NOT_ESTABLISHED	NOT_ESTABLISHED
Tests\Unit\Domain\Election\Security\D6SovereigntyConvergenceTest::test_review_required_defers_to_constitutional_review	Tests\Unit\Domain\Election\Security\D6SovereigntyConvergenceTest	test_review_required_defers_to_constitutional_review	PASSED	2	0.000		Domain (structural)	Election Security	NOT_ESTABLISHED	NOT_ESTABLISHED	NOT_ESTABLISHED	NOT_ESTABLISHED	NOT_ESTABLISHED	NOT_ESTABLISHED	NOT_ESTABLISHED	NOT_ESTABLISHED	Unknown	NOT_ESTABLISHED	NOT_ESTABLISHED	n/a — passed	PHPUnit JUnit run 2026-08-12 (L1 only)	NOT_ESTABLISHED	NOT_ESTABLISHED	NOT_ESTABLISHED	NOT_ESTABLISHED
Tests\Unit\Domain\Election\Security\D6SovereigntyConvergenceTest::test_snapshot_has_no_behavioral_methods	Tests\Unit\Domain\Election\Security\D6SovereigntyConvergenceTest	test_snapshot_has_no_behavioral_methods	PASSED	1	0.000		Domain (structural)	Election Security	NOT_ESTABLISHED	NOT_ESTABLISHED	NOT_ESTABLISHED	NOT_ESTABLISHED	NOT_ESTABLISHED	NOT_ESTABLISHED	NOT_ESTABLISHED	NOT_ESTABLISHED	Unknown	NOT_ESTABLISHED	NOT_ESTABLISHED	n/a — passed	PHPUnit JUnit run 2026-08-12 (L1 only)	NOT_ESTABLISHED	NOT_ESTABLISHED	NOT_ESTABLISHED	NOT_ESTABLISHED
Tests\Unit\Domain\Election\Security\D6SovereigntyConvergenceTest::test_sufficient_evidence_allows_voting_in_resolver	Tests\Unit\Domain\Election\Security\D6SovereigntyConvergenceTest	test_sufficient_evidence_allows_voting_in_resolver	PASSED	2	0.000		Domain (structural)	Election Security	NOT_ESTABLISHED	NOT_ESTABLISHED	NOT_ESTABLISHED	NOT_ESTABLISHED	NOT_ESTABLISHED	NOT_ESTABLISHED	NOT_ESTABLISHED	NOT_ESTABLISHED	Unknown	NOT_ESTABLISHED	NOT_ESTABLISHED	n/a — passed	PHPUnit JUnit run 2026-08-12 (L1 only)	NOT_ESTABLISHED	NOT_ESTABLISHED	NOT_ESTABLISHED	NOT_ESTABLISHED
Tests\Unit\Domain\Election\Security\DeviceTrustContextTest::test_exact_match_satisfies_device_attestation	Tests\Unit\Domain\Election\Security\DeviceTrustContextTest	test_exact_match_satisfies_device_attestation	PASSED	1	0.000		Domain (structural)	Election Security	NOT_ESTABLISHED	NOT_ESTABLISHED	NOT_ESTABLISHED	NOT_ESTABLISHED	NOT_ESTABLISHED	NOT_ESTABLISHED	NOT_ESTABLISHED	NOT_ESTABLISHED	Unknown	NOT_ESTABLISHED	NOT_ESTABLISHED	n/a — passed	PHPUnit JUnit run 2026-08-12 (L1 only)	NOT_ESTABLISHED	NOT_ESTABLISHED	NOT_ESTABLISHED	NOT_ESTABLISHED
Tests\Unit\Domain\Election\Security\DeviceTrustContextTest::test_is_volatile_returns_false_for_stable	Tests\Unit\Domain\Election\Security\DeviceTrustContextTest	test_is_volatile_returns_false_for_stable	PASSED	1	0.000		Domain (structural)	Election Security	NOT_ESTABLISHED	NOT_ESTABLISHED	NOT_ESTABLISHED	NOT_ESTABLISHED	NOT_ESTABLISHED	NOT_ESTABLISHED	NOT_ESTABLISHED	NOT_ESTABLISHED	Unknown	NOT_ESTABLISHED	NOT_ESTABLISHED	n/a — passed	PHPUnit JUnit run 2026-08-12 (L1 only)	NOT_ESTABLISHED	NOT_ESTABLISHED	NOT_ESTABLISHED	NOT_ESTABLISHED
Tests\Unit\Domain\Election\Security\DeviceTrustContextTest::test_is_volatile_returns_true_for_volatile	Tests\Unit\Domain\Election\Security\DeviceTrustContextTest	test_is_volatile_returns_true_for_volatile	PASSED	1	0.000		Domain (structural)	Election Security	NOT_ESTABLISHED	NOT_ESTABLISHED	NOT_ESTABLISHED	NOT_ESTABLISHED	NOT_ESTABLISHED	NOT_ESTABLISHED	NOT_ESTABLISHED	NOT_ESTABLISHED	Unknown	NOT_ESTABLISHED	NOT_ESTABLISHED	n/a — passed	PHPUnit JUnit run 2026-08-12 (L1 only)	NOT_ESTABLISHED	NOT_ESTABLISHED	NOT_ESTABLISHED	NOT_ESTABLISHED
Tests\Unit\Domain\Election\Security\DeviceTrustContextTest::test_no_match_does_not_satisfy_device_attestation	Tests\Unit\Domain\Election\Security\DeviceTrustContextTest	test_no_match_does_not_satisfy_device_attestation	PASSED	1	0.000		Domain (structural)	Election Security	NOT_ESTABLISHED	NOT_ESTABLISHED	NOT_ESTABLISHED	NOT_ESTABLISHED	NOT_ESTABLISHED	NOT_ESTABLISHED	NOT_ESTABLISHED	NOT_ESTABLISHED	Unknown	NOT_ESTABLISHED	NOT_ESTABLISHED	n/a — passed	PHPUnit JUnit run 2026-08-12 (L1 only)	NOT_ESTABLISHED	NOT_ESTABLISHED	NOT_ESTABLISHED	NOT_ESTABLISHED
Tests\Unit\Domain\Election\Security\DeviceTrustContextTest::test_not_required_satisfies_device_attestation	Tests\Unit\Domain\Election\Security\DeviceTrustContextTest	test_not_required_satisfies_device_attestation	PASSED	1	0.000		Domain (structural)	Election Security	NOT_ESTABLISHED	NOT_ESTABLISHED	NOT_ESTABLISHED	NOT_ESTABLISHED	NOT_ESTABLISHED	NOT_ESTABLISHED	NOT_ESTABLISHED	NOT_ESTABLISHED	Unknown	NOT_ESTABLISHED	NOT_ESTABLISHED	n/a — passed	PHPUnit JUnit run 2026-08-12 (L1 only)	NOT_ESTABLISHED	NOT_ESTABLISHED	NOT_ESTABLISHED	NOT_ESTABLISHED
Tests\Unit\Domain\Election\Security\DivergenceSeverityTest::test_blocks_transfer with data set "Critical blocks"	Tests\Unit\Domain\Election\Security\DivergenceSeverityTest	test_blocks_transfer with data set "Critical blocks"	PASSED	1	0.000		Domain (structural)	Election Security	NOT_ESTABLISHED	NOT_ESTABLISHED	NOT_ESTABLISHED	NOT_ESTABLISHED	NOT_ESTABLISHED	NOT_ESTABLISHED	NOT_ESTABLISHED	NOT_ESTABLISHED	Unknown	NOT_ESTABLISHED	NOT_ESTABLISHED	n/a — passed	PHPUnit JUnit run 2026-08-12 (L1 only)	NOT_ESTABLISHED	NOT_ESTABLISHED	NOT_ESTABLISHED	NOT_ESTABLISHED
Tests\Unit\Domain\Election\Security\DivergenceSeverityTest::test_blocks_transfer with data set "Existential blocks"	Tests\Unit\Domain\Election\Security\DivergenceSeverityTest	test_blocks_transfer with data set "Existential blocks"	PASSED	1	0.000		Domain (structural)	Election Security	NOT_ESTABLISHED	NOT_ESTABLISHED	NOT_ESTABLISHED	NOT_ESTABLISHED	NOT_ESTABLISHED	NOT_ESTABLISHED	NOT_ESTABLISHED	NOT_ESTABLISHED	Unknown	NOT_ESTABLISHED	NOT_ESTABLISHED	n/a — passed	PHPUnit JUnit run 2026-08-12 (L1 only)	NOT_ESTABLISHED	NOT_ESTABLISHED	NOT_ESTABLISHED	NOT_ESTABLISHED
Tests\Unit\Domain\Election\Security\DivergenceSeverityTest::test_blocks_transfer with data set "High does not block"	Tests\Unit\Domain\Election\Security\DivergenceSeverityTest	test_blocks_transfer with data set "High does not block"	PASSED	1	0.000		Domain (structural)	Election Security	NOT_ESTABLISHED	NOT_ESTABLISHED	NOT_ESTABLISHED	NOT_ESTABLISHED	NOT_ESTABLISHED	NOT_ESTABLISHED	NOT_ESTABLISHED	NOT_ESTABLISHED	Unknown	NOT_ESTABLISHED	NOT_ESTABLISHED	n/a — passed	PHPUnit JUnit run 2026-08-12 (L1 only)	NOT_ESTABLISHED	NOT_ESTABLISHED	NOT_ESTABLISHED	NOT_ESTABLISHED
Tests\Unit\Domain\Election\Security\DivergenceSeverityTest::test_blocks_transfer with data set "Info does not block"	Tests\Unit\Domain\Election\Security\DivergenceSeverityTest	test_blocks_transfer with data set "Info does not block"	PASSED	1	0.000		Domain (structural)	Election Security	NOT_ESTABLISHED	NOT_ESTABLISHED	NOT_ESTABLISHED	NOT_ESTABLISHED	NOT_ESTABLISHED	NOT_ESTABLISHED	NOT_ESTABLISHED	NOT_ESTABLISHED	Unknown	NOT_ESTABLISHED	NOT_ESTABLISHED	n/a — passed	PHPUnit JUnit run 2026-08-12 (L1 only)	NOT_ESTABLISHED	NOT_ESTABLISHED	NOT_ESTABLISHED	NOT_ESTABLISHED
Tests\Unit\Domain\Election\Security\DivergenceSeverityTest::test_blocks_transfer with data set "Warning does not block"	Tests\Unit\Domain\Election\Security\DivergenceSeverityTest	test_blocks_transfer with data set "Warning does not block"	PASSED	1	0.000		Domain (structural)	Election Security	NOT_ESTABLISHED	NOT_ESTABLISHED	NOT_ESTABLISHED	NOT_ESTABLISHED	NOT_ESTABLISHED	NOT_ESTABLISHED	NOT_ESTABLISHED	NOT_ESTABLISHED	Unknown	NOT_ESTABLISHED	NOT_ESTABLISHED	n/a — passed	PHPUnit JUnit run 2026-08-12 (L1 only)	NOT_ESTABLISHED	NOT_ESTABLISHED	NOT_ESTABLISHED	NOT_ESTABLISHED
Tests\Unit\Domain\Election\Security\DivergenceSeverityTest::test_critical_and_existential_are_only_blockers	Tests\Unit\Domain\Election\Security\DivergenceSeverityTest	test_critical_and_existential_are_only_blockers	PASSED	5	0.000		Domain (structural)	Election Security	NOT_ESTABLISHED	NOT_ESTABLISHED	NOT_ESTABLISHED	NOT_ESTABLISHED	NOT_ESTABLISHED	NOT_ESTABLISHED	NOT_ESTABLISHED	NOT_ESTABLISHED	Unknown	NOT_ESTABLISHED	NOT_ESTABLISHED	n/a — passed	PHPUnit JUnit run 2026-08-12 (L1 only)	NOT_ESTABLISHED	NOT_ESTABLISHED	NOT_ESTABLISHED	NOT_ESTABLISHED
Tests\Unit\Domain\Election\Security\DivergenceSeverityTest::test_from_divergence with data set "ConstitutionalUncertainty is High"	Tests\Unit\Domain\Election\Security\DivergenceSeverityTest	test_from_divergence with data set "ConstitutionalUncertainty is High"	PASSED	1	0.000		Domain (structural)	Election Security	NOT_ESTABLISHED	NOT_ESTABLISHED	NOT_ESTABLISHED	NOT_ESTABLISHED	NOT_ESTABLISHED	NOT_ESTABLISHED	NOT_ESTABLISHED	NOT_ESTABLISHED	Unknown	NOT_ESTABLISHED	NOT_ESTABLISHED	n/a — passed	PHPUnit JUnit run 2026-08-12 (L1 only)	NOT_ESTABLISHED	NOT_ESTABLISHED	NOT_ESTABLISHED	NOT_ESTABLISHED
Tests\Unit\Domain\Election\Security\DivergenceSeverityTest::test_from_divergence with data set "Exposure is High"	Tests\Unit\Domain\Election\Security\DivergenceSeverityTest	test_from_divergence with data set "Exposure is High"	PASSED	1	0.000		Domain (structural)	Election Security	NOT_ESTABLISHED	NOT_ESTABLISHED	NOT_ESTABLISHED	NOT_ESTABLISHED	NOT_ESTABLISHED	NOT_ESTABLISHED	NOT_ESTABLISHED	NOT_ESTABLISHED	Unknown	NOT_ESTABLISHED	NOT_ESTABLISHED	n/a — passed	PHPUnit JUnit run 2026-08-12 (L1 only)	NOT_ESTABLISHED	NOT_ESTABLISHED	NOT_ESTABLISHED	NOT_ESTABLISHED
Tests\Unit\Domain\Election\Security\DivergenceSeverityTest::test_from_divergence with data set "LineageMismatch is Warning"	Tests\Unit\Domain\Election\Security\DivergenceSeverityTest	test_from_divergence with data set "LineageMismatch is Warning"	PASSED	1	0.000		Domain (structural)	Election Security	NOT_ESTABLISHED	NOT_ESTABLISHED	NOT_ESTABLISHED	NOT_ESTABLISHED	NOT_ESTABLISHED	NOT_ESTABLISHED	NOT_ESTABLISHED	NOT_ESTABLISHED	Unknown	NOT_ESTABLISHED	NOT_ESTABLISHED	n/a — passed	PHPUnit JUnit run 2026-08-12 (L1 only)	NOT_ESTABLISHED	NOT_ESTABLISHED	NOT_ESTABLISHED	NOT_ESTABLISHED
Tests\Unit\Domain\Election\Security\DivergenceSeverityTest::test_from_divergence with data set "ProceduralOverreach is Critical"	Tests\Unit\Domain\Election\Security\DivergenceSeverityTest	test_from_divergence with data set "ProceduralOverreach is Critical"	PASSED	1	0.000		Domain (structural)	Election Security	NOT_ESTABLISHED	NOT_ESTABLISHED	NOT_ESTABLISHED	NOT_ESTABLISHED	NOT_ESTABLISHED	NOT_ESTABLISHED	NOT_ESTABLISHED	NOT_ESTABLISHED	Unknown	NOT_ESTABLISHED	NOT_ESTABLISHED	n/a — passed	PHPUnit JUnit run 2026-08-12 (L1 only)	NOT_ESTABLISHED	NOT_ESTABLISHED	NOT_ESTABLISHED	NOT_ESTABLISHED
Tests\Unit\Domain\Election\Security\DivergenceSeverityTest::test_from_divergence with data set "SovereigntyLeak is Critical"	Tests\Unit\Domain\Election\Security\DivergenceSeverityTest	test_from_divergence with data set "SovereigntyLeak is Critical"	PASSED	1	0.000		Domain (structural)	Election Security	NOT_ESTABLISHED	NOT_ESTABLISHED	NOT_ESTABLISHED	NOT_ESTABLISHED	NOT_ESTABLISHED	NOT_ESTABLISHED	NOT_ESTABLISHED	NOT_ESTABLISHED	Unknown	NOT_ESTABLISHED	NOT_ESTABLISHED	n/a — passed	PHPUnit JUnit run 2026-08-12 (L1 only)	NOT_ESTABLISHED	NOT_ESTABLISHED	NOT_ESTABLISHED	NOT_ESTABLISHED
Tests\Unit\Domain\Election\Security\DivergenceSeverityTest::test_from_divergence with data set "TopologyMismatch is Info"	Tests\Unit\Domain\Election\Security\DivergenceSeverityTest	test_from_divergence with data set "TopologyMismatch is Info"	PASSED	1	0.000		Domain (structural)	Election Security	NOT_ESTABLISHED	NOT_ESTABLISHED	NOT_ESTABLISHED	NOT_ESTABLISHED	NOT_ESTABLISHED	NOT_ESTABLISHED	NOT_ESTABLISHED	NOT_ESTABLISHED	Unknown	NOT_ESTABLISHED	NOT_ESTABLISHED	n/a — passed	PHPUnit JUnit run 2026-08-12 (L1 only)	NOT_ESTABLISHED	NOT_ESTABLISHED	NOT_ESTABLISHED	NOT_ESTABLISHED
Tests\Unit\Domain\Election\Security\DivergenceSeverityTest::test_from_divergence_defaults_to_warning_for_unknown_type	Tests\Unit\Domain\Election\Security\DivergenceSeverityTest	test_from_divergence_defaults_to_warning_for_unknown_type	PASSED	1	0.000		Domain (structural)	Election Security	NOT_ESTABLISHED	NOT_ESTABLISHED	NOT_ESTABLISHED	NOT_ESTABLISHED	NOT_ESTABLISHED	NOT_ESTABLISHED	NOT_ESTABLISHED	NOT_ESTABLISHED	Unknown	NOT_ESTABLISHED	NOT_ESTABLISHED	n/a — passed	PHPUnit JUnit run 2026-08-12 (L1 only)	NOT_ESTABLISHED	NOT_ESTABLISHED	NOT_ESTABLISHED	NOT_ESTABLISHED
Tests\Unit\Domain\Election\Security\DivergenceSeverityTest::test_has_five_levels	Tests\Unit\Domain\Election\Security\DivergenceSeverityTest	test_has_five_levels	PASSED	1	0.000		Domain (structural)	Election Security	NOT_ESTABLISHED	NOT_ESTABLISHED	NOT_ESTABLISHED	NOT_ESTABLISHED	NOT_ESTABLISHED	NOT_ESTABLISHED	NOT_ESTABLISHED	NOT_ESTABLISHED	Unknown	NOT_ESTABLISHED	NOT_ESTABLISHED	n/a — passed	PHPUnit JUnit run 2026-08-12 (L1 only)	NOT_ESTABLISHED	NOT_ESTABLISHED	NOT_ESTABLISHED	NOT_ESTABLISHED
Tests\Unit\Domain\Election\Security\DivergenceSeverityTest::test_has_no_behavioral_methods_beyond_value_methods	Tests\Unit\Domain\Election\Security\DivergenceSeverityTest	test_has_no_behavioral_methods_beyond_value_methods	PASSED	1	0.000		Domain (structural)	Election Security	NOT_ESTABLISHED	NOT_ESTABLISHED	NOT_ESTABLISHED	NOT_ESTABLISHED	NOT_ESTABLISHED	NOT_ESTABLISHED	NOT_ESTABLISHED	NOT_ESTABLISHED	Unknown	NOT_ESTABLISHED	NOT_ESTABLISHED	n/a — passed	PHPUnit JUnit run 2026-08-12 (L1 only)	NOT_ESTABLISHED	NOT_ESTABLISHED	NOT_ESTABLISHED	NOT_ESTABLISHED
Tests\Unit\Domain\Election\Security\DivergenceSeverityTest::test_high_critical_existential_require_investigation	Tests\Unit\Domain\Election\Security\DivergenceSeverityTest	test_high_critical_existential_require_investigation	PASSED	5	0.000		Domain (structural)	Election Security	NOT_ESTABLISHED	NOT_ESTABLISHED	NOT_ESTABLISHED	NOT_ESTABLISHED	NOT_ESTABLISHED	NOT_ESTABLISHED	NOT_ESTABLISHED	NOT_ESTABLISHED	Unknown	NOT_ESTABLISHED	NOT_ESTABLISHED	n/a — passed	PHPUnit JUnit run 2026-08-12 (L1 only)	NOT_ESTABLISHED	NOT_ESTABLISHED	NOT_ESTABLISHED	NOT_ESTABLISHED
Tests\Unit\Domain\Election\Security\DivergenceSeverityTest::test_requires_investigation with data set "Critical requires investigation"	Tests\Unit\Domain\Election\Security\DivergenceSeverityTest	test_requires_investigation with data set "Critical requires investigation"	PASSED	1	0.000		Domain (structural)	Election Security	NOT_ESTABLISHED	NOT_ESTABLISHED	NOT_ESTABLISHED	NOT_ESTABLISHED	NOT_ESTABLISHED	NOT_ESTABLISHED	NOT_ESTABLISHED	NOT_ESTABLISHED	Unknown	NOT_ESTABLISHED	NOT_ESTABLISHED	n/a — passed	PHPUnit JUnit run 2026-08-12 (L1 only)	NOT_ESTABLISHED	NOT_ESTABLISHED	NOT_ESTABLISHED	NOT_ESTABLISHED
Tests\Unit\Domain\Election\Security\DivergenceSeverityTest::test_requires_investigation with data set "Existential requires investigation"	Tests\Unit\Domain\Election\Security\DivergenceSeverityTest	test_requires_investigation with data set "Existential requires investigation"	PASSED	1	0.000		Domain (structural)	Election Security	NOT_ESTABLISHED	NOT_ESTABLISHED	NOT_ESTABLISHED	NOT_ESTABLISHED	NOT_ESTABLISHED	NOT_ESTABLISHED	NOT_ESTABLISHED	NOT_ESTABLISHED	Unknown	NOT_ESTABLISHED	NOT_ESTABLISHED	n/a — passed	PHPUnit JUnit run 2026-08-12 (L1 only)	NOT_ESTABLISHED	NOT_ESTABLISHED	NOT_ESTABLISHED	NOT_ESTABLISHED
Tests\Unit\Domain\Election\Security\DivergenceSeverityTest::test_requires_investigation with data set "High requires investigation"	Tests\Unit\Domain\Election\Security\DivergenceSeverityTest	test_requires_investigation with data set "High requires investigation"	PASSED	1	0.000		Domain (structural)	Election Security	NOT_ESTABLISHED	NOT_ESTABLISHED	NOT_ESTABLISHED	NOT_ESTABLISHED	NOT_ESTABLISHED	NOT_ESTABLISHED	NOT_ESTABLISHED	NOT_ESTABLISHED	Unknown	NOT_ESTABLISHED	NOT_ESTABLISHED	n/a — passed	PHPUnit JUnit run 2026-08-12 (L1 only)	NOT_ESTABLISHED	NOT_ESTABLISHED	NOT_ESTABLISHED	NOT_ESTABLISHED
Tests\Unit\Domain\Election\Security\DivergenceSeverityTest::test_requires_investigation with data set "Info does not require investigation"	Tests\Unit\Domain\Election\Security\DivergenceSeverityTest	test_requires_investigation with data set "Info does not require investigation"	PASSED	1	0.000		Domain (structural)	Election Security	NOT_ESTABLISHED	NOT_ESTABLISHED	NOT_ESTABLISHED	NOT_ESTABLISHED	NOT_ESTABLISHED	NOT_ESTABLISHED	NOT_ESTABLISHED	NOT_ESTABLISHED	Unknown	NOT_ESTABLISHED	NOT_ESTABLISHED	n/a — passed	PHPUnit JUnit run 2026-08-12 (L1 only)	NOT_ESTABLISHED	NOT_ESTABLISHED	NOT_ESTABLISHED	NOT_ESTABLISHED
Tests\Unit\Domain\Election\Security\DivergenceSeverityTest::test_requires_investigation with data set "Warning does not require investigation"	Tests\Unit\Domain\Election\Security\DivergenceSeverityTest	test_requires_investigation with data set "Warning does not require investigation"	PASSED	1	0.000		Domain (structural)	Election Security	NOT_ESTABLISHED	NOT_ESTABLISHED	NOT_ESTABLISHED	NOT_ESTABLISHED	NOT_ESTABLISHED	NOT_ESTABLISHED	NOT_ESTABLISHED	NOT_ESTABLISHED	Unknown	NOT_ESTABLISHED	NOT_ESTABLISHED	n/a — passed	PHPUnit JUnit run 2026-08-12 (L1 only)	NOT_ESTABLISHED	NOT_ESTABLISHED	NOT_ESTABLISHED	NOT_ESTABLISHED
Tests\Unit\Domain\Election\Security\DivergenceSeverityTest::test_string_values	Tests\Unit\Domain\Election\Security\DivergenceSeverityTest	test_string_values	PASSED	5	0.000		Domain (structural)	Election Security	NOT_ESTABLISHED	NOT_ESTABLISHED	NOT_ESTABLISHED	NOT_ESTABLISHED	NOT_ESTABLISHED	NOT_ESTABLISHED	NOT_ESTABLISHED	NOT_ESTABLISHED	Unknown	NOT_ESTABLISHED	NOT_ESTABLISHED	n/a — passed	PHPUnit JUnit run 2026-08-12 (L1 only)	NOT_ESTABLISHED	NOT_ESTABLISHED	NOT_ESTABLISHED	NOT_ESTABLISHED
Tests\Unit\Domain\Election\Security\DivergenceTypeTest::test_all_outcome_pairs_classify_without_exception	Tests\Unit\Domain\Election\Security\DivergenceTypeTest	test_all_outcome_pairs_classify_without_exception	PASSED	17	0.000		Domain (structural)	Election Security	NOT_ESTABLISHED	NOT_ESTABLISHED	NOT_ESTABLISHED	NOT_ESTABLISHED	NOT_ESTABLISHED	NOT_ESTABLISHED	NOT_ESTABLISHED	NOT_ESTABLISHED	Unknown	NOT_ESTABLISHED	NOT_ESTABLISHED	n/a — passed	PHPUnit JUnit run 2026-08-12 (L1 only)	NOT_ESTABLISHED	NOT_ESTABLISHED	NOT_ESTABLISHED	NOT_ESTABLISHED
Tests\Unit\Domain\Election\Security\DivergenceTypeTest::test_classify_constitutional_uncertainty	Tests\Unit\Domain\Election\Security\DivergenceTypeTest	test_classify_constitutional_uncertainty	PASSED	1	0.000		Domain (structural)	Election Security	NOT_ESTABLISHED	NOT_ESTABLISHED	NOT_ESTABLISHED	NOT_ESTABLISHED	NOT_ESTABLISHED	NOT_ESTABLISHED	NOT_ESTABLISHED	NOT_ESTABLISHED	Unknown	NOT_ESTABLISHED	NOT_ESTABLISHED	n/a — passed	PHPUnit JUnit run 2026-08-12 (L1 only)	NOT_ESTABLISHED	NOT_ESTABLISHED	NOT_ESTABLISHED	NOT_ESTABLISHED
Tests\Unit\Domain\Election\Security\DivergenceTypeTest::test_classify_deferred_with_allowed_legacy	Tests\Unit\Domain\Election\Security\DivergenceTypeTest	test_classify_deferred_with_allowed_legacy	PASSED	1	0.000		Domain (structural)	Election Security	NOT_ESTABLISHED	NOT_ESTABLISHED	NOT_ESTABLISHED	NOT_ESTABLISHED	NOT_ESTABLISHED	NOT_ESTABLISHED	NOT_ESTABLISHED	NOT_ESTABLISHED	Unknown	NOT_ESTABLISHED	NOT_ESTABLISHED	n/a — passed	PHPUnit JUnit run 2026-08-12 (L1 only)	NOT_ESTABLISHED	NOT_ESTABLISHED	NOT_ESTABLISHED	NOT_ESTABLISHED
Tests\Unit\Domain\Election\Security\DivergenceTypeTest::test_classify_exposure	Tests\Unit\Domain\Election\Security\DivergenceTypeTest	test_classify_exposure	PASSED	1	0.000		Domain (structural)	Election Security	NOT_ESTABLISHED	NOT_ESTABLISHED	NOT_ESTABLISHED	NOT_ESTABLISHED	NOT_ESTABLISHED	NOT_ESTABLISHED	NOT_ESTABLISHED	NOT_ESTABLISHED	Unknown	NOT_ESTABLISHED	NOT_ESTABLISHED	n/a — passed	PHPUnit JUnit run 2026-08-12 (L1 only)	NOT_ESTABLISHED	NOT_ESTABLISHED	NOT_ESTABLISHED	NOT_ESTABLISHED
Tests\Unit\Domain\Election\Security\DivergenceTypeTest::test_classify_investigate_with_denied_legacy	Tests\Unit\Domain\Election\Security\DivergenceTypeTest	test_classify_investigate_with_denied_legacy	PASSED	1	0.000		Domain (structural)	Election Security	NOT_ESTABLISHED	NOT_ESTABLISHED	NOT_ESTABLISHED	NOT_ESTABLISHED	NOT_ESTABLISHED	NOT_ESTABLISHED	NOT_ESTABLISHED	NOT_ESTABLISHED	Unknown	NOT_ESTABLISHED	NOT_ESTABLISHED	n/a — passed	PHPUnit JUnit run 2026-08-12 (L1 only)	NOT_ESTABLISHED	NOT_ESTABLISHED	NOT_ESTABLISHED	NOT_ESTABLISHED
Tests\Unit\Domain\Election\Security\DivergenceTypeTest::test_classify_lineage_mismatch	Tests\Unit\Domain\Election\Security\DivergenceTypeTest	test_classify_lineage_mismatch	PASSED	1	0.000		Domain (structural)	Election Security	NOT_ESTABLISHED	NOT_ESTABLISHED	NOT_ESTABLISHED	NOT_ESTABLISHED	NOT_ESTABLISHED	NOT_ESTABLISHED	NOT_ESTABLISHED	NOT_ESTABLISHED	Unknown	NOT_ESTABLISHED	NOT_ESTABLISHED	n/a — passed	PHPUnit JUnit run 2026-08-12 (L1 only)	NOT_ESTABLISHED	NOT_ESTABLISHED	NOT_ESTABLISHED	NOT_ESTABLISHED
Tests\Unit\Domain\Election\Security\DivergenceTypeTest::test_classify_procedural_overreach	Tests\Unit\Domain\Election\Security\DivergenceTypeTest	test_classify_procedural_overreach	PASSED	1	0.000		Domain (structural)	Election Security	NOT_ESTABLISHED	NOT_ESTABLISHED	NOT_ESTABLISHED	NOT_ESTABLISHED	NOT_ESTABLISHED	NOT_ESTABLISHED	NOT_ESTABLISHED	NOT_ESTABLISHED	Unknown	NOT_ESTABLISHED	NOT_ESTABLISHED	n/a — passed	PHPUnit JUnit run 2026-08-12 (L1 only)	NOT_ESTABLISHED	NOT_ESTABLISHED	NOT_ESTABLISHED	NOT_ESTABLISHED
Tests\Unit\Domain\Election\Security\DivergenceTypeTest::test_classify_sovereignty_leak	Tests\Unit\Domain\Election\Security\DivergenceTypeTest	test_classify_sovereignty_leak	PASSED	1	0.000		Domain (structural)	Election Security	NOT_ESTABLISHED	NOT_ESTABLISHED	NOT_ESTABLISHED	NOT_ESTABLISHED	NOT_ESTABLISHED	NOT_ESTABLISHED	NOT_ESTABLISHED	NOT_ESTABLISHED	Unknown	NOT_ESTABLISHED	NOT_ESTABLISHED	n/a — passed	PHPUnit JUnit run 2026-08-12 (L1 only)	NOT_ESTABLISHED	NOT_ESTABLISHED	NOT_ESTABLISHED	NOT_ESTABLISHED
Tests\Unit\Domain\Election\Security\DivergenceTypeTest::test_classify_topology_mismatch	Tests\Unit\Domain\Election\Security\DivergenceTypeTest	test_classify_topology_mismatch	PASSED	1	0.000		Domain (structural)	Election Security	NOT_ESTABLISHED	NOT_ESTABLISHED	NOT_ESTABLISHED	NOT_ESTABLISHED	NOT_ESTABLISHED	NOT_ESTABLISHED	NOT_ESTABLISHED	NOT_ESTABLISHED	Unknown	NOT_ESTABLISHED	NOT_ESTABLISHED	n/a — passed	PHPUnit JUnit run 2026-08-12 (L1 only)	NOT_ESTABLISHED	NOT_ESTABLISHED	NOT_ESTABLISHED	NOT_ESTABLISHED
Tests\Unit\Domain\Election\Security\DivergenceTypeTest::test_has_no_behavioral_methods_beyond_classify	Tests\Unit\Domain\Election\Security\DivergenceTypeTest	test_has_no_behavioral_methods_beyond_classify	PASSED	1	0.000		Domain (structural)	Election Security	NOT_ESTABLISHED	NOT_ESTABLISHED	NOT_ESTABLISHED	NOT_ESTABLISHED	NOT_ESTABLISHED	NOT_ESTABLISHED	NOT_ESTABLISHED	NOT_ESTABLISHED	Unknown	NOT_ESTABLISHED	NOT_ESTABLISHED	n/a — passed	PHPUnit JUnit run 2026-08-12 (L1 only)	NOT_ESTABLISHED	NOT_ESTABLISHED	NOT_ESTABLISHED	NOT_ESTABLISHED
Tests\Unit\Domain\Election\Security\DivergenceTypeTest::test_has_six_types	Tests\Unit\Domain\Election\Security\DivergenceTypeTest	test_has_six_types	PASSED	1	0.000		Domain (structural)	Election Security	NOT_ESTABLISHED	NOT_ESTABLISHED	NOT_ESTABLISHED	NOT_ESTABLISHED	NOT_ESTABLISHED	NOT_ESTABLISHED	NOT_ESTABLISHED	NOT_ESTABLISHED	Unknown	NOT_ESTABLISHED	NOT_ESTABLISHED	n/a — passed	PHPUnit JUnit run 2026-08-12 (L1 only)	NOT_ESTABLISHED	NOT_ESTABLISHED	NOT_ESTABLISHED	NOT_ESTABLISHED
Tests\Unit\Domain\Election\Security\DivergenceTypeTest::test_string_values	Tests\Unit\Domain\Election\Security\DivergenceTypeTest	test_string_values	PASSED	6	0.000		Domain (structural)	Election Security	NOT_ESTABLISHED	NOT_ESTABLISHED	NOT_ESTABLISHED	NOT_ESTABLISHED	NOT_ESTABLISHED	NOT_ESTABLISHED	NOT_ESTABLISHED	NOT_ESTABLISHED	Unknown	NOT_ESTABLISHED	NOT_ESTABLISHED	n/a — passed	PHPUnit JUnit run 2026-08-12 (L1 only)	NOT_ESTABLISHED	NOT_ESTABLISHED	NOT_ESTABLISHED	NOT_ESTABLISHED
Tests\Unit\Domain\Election\Security\ElectionSecurityEventTest::test_event_is_immutable	Tests\Unit\Domain\Election\Security\ElectionSecurityEventTest	test_event_is_immutable	PASSED	2	0.000		Domain (structural)	Election Security	NOT_ESTABLISHED	NOT_ESTABLISHED	NOT_ESTABLISHED	NOT_ESTABLISHED	NOT_ESTABLISHED	NOT_ESTABLISHED	NOT_ESTABLISHED	NOT_ESTABLISHED	Unknown	NOT_ESTABLISHED	NOT_ESTABLISHED	n/a — passed	PHPUnit JUnit run 2026-08-12 (L1 only)	NOT_ESTABLISHED	NOT_ESTABLISHED	NOT_ESTABLISHED	NOT_ESTABLISHED
Tests\Unit\Domain\Election\Security\ElectionSecurityEventTest::test_event_preserves_causality_chain	Tests\Unit\Domain\Election\Security\ElectionSecurityEventTest	test_event_preserves_causality_chain	PASSED	2	0.000		Domain (structural)	Election Security	NOT_ESTABLISHED	NOT_ESTABLISHED	NOT_ESTABLISHED	NOT_ESTABLISHED	NOT_ESTABLISHED	NOT_ESTABLISHED	NOT_ESTABLISHED	NOT_ESTABLISHED	Unknown	NOT_ESTABLISHED	NOT_ESTABLISHED	n/a — passed	PHPUnit JUnit run 2026-08-12 (L1 only)	NOT_ESTABLISHED	NOT_ESTABLISHED	NOT_ESTABLISHED	NOT_ESTABLISHED
Tests\Unit\Domain\Election\Security\ElectionSecurityEventTest::test_event_preserves_trust_levels	Tests\Unit\Domain\Election\Security\ElectionSecurityEventTest	test_event_preserves_trust_levels	PASSED	2	0.000		Domain (structural)	Election Security	NOT_ESTABLISHED	NOT_ESTABLISHED	NOT_ESTABLISHED	NOT_ESTABLISHED	NOT_ESTABLISHED	NOT_ESTABLISHED	NOT_ESTABLISHED	NOT_ESTABLISHED	Unknown	NOT_ESTABLISHED	NOT_ESTABLISHED	n/a — passed	PHPUnit JUnit run 2026-08-12 (L1 only)	NOT_ESTABLISHED	NOT_ESTABLISHED	NOT_ESTABLISHED	NOT_ESTABLISHED
Tests\Unit\Domain\Election\Security\ElectionSecurityEventTest::test_event_recorded_at_is_immutable	Tests\Unit\Domain\Election\Security\ElectionSecurityEventTest	test_event_recorded_at_is_immutable	PASSED	1	0.000		Domain (structural)	Election Security	NOT_ESTABLISHED	NOT_ESTABLISHED	NOT_ESTABLISHED	NOT_ESTABLISHED	NOT_ESTABLISHED	NOT_ESTABLISHED	NOT_ESTABLISHED	NOT_ESTABLISHED	Unknown	NOT_ESTABLISHED	NOT_ESTABLISHED	n/a — passed	PHPUnit JUnit run 2026-08-12 (L1 only)	NOT_ESTABLISHED	NOT_ESTABLISHED	NOT_ESTABLISHED	NOT_ESTABLISHED
Tests\Unit\Domain\Election\Security\ElectionSecurityEventTest::test_replay_rejected_event_type	Tests\Unit\Domain\Election\Security\ElectionSecurityEventTest	test_replay_rejected_event_type	PASSED	1	0.000		Domain (structural)	Election Security	NOT_ESTABLISHED	NOT_ESTABLISHED	NOT_ESTABLISHED	NOT_ESTABLISHED	NOT_ESTABLISHED	NOT_ESTABLISHED	NOT_ESTABLISHED	NOT_ESTABLISHED	Unknown	NOT_ESTABLISHED	NOT_ESTABLISHED	n/a — passed	PHPUnit JUnit run 2026-08-12 (L1 only)	NOT_ESTABLISHED	NOT_ESTABLISHED	NOT_ESTABLISHED	NOT_ESTABLISHED
Tests\Unit\Domain\Election\Security\Event\MigrationAndObservationalEventsTest::test_constitutional_fallback_activated_carries_rollback_context	Tests\Unit\Domain\Election\Security\Event\MigrationAndObservationalEventsTest	test_constitutional_fallback_activated_carries_rollback_context	PASSED	3	0.000		Domain (structural)	Election Security — events	NOT_ESTABLISHED	NOT_ESTABLISHED	NOT_ESTABLISHED	NOT_ESTABLISHED	NOT_ESTABLISHED	NOT_ESTABLISHED	NOT_ESTABLISHED	NOT_ESTABLISHED	Unknown	NOT_ESTABLISHED	NOT_ESTABLISHED	n/a — passed	PHPUnit JUnit run 2026-08-12 (L1 only)	NOT_ESTABLISHED	NOT_ESTABLISHED	NOT_ESTABLISHED	NOT_ESTABLISHED
Tests\Unit\Domain\Election\Security\Event\MigrationAndObservationalEventsTest::test_divergence_observed_is_non_authoritative	Tests\Unit\Domain\Election\Security\Event\MigrationAndObservationalEventsTest	test_divergence_observed_is_non_authoritative	PASSED	3	0.000		Domain (structural)	Election Security — events	NOT_ESTABLISHED	NOT_ESTABLISHED	NOT_ESTABLISHED	NOT_ESTABLISHED	NOT_ESTABLISHED	NOT_ESTABLISHED	NOT_ESTABLISHED	NOT_ESTABLISHED	Unknown	NOT_ESTABLISHED	NOT_ESTABLISHED	n/a — passed	PHPUnit JUnit run 2026-08-12 (L1 only)	NOT_ESTABLISHED	NOT_ESTABLISHED	NOT_ESTABLISHED	NOT_ESTABLISHED
Tests\Unit\Domain\Election\Security\Event\MigrationAndObservationalEventsTest::test_observation_recorded_has_no_authority_semantics	Tests\Unit\Domain\Election\Security\Event\MigrationAndObservationalEventsTest	test_observation_recorded_has_no_authority_semantics	PASSED	6	0.000		Domain (structural)	Election Security — events	NOT_ESTABLISHED	NOT_ESTABLISHED	NOT_ESTABLISHED	NOT_ESTABLISHED	NOT_ESTABLISHED	NOT_ESTABLISHED	NOT_ESTABLISHED	NOT_ESTABLISHED	Unknown	NOT_ESTABLISHED	NOT_ESTABLISHED	n/a — passed	PHPUnit JUnit run 2026-08-12 (L1 only)	NOT_ESTABLISHED	NOT_ESTABLISHED	NOT_ESTABLISHED	NOT_ESTABLISHED
Tests\Unit\Domain\Election\Security\Event\MigrationAndObservationalEventsTest::test_observational_events_have_no_laravel_dependencies	Tests\Unit\Domain\Election\Security\Event\MigrationAndObservationalEventsTest	test_observational_events_have_no_laravel_dependencies	PASSED	2	0.000		Domain (structural)	Election Security — events	NOT_ESTABLISHED	NOT_ESTABLISHED	NOT_ESTABLISHED	NOT_ESTABLISHED	NOT_ESTABLISHED	NOT_ESTABLISHED	NOT_ESTABLISHED	NOT_ESTABLISHED	Unknown	NOT_ESTABLISHED	NOT_ESTABLISHED	n/a — passed	PHPUnit JUnit run 2026-08-12 (L1 only)	NOT_ESTABLISHED	NOT_ESTABLISHED	NOT_ESTABLISHED	NOT_ESTABLISHED
Tests\Unit\Domain\Election\Security\Event\MigrationAndObservationalEventsTest::test_sovereignty_boundary_crossed_records_divergent_outcomes	Tests\Unit\Domain\Election\Security\Event\MigrationAndObservationalEventsTest	test_sovereignty_boundary_crossed_records_divergent_outcomes	PASSED	3	0.000		Domain (structural)	Election Security — events	NOT_ESTABLISHED	NOT_ESTABLISHED	NOT_ESTABLISHED	NOT_ESTABLISHED	NOT_ESTABLISHED	NOT_ESTABLISHED	NOT_ESTABLISHED	NOT_ESTABLISHED	Unknown	NOT_ESTABLISHED	NOT_ESTABLISHED	n/a — passed	PHPUnit JUnit run 2026-08-12 (L1 only)	NOT_ESTABLISHED	NOT_ESTABLISHED	NOT_ESTABLISHED	NOT_ESTABLISHED
Tests\Unit\Domain\Election\Security\Event\SovereignEventsTest::test_constitutional_denial_issued_carries_enforcement_semantics	Tests\Unit\Domain\Election\Security\Event\SovereignEventsTest	test_constitutional_denial_issued_carries_enforcement_semantics	PASSED	2	0.000		Domain (structural)	Election Security — events	NOT_ESTABLISHED	NOT_ESTABLISHED	NOT_ESTABLISHED	NOT_ESTABLISHED	NOT_ESTABLISHED	NOT_ESTABLISHED	NOT_ESTABLISHED	NOT_ESTABLISHED	Unknown	NOT_ESTABLISHED	NOT_ESTABLISHED	n/a — passed	PHPUnit JUnit run 2026-08-12 (L1 only)	NOT_ESTABLISHED	NOT_ESTABLISHED	NOT_ESTABLISHED	NOT_ESTABLISHED
Tests\Unit\Domain\Election\Security\Event\SovereignEventsTest::test_legitimacy_evaluated_immutable	Tests\Unit\Domain\Election\Security\Event\SovereignEventsTest	test_legitimacy_evaluated_immutable	PASSED	4	0.000		Domain (structural)	Election Security — events	NOT_ESTABLISHED	NOT_ESTABLISHED	NOT_ESTABLISHED	NOT_ESTABLISHED	NOT_ESTABLISHED	NOT_ESTABLISHED	NOT_ESTABLISHED	NOT_ESTABLISHED	Unknown	NOT_ESTABLISHED	NOT_ESTABLISHED	n/a — passed	PHPUnit JUnit run 2026-08-12 (L1 only)	NOT_ESTABLISHED	NOT_ESTABLISHED	NOT_ESTABLISHED	NOT_ESTABLISHED
Tests\Unit\Domain\Election\Security\Event\SovereignEventsTest::test_legitimacy_granted_is_distinct_from_evaluated	Tests\Unit\Domain\Election\Security\Event\SovereignEventsTest	test_legitimacy_granted_is_distinct_from_evaluated	PASSED	1	0.000		Domain (structural)	Election Security — events	NOT_ESTABLISHED	NOT_ESTABLISHED	NOT_ESTABLISHED	NOT_ESTABLISHED	NOT_ESTABLISHED	NOT_ESTABLISHED	NOT_ESTABLISHED	NOT_ESTABLISHED	Unknown	NOT_ESTABLISHED	NOT_ESTABLISHED	n/a — passed	PHPUnit JUnit run 2026-08-12 (L1 only)	NOT_ESTABLISHED	NOT_ESTABLISHED	NOT_ESTABLISHED	NOT_ESTABLISHED
Tests\Unit\Domain\Election\Security\Event\SovereignEventsTest::test_sovereign_events_have_no_laravel_dependencies	Tests\Unit\Domain\Election\Security\Event\SovereignEventsTest	test_sovereign_events_have_no_laravel_dependencies	PASSED	1	0.000		Domain (structural)	Election Security — events	NOT_ESTABLISHED	NOT_ESTABLISHED	NOT_ESTABLISHED	NOT_ESTABLISHED	NOT_ESTABLISHED	NOT_ESTABLISHED	NOT_ESTABLISHED	NOT_ESTABLISHED	Unknown	NOT_ESTABLISHED	NOT_ESTABLISHED	n/a — passed	PHPUnit JUnit run 2026-08-12 (L1 only)	NOT_ESTABLISHED	NOT_ESTABLISHED	NOT_ESTABLISHED	NOT_ESTABLISHED
Tests\Unit\Domain\Election\Security\ExtractionMethodsTest::test_legacy_behavior_extraction_returns_complete_snapshot	Tests\Unit\Domain\Election\Security\ExtractionMethodsTest	test_legacy_behavior_extraction_returns_complete_snapshot	PASSED	7	0.000		Domain (structural)	Election Security	NOT_ESTABLISHED	NOT_ESTABLISHED	NOT_ESTABLISHED	NOT_ESTABLISHED	NOT_ESTABLISHED	NOT_ESTABLISHED	NOT_ESTABLISHED	NOT_ESTABLISHED	Unknown	NOT_ESTABLISHED	NOT_ESTABLISHED	n/a — passed	PHPUnit JUnit run 2026-08-12 (L1 only)	NOT_ESTABLISHED	NOT_ESTABLISHED	NOT_ESTABLISHED	NOT_ESTABLISHED
Tests\Unit\Domain\Election\Security\ExtractionMethodsTest::test_resolver_behavior_requires_capability_resolver	Tests\Unit\Domain\Election\Security\ExtractionMethodsTest	test_resolver_behavior_requires_capability_resolver	PASSED	4	0.000		Domain (structural)	Election Security	NOT_ESTABLISHED	NOT_ESTABLISHED	NOT_ESTABLISHED	NOT_ESTABLISHED	NOT_ESTABLISHED	NOT_ESTABLISHED	NOT_ESTABLISHED	NOT_ESTABLISHED	Unknown	NOT_ESTABLISHED	NOT_ESTABLISHED	n/a — passed	PHPUnit JUnit run 2026-08-12 (L1 only)	NOT_ESTABLISHED	NOT_ESTABLISHED	NOT_ESTABLISHED	NOT_ESTABLISHED
Tests\Unit\Domain\Election\Security\ExtractionMethodsTest::test_snapshot_divergent_fields_identifies_differences	Tests\Unit\Domain\Election\Security\ExtractionMethodsTest	test_snapshot_divergent_fields_identifies_differences	PASSED	6	0.000		Domain (structural)	Election Security	NOT_ESTABLISHED	NOT_ESTABLISHED	NOT_ESTABLISHED	NOT_ESTABLISHED	NOT_ESTABLISHED	NOT_ESTABLISHED	NOT_ESTABLISHED	NOT_ESTABLISHED	Unknown	NOT_ESTABLISHED	NOT_ESTABLISHED	n/a — passed	PHPUnit JUnit run 2026-08-12 (L1 only)	NOT_ESTABLISHED	NOT_ESTABLISHED	NOT_ESTABLISHED	NOT_ESTABLISHED
Tests\Unit\Domain\Election\Security\ExtractionMethodsTest::test_snapshot_equals_compares_all_eight_fields	Tests\Unit\Domain\Election\Security\ExtractionMethodsTest	test_snapshot_equals_compares_all_eight_fields	PASSED	1	0.000		Domain (structural)	Election Security	NOT_ESTABLISHED	NOT_ESTABLISHED	NOT_ESTABLISHED	NOT_ESTABLISHED	NOT_ESTABLISHED	NOT_ESTABLISHED	NOT_ESTABLISHED	NOT_ESTABLISHED	Unknown	NOT_ESTABLISHED	NOT_ESTABLISHED	n/a — passed	PHPUnit JUnit run 2026-08-12 (L1 only)	NOT_ESTABLISHED	NOT_ESTABLISHED	NOT_ESTABLISHED	NOT_ESTABLISHED
Tests\Unit\Domain\Election\Security\ExtractionMethodsTest::test_snapshot_equals_detects_all_field_divergences	Tests\Unit\Domain\Election\Security\ExtractionMethodsTest	test_snapshot_equals_detects_all_field_divergences	PASSED	8	0.000		Domain (structural)	Election Security	NOT_ESTABLISHED	NOT_ESTABLISHED	NOT_ESTABLISHED	NOT_ESTABLISHED	NOT_ESTABLISHED	NOT_ESTABLISHED	NOT_ESTABLISHED	NOT_ESTABLISHED	Unknown	NOT_ESTABLISHED	NOT_ESTABLISHED	n/a — passed	PHPUnit JUnit run 2026-08-12 (L1 only)	NOT_ESTABLISHED	NOT_ESTABLISHED	NOT_ESTABLISHED	NOT_ESTABLISHED
Tests\Unit\Domain\Election\Security\FingerprintMatchTypeTest::test_exact_match_has_correct_value	Tests\Unit\Domain\Election\Security\FingerprintMatchTypeTest	test_exact_match_has_correct_value	PASSED	1	0.000		Domain (structural)	Election Security	NOT_ESTABLISHED	NOT_ESTABLISHED	NOT_ESTABLISHED	NOT_ESTABLISHED	NOT_ESTABLISHED	NOT_ESTABLISHED	NOT_ESTABLISHED	NOT_ESTABLISHED	Unknown	NOT_ESTABLISHED	NOT_ESTABLISHED	n/a — passed	PHPUnit JUnit run 2026-08-12 (L1 only)	NOT_ESTABLISHED	NOT_ESTABLISHED	NOT_ESTABLISHED	NOT_ESTABLISHED
Tests\Unit\Domain\Election\Security\FingerprintMatchTypeTest::test_no_match_has_correct_value	Tests\Unit\Domain\Election\Security\FingerprintMatchTypeTest	test_no_match_has_correct_value	PASSED	1	0.000		Domain (structural)	Election Security	NOT_ESTABLISHED	NOT_ESTABLISHED	NOT_ESTABLISHED	NOT_ESTABLISHED	NOT_ESTABLISHED	NOT_ESTABLISHED	NOT_ESTABLISHED	NOT_ESTABLISHED	Unknown	NOT_ESTABLISHED	NOT_ESTABLISHED	n/a — passed	PHPUnit JUnit run 2026-08-12 (L1 only)	NOT_ESTABLISHED	NOT_ESTABLISHED	NOT_ESTABLISHED	NOT_ESTABLISHED
Tests\Unit\Domain\Election\Security\FingerprintMatchTypeTest::test_not_required_has_correct_value	Tests\Unit\Domain\Election\Security\FingerprintMatchTypeTest	test_not_required_has_correct_value	PASSED	1	0.000		Domain (structural)	Election Security	NOT_ESTABLISHED	NOT_ESTABLISHED	NOT_ESTABLISHED	NOT_ESTABLISHED	NOT_ESTABLISHED	NOT_ESTABLISHED	NOT_ESTABLISHED	NOT_ESTABLISHED	Unknown	NOT_ESTABLISHED	NOT_ESTABLISHED	n/a — passed	PHPUnit JUnit run 2026-08-12 (L1 only)	NOT_ESTABLISHED	NOT_ESTABLISHED	NOT_ESTABLISHED	NOT_ESTABLISHED
Tests\Unit\Domain\Election\Security\LegitimacyOutcomeTest::test_all_trust_states_map_exhaustively	Tests\Unit\Domain\Election\Security\LegitimacyOutcomeTest	test_all_trust_states_map_exhaustively	PASSED	4	0.000		Domain (structural)	Election Security	NOT_ESTABLISHED	NOT_ESTABLISHED	NOT_ESTABLISHED	NOT_ESTABLISHED	NOT_ESTABLISHED	NOT_ESTABLISHED	NOT_ESTABLISHED	NOT_ESTABLISHED	Unknown	NOT_ESTABLISHED	NOT_ESTABLISHED	n/a — passed	PHPUnit JUnit run 2026-08-12 (L1 only)	NOT_ESTABLISHED	NOT_ESTABLISHED	NOT_ESTABLISHED	NOT_ESTABLISHED
Tests\Unit\Domain\Election\Security\LegitimacyOutcomeTest::test_allowed_maps_from_sufficient_evidence	Tests\Unit\Domain\Election\Security\LegitimacyOutcomeTest	test_allowed_maps_from_sufficient_evidence	PASSED	2	0.000		Domain (structural)	Election Security	NOT_ESTABLISHED	NOT_ESTABLISHED	NOT_ESTABLISHED	NOT_ESTABLISHED	NOT_ESTABLISHED	NOT_ESTABLISHED	NOT_ESTABLISHED	NOT_ESTABLISHED	Unknown	NOT_ESTABLISHED	NOT_ESTABLISHED	n/a — passed	PHPUnit JUnit run 2026-08-12 (L1 only)	NOT_ESTABLISHED	NOT_ESTABLISHED	NOT_ESTABLISHED	NOT_ESTABLISHED
Tests\Unit\Domain\Election\Security\LegitimacyOutcomeTest::test_deferred_maps_from_review_required	Tests\Unit\Domain\Election\Security\LegitimacyOutcomeTest	test_deferred_maps_from_review_required	PASSED	2	0.000		Domain (structural)	Election Security	NOT_ESTABLISHED	NOT_ESTABLISHED	NOT_ESTABLISHED	NOT_ESTABLISHED	NOT_ESTABLISHED	NOT_ESTABLISHED	NOT_ESTABLISHED	NOT_ESTABLISHED	Unknown	NOT_ESTABLISHED	NOT_ESTABLISHED	n/a — passed	PHPUnit JUnit run 2026-08-12 (L1 only)	NOT_ESTABLISHED	NOT_ESTABLISHED	NOT_ESTABLISHED	NOT_ESTABLISHED
Tests\Unit\Domain\Election\Security\LegitimacyOutcomeTest::test_denied_maps_from_insufficient_evidence	Tests\Unit\Domain\Election\Security\LegitimacyOutcomeTest	test_denied_maps_from_insufficient_evidence	PASSED	2	0.000		Domain (structural)	Election Security	NOT_ESTABLISHED	NOT_ESTABLISHED	NOT_ESTABLISHED	NOT_ESTABLISHED	NOT_ESTABLISHED	NOT_ESTABLISHED	NOT_ESTABLISHED	NOT_ESTABLISHED	Unknown	NOT_ESTABLISHED	NOT_ESTABLISHED	n/a — passed	PHPUnit JUnit run 2026-08-12 (L1 only)	NOT_ESTABLISHED	NOT_ESTABLISHED	NOT_ESTABLISHED	NOT_ESTABLISHED
Tests\Unit\Domain\Election\Security\LegitimacyOutcomeTest::test_has_four_outcomes	Tests\Unit\Domain\Election\Security\LegitimacyOutcomeTest	test_has_four_outcomes	PASSED	1	0.000		Domain (structural)	Election Security	NOT_ESTABLISHED	NOT_ESTABLISHED	NOT_ESTABLISHED	NOT_ESTABLISHED	NOT_ESTABLISHED	NOT_ESTABLISHED	NOT_ESTABLISHED	NOT_ESTABLISHED	Unknown	NOT_ESTABLISHED	NOT_ESTABLISHED	n/a — passed	PHPUnit JUnit run 2026-08-12 (L1 only)	NOT_ESTABLISHED	NOT_ESTABLISHED	NOT_ESTABLISHED	NOT_ESTABLISHED
Tests\Unit\Domain\Election\Security\LegitimacyOutcomeTest::test_investigate_maps_from_inconclusive	Tests\Unit\Domain\Election\Security\LegitimacyOutcomeTest	test_investigate_maps_from_inconclusive	PASSED	2	0.000		Domain (structural)	Election Security	NOT_ESTABLISHED	NOT_ESTABLISHED	NOT_ESTABLISHED	NOT_ESTABLISHED	NOT_ESTABLISHED	NOT_ESTABLISHED	NOT_ESTABLISHED	NOT_ESTABLISHED	Unknown	NOT_ESTABLISHED	NOT_ESTABLISHED	n/a — passed	PHPUnit JUnit run 2026-08-12 (L1 only)	NOT_ESTABLISHED	NOT_ESTABLISHED	NOT_ESTABLISHED	NOT_ESTABLISHED
Tests\Unit\Domain\Election\Security\NetworkTrustEvidenceTest::test_exceeds_limit_attested_trust_level	Tests\Unit\Domain\Election\Security\NetworkTrustEvidenceTest	test_exceeds_limit_attested_trust_level	PASSED	1	0.000		Domain (structural)	Election Security	NOT_ESTABLISHED	NOT_ESTABLISHED	NOT_ESTABLISHED	NOT_ESTABLISHED	NOT_ESTABLISHED	NOT_ESTABLISHED	NOT_ESTABLISHED	NOT_ESTABLISHED	Unknown	NOT_ESTABLISHED	NOT_ESTABLISHED	n/a — passed	PHPUnit JUnit run 2026-08-12 (L1 only)	NOT_ESTABLISHED	NOT_ESTABLISHED	NOT_ESTABLISHED	NOT_ESTABLISHED
Tests\Unit\Domain\Election\Security\NetworkTrustEvidenceTest::test_exceeds_limit_continuity_verified_trust_level	Tests\Unit\Domain\Election\Security\NetworkTrustEvidenceTest	test_exceeds_limit_continuity_verified_trust_level	PASSED	1	0.000		Domain (structural)	Election Security	NOT_ESTABLISHED	NOT_ESTABLISHED	NOT_ESTABLISHED	NOT_ESTABLISHED	NOT_ESTABLISHED	NOT_ESTABLISHED	NOT_ESTABLISHED	NOT_ESTABLISHED	Unknown	NOT_ESTABLISHED	NOT_ESTABLISHED	n/a — passed	PHPUnit JUnit run 2026-08-12 (L1 only)	NOT_ESTABLISHED	NOT_ESTABLISHED	NOT_ESTABLISHED	NOT_ESTABLISHED
Tests\Unit\Domain\Election\Security\NetworkTrustEvidenceTest::test_exceeds_limit_registrar_attested_trust_level	Tests\Unit\Domain\Election\Security\NetworkTrustEvidenceTest	test_exceeds_limit_registrar_attested_trust_level	PASSED	1	0.000		Domain (structural)	Election Security	NOT_ESTABLISHED	NOT_ESTABLISHED	NOT_ESTABLISHED	NOT_ESTABLISHED	NOT_ESTABLISHED	NOT_ESTABLISHED	NOT_ESTABLISHED	NOT_ESTABLISHED	Unknown	NOT_ESTABLISHED	NOT_ESTABLISHED	n/a — passed	PHPUnit JUnit run 2026-08-12 (L1 only)	NOT_ESTABLISHED	NOT_ESTABLISHED	NOT_ESTABLISHED	NOT_ESTABLISHED
Tests\Unit\Domain\Election\Security\NetworkTrustEvidenceTest::test_exceeds_limit_unverified_trust_level	Tests\Unit\Domain\Election\Security\NetworkTrustEvidenceTest	test_exceeds_limit_unverified_trust_level	PASSED	1	0.000		Domain (structural)	Election Security	NOT_ESTABLISHED	NOT_ESTABLISHED	NOT_ESTABLISHED	NOT_ESTABLISHED	NOT_ESTABLISHED	NOT_ESTABLISHED	NOT_ESTABLISHED	NOT_ESTABLISHED	Unknown	NOT_ESTABLISHED	NOT_ESTABLISHED	n/a — passed	PHPUnit JUnit run 2026-08-12 (L1 only)	NOT_ESTABLISHED	NOT_ESTABLISHED	NOT_ESTABLISHED	NOT_ESTABLISHED
Tests\Unit\Domain\Election\Security\NetworkTrustEvidenceTest::test_not_exceeds_limit_unverified_trust_level	Tests\Unit\Domain\Election\Security\NetworkTrustEvidenceTest	test_not_exceeds_limit_unverified_trust_level	PASSED	1	0.000		Domain (structural)	Election Security	NOT_ESTABLISHED	NOT_ESTABLISHED	NOT_ESTABLISHED	NOT_ESTABLISHED	NOT_ESTABLISHED	NOT_ESTABLISHED	NOT_ESTABLISHED	NOT_ESTABLISHED	Unknown	NOT_ESTABLISHED	NOT_ESTABLISHED	n/a — passed	PHPUnit JUnit run 2026-08-12 (L1 only)	NOT_ESTABLISHED	NOT_ESTABLISHED	NOT_ESTABLISHED	NOT_ESTABLISHED
Tests\Unit\Domain\Election\Security\NetworkTrustEvidenceTest::test_not_whitelisted_when_empty_whitelist	Tests\Unit\Domain\Election\Security\NetworkTrustEvidenceTest	test_not_whitelisted_when_empty_whitelist	PASSED	1	0.000		Domain (structural)	Election Security	NOT_ESTABLISHED	NOT_ESTABLISHED	NOT_ESTABLISHED	NOT_ESTABLISHED	NOT_ESTABLISHED	NOT_ESTABLISHED	NOT_ESTABLISHED	NOT_ESTABLISHED	Unknown	NOT_ESTABLISHED	NOT_ESTABLISHED	n/a — passed	PHPUnit JUnit run 2026-08-12 (L1 only)	NOT_ESTABLISHED	NOT_ESTABLISHED	NOT_ESTABLISHED	NOT_ESTABLISHED
Tests\Unit\Domain\Election\Security\NetworkTrustEvidenceTest::test_not_whitelisted_when_no_whitelist	Tests\Unit\Domain\Election\Security\NetworkTrustEvidenceTest	test_not_whitelisted_when_no_whitelist	PASSED	1	0.000		Domain (structural)	Election Security	NOT_ESTABLISHED	NOT_ESTABLISHED	NOT_ESTABLISHED	NOT_ESTABLISHED	NOT_ESTABLISHED	NOT_ESTABLISHED	NOT_ESTABLISHED	NOT_ESTABLISHED	Unknown	NOT_ESTABLISHED	NOT_ESTABLISHED	n/a — passed	PHPUnit JUnit run 2026-08-12 (L1 only)	NOT_ESTABLISHED	NOT_ESTABLISHED	NOT_ESTABLISHED	NOT_ESTABLISHED
Tests\Unit\Domain\Election\Security\NetworkTrustEvidenceTest::test_remaining_votes_calculates_correctly	Tests\Unit\Domain\Election\Security\NetworkTrustEvidenceTest	test_remaining_votes_calculates_correctly	PASSED	2	0.000		Domain (structural)	Election Security	NOT_ESTABLISHED	NOT_ESTABLISHED	NOT_ESTABLISHED	NOT_ESTABLISHED	NOT_ESTABLISHED	NOT_ESTABLISHED	NOT_ESTABLISHED	NOT_ESTABLISHED	Unknown	NOT_ESTABLISHED	NOT_ESTABLISHED	n/a — passed	PHPUnit JUnit run 2026-08-12 (L1 only)	NOT_ESTABLISHED	NOT_ESTABLISHED	NOT_ESTABLISHED	NOT_ESTABLISHED
Tests\Unit\Domain\Election\Security\NetworkTrustEvidenceTest::test_satisfies_network_attestation_when_registered_ip_matches	Tests\Unit\Domain\Election\Security\NetworkTrustEvidenceTest	test_satisfies_network_attestation_when_registered_ip_matches	PASSED	1	0.000		Domain (structural)	Election Security	NOT_ESTABLISHED	NOT_ESTABLISHED	NOT_ESTABLISHED	NOT_ESTABLISHED	NOT_ESTABLISHED	NOT_ESTABLISHED	NOT_ESTABLISHED	NOT_ESTABLISHED	Unknown	NOT_ESTABLISHED	NOT_ESTABLISHED	n/a — passed	PHPUnit JUnit run 2026-08-12 (L1 only)	NOT_ESTABLISHED	NOT_ESTABLISHED	NOT_ESTABLISHED	NOT_ESTABLISHED
Tests\Unit\Domain\Election\Security\NetworkTrustEvidenceTest::test_satisfies_network_attestation_when_restriction_disabled	Tests\Unit\Domain\Election\Security\NetworkTrustEvidenceTest	test_satisfies_network_attestation_when_restriction_disabled	PASSED	1	0.000		Domain (structural)	Election Security	NOT_ESTABLISHED	NOT_ESTABLISHED	NOT_ESTABLISHED	NOT_ESTABLISHED	NOT_ESTABLISHED	NOT_ESTABLISHED	NOT_ESTABLISHED	NOT_ESTABLISHED	Unknown	NOT_ESTABLISHED	NOT_ESTABLISHED	n/a — passed	PHPUnit JUnit run 2026-08-12 (L1 only)	NOT_ESTABLISHED	NOT_ESTABLISHED	NOT_ESTABLISHED	NOT_ESTABLISHED
Tests\Unit\Domain\Election\Security\NetworkTrustEvidenceTest::test_whitelisted_when_current_ip_in_whitelist	Tests\Unit\Domain\Election\Security\NetworkTrustEvidenceTest	test_whitelisted_when_current_ip_in_whitelist	PASSED	1	0.000		Domain (structural)	Election Security	NOT_ESTABLISHED	NOT_ESTABLISHED	NOT_ESTABLISHED	NOT_ESTABLISHED	NOT_ESTABLISHED	NOT_ESTABLISHED	NOT_ESTABLISHED	NOT_ESTABLISHED	Unknown	NOT_ESTABLISHED	NOT_ESTABLISHED	n/a — passed	PHPUnit JUnit run 2026-08-12 (L1 only)	NOT_ESTABLISHED	NOT_ESTABLISHED	NOT_ESTABLISHED	NOT_ESTABLISHED
Tests\Unit\Domain\Election\Security\OverlayObservationSummaryTest::test_context_readonly_immutability	Tests\Unit\Domain\Election\Security\OverlayObservationSummaryTest	test_context_readonly_immutability	PASSED	1	0.000		Domain (structural)	Election Security	NOT_ESTABLISHED	NOT_ESTABLISHED	NOT_ESTABLISHED	NOT_ESTABLISHED	NOT_ESTABLISHED	NOT_ESTABLISHED	NOT_ESTABLISHED	NOT_ESTABLISHED	Unknown	NOT_ESTABLISHED	NOT_ESTABLISHED	n/a — passed	PHPUnit JUnit run 2026-08-12 (L1 only)	NOT_ESTABLISHED	NOT_ESTABLISHED	NOT_ESTABLISHED	NOT_ESTABLISHED
Tests\Unit\Domain\Election\Security\OverlayObservationSummaryTest::test_context_with_attestation_present_signal	Tests\Unit\Domain\Election\Security\OverlayObservationSummaryTest	test_context_with_attestation_present_signal	PASSED	1	0.000		Domain (structural)	Election Security	NOT_ESTABLISHED	NOT_ESTABLISHED	NOT_ESTABLISHED	NOT_ESTABLISHED	NOT_ESTABLISHED	NOT_ESTABLISHED	NOT_ESTABLISHED	NOT_ESTABLISHED	Unknown	NOT_ESTABLISHED	NOT_ESTABLISHED	n/a — passed	PHPUnit JUnit run 2026-08-12 (L1 only)	NOT_ESTABLISHED	NOT_ESTABLISHED	NOT_ESTABLISHED	NOT_ESTABLISHED
Tests\Unit\Domain\Election\Security\OverlayObservationSummaryTest::test_context_with_context_stable_signals_has_no_observations	Tests\Unit\Domain\Election\Security\OverlayObservationSummaryTest	test_context_with_context_stable_signals_has_no_observations	PASSED	2	0.000		Domain (structural)	Election Security	NOT_ESTABLISHED	NOT_ESTABLISHED	NOT_ESTABLISHED	NOT_ESTABLISHED	NOT_ESTABLISHED	NOT_ESTABLISHED	NOT_ESTABLISHED	NOT_ESTABLISHED	Unknown	NOT_ESTABLISHED	NOT_ESTABLISHED	n/a — passed	PHPUnit JUnit run 2026-08-12 (L1 only)	NOT_ESTABLISHED	NOT_ESTABLISHED	NOT_ESTABLISHED	NOT_ESTABLISHED
Tests\Unit\Domain\Election\Security\OverlayObservationSummaryTest::test_context_with_evidence_inconsistent_signal_indicates_concern	Tests\Unit\Domain\Election\Security\OverlayObservationSummaryTest	test_context_with_evidence_inconsistent_signal_indicates_concern	PASSED	2	0.000		Domain (structural)	Election Security	NOT_ESTABLISHED	NOT_ESTABLISHED	NOT_ESTABLISHED	NOT_ESTABLISHED	NOT_ESTABLISHED	NOT_ESTABLISHED	NOT_ESTABLISHED	NOT_ESTABLISHED	Unknown	NOT_ESTABLISHED	NOT_ESTABLISHED	n/a — passed	PHPUnit JUnit run 2026-08-12 (L1 only)	NOT_ESTABLISHED	NOT_ESTABLISHED	NOT_ESTABLISHED	NOT_ESTABLISHED
Tests\Unit\Domain\Election\Security\OverlayObservationSummaryTest::test_no_observations_returns_minimal_context	Tests\Unit\Domain\Election\Security\OverlayObservationSummaryTest	test_no_observations_returns_minimal_context	PASSED	4	0.000		Domain (structural)	Election Security	NOT_ESTABLISHED	NOT_ESTABLISHED	NOT_ESTABLISHED	NOT_ESTABLISHED	NOT_ESTABLISHED	NOT_ESTABLISHED	NOT_ESTABLISHED	NOT_ESTABLISHED	Unknown	NOT_ESTABLISHED	NOT_ESTABLISHED	n/a — passed	PHPUnit JUnit run 2026-08-12 (L1 only)	NOT_ESTABLISHED	NOT_ESTABLISHED	NOT_ESTABLISHED	NOT_ESTABLISHED
Tests\Unit\Domain\Election\Security\OverlaySignalTest::test_continue_signal_has_no_concern	Tests\Unit\Domain\Election\Security\OverlaySignalTest	test_continue_signal_has_no_concern	ERROR	0	0.000	Error: Class "App\Domain\Election\Security\OverlaySignal" not found	Domain (structural)	Election Security	NOT_ESTABLISHED — the test class was not read; only its failure mechanism was established	NOT_ESTABLISHED	NOT_ESTABLISHED	NOT_ESTABLISHED	NOT_ESTABLISHED	NOT_ESTABLISHED	direct call — structural inference only	NOT_ESTABLISHED	Unknown	NOT_ESTABLISHED	NOT_ESTABLISHED	Test/obsolete-reference defect — the test names App\Domain\Election\Security\OverlaySignal; the class exists at App\Domain\Election\Security\Simplified\OverlaySignal. EVIDENCE: filesystem. Consistent with a namespace reorganisation the test did not follow	JUnit run 2026-08-12; find over app/ locating the class under Simplified	Contributes nothing at present — the class cannot be loaded	Whatever OverlaySignal behaviour this protected is currently UNVERIFIED	NOT_ESTABLISHED — a moved namespace is not the same as a retired representation	Was the reorganisation deliberate, and should the test move or the class be re-exported? Business meaning NOT established
Tests\Unit\Domain\Election\Security\OverlaySignalTest::test_defer_to_governance_signal_indicates_review_required	Tests\Unit\Domain\Election\Security\OverlaySignalTest	test_defer_to_governance_signal_indicates_review_required	ERROR	0	0.000	Error: Class "App\Domain\Election\Security\OverlaySignal" not found	Domain (structural)	Election Security	NOT_ESTABLISHED — the test class was not read; only its failure mechanism was established	NOT_ESTABLISHED	NOT_ESTABLISHED	NOT_ESTABLISHED	NOT_ESTABLISHED	NOT_ESTABLISHED	direct call — structural inference only	NOT_ESTABLISHED	Unknown	NOT_ESTABLISHED	NOT_ESTABLISHED	Test/obsolete-reference defect — the test names App\Domain\Election\Security\OverlaySignal; the class exists at App\Domain\Election\Security\Simplified\OverlaySignal. EVIDENCE: filesystem. Consistent with a namespace reorganisation the test did not follow	JUnit run 2026-08-12; find over app/ locating the class under Simplified	Contributes nothing at present — the class cannot be loaded	Whatever OverlaySignal behaviour this protected is currently UNVERIFIED	NOT_ESTABLISHED — a moved namespace is not the same as a retired representation	Was the reorganisation deliberate, and should the test move or the class be re-exported? Business meaning NOT established
Tests\Unit\Domain\Election\Security\OverlaySignalTest::test_no_influence_signal_returns_all_neutral_values	Tests\Unit\Domain\Election\Security\OverlaySignalTest	test_no_influence_signal_returns_all_neutral_values	ERROR	0	0.000	Error: Class "App\Domain\Election\Security\OverlaySignal" not found	Domain (structural)	Election Security	NOT_ESTABLISHED — the test class was not read; only its failure mechanism was established	NOT_ESTABLISHED	NOT_ESTABLISHED	NOT_ESTABLISHED	NOT_ESTABLISHED	NOT_ESTABLISHED	direct call — structural inference only	NOT_ESTABLISHED	Unknown	NOT_ESTABLISHED	NOT_ESTABLISHED	Test/obsolete-reference defect — the test names App\Domain\Election\Security\OverlaySignal; the class exists at App\Domain\Election\Security\Simplified\OverlaySignal. EVIDENCE: filesystem. Consistent with a namespace reorganisation the test did not follow	JUnit run 2026-08-12; find over app/ locating the class under Simplified	Contributes nothing at present — the class cannot be loaded	Whatever OverlaySignal behaviour this protected is currently UNVERIFIED	NOT_ESTABLISHED — a moved namespace is not the same as a retired representation	Was the reorganisation deliberate, and should the test move or the class be re-exported? Business meaning NOT established
Tests\Unit\Domain\Election\Security\OverlaySignalTest::test_signal_evidence_context_contains_no_raw_pii	Tests\Unit\Domain\Election\Security\OverlaySignalTest	test_signal_evidence_context_contains_no_raw_pii	ERROR	0	0.000	Error: Class "App\Domain\Election\Security\OverlaySignal" not found	Domain (structural)	Election Security	NOT_ESTABLISHED — the test class was not read; only its failure mechanism was established	NOT_ESTABLISHED	NOT_ESTABLISHED	NOT_ESTABLISHED	NOT_ESTABLISHED	NOT_ESTABLISHED	direct call — structural inference only	NOT_ESTABLISHED	Unknown	NOT_ESTABLISHED	NOT_ESTABLISHED	Test/obsolete-reference defect — the test names App\Domain\Election\Security\OverlaySignal; the class exists at App\Domain\Election\Security\Simplified\OverlaySignal. EVIDENCE: filesystem. Consistent with a namespace reorganisation the test did not follow	JUnit run 2026-08-12; find over app/ locating the class under Simplified	Contributes nothing at present — the class cannot be loaded	Whatever OverlaySignal behaviour this protected is currently UNVERIFIED	NOT_ESTABLISHED — a moved namespace is not the same as a retired representation	Was the reorganisation deliberate, and should the test move or the class be re-exported? Business meaning NOT established
Tests\Unit\Domain\Election\Security\OverlaySignalTest::test_trust_elevation_request_carries_suggested_level	Tests\Unit\Domain\Election\Security\OverlaySignalTest	test_trust_elevation_request_carries_suggested_level	ERROR	0	0.000	Error: Class "App\Domain\Election\Security\OverlaySignal" not found	Domain (structural)	Election Security	NOT_ESTABLISHED — the test class was not read; only its failure mechanism was established	NOT_ESTABLISHED	NOT_ESTABLISHED	NOT_ESTABLISHED	NOT_ESTABLISHED	NOT_ESTABLISHED	direct call — structural inference only	NOT_ESTABLISHED	Unknown	NOT_ESTABLISHED	NOT_ESTABLISHED	Test/obsolete-reference defect — the test names App\Domain\Election\Security\OverlaySignal; the class exists at App\Domain\Election\Security\Simplified\OverlaySignal. EVIDENCE: filesystem. Consistent with a namespace reorganisation the test did not follow	JUnit run 2026-08-12; find over app/ locating the class under Simplified	Contributes nothing at present — the class cannot be loaded	Whatever OverlaySignal behaviour this protected is currently UNVERIFIED	NOT_ESTABLISHED — a moved namespace is not the same as a retired representation	Was the reorganisation deliberate, and should the test move or the class be re-exported? Business meaning NOT established
Tests\Unit\Domain\Election\Security\OverlayStratificationTest::test_all_cases_exist	Tests\Unit\Domain\Election\Security\OverlayStratificationTest	test_all_cases_exist	PASSED	1	0.000		Domain (structural)	Election Security	NOT_ESTABLISHED	NOT_ESTABLISHED	NOT_ESTABLISHED	NOT_ESTABLISHED	NOT_ESTABLISHED	NOT_ESTABLISHED	NOT_ESTABLISHED	NOT_ESTABLISHED	Unknown	NOT_ESTABLISHED	NOT_ESTABLISHED	n/a — passed	PHPUnit JUnit run 2026-08-12 (L1 only)	NOT_ESTABLISHED	NOT_ESTABLISHED	NOT_ESTABLISHED	NOT_ESTABLISHED
Tests\Unit\Domain\Election\Security\OverlayStratificationTest::test_contextual_layer_has_correct_value	Tests\Unit\Domain\Election\Security\OverlayStratificationTest	test_contextual_layer_has_correct_value	PASSED	1	0.000		Domain (structural)	Election Security	NOT_ESTABLISHED	NOT_ESTABLISHED	NOT_ESTABLISHED	NOT_ESTABLISHED	NOT_ESTABLISHED	NOT_ESTABLISHED	NOT_ESTABLISHED	NOT_ESTABLISHED	Unknown	NOT_ESTABLISHED	NOT_ESTABLISHED	n/a — passed	PHPUnit JUnit run 2026-08-12 (L1 only)	NOT_ESTABLISHED	NOT_ESTABLISHED	NOT_ESTABLISHED	NOT_ESTABLISHED
Tests\Unit\Domain\Election\Security\OverlayStratificationTest::test_emergency_constitutional_has_correct_value	Tests\Unit\Domain\Election\Security\OverlayStratificationTest	test_emergency_constitutional_has_correct_value	PASSED	1	0.000		Domain (structural)	Election Security	NOT_ESTABLISHED	NOT_ESTABLISHED	NOT_ESTABLISHED	NOT_ESTABLISHED	NOT_ESTABLISHED	NOT_ESTABLISHED	NOT_ESTABLISHED	NOT_ESTABLISHED	Unknown	NOT_ESTABLISHED	NOT_ESTABLISHED	n/a — passed	PHPUnit JUnit run 2026-08-12 (L1 only)	NOT_ESTABLISHED	NOT_ESTABLISHED	NOT_ESTABLISHED	NOT_ESTABLISHED
Tests\Unit\Domain\Election\Security\OverlayStratificationTest::test_governance_layer_has_correct_value	Tests\Unit\Domain\Election\Security\OverlayStratificationTest	test_governance_layer_has_correct_value	PASSED	1	0.000		Domain (structural)	Election Security	NOT_ESTABLISHED	NOT_ESTABLISHED	NOT_ESTABLISHED	NOT_ESTABLISHED	NOT_ESTABLISHED	NOT_ESTABLISHED	NOT_ESTABLISHED	NOT_ESTABLISHED	Unknown	NOT_ESTABLISHED	NOT_ESTABLISHED	n/a — passed	PHPUnit JUnit run 2026-08-12 (L1 only)	NOT_ESTABLISHED	NOT_ESTABLISHED	NOT_ESTABLISHED	NOT_ESTABLISHED
Tests\Unit\Domain\Election\Security\OverlayStratificationTest::test_operational_layer_has_correct_value	Tests\Unit\Domain\Election\Security\OverlayStratificationTest	test_operational_layer_has_correct_value	PASSED	1	0.000		Domain (structural)	Election Security	NOT_ESTABLISHED	NOT_ESTABLISHED	NOT_ESTABLISHED	NOT_ESTABLISHED	NOT_ESTABLISHED	NOT_ESTABLISHED	NOT_ESTABLISHED	NOT_ESTABLISHED	Unknown	NOT_ESTABLISHED	NOT_ESTABLISHED	n/a — passed	PHPUnit JUnit run 2026-08-12 (L1 only)	NOT_ESTABLISHED	NOT_ESTABLISHED	NOT_ESTABLISHED	NOT_ESTABLISHED
Tests\Unit\Domain\Election\Security\Simplified\ConstitutionalObservationContextTest::test_all_returns_array_of_overlay_signals	Tests\Unit\Domain\Election\Security\Simplified\ConstitutionalObservationContextTest	test_all_returns_array_of_overlay_signals	PASSED	4	0.000		Domain (structural)	Election Security — simplified model	NOT_ESTABLISHED	NOT_ESTABLISHED	NOT_ESTABLISHED	NOT_ESTABLISHED	NOT_ESTABLISHED	NOT_ESTABLISHED	NOT_ESTABLISHED	NOT_ESTABLISHED	Unknown	NOT_ESTABLISHED	NOT_ESTABLISHED	n/a — passed	PHPUnit JUnit run 2026-08-12 (L1 only)	NOT_ESTABLISHED	NOT_ESTABLISHED	NOT_ESTABLISHED	NOT_ESTABLISHED
Tests\Unit\Domain\Election\Security\Simplified\ConstitutionalObservationContextTest::test_conflicting_signals_both_preserved	Tests\Unit\Domain\Election\Security\Simplified\ConstitutionalObservationContextTest	test_conflicting_signals_both_preserved	PASSED	3	0.000		Domain (structural)	Election Security — simplified model	NOT_ESTABLISHED	NOT_ESTABLISHED	NOT_ESTABLISHED	NOT_ESTABLISHED	NOT_ESTABLISHED	NOT_ESTABLISHED	NOT_ESTABLISHED	NOT_ESTABLISHED	Unknown	NOT_ESTABLISHED	NOT_ESTABLISHED	n/a — passed	PHPUnit JUnit run 2026-08-12 (L1 only)	NOT_ESTABLISHED	NOT_ESTABLISHED	NOT_ESTABLISHED	NOT_ESTABLISHED
Tests\Unit\Domain\Election\Security\Simplified\ConstitutionalObservationContextTest::test_count_returns_correct_number	Tests\Unit\Domain\Election\Security\Simplified\ConstitutionalObservationContextTest	test_count_returns_correct_number	PASSED	1	0.000		Domain (structural)	Election Security — simplified model	NOT_ESTABLISHED	NOT_ESTABLISHED	NOT_ESTABLISHED	NOT_ESTABLISHED	NOT_ESTABLISHED	NOT_ESTABLISHED	NOT_ESTABLISHED	NOT_ESTABLISHED	Unknown	NOT_ESTABLISHED	NOT_ESTABLISHED	n/a — passed	PHPUnit JUnit run 2026-08-12 (L1 only)	NOT_ESTABLISHED	NOT_ESTABLISHED	NOT_ESTABLISHED	NOT_ESTABLISHED
Tests\Unit\Domain\Election\Security\Simplified\ConstitutionalObservationContextTest::test_empty_context_has_zero_count	Tests\Unit\Domain\Election\Security\Simplified\ConstitutionalObservationContextTest	test_empty_context_has_zero_count	PASSED	1	0.000		Domain (structural)	Election Security — simplified model	NOT_ESTABLISHED	NOT_ESTABLISHED	NOT_ESTABLISHED	NOT_ESTABLISHED	NOT_ESTABLISHED	NOT_ESTABLISHED	NOT_ESTABLISHED	NOT_ESTABLISHED	Unknown	NOT_ESTABLISHED	NOT_ESTABLISHED	n/a — passed	PHPUnit JUnit run 2026-08-12 (L1 only)	NOT_ESTABLISHED	NOT_ESTABLISHED	NOT_ESTABLISHED	NOT_ESTABLISHED
Tests\Unit\Domain\Election\Security\Simplified\ConstitutionalObservationContextTest::test_empty_factory_returns_empty_context	Tests\Unit\Domain\Election\Security\Simplified\ConstitutionalObservationContextTest	test_empty_factory_returns_empty_context	PASSED	2	0.000		Domain (structural)	Election Security — simplified model	NOT_ESTABLISHED	NOT_ESTABLISHED	NOT_ESTABLISHED	NOT_ESTABLISHED	NOT_ESTABLISHED	NOT_ESTABLISHED	NOT_ESTABLISHED	NOT_ESTABLISHED	Unknown	NOT_ESTABLISHED	NOT_ESTABLISHED	n/a — passed	PHPUnit JUnit run 2026-08-12 (L1 only)	NOT_ESTABLISHED	NOT_ESTABLISHED	NOT_ESTABLISHED	NOT_ESTABLISHED
Tests\Unit\Domain\Election\Security\Simplified\ConstitutionalObservationContextTest::test_holds_all_signals_without_ranking	Tests\Unit\Domain\Election\Security\Simplified\ConstitutionalObservationContextTest	test_holds_all_signals_without_ranking	PASSED	3	0.000		Domain (structural)	Election Security — simplified model	NOT_ESTABLISHED	NOT_ESTABLISHED	NOT_ESTABLISHED	NOT_ESTABLISHED	NOT_ESTABLISHED	NOT_ESTABLISHED	NOT_ESTABLISHED	NOT_ESTABLISHED	Unknown	NOT_ESTABLISHED	NOT_ESTABLISHED	n/a — passed	PHPUnit JUnit run 2026-08-12 (L1 only)	NOT_ESTABLISHED	NOT_ESTABLISHED	NOT_ESTABLISHED	NOT_ESTABLISHED
Tests\Unit\Domain\Election\Security\Simplified\ConstitutionalObservationContextTest::test_is_empty_returns_correct_state	Tests\Unit\Domain\Election\Security\Simplified\ConstitutionalObservationContextTest	test_is_empty_returns_correct_state	PASSED	2	0.000		Domain (structural)	Election Security — simplified model	NOT_ESTABLISHED	NOT_ESTABLISHED	NOT_ESTABLISHED	NOT_ESTABLISHED	NOT_ESTABLISHED	NOT_ESTABLISHED	NOT_ESTABLISHED	NOT_ESTABLISHED	Unknown	NOT_ESTABLISHED	NOT_ESTABLISHED	n/a — passed	PHPUnit JUnit run 2026-08-12 (L1 only)	NOT_ESTABLISHED	NOT_ESTABLISHED	NOT_ESTABLISHED	NOT_ESTABLISHED
Tests\Unit\Domain\Election\Security\Simplified\ConstitutionalObservationContextTest::test_no_authority_methods_exist	Tests\Unit\Domain\Election\Security\Simplified\ConstitutionalObservationContextTest	test_no_authority_methods_exist	PASSED	4	0.000		Domain (structural)	Election Security — simplified model	NOT_ESTABLISHED	NOT_ESTABLISHED	NOT_ESTABLISHED	NOT_ESTABLISHED	NOT_ESTABLISHED	NOT_ESTABLISHED	NOT_ESTABLISHED	NOT_ESTABLISHED	Unknown	NOT_ESTABLISHED	NOT_ESTABLISHED	n/a — passed	PHPUnit JUnit run 2026-08-12 (L1 only)	NOT_ESTABLISHED	NOT_ESTABLISHED	NOT_ESTABLISHED	NOT_ESTABLISHED
Tests\Unit\Domain\Election\Security\Simplified\ConstitutionalObservationContextTest::test_no_ranking_methods_exist	Tests\Unit\Domain\Election\Security\Simplified\ConstitutionalObservationContextTest	test_no_ranking_methods_exist	PASSED	4	0.000		Domain (structural)	Election Security — simplified model	NOT_ESTABLISHED	NOT_ESTABLISHED	NOT_ESTABLISHED	NOT_ESTABLISHED	NOT_ESTABLISHED	NOT_ESTABLISHED	NOT_ESTABLISHED	NOT_ESTABLISHED	Unknown	NOT_ESTABLISHED	NOT_ESTABLISHED	n/a — passed	PHPUnit JUnit run 2026-08-12 (L1 only)	NOT_ESTABLISHED	NOT_ESTABLISHED	NOT_ESTABLISHED	NOT_ESTABLISHED
Tests\Unit\Domain\Election\Security\Simplified\ConstitutionalObservationContextTest::test_observations_property_is_readonly	Tests\Unit\Domain\Election\Security\Simplified\ConstitutionalObservationContextTest	test_observations_property_is_readonly	PASSED	1	0.000		Domain (structural)	Election Security — simplified model	NOT_ESTABLISHED	NOT_ESTABLISHED	NOT_ESTABLISHED	NOT_ESTABLISHED	NOT_ESTABLISHED	NOT_ESTABLISHED	NOT_ESTABLISHED	NOT_ESTABLISHED	Unknown	NOT_ESTABLISHED	NOT_ESTABLISHED	n/a — passed	PHPUnit JUnit run 2026-08-12 (L1 only)	NOT_ESTABLISHED	NOT_ESTABLISHED	NOT_ESTABLISHED	NOT_ESTABLISHED
Tests\Unit\Domain\Election\Security\Simplified\ConstitutionalObservationContextTest::test_ordering_is_non_sovereign	Tests\Unit\Domain\Election\Security\Simplified\ConstitutionalObservationContextTest	test_ordering_is_non_sovereign	PASSED	6	0.000		Domain (structural)	Election Security — simplified model	NOT_ESTABLISHED	NOT_ESTABLISHED	NOT_ESTABLISHED	NOT_ESTABLISHED	NOT_ESTABLISHED	NOT_ESTABLISHED	NOT_ESTABLISHED	NOT_ESTABLISHED	Unknown	NOT_ESTABLISHED	NOT_ESTABLISHED	n/a — passed	PHPUnit JUnit run 2026-08-12 (L1 only)	NOT_ESTABLISHED	NOT_ESTABLISHED	NOT_ESTABLISHED	NOT_ESTABLISHED
Tests\Unit\Domain\Election\Security\Simplified\ParticipationEligibilityEvidenceTest::test_all_properties_are_public_readonly	Tests\Unit\Domain\Election\Security\Simplified\ParticipationEligibilityEvidenceTest	test_all_properties_are_public_readonly	PASSED	7	0.000		Domain (structural)	Election Security — simplified model	NOT_ESTABLISHED	NOT_ESTABLISHED	NOT_ESTABLISHED	NOT_ESTABLISHED	NOT_ESTABLISHED	NOT_ESTABLISHED	NOT_ESTABLISHED	NOT_ESTABLISHED	Unknown	NOT_ESTABLISHED	NOT_ESTABLISHED	n/a — passed	PHPUnit JUnit run 2026-08-12 (L1 only)	NOT_ESTABLISHED	NOT_ESTABLISHED	NOT_ESTABLISHED	NOT_ESTABLISHED
Tests\Unit\Domain\Election\Security\Simplified\ParticipationEligibilityEvidenceTest::test_has_no_authority_properties	Tests\Unit\Domain\Election\Security\Simplified\ParticipationEligibilityEvidenceTest	test_has_no_authority_properties	PASSED	5	0.000		Domain (structural)	Election Security — simplified model	NOT_ESTABLISHED	NOT_ESTABLISHED	NOT_ESTABLISHED	NOT_ESTABLISHED	NOT_ESTABLISHED	NOT_ESTABLISHED	NOT_ESTABLISHED	NOT_ESTABLISHED	Unknown	NOT_ESTABLISHED	NOT_ESTABLISHED	n/a — passed	PHPUnit JUnit run 2026-08-12 (L1 only)	NOT_ESTABLISHED	NOT_ESTABLISHED	NOT_ESTABLISHED	NOT_ESTABLISHED
Tests\Unit\Domain\Election\Security\Simplified\ParticipationEligibilityEvidenceTest::test_has_no_behavioral_methods	Tests\Unit\Domain\Election\Security\Simplified\ParticipationEligibilityEvidenceTest	test_has_no_behavioral_methods	PASSED	1	0.000		Domain (structural)	Election Security — simplified model	NOT_ESTABLISHED	NOT_ESTABLISHED	NOT_ESTABLISHED	NOT_ESTABLISHED	NOT_ESTABLISHED	NOT_ESTABLISHED	NOT_ESTABLISHED	NOT_ESTABLISHED	Unknown	NOT_ESTABLISHED	NOT_ESTABLISHED	n/a — passed	PHPUnit JUnit run 2026-08-12 (L1 only)	NOT_ESTABLISHED	NOT_ESTABLISHED	NOT_ESTABLISHED	NOT_ESTABLISHED
Tests\Unit\Domain\Election\Security\Simplified\ParticipationEligibilityEvidenceTest::test_is_readonly	Tests\Unit\Domain\Election\Security\Simplified\ParticipationEligibilityEvidenceTest	test_is_readonly	PASSED	1	0.000		Domain (structural)	Election Security — simplified model	NOT_ESTABLISHED	NOT_ESTABLISHED	NOT_ESTABLISHED	NOT_ESTABLISHED	NOT_ESTABLISHED	NOT_ESTABLISHED	NOT_ESTABLISHED	NOT_ESTABLISHED	Unknown	NOT_ESTABLISHED	NOT_ESTABLISHED	n/a — passed	PHPUnit JUnit run 2026-08-12 (L1 only)	NOT_ESTABLISHED	NOT_ESTABLISHED	NOT_ESTABLISHED	NOT_ESTABLISHED
Tests\Unit\Domain\Election\Security\Simplified\ParticipationEligibilityEvidenceTest::test_suspended_voter_still_captures_evidence	Tests\Unit\Domain\Election\Security\Simplified\ParticipationEligibilityEvidenceTest	test_suspended_voter_still_captures_evidence	PASSED	2	0.000		Domain (structural)	Election Security — simplified model	NOT_ESTABLISHED	NOT_ESTABLISHED	NOT_ESTABLISHED	NOT_ESTABLISHED	NOT_ESTABLISHED	NOT_ESTABLISHED	NOT_ESTABLISHED	NOT_ESTABLISHED	Unknown	NOT_ESTABLISHED	NOT_ESTABLISHED	n/a — passed	PHPUnit JUnit run 2026-08-12 (L1 only)	NOT_ESTABLISHED	NOT_ESTABLISHED	NOT_ESTABLISHED	NOT_ESTABLISHED
Tests\Unit\Domain\Election\Security\SovereigntyConvergenceFitnessTest::test_F10_no_from_trust_state_outside_resolver	Tests\Unit\Domain\Election\Security\SovereigntyConvergenceFitnessTest	test_F10_no_from_trust_state_outside_resolver	PASSED	1	0.013		Domain (structural)	Election Security	NOT_ESTABLISHED	NOT_ESTABLISHED	NOT_ESTABLISHED	NOT_ESTABLISHED	NOT_ESTABLISHED	NOT_ESTABLISHED	NOT_ESTABLISHED	NOT_ESTABLISHED	Unknown	NOT_ESTABLISHED	NOT_ESTABLISHED	n/a — passed	PHPUnit JUnit run 2026-08-12 (L1 only)	NOT_ESTABLISHED	NOT_ESTABLISHED	NOT_ESTABLISHED	NOT_ESTABLISHED
Tests\Unit\Domain\Election\Security\SovereigntyConvergenceFitnessTest::test_F10_no_trust_state_to_outcome_mapping_outside_resolver	Tests\Unit\Domain\Election\Security\SovereigntyConvergenceFitnessTest	test_F10_no_trust_state_to_outcome_mapping_outside_resolver	PASSED	1	0.012		Domain (structural)	Election Security	NOT_ESTABLISHED	NOT_ESTABLISHED	NOT_ESTABLISHED	NOT_ESTABLISHED	NOT_ESTABLISHED	NOT_ESTABLISHED	NOT_ESTABLISHED	NOT_ESTABLISHED	Unknown	NOT_ESTABLISHED	NOT_ESTABLISHED	n/a — passed	PHPUnit JUnit run 2026-08-12 (L1 only)	NOT_ESTABLISHED	NOT_ESTABLISHED	NOT_ESTABLISHED	NOT_ESTABLISHED
Tests\Unit\Domain\Election\Security\SovereigntyConvergenceFitnessTest::test_F1_no_singular_authority_fields with data set "App\Domain\Election\Security\Simplified\ConstitutionalObservationContext::highestSeverity"	Tests\Unit\Domain\Election\Security\SovereigntyConvergenceFitnessTest	test_F1_no_singular_authority_fields with data set "App\Domain\Election\Security\Simplified\ConstitutionalObservationContext::highestSeverity"	PASSED	1	0.000		Domain (structural)	Election Security	NOT_ESTABLISHED	NOT_ESTABLISHED	NOT_ESTABLISHED	NOT_ESTABLISHED	NOT_ESTABLISHED	NOT_ESTABLISHED	NOT_ESTABLISHED	NOT_ESTABLISHED	Unknown	NOT_ESTABLISHED	NOT_ESTABLISHED	n/a — passed	PHPUnit JUnit run 2026-08-12 (L1 only)	NOT_ESTABLISHED	NOT_ESTABLISHED	NOT_ESTABLISHED	NOT_ESTABLISHED
Tests\Unit\Domain\Election\Security\SovereigntyConvergenceFitnessTest::test_F1_no_singular_authority_fields with data set "App\Domain\Election\Security\Simplified\ConstitutionalObservationContext::overlaySignal"	Tests\Unit\Domain\Election\Security\SovereigntyConvergenceFitnessTest	test_F1_no_singular_authority_fields with data set "App\Domain\Election\Security\Simplified\ConstitutionalObservationContext::overlaySignal"	PASSED	1	0.000		Domain (structural)	Election Security	NOT_ESTABLISHED	NOT_ESTABLISHED	NOT_ESTABLISHED	NOT_ESTABLISHED	NOT_ESTABLISHED	NOT_ESTABLISHED	NOT_ESTABLISHED	NOT_ESTABLISHED	Unknown	NOT_ESTABLISHED	NOT_ESTABLISHED	n/a — passed	PHPUnit JUnit run 2026-08-12 (L1 only)	NOT_ESTABLISHED	NOT_ESTABLISHED	NOT_ESTABLISHED	NOT_ESTABLISHED
Tests\Unit\Domain\Election\Security\SovereigntyConvergenceFitnessTest::test_F1_no_singular_authority_fields with data set "App\Domain\Election\Security\Simplified\ConstitutionalObservationContext::primarySignal"	Tests\Unit\Domain\Election\Security\SovereigntyConvergenceFitnessTest	test_F1_no_singular_authority_fields with data set "App\Domain\Election\Security\Simplified\ConstitutionalObservationContext::primarySignal"	PASSED	1	0.000		Domain (structural)	Election Security	NOT_ESTABLISHED	NOT_ESTABLISHED	NOT_ESTABLISHED	NOT_ESTABLISHED	NOT_ESTABLISHED	NOT_ESTABLISHED	NOT_ESTABLISHED	NOT_ESTABLISHED	Unknown	NOT_ESTABLISHED	NOT_ESTABLISHED	n/a — passed	PHPUnit JUnit run 2026-08-12 (L1 only)	NOT_ESTABLISHED	NOT_ESTABLISHED	NOT_ESTABLISHED	NOT_ESTABLISHED
Tests\Unit\Domain\Election\Security\SovereigntyConvergenceFitnessTest::test_F1_no_singular_authority_fields with data set "App\Domain\Election\Security\Simplified\ConstitutionalObservationContext::strongestSignal"	Tests\Unit\Domain\Election\Security\SovereigntyConvergenceFitnessTest	test_F1_no_singular_authority_fields with data set "App\Domain\Election\Security\Simplified\ConstitutionalObservationContext::strongestSignal"	PASSED	1	0.000		Domain (structural)	Election Security	NOT_ESTABLISHED	NOT_ESTABLISHED	NOT_ESTABLISHED	NOT_ESTABLISHED	NOT_ESTABLISHED	NOT_ESTABLISHED	NOT_ESTABLISHED	NOT_ESTABLISHED	Unknown	NOT_ESTABLISHED	NOT_ESTABLISHED	n/a — passed	PHPUnit JUnit run 2026-08-12 (L1 only)	NOT_ESTABLISHED	NOT_ESTABLISHED	NOT_ESTABLISHED	NOT_ESTABLISHED
Tests\Unit\Domain\Election\Security\SovereigntyConvergenceFitnessTest::test_F1_no_singular_authority_fields with data set "App\Domain\Election\Security\Simplified\EvaluationEnvelope::highestSeverity"	Tests\Unit\Domain\Election\Security\SovereigntyConvergenceFitnessTest	test_F1_no_singular_authority_fields with data set "App\Domain\Election\Security\Simplified\EvaluationEnvelope::highestSeverity"	PASSED	3	0.000		Domain (structural)	Election Security	NOT_ESTABLISHED	NOT_ESTABLISHED	NOT_ESTABLISHED	NOT_ESTABLISHED	NOT_ESTABLISHED	NOT_ESTABLISHED	NOT_ESTABLISHED	NOT_ESTABLISHED	Unknown	NOT_ESTABLISHED	NOT_ESTABLISHED	n/a — passed	PHPUnit JUnit run 2026-08-12 (L1 only)	NOT_ESTABLISHED	NOT_ESTABLISHED	NOT_ESTABLISHED	NOT_ESTABLISHED
Tests\Unit\Domain\Election\Security\SovereigntyConvergenceFitnessTest::test_F1_no_singular_authority_fields with data set "App\Domain\Election\Security\Simplified\EvaluationEnvelope::overlaySignal"	Tests\Unit\Domain\Election\Security\SovereigntyConvergenceFitnessTest	test_F1_no_singular_authority_fields with data set "App\Domain\Election\Security\Simplified\EvaluationEnvelope::overlaySignal"	PASSED	3	0.000		Domain (structural)	Election Security	NOT_ESTABLISHED	NOT_ESTABLISHED	NOT_ESTABLISHED	NOT_ESTABLISHED	NOT_ESTABLISHED	NOT_ESTABLISHED	NOT_ESTABLISHED	NOT_ESTABLISHED	Unknown	NOT_ESTABLISHED	NOT_ESTABLISHED	n/a — passed	PHPUnit JUnit run 2026-08-12 (L1 only)	NOT_ESTABLISHED	NOT_ESTABLISHED	NOT_ESTABLISHED	NOT_ESTABLISHED
Tests\Unit\Domain\Election\Security\SovereigntyConvergenceFitnessTest::test_F1_no_singular_authority_fields with data set "App\Domain\Election\Security\Simplified\EvaluationEnvelope::primarySignal"	Tests\Unit\Domain\Election\Security\SovereigntyConvergenceFitnessTest	test_F1_no_singular_authority_fields with data set "App\Domain\Election\Security\Simplified\EvaluationEnvelope::primarySignal"	PASSED	3	0.000		Domain (structural)	Election Security	NOT_ESTABLISHED	NOT_ESTABLISHED	NOT_ESTABLISHED	NOT_ESTABLISHED	NOT_ESTABLISHED	NOT_ESTABLISHED	NOT_ESTABLISHED	NOT_ESTABLISHED	Unknown	NOT_ESTABLISHED	NOT_ESTABLISHED	n/a — passed	PHPUnit JUnit run 2026-08-12 (L1 only)	NOT_ESTABLISHED	NOT_ESTABLISHED	NOT_ESTABLISHED	NOT_ESTABLISHED
Tests\Unit\Domain\Election\Security\SovereigntyConvergenceFitnessTest::test_F1_no_singular_authority_fields with data set "App\Domain\Election\Security\Simplified\EvaluationEnvelope::strongestSignal"	Tests\Unit\Domain\Election\Security\SovereigntyConvergenceFitnessTest	test_F1_no_singular_authority_fields with data set "App\Domain\Election\Security\Simplified\EvaluationEnvelope::strongestSignal"	PASSED	3	0.000		Domain (structural)	Election Security	NOT_ESTABLISHED	NOT_ESTABLISHED	NOT_ESTABLISHED	NOT_ESTABLISHED	NOT_ESTABLISHED	NOT_ESTABLISHED	NOT_ESTABLISHED	NOT_ESTABLISHED	Unknown	NOT_ESTABLISHED	NOT_ESTABLISHED	n/a — passed	PHPUnit JUnit run 2026-08-12 (L1 only)	NOT_ESTABLISHED	NOT_ESTABLISHED	NOT_ESTABLISHED	NOT_ESTABLISHED
Tests\Unit\Domain\Election\Security\SovereigntyConvergenceFitnessTest::test_F1_no_singular_authority_fields with data set "App\Domain\Election\Security\Simplified\EvidenceEvaluationResult::highestSeverity"	Tests\Unit\Domain\Election\Security\SovereigntyConvergenceFitnessTest	test_F1_no_singular_authority_fields with data set "App\Domain\Election\Security\Simplified\EvidenceEvaluationResult::highestSeverity"	PASSED	5	0.000		Domain (structural)	Election Security	NOT_ESTABLISHED	NOT_ESTABLISHED	NOT_ESTABLISHED	NOT_ESTABLISHED	NOT_ESTABLISHED	NOT_ESTABLISHED	NOT_ESTABLISHED	NOT_ESTABLISHED	Unknown	NOT_ESTABLISHED	NOT_ESTABLISHED	n/a — passed	PHPUnit JUnit run 2026-08-12 (L1 only)	NOT_ESTABLISHED	NOT_ESTABLISHED	NOT_ESTABLISHED	NOT_ESTABLISHED
Tests\Unit\Domain\Election\Security\SovereigntyConvergenceFitnessTest::test_F1_no_singular_authority_fields with data set "App\Domain\Election\Security\Simplified\EvidenceEvaluationResult::overlaySignal"	Tests\Unit\Domain\Election\Security\SovereigntyConvergenceFitnessTest	test_F1_no_singular_authority_fields with data set "App\Domain\Election\Security\Simplified\EvidenceEvaluationResult::overlaySignal"	PASSED	5	0.000		Domain (structural)	Election Security	NOT_ESTABLISHED	NOT_ESTABLISHED	NOT_ESTABLISHED	NOT_ESTABLISHED	NOT_ESTABLISHED	NOT_ESTABLISHED	NOT_ESTABLISHED	NOT_ESTABLISHED	Unknown	NOT_ESTABLISHED	NOT_ESTABLISHED	n/a — passed	PHPUnit JUnit run 2026-08-12 (L1 only)	NOT_ESTABLISHED	NOT_ESTABLISHED	NOT_ESTABLISHED	NOT_ESTABLISHED
Tests\Unit\Domain\Election\Security\SovereigntyConvergenceFitnessTest::test_F1_no_singular_authority_fields with data set "App\Domain\Election\Security\Simplified\EvidenceEvaluationResult::primarySignal"	Tests\Unit\Domain\Election\Security\SovereigntyConvergenceFitnessTest	test_F1_no_singular_authority_fields with data set "App\Domain\Election\Security\Simplified\EvidenceEvaluationResult::primarySignal"	PASSED	5	0.000		Domain (structural)	Election Security	NOT_ESTABLISHED	NOT_ESTABLISHED	NOT_ESTABLISHED	NOT_ESTABLISHED	NOT_ESTABLISHED	NOT_ESTABLISHED	NOT_ESTABLISHED	NOT_ESTABLISHED	Unknown	NOT_ESTABLISHED	NOT_ESTABLISHED	n/a — passed	PHPUnit JUnit run 2026-08-12 (L1 only)	NOT_ESTABLISHED	NOT_ESTABLISHED	NOT_ESTABLISHED	NOT_ESTABLISHED
Tests\Unit\Domain\Election\Security\SovereigntyConvergenceFitnessTest::test_F1_no_singular_authority_fields with data set "App\Domain\Election\Security\Simplified\EvidenceEvaluationResult::strongestSignal"	Tests\Unit\Domain\Election\Security\SovereigntyConvergenceFitnessTest	test_F1_no_singular_authority_fields with data set "App\Domain\Election\Security\Simplified\EvidenceEvaluationResult::strongestSignal"	PASSED	5	0.000		Domain (structural)	Election Security	NOT_ESTABLISHED	NOT_ESTABLISHED	NOT_ESTABLISHED	NOT_ESTABLISHED	NOT_ESTABLISHED	NOT_ESTABLISHED	NOT_ESTABLISHED	NOT_ESTABLISHED	Unknown	NOT_ESTABLISHED	NOT_ESTABLISHED	n/a — passed	PHPUnit JUnit run 2026-08-12 (L1 only)	NOT_ESTABLISHED	NOT_ESTABLISHED	NOT_ESTABLISHED	NOT_ESTABLISHED
Tests\Unit\Domain\Election\Security\SovereigntyConvergenceFitnessTest::test_F1_no_singular_authority_fields with data set "App\Domain\Election\Security\Simplified\EvidenceSnapshot::highestSeverity"	Tests\Unit\Domain\Election\Security\SovereigntyConvergenceFitnessTest	test_F1_no_singular_authority_fields with data set "App\Domain\Election\Security\Simplified\EvidenceSnapshot::highestSeverity"	PASSED	7	0.000		Domain (structural)	Election Security	NOT_ESTABLISHED	NOT_ESTABLISHED	NOT_ESTABLISHED	NOT_ESTABLISHED	NOT_ESTABLISHED	NOT_ESTABLISHED	NOT_ESTABLISHED	NOT_ESTABLISHED	Unknown	NOT_ESTABLISHED	NOT_ESTABLISHED	n/a — passed	PHPUnit JUnit run 2026-08-12 (L1 only)	NOT_ESTABLISHED	NOT_ESTABLISHED	NOT_ESTABLISHED	NOT_ESTABLISHED
Tests\Unit\Domain\Election\Security\SovereigntyConvergenceFitnessTest::test_F1_no_singular_authority_fields with data set "App\Domain\Election\Security\Simplified\EvidenceSnapshot::overlaySignal"	Tests\Unit\Domain\Election\Security\SovereigntyConvergenceFitnessTest	test_F1_no_singular_authority_fields with data set "App\Domain\Election\Security\Simplified\EvidenceSnapshot::overlaySignal"	PASSED	7	0.000		Domain (structural)	Election Security	NOT_ESTABLISHED	NOT_ESTABLISHED	NOT_ESTABLISHED	NOT_ESTABLISHED	NOT_ESTABLISHED	NOT_ESTABLISHED	NOT_ESTABLISHED	NOT_ESTABLISHED	Unknown	NOT_ESTABLISHED	NOT_ESTABLISHED	n/a — passed	PHPUnit JUnit run 2026-08-12 (L1 only)	NOT_ESTABLISHED	NOT_ESTABLISHED	NOT_ESTABLISHED	NOT_ESTABLISHED
Tests\Unit\Domain\Election\Security\SovereigntyConvergenceFitnessTest::test_F1_no_singular_authority_fields with data set "App\Domain\Election\Security\Simplified\EvidenceSnapshot::primarySignal"	Tests\Unit\Domain\Election\Security\SovereigntyConvergenceFitnessTest	test_F1_no_singular_authority_fields with data set "App\Domain\Election\Security\Simplified\EvidenceSnapshot::primarySignal"	PASSED	7	0.000		Domain (structural)	Election Security	NOT_ESTABLISHED	NOT_ESTABLISHED	NOT_ESTABLISHED	NOT_ESTABLISHED	NOT_ESTABLISHED	NOT_ESTABLISHED	NOT_ESTABLISHED	NOT_ESTABLISHED	Unknown	NOT_ESTABLISHED	NOT_ESTABLISHED	n/a — passed	PHPUnit JUnit run 2026-08-12 (L1 only)	NOT_ESTABLISHED	NOT_ESTABLISHED	NOT_ESTABLISHED	NOT_ESTABLISHED
Tests\Unit\Domain\Election\Security\SovereigntyConvergenceFitnessTest::test_F1_no_singular_authority_fields with data set "App\Domain\Election\Security\Simplified\EvidenceSnapshot::strongestSignal"	Tests\Unit\Domain\Election\Security\SovereigntyConvergenceFitnessTest	test_F1_no_singular_authority_fields with data set "App\Domain\Election\Security\Simplified\EvidenceSnapshot::strongestSignal"	PASSED	7	0.000		Domain (structural)	Election Security	NOT_ESTABLISHED	NOT_ESTABLISHED	NOT_ESTABLISHED	NOT_ESTABLISHED	NOT_ESTABLISHED	NOT_ESTABLISHED	NOT_ESTABLISHED	NOT_ESTABLISHED	Unknown	NOT_ESTABLISHED	NOT_ESTABLISHED	n/a — passed	PHPUnit JUnit run 2026-08-12 (L1 only)	NOT_ESTABLISHED	NOT_ESTABLISHED	NOT_ESTABLISHED	NOT_ESTABLISHED
Tests\Unit\Domain\Election\Security\SovereigntyConvergenceFitnessTest::test_F1_no_singular_authority_fields with data set "App\Domain\Election\Security\Simplified\OverlaySignal::highestSeverity"	Tests\Unit\Domain\Election\Security\SovereigntyConvergenceFitnessTest	test_F1_no_singular_authority_fields with data set "App\Domain\Election\Security\Simplified\OverlaySignal::highestSeverity"	PASSED	4	0.000		Domain (structural)	Election Security	NOT_ESTABLISHED	NOT_ESTABLISHED	NOT_ESTABLISHED	NOT_ESTABLISHED	NOT_ESTABLISHED	NOT_ESTABLISHED	NOT_ESTABLISHED	NOT_ESTABLISHED	Unknown	NOT_ESTABLISHED	NOT_ESTABLISHED	n/a — passed	PHPUnit JUnit run 2026-08-12 (L1 only)	NOT_ESTABLISHED	NOT_ESTABLISHED	NOT_ESTABLISHED	NOT_ESTABLISHED
Tests\Unit\Domain\Election\Security\SovereigntyConvergenceFitnessTest::test_F1_no_singular_authority_fields with data set "App\Domain\Election\Security\Simplified\OverlaySignal::overlaySignal"	Tests\Unit\Domain\Election\Security\SovereigntyConvergenceFitnessTest	test_F1_no_singular_authority_fields with data set "App\Domain\Election\Security\Simplified\OverlaySignal::overlaySignal"	PASSED	4	0.000		Domain (structural)	Election Security	NOT_ESTABLISHED	NOT_ESTABLISHED	NOT_ESTABLISHED	NOT_ESTABLISHED	NOT_ESTABLISHED	NOT_ESTABLISHED	NOT_ESTABLISHED	NOT_ESTABLISHED	Unknown	NOT_ESTABLISHED	NOT_ESTABLISHED	n/a — passed	PHPUnit JUnit run 2026-08-12 (L1 only)	NOT_ESTABLISHED	NOT_ESTABLISHED	NOT_ESTABLISHED	NOT_ESTABLISHED
Tests\Unit\Domain\Election\Security\SovereigntyConvergenceFitnessTest::test_F1_no_singular_authority_fields with data set "App\Domain\Election\Security\Simplified\OverlaySignal::primarySignal"	Tests\Unit\Domain\Election\Security\SovereigntyConvergenceFitnessTest	test_F1_no_singular_authority_fields with data set "App\Domain\Election\Security\Simplified\OverlaySignal::primarySignal"	PASSED	4	0.000		Domain (structural)	Election Security	NOT_ESTABLISHED	NOT_ESTABLISHED	NOT_ESTABLISHED	NOT_ESTABLISHED	NOT_ESTABLISHED	NOT_ESTABLISHED	NOT_ESTABLISHED	NOT_ESTABLISHED	Unknown	NOT_ESTABLISHED	NOT_ESTABLISHED	n/a — passed	PHPUnit JUnit run 2026-08-12 (L1 only)	NOT_ESTABLISHED	NOT_ESTABLISHED	NOT_ESTABLISHED	NOT_ESTABLISHED
Tests\Unit\Domain\Election\Security\SovereigntyConvergenceFitnessTest::test_F1_no_singular_authority_fields with data set "App\Domain\Election\Security\Simplified\OverlaySignal::strongestSignal"	Tests\Unit\Domain\Election\Security\SovereigntyConvergenceFitnessTest	test_F1_no_singular_authority_fields with data set "App\Domain\Election\Security\Simplified\OverlaySignal::strongestSignal"	PASSED	4	0.000		Domain (structural)	Election Security	NOT_ESTABLISHED	NOT_ESTABLISHED	NOT_ESTABLISHED	NOT_ESTABLISHED	NOT_ESTABLISHED	NOT_ESTABLISHED	NOT_ESTABLISHED	NOT_ESTABLISHED	Unknown	NOT_ESTABLISHED	NOT_ESTABLISHED	n/a — passed	PHPUnit JUnit run 2026-08-12 (L1 only)	NOT_ESTABLISHED	NOT_ESTABLISHED	NOT_ESTABLISHED	NOT_ESTABLISHED
Tests\Unit\Domain\Election\Security\SovereigntyConvergenceFitnessTest::test_F2_envelope_plurality_preserves_multiple_signals	Tests\Unit\Domain\Election\Security\SovereigntyConvergenceFitnessTest	test_F2_envelope_plurality_preserves_multiple_signals	PASSED	1	0.000		Domain (structural)	Election Security	NOT_ESTABLISHED	NOT_ESTABLISHED	NOT_ESTABLISHED	NOT_ESTABLISHED	NOT_ESTABLISHED	NOT_ESTABLISHED	NOT_ESTABLISHED	NOT_ESTABLISHED	Unknown	NOT_ESTABLISHED	NOT_ESTABLISHED	n/a — passed	PHPUnit JUnit run 2026-08-12 (L1 only)	NOT_ESTABLISHED	NOT_ESTABLISHED	NOT_ESTABLISHED	NOT_ESTABLISHED
Tests\Unit\Domain\Election\Security\SovereigntyConvergenceFitnessTest::test_F2_envelope_plurality_uses_observation_context	Tests\Unit\Domain\Election\Security\SovereigntyConvergenceFitnessTest	test_F2_envelope_plurality_uses_observation_context	PASSED	3	0.000		Domain (structural)	Election Security	NOT_ESTABLISHED	NOT_ESTABLISHED	NOT_ESTABLISHED	NOT_ESTABLISHED	NOT_ESTABLISHED	NOT_ESTABLISHED	NOT_ESTABLISHED	NOT_ESTABLISHED	Unknown	NOT_ESTABLISHED	NOT_ESTABLISHED	n/a — passed	PHPUnit JUnit run 2026-08-12 (L1 only)	NOT_ESTABLISHED	NOT_ESTABLISHED	NOT_ESTABLISHED	NOT_ESTABLISHED
Tests\Unit\Domain\Election\Security\SovereigntyConvergenceFitnessTest::test_F3_different_snapshots_produce_different_hash	Tests\Unit\Domain\Election\Security\SovereigntyConvergenceFitnessTest	test_F3_different_snapshots_produce_different_hash	PASSED	1	0.000		Domain (structural)	Election Security	NOT_ESTABLISHED	NOT_ESTABLISHED	NOT_ESTABLISHED	NOT_ESTABLISHED	NOT_ESTABLISHED	NOT_ESTABLISHED	NOT_ESTABLISHED	NOT_ESTABLISHED	Unknown	NOT_ESTABLISHED	NOT_ESTABLISHED	n/a — passed	PHPUnit JUnit run 2026-08-12 (L1 only)	NOT_ESTABLISHED	NOT_ESTABLISHED	NOT_ESTABLISHED	NOT_ESTABLISHED
Tests\Unit\Domain\Election\Security\SovereigntyConvergenceFitnessTest::test_F3_identical_snapshots_produce_identical_hash	Tests\Unit\Domain\Election\Security\SovereigntyConvergenceFitnessTest	test_F3_identical_snapshots_produce_identical_hash	PASSED	1	0.000		Domain (structural)	Election Security	NOT_ESTABLISHED	NOT_ESTABLISHED	NOT_ESTABLISHED	NOT_ESTABLISHED	NOT_ESTABLISHED	NOT_ESTABLISHED	NOT_ESTABLISHED	NOT_ESTABLISHED	Unknown	NOT_ESTABLISHED	NOT_ESTABLISHED	n/a — passed	PHPUnit JUnit run 2026-08-12 (L1 only)	NOT_ESTABLISHED	NOT_ESTABLISHED	NOT_ESTABLISHED	NOT_ESTABLISHED
Tests\Unit\Domain\Election\Security\SovereigntyConvergenceFitnessTest::test_F4_F5_F6_F10_block_transfer	Tests\Unit\Domain\Election\Security\SovereigntyConvergenceFitnessTest	test_F4_F5_F6_F10_block_transfer	PASSED	10	0.000		Domain (structural)	Election Security	NOT_ESTABLISHED	NOT_ESTABLISHED	NOT_ESTABLISHED	NOT_ESTABLISHED	NOT_ESTABLISHED	NOT_ESTABLISHED	NOT_ESTABLISHED	NOT_ESTABLISHED	Unknown	NOT_ESTABLISHED	NOT_ESTABLISHED	n/a — passed	PHPUnit JUnit run 2026-08-12 (L1 only)	NOT_ESTABLISHED	NOT_ESTABLISHED	NOT_ESTABLISHED	NOT_ESTABLISHED
Tests\Unit\Domain\Election\Security\SovereigntyConvergenceFitnessTest::test_F4_legitimacy_outcome_not_used_outside_constitutional_path	Tests\Unit\Domain\Election\Security\SovereigntyConvergenceFitnessTest	test_F4_legitimacy_outcome_not_used_outside_constitutional_path	PASSED	1	0.013		Domain (structural)	Election Security	NOT_ESTABLISHED	NOT_ESTABLISHED	NOT_ESTABLISHED	NOT_ESTABLISHED	NOT_ESTABLISHED	NOT_ESTABLISHED	NOT_ESTABLISHED	NOT_ESTABLISHED	Unknown	NOT_ESTABLISHED	NOT_ESTABLISHED	n/a — passed	PHPUnit JUnit run 2026-08-12 (L1 only)	NOT_ESTABLISHED	NOT_ESTABLISHED	NOT_ESTABLISHED	NOT_ESTABLISHED
Tests\Unit\Domain\Election\Security\SovereigntyConvergenceFitnessTest::test_F4_trust_evaluation_state_not_used_outside_constitutional_path	Tests\Unit\Domain\Election\Security\SovereigntyConvergenceFitnessTest	test_F4_trust_evaluation_state_not_used_outside_constitutional_path	PASSED	1	0.013		Domain (structural)	Election Security	NOT_ESTABLISHED	NOT_ESTABLISHED	NOT_ESTABLISHED	NOT_ESTABLISHED	NOT_ESTABLISHED	NOT_ESTABLISHED	NOT_ESTABLISHED	NOT_ESTABLISHED	Unknown	NOT_ESTABLISHED	NOT_ESTABLISHED	n/a — passed	PHPUnit JUnit run 2026-08-12 (L1 only)	NOT_ESTABLISHED	NOT_ESTABLISHED	NOT_ESTABLISHED	NOT_ESTABLISHED
Tests\Unit\Domain\Election\Security\SovereigntyConvergenceFitnessTest::test_F5_adding_observations_preserves_count	Tests\Unit\Domain\Election\Security\SovereigntyConvergenceFitnessTest	test_F5_adding_observations_preserves_count	PASSED	5	0.000		Domain (structural)	Election Security	NOT_ESTABLISHED	NOT_ESTABLISHED	NOT_ESTABLISHED	NOT_ESTABLISHED	NOT_ESTABLISHED	NOT_ESTABLISHED	NOT_ESTABLISHED	NOT_ESTABLISHED	Unknown	NOT_ESTABLISHED	NOT_ESTABLISHED	n/a — passed	PHPUnit JUnit run 2026-08-12 (L1 only)	NOT_ESTABLISHED	NOT_ESTABLISHED	NOT_ESTABLISHED	NOT_ESTABLISHED
Tests\Unit\Domain\Election\Security\SovereigntyConvergenceFitnessTest::test_F5_observations_property_is_readonly	Tests\Unit\Domain\Election\Security\SovereigntyConvergenceFitnessTest	test_F5_observations_property_is_readonly	PASSED	1	0.000		Domain (structural)	Election Security	NOT_ESTABLISHED	NOT_ESTABLISHED	NOT_ESTABLISHED	NOT_ESTABLISHED	NOT_ESTABLISHED	NOT_ESTABLISHED	NOT_ESTABLISHED	NOT_ESTABLISHED	Unknown	NOT_ESTABLISHED	NOT_ESTABLISHED	n/a — passed	PHPUnit JUnit run 2026-08-12 (L1 only)	NOT_ESTABLISHED	NOT_ESTABLISHED	NOT_ESTABLISHED	NOT_ESTABLISHED
Tests\Unit\Domain\Election\Security\SovereigntyConvergenceFitnessTest::test_F6_same_evidence_produces_same_hash	Tests\Unit\Domain\Election\Security\SovereigntyConvergenceFitnessTest	test_F6_same_evidence_produces_same_hash	PASSED	1	0.000		Domain (structural)	Election Security	NOT_ESTABLISHED	NOT_ESTABLISHED	NOT_ESTABLISHED	NOT_ESTABLISHED	NOT_ESTABLISHED	NOT_ESTABLISHED	NOT_ESTABLISHED	NOT_ESTABLISHED	Unknown	NOT_ESTABLISHED	NOT_ESTABLISHED	n/a — passed	PHPUnit JUnit run 2026-08-12 (L1 only)	NOT_ESTABLISHED	NOT_ESTABLISHED	NOT_ESTABLISHED	NOT_ESTABLISHED
Tests\Unit\Domain\Election\Security\SovereigntyConvergenceFitnessTest::test_fitness_function_enum_has_ten_cases	Tests\Unit\Domain\Election\Security\SovereigntyConvergenceFitnessTest	test_fitness_function_enum_has_ten_cases	PASSED	1	0.000		Domain (structural)	Election Security	NOT_ESTABLISHED	NOT_ESTABLISHED	NOT_ESTABLISHED	NOT_ESTABLISHED	NOT_ESTABLISHED	NOT_ESTABLISHED	NOT_ESTABLISHED	NOT_ESTABLISHED	Unknown	NOT_ESTABLISHED	NOT_ESTABLISHED	n/a — passed	PHPUnit JUnit run 2026-08-12 (L1 only)	NOT_ESTABLISHED	NOT_ESTABLISHED	NOT_ESTABLISHED	NOT_ESTABLISHED
Tests\Unit\Domain\Election\Security\SovereigntyDivergenceRecordTest::test_all_outcome_combinations_are_recordable	Tests\Unit\Domain\Election\Security\SovereigntyDivergenceRecordTest	test_all_outcome_combinations_are_recordable	PASSED	16	0.000		Domain (structural)	Election Security	NOT_ESTABLISHED	NOT_ESTABLISHED	NOT_ESTABLISHED	NOT_ESTABLISHED	NOT_ESTABLISHED	NOT_ESTABLISHED	NOT_ESTABLISHED	NOT_ESTABLISHED	Unknown	NOT_ESTABLISHED	NOT_ESTABLISHED	n/a — passed	PHPUnit JUnit run 2026-08-12 (L1 only)	NOT_ESTABLISHED	NOT_ESTABLISHED	NOT_ESTABLISHED	NOT_ESTABLISHED
Tests\Unit\Domain\Election\Security\SovereigntyDivergenceRecordTest::test_has_no_behavioral_methods	Tests\Unit\Domain\Election\Security\SovereigntyDivergenceRecordTest	test_has_no_behavioral_methods	PASSED	1	0.000		Domain (structural)	Election Security	NOT_ESTABLISHED	NOT_ESTABLISHED	NOT_ESTABLISHED	NOT_ESTABLISHED	NOT_ESTABLISHED	NOT_ESTABLISHED	NOT_ESTABLISHED	NOT_ESTABLISHED	Unknown	NOT_ESTABLISHED	NOT_ESTABLISHED	n/a — passed	PHPUnit JUnit run 2026-08-12 (L1 only)	NOT_ESTABLISHED	NOT_ESTABLISHED	NOT_ESTABLISHED	NOT_ESTABLISHED
Tests\Unit\Domain\Election\Security\SovereigntyDivergenceRecordTest::test_is_readonly	Tests\Unit\Domain\Election\Security\SovereigntyDivergenceRecordTest	test_is_readonly	PASSED	1	0.000		Domain (structural)	Election Security	NOT_ESTABLISHED	NOT_ESTABLISHED	NOT_ESTABLISHED	NOT_ESTABLISHED	NOT_ESTABLISHED	NOT_ESTABLISHED	NOT_ESTABLISHED	NOT_ESTABLISHED	Unknown	NOT_ESTABLISHED	NOT_ESTABLISHED	n/a — passed	PHPUnit JUnit run 2026-08-12 (L1 only)	NOT_ESTABLISHED	NOT_ESTABLISHED	NOT_ESTABLISHED	NOT_ESTABLISHED
Tests\Unit\Domain\Election\Security\SovereigntyDivergenceRecordTest::test_records_constitutional_uncertainty	Tests\Unit\Domain\Election\Security\SovereigntyDivergenceRecordTest	test_records_constitutional_uncertainty	PASSED	5	0.000		Domain (structural)	Election Security	NOT_ESTABLISHED	NOT_ESTABLISHED	NOT_ESTABLISHED	NOT_ESTABLISHED	NOT_ESTABLISHED	NOT_ESTABLISHED	NOT_ESTABLISHED	NOT_ESTABLISHED	Unknown	NOT_ESTABLISHED	NOT_ESTABLISHED	n/a — passed	PHPUnit JUnit run 2026-08-12 (L1 only)	NOT_ESTABLISHED	NOT_ESTABLISHED	NOT_ESTABLISHED	NOT_ESTABLISHED
Tests\Unit\Domain\Election\Security\SovereigntyDivergenceRecordTest::test_records_divergence_context	Tests\Unit\Domain\Election\Security\SovereigntyDivergenceRecordTest	test_records_divergence_context	PASSED	5	0.000		Domain (structural)	Election Security	NOT_ESTABLISHED	NOT_ESTABLISHED	NOT_ESTABLISHED	NOT_ESTABLISHED	NOT_ESTABLISHED	NOT_ESTABLISHED	NOT_ESTABLISHED	NOT_ESTABLISHED	Unknown	NOT_ESTABLISHED	NOT_ESTABLISHED	n/a — passed	PHPUnit JUnit run 2026-08-12 (L1 only)	NOT_ESTABLISHED	NOT_ESTABLISHED	NOT_ESTABLISHED	NOT_ESTABLISHED
Tests\Unit\Domain\Election\Security\SovereigntyDivergenceRecordTest::test_records_matched_outcome	Tests\Unit\Domain\Election\Security\SovereigntyDivergenceRecordTest	test_records_matched_outcome	PASSED	8	0.000		Domain (structural)	Election Security	NOT_ESTABLISHED	NOT_ESTABLISHED	NOT_ESTABLISHED	NOT_ESTABLISHED	NOT_ESTABLISHED	NOT_ESTABLISHED	NOT_ESTABLISHED	NOT_ESTABLISHED	Unknown	NOT_ESTABLISHED	NOT_ESTABLISHED	n/a — passed	PHPUnit JUnit run 2026-08-12 (L1 only)	NOT_ESTABLISHED	NOT_ESTABLISHED	NOT_ESTABLISHED	NOT_ESTABLISHED
Tests\Unit\Domain\Election\Security\SovereigntyDivergenceRecordTest::test_records_procedural_overreach	Tests\Unit\Domain\Election\Security\SovereigntyDivergenceRecordTest	test_records_procedural_overreach	PASSED	9	0.000		Domain (structural)	Election Security	NOT_ESTABLISHED	NOT_ESTABLISHED	NOT_ESTABLISHED	NOT_ESTABLISHED	NOT_ESTABLISHED	NOT_ESTABLISHED	NOT_ESTABLISHED	NOT_ESTABLISHED	Unknown	NOT_ESTABLISHED	NOT_ESTABLISHED	n/a — passed	PHPUnit JUnit run 2026-08-12 (L1 only)	NOT_ESTABLISHED	NOT_ESTABLISHED	NOT_ESTABLISHED	NOT_ESTABLISHED
Tests\Unit\Domain\Election\Security\SovereigntyDivergenceRecordTest::test_records_sovereignty_leak	Tests\Unit\Domain\Election\Security\SovereigntyDivergenceRecordTest	test_records_sovereignty_leak	PASSED	6	0.000		Domain (structural)	Election Security	NOT_ESTABLISHED	NOT_ESTABLISHED	NOT_ESTABLISHED	NOT_ESTABLISHED	NOT_ESTABLISHED	NOT_ESTABLISHED	NOT_ESTABLISHED	NOT_ESTABLISHED	Unknown	NOT_ESTABLISHED	NOT_ESTABLISHED	n/a — passed	PHPUnit JUnit run 2026-08-12 (L1 only)	NOT_ESTABLISHED	NOT_ESTABLISHED	NOT_ESTABLISHED	NOT_ESTABLISHED
Tests\Unit\Domain\Election\Security\TrustEvaluationEnvelopeTest::test_envelope_bundles_result_and_overlay_observations	Tests\Unit\Domain\Election\Security\TrustEvaluationEnvelopeTest	test_envelope_bundles_result_and_overlay_observations	PASSED	3	0.000		Domain (structural)	Election Security	NOT_ESTABLISHED	NOT_ESTABLISHED	NOT_ESTABLISHED	NOT_ESTABLISHED	NOT_ESTABLISHED	NOT_ESTABLISHED	NOT_ESTABLISHED	NOT_ESTABLISHED	Unknown	NOT_ESTABLISHED	NOT_ESTABLISHED	n/a — passed	PHPUnit JUnit run 2026-08-12 (L1 only)	NOT_ESTABLISHED	NOT_ESTABLISHED	NOT_ESTABLISHED	NOT_ESTABLISHED
Tests\Unit\Domain\Election\Security\TrustEvaluationEnvelopeTest::test_envelope_has_no_authority_deriving_methods	Tests\Unit\Domain\Election\Security\TrustEvaluationEnvelopeTest	test_envelope_has_no_authority_deriving_methods	PASSED	6	0.000		Domain (structural)	Election Security	NOT_ESTABLISHED	NOT_ESTABLISHED	NOT_ESTABLISHED	NOT_ESTABLISHED	NOT_ESTABLISHED	NOT_ESTABLISHED	NOT_ESTABLISHED	NOT_ESTABLISHED	Unknown	NOT_ESTABLISHED	NOT_ESTABLISHED	n/a — passed	PHPUnit JUnit run 2026-08-12 (L1 only)	NOT_ESTABLISHED	NOT_ESTABLISHED	NOT_ESTABLISHED	NOT_ESTABLISHED
Tests\Unit\Domain\Election\Security\TrustEvaluationEnvelopeTest::test_envelope_is_readonly	Tests\Unit\Domain\Election\Security\TrustEvaluationEnvelopeTest	test_envelope_is_readonly	PASSED	1	0.000		Domain (structural)	Election Security	NOT_ESTABLISHED	NOT_ESTABLISHED	NOT_ESTABLISHED	NOT_ESTABLISHED	NOT_ESTABLISHED	NOT_ESTABLISHED	NOT_ESTABLISHED	NOT_ESTABLISHED	Unknown	NOT_ESTABLISHED	NOT_ESTABLISHED	n/a — passed	PHPUnit JUnit run 2026-08-12 (L1 only)	NOT_ESTABLISHED	NOT_ESTABLISHED	NOT_ESTABLISHED	NOT_ESTABLISHED
Tests\Unit\Domain\Election\Security\TrustEvaluationEnvelopeTest::test_envelope_result_and_observations_accessible_independently	Tests\Unit\Domain\Election\Security\TrustEvaluationEnvelopeTest	test_envelope_result_and_observations_accessible_independently	PASSED	4	0.000		Domain (structural)	Election Security	NOT_ESTABLISHED	NOT_ESTABLISHED	NOT_ESTABLISHED	NOT_ESTABLISHED	NOT_ESTABLISHED	NOT_ESTABLISHED	NOT_ESTABLISHED	NOT_ESTABLISHED	Unknown	NOT_ESTABLISHED	NOT_ESTABLISHED	n/a — passed	PHPUnit JUnit run 2026-08-12 (L1 only)	NOT_ESTABLISHED	NOT_ESTABLISHED	NOT_ESTABLISHED	NOT_ESTABLISHED
Tests\Unit\Domain\Election\Security\TrustEvidencePrivacyPolicyTest::test_can_retain_raw_ip_defaults_false	Tests\Unit\Domain\Election\Security\TrustEvidencePrivacyPolicyTest	test_can_retain_raw_ip_defaults_false	PASSED	1	0.000		Domain (structural)	Election Security	NOT_ESTABLISHED	NOT_ESTABLISHED	NOT_ESTABLISHED	NOT_ESTABLISHED	NOT_ESTABLISHED	NOT_ESTABLISHED	NOT_ESTABLISHED	NOT_ESTABLISHED	Unknown	NOT_ESTABLISHED	NOT_ESTABLISHED	n/a — passed	PHPUnit JUnit run 2026-08-12 (L1 only)	NOT_ESTABLISHED	NOT_ESTABLISHED	NOT_ESTABLISHED	NOT_ESTABLISHED
Tests\Unit\Domain\Election\Security\TrustEvidencePrivacyPolicyTest::test_hash_fingerprint_returns_hash_not_raw	Tests\Unit\Domain\Election\Security\TrustEvidencePrivacyPolicyTest	test_hash_fingerprint_returns_hash_not_raw	PASSED	2	0.000		Domain (structural)	Election Security	NOT_ESTABLISHED	NOT_ESTABLISHED	NOT_ESTABLISHED	NOT_ESTABLISHED	NOT_ESTABLISHED	NOT_ESTABLISHED	NOT_ESTABLISHED	NOT_ESTABLISHED	Unknown	NOT_ESTABLISHED	NOT_ESTABLISHED	n/a — passed	PHPUnit JUnit run 2026-08-12 (L1 only)	NOT_ESTABLISHED	NOT_ESTABLISHED	NOT_ESTABLISHED	NOT_ESTABLISHED
Tests\Unit\Domain\Election\Security\TrustEvidencePrivacyPolicyTest::test_hash_ip_is_deterministic	Tests\Unit\Domain\Election\Security\TrustEvidencePrivacyPolicyTest	test_hash_ip_is_deterministic	PASSED	1	0.000		Domain (structural)	Election Security	NOT_ESTABLISHED	NOT_ESTABLISHED	NOT_ESTABLISHED	NOT_ESTABLISHED	NOT_ESTABLISHED	NOT_ESTABLISHED	NOT_ESTABLISHED	NOT_ESTABLISHED	Unknown	NOT_ESTABLISHED	NOT_ESTABLISHED	n/a — passed	PHPUnit JUnit run 2026-08-12 (L1 only)	NOT_ESTABLISHED	NOT_ESTABLISHED	NOT_ESTABLISHED	NOT_ESTABLISHED
Tests\Unit\Domain\Election\Security\TrustEvidencePrivacyPolicyTest::test_hash_ip_returns_hash_not_raw	Tests\Unit\Domain\Election\Security\TrustEvidencePrivacyPolicyTest	test_hash_ip_returns_hash_not_raw	PASSED	2	0.000		Domain (structural)	Election Security	NOT_ESTABLISHED	NOT_ESTABLISHED	NOT_ESTABLISHED	NOT_ESTABLISHED	NOT_ESTABLISHED	NOT_ESTABLISHED	NOT_ESTABLISHED	NOT_ESTABLISHED	Unknown	NOT_ESTABLISHED	NOT_ESTABLISHED	n/a — passed	PHPUnit JUnit run 2026-08-12 (L1 only)	NOT_ESTABLISHED	NOT_ESTABLISHED	NOT_ESTABLISHED	NOT_ESTABLISHED
Tests\Unit\Domain\Election\Security\TrustLevelTest::test_attested_has_correct_string_value	Tests\Unit\Domain\Election\Security\TrustLevelTest	test_attested_has_correct_string_value	PASSED	1	0.000		Domain (structural)	Election Security	NOT_ESTABLISHED	NOT_ESTABLISHED	NOT_ESTABLISHED	NOT_ESTABLISHED	NOT_ESTABLISHED	NOT_ESTABLISHED	NOT_ESTABLISHED	NOT_ESTABLISHED	Unknown	NOT_ESTABLISHED	NOT_ESTABLISHED	n/a — passed	PHPUnit JUnit run 2026-08-12 (L1 only)	NOT_ESTABLISHED	NOT_ESTABLISHED	NOT_ESTABLISHED	NOT_ESTABLISHED
Tests\Unit\Domain\Election\Security\TrustLevelTest::test_continuity_verified_has_correct_string_value	Tests\Unit\Domain\Election\Security\TrustLevelTest	test_continuity_verified_has_correct_string_value	PASSED	1	0.000		Domain (structural)	Election Security	NOT_ESTABLISHED	NOT_ESTABLISHED	NOT_ESTABLISHED	NOT_ESTABLISHED	NOT_ESTABLISHED	NOT_ESTABLISHED	NOT_ESTABLISHED	NOT_ESTABLISHED	Unknown	NOT_ESTABLISHED	NOT_ESTABLISHED	n/a — passed	PHPUnit JUnit run 2026-08-12 (L1 only)	NOT_ESTABLISHED	NOT_ESTABLISHED	NOT_ESTABLISHED	NOT_ESTABLISHED
Tests\Unit\Domain\Election\Security\TrustLevelTest::test_registrar_attested_has_correct_string_value	Tests\Unit\Domain\Election\Security\TrustLevelTest	test_registrar_attested_has_correct_string_value	PASSED	1	0.000		Domain (structural)	Election Security	NOT_ESTABLISHED	NOT_ESTABLISHED	NOT_ESTABLISHED	NOT_ESTABLISHED	NOT_ESTABLISHED	NOT_ESTABLISHED	NOT_ESTABLISHED	NOT_ESTABLISHED	Unknown	NOT_ESTABLISHED	NOT_ESTABLISHED	n/a — passed	PHPUnit JUnit run 2026-08-12 (L1 only)	NOT_ESTABLISHED	NOT_ESTABLISHED	NOT_ESTABLISHED	NOT_ESTABLISHED
Tests\Unit\Domain\Election\Security\TrustLevelTest::test_unverified_has_correct_string_value	Tests\Unit\Domain\Election\Security\TrustLevelTest	test_unverified_has_correct_string_value	PASSED	1	0.000		Domain (structural)	Election Security	NOT_ESTABLISHED	NOT_ESTABLISHED	NOT_ESTABLISHED	NOT_ESTABLISHED	NOT_ESTABLISHED	NOT_ESTABLISHED	NOT_ESTABLISHED	NOT_ESTABLISHED	Unknown	NOT_ESTABLISHED	NOT_ESTABLISHED	n/a — passed	PHPUnit JUnit run 2026-08-12 (L1 only)	NOT_ESTABLISHED	NOT_ESTABLISHED	NOT_ESTABLISHED	NOT_ESTABLISHED
Tests\Unit\Domain\Election\Security\TrustValidityScopeTest::test_device_scoped_has_correct_value	Tests\Unit\Domain\Election\Security\TrustValidityScopeTest	test_device_scoped_has_correct_value	PASSED	1	0.000		Domain (structural)	Election Security	NOT_ESTABLISHED	NOT_ESTABLISHED	NOT_ESTABLISHED	NOT_ESTABLISHED	NOT_ESTABLISHED	NOT_ESTABLISHED	NOT_ESTABLISHED	NOT_ESTABLISHED	Unknown	NOT_ESTABLISHED	NOT_ESTABLISHED	n/a — passed	PHPUnit JUnit run 2026-08-12 (L1 only)	NOT_ESTABLISHED	NOT_ESTABLISHED	NOT_ESTABLISHED	NOT_ESTABLISHED
Tests\Unit\Domain\Election\Security\TrustValidityScopeTest::test_election_scoped_has_correct_value	Tests\Unit\Domain\Election\Security\TrustValidityScopeTest	test_election_scoped_has_correct_value	PASSED	1	0.000		Domain (structural)	Election Security	NOT_ESTABLISHED	NOT_ESTABLISHED	NOT_ESTABLISHED	NOT_ESTABLISHED	NOT_ESTABLISHED	NOT_ESTABLISHED	NOT_ESTABLISHED	NOT_ESTABLISHED	Unknown	NOT_ESTABLISHED	NOT_ESTABLISHED	n/a — passed	PHPUnit JUnit run 2026-08-12 (L1 only)	NOT_ESTABLISHED	NOT_ESTABLISHED	NOT_ESTABLISHED	NOT_ESTABLISHED
Tests\Unit\Domain\Election\Security\TrustValidityScopeTest::test_manual_clear_required_has_correct_value	Tests\Unit\Domain\Election\Security\TrustValidityScopeTest	test_manual_clear_required_has_correct_value	PASSED	1	0.000		Domain (structural)	Election Security	NOT_ESTABLISHED	NOT_ESTABLISHED	NOT_ESTABLISHED	NOT_ESTABLISHED	NOT_ESTABLISHED	NOT_ESTABLISHED	NOT_ESTABLISHED	NOT_ESTABLISHED	Unknown	NOT_ESTABLISHED	NOT_ESTABLISHED	n/a — passed	PHPUnit JUnit run 2026-08-12 (L1 only)	NOT_ESTABLISHED	NOT_ESTABLISHED	NOT_ESTABLISHED	NOT_ESTABLISHED
Tests\Unit\Domain\Election\Security\TrustValidityScopeTest::test_overlay_scoped_has_correct_value	Tests\Unit\Domain\Election\Security\TrustValidityScopeTest	test_overlay_scoped_has_correct_value	PASSED	1	0.000		Domain (structural)	Election Security	NOT_ESTABLISHED	NOT_ESTABLISHED	NOT_ESTABLISHED	NOT_ESTABLISHED	NOT_ESTABLISHED	NOT_ESTABLISHED	NOT_ESTABLISHED	NOT_ESTABLISHED	Unknown	NOT_ESTABLISHED	NOT_ESTABLISHED	n/a — passed	PHPUnit JUnit run 2026-08-12 (L1 only)	NOT_ESTABLISHED	NOT_ESTABLISHED	NOT_ESTABLISHED	NOT_ESTABLISHED
Tests\Unit\Domain\Election\Security\TrustValidityScopeTest::test_session_scoped_has_correct_value	Tests\Unit\Domain\Election\Security\TrustValidityScopeTest	test_session_scoped_has_correct_value	PASSED	1	0.000		Domain (structural)	Election Security	NOT_ESTABLISHED	NOT_ESTABLISHED	NOT_ESTABLISHED	NOT_ESTABLISHED	NOT_ESTABLISHED	NOT_ESTABLISHED	NOT_ESTABLISHED	NOT_ESTABLISHED	Unknown	NOT_ESTABLISHED	NOT_ESTABLISHED	n/a — passed	PHPUnit JUnit run 2026-08-12 (L1 only)	NOT_ESTABLISHED	NOT_ESTABLISHED	NOT_ESTABLISHED	NOT_ESTABLISHED
Tests\Unit\Domain\Election\Security\VerificationAttestationRecordTest::test_device_mismatch_when_hashes_differ	Tests\Unit\Domain\Election\Security\VerificationAttestationRecordTest	test_device_mismatch_when_hashes_differ	PASSED	1	0.000		Domain (structural)	Election Security	NOT_ESTABLISHED	NOT_ESTABLISHED	NOT_ESTABLISHED	NOT_ESTABLISHED	NOT_ESTABLISHED	NOT_ESTABLISHED	NOT_ESTABLISHED	NOT_ESTABLISHED	Unknown	NOT_ESTABLISHED	NOT_ESTABLISHED	n/a — passed	PHPUnit JUnit run 2026-08-12 (L1 only)	NOT_ESTABLISHED	NOT_ESTABLISHED	NOT_ESTABLISHED	NOT_ESTABLISHED
Tests\Unit\Domain\Election\Security\VerificationAttestationRecordTest::test_device_mismatch_when_hashes_match	Tests\Unit\Domain\Election\Security\VerificationAttestationRecordTest	test_device_mismatch_when_hashes_match	PASSED	1	0.000		Domain (structural)	Election Security	NOT_ESTABLISHED	NOT_ESTABLISHED	NOT_ESTABLISHED	NOT_ESTABLISHED	NOT_ESTABLISHED	NOT_ESTABLISHED	NOT_ESTABLISHED	NOT_ESTABLISHED	Unknown	NOT_ESTABLISHED	NOT_ESTABLISHED	n/a — passed	PHPUnit JUnit run 2026-08-12 (L1 only)	NOT_ESTABLISHED	NOT_ESTABLISHED	NOT_ESTABLISHED	NOT_ESTABLISHED
Tests\Unit\Domain\Election\Security\VerificationAttestationRecordTest::test_is_satisfied_when_not_required	Tests\Unit\Domain\Election\Security\VerificationAttestationRecordTest	test_is_satisfied_when_not_required	PASSED	1	0.000		Domain (structural)	Election Security	NOT_ESTABLISHED	NOT_ESTABLISHED	NOT_ESTABLISHED	NOT_ESTABLISHED	NOT_ESTABLISHED	NOT_ESTABLISHED	NOT_ESTABLISHED	NOT_ESTABLISHED	Unknown	NOT_ESTABLISHED	NOT_ESTABLISHED	n/a — passed	PHPUnit JUnit run 2026-08-12 (L1 only)	NOT_ESTABLISHED	NOT_ESTABLISHED	NOT_ESTABLISHED	NOT_ESTABLISHED
Tests\Unit\Domain\Election\Security\VerificationAttestationRecordTest::test_is_satisfied_when_required_and_attested	Tests\Unit\Domain\Election\Security\VerificationAttestationRecordTest	test_is_satisfied_when_required_and_attested	PASSED	1	0.000		Domain (structural)	Election Security	NOT_ESTABLISHED	NOT_ESTABLISHED	NOT_ESTABLISHED	NOT_ESTABLISHED	NOT_ESTABLISHED	NOT_ESTABLISHED	NOT_ESTABLISHED	NOT_ESTABLISHED	Unknown	NOT_ESTABLISHED	NOT_ESTABLISHED	n/a — passed	PHPUnit JUnit run 2026-08-12 (L1 only)	NOT_ESTABLISHED	NOT_ESTABLISHED	NOT_ESTABLISHED	NOT_ESTABLISHED
Tests\Unit\Domain\Election\Security\VerificationAttestationRecordTest::test_is_satisfied_when_required_but_not_attested	Tests\Unit\Domain\Election\Security\VerificationAttestationRecordTest	test_is_satisfied_when_required_but_not_attested	PASSED	1	0.000		Domain (structural)	Election Security	NOT_ESTABLISHED	NOT_ESTABLISHED	NOT_ESTABLISHED	NOT_ESTABLISHED	NOT_ESTABLISHED	NOT_ESTABLISHED	NOT_ESTABLISHED	NOT_ESTABLISHED	Unknown	NOT_ESTABLISHED	NOT_ESTABLISHED	n/a — passed	PHPUnit JUnit run 2026-08-12 (L1 only)	NOT_ESTABLISHED	NOT_ESTABLISHED	NOT_ESTABLISHED	NOT_ESTABLISHED
Tests\Unit\Domain\Election\Security\VerificationAttestationRecordTest::test_network_mismatch_when_hashes_differ	Tests\Unit\Domain\Election\Security\VerificationAttestationRecordTest	test_network_mismatch_when_hashes_differ	PASSED	1	0.000		Domain (structural)	Election Security	NOT_ESTABLISHED	NOT_ESTABLISHED	NOT_ESTABLISHED	NOT_ESTABLISHED	NOT_ESTABLISHED	NOT_ESTABLISHED	NOT_ESTABLISHED	NOT_ESTABLISHED	Unknown	NOT_ESTABLISHED	NOT_ESTABLISHED	n/a — passed	PHPUnit JUnit run 2026-08-12 (L1 only)	NOT_ESTABLISHED	NOT_ESTABLISHED	NOT_ESTABLISHED	NOT_ESTABLISHED
Tests\Unit\Domain\Election\Security\VerificationAttestationRecordTest::test_network_mismatch_when_hashes_match	Tests\Unit\Domain\Election\Security\VerificationAttestationRecordTest	test_network_mismatch_when_hashes_match	PASSED	1	0.000		Domain (structural)	Election Security	NOT_ESTABLISHED	NOT_ESTABLISHED	NOT_ESTABLISHED	NOT_ESTABLISHED	NOT_ESTABLISHED	NOT_ESTABLISHED	NOT_ESTABLISHED	NOT_ESTABLISHED	Unknown	NOT_ESTABLISHED	NOT_ESTABLISHED	n/a — passed	PHPUnit JUnit run 2026-08-12 (L1 only)	NOT_ESTABLISHED	NOT_ESTABLISHED	NOT_ESTABLISHED	NOT_ESTABLISHED
Tests\Unit\Domain\Election\Security\VerificationAttestationRecordTest::test_trust_level_attested_when_attested_without_registrar	Tests\Unit\Domain\Election\Security\VerificationAttestationRecordTest	test_trust_level_attested_when_attested_without_registrar	PASSED	1	0.000		Domain (structural)	Election Security	NOT_ESTABLISHED	NOT_ESTABLISHED	NOT_ESTABLISHED	NOT_ESTABLISHED	NOT_ESTABLISHED	NOT_ESTABLISHED	NOT_ESTABLISHED	NOT_ESTABLISHED	Unknown	NOT_ESTABLISHED	NOT_ESTABLISHED	n/a — passed	PHPUnit JUnit run 2026-08-12 (L1 only)	NOT_ESTABLISHED	NOT_ESTABLISHED	NOT_ESTABLISHED	NOT_ESTABLISHED
Tests\Unit\Domain\Election\Security\VerificationAttestationRecordTest::test_trust_level_registrar_attested_when_attested_with_registrar	Tests\Unit\Domain\Election\Security\VerificationAttestationRecordTest	test_trust_level_registrar_attested_when_attested_with_registrar	PASSED	1	0.000		Domain (structural)	Election Security	NOT_ESTABLISHED	NOT_ESTABLISHED	NOT_ESTABLISHED	NOT_ESTABLISHED	NOT_ESTABLISHED	NOT_ESTABLISHED	NOT_ESTABLISHED	NOT_ESTABLISHED	Unknown	NOT_ESTABLISHED	NOT_ESTABLISHED	n/a — passed	PHPUnit JUnit run 2026-08-12 (L1 only)	NOT_ESTABLISHED	NOT_ESTABLISHED	NOT_ESTABLISHED	NOT_ESTABLISHED
Tests\Unit\Domain\Election\Security\VerificationAttestationRecordTest::test_trust_level_unverified_when_not_attested	Tests\Unit\Domain\Election\Security\VerificationAttestationRecordTest	test_trust_level_unverified_when_not_attested	PASSED	1	0.000		Domain (structural)	Election Security	NOT_ESTABLISHED	NOT_ESTABLISHED	NOT_ESTABLISHED	NOT_ESTABLISHED	NOT_ESTABLISHED	NOT_ESTABLISHED	NOT_ESTABLISHED	NOT_ESTABLISHED	Unknown	NOT_ESTABLISHED	NOT_ESTABLISHED	n/a — passed	PHPUnit JUnit run 2026-08-12 (L1 only)	NOT_ESTABLISHED	NOT_ESTABLISHED	NOT_ESTABLISHED	NOT_ESTABLISHED
Tests\Unit\Domain\Election\Security\VotingSessionTrustContinuityTest::test_is_invalidated_when_continuity_state_invalidated	Tests\Unit\Domain\Election\Security\VotingSessionTrustContinuityTest	test_is_invalidated_when_continuity_state_invalidated	PASSED	1	0.000		Domain (structural)	Election Security	NOT_ESTABLISHED	NOT_ESTABLISHED	NOT_ESTABLISHED	NOT_ESTABLISHED	NOT_ESTABLISHED	NOT_ESTABLISHED	NOT_ESTABLISHED	NOT_ESTABLISHED	Unknown	NOT_ESTABLISHED	NOT_ESTABLISHED	n/a — passed	PHPUnit JUnit run 2026-08-12 (L1 only)	NOT_ESTABLISHED	NOT_ESTABLISHED	NOT_ESTABLISHED	NOT_ESTABLISHED
Tests\Unit\Domain\Election\Security\VotingSessionTrustContinuityTest::test_is_preserved_when_ip_and_device_unchanged	Tests\Unit\Domain\Election\Security\VotingSessionTrustContinuityTest	test_is_preserved_when_ip_and_device_unchanged	PASSED	1	0.000		Domain (structural)	Election Security	NOT_ESTABLISHED	NOT_ESTABLISHED	NOT_ESTABLISHED	NOT_ESTABLISHED	NOT_ESTABLISHED	NOT_ESTABLISHED	NOT_ESTABLISHED	NOT_ESTABLISHED	Unknown	NOT_ESTABLISHED	NOT_ESTABLISHED	n/a — passed	PHPUnit JUnit run 2026-08-12 (L1 only)	NOT_ESTABLISHED	NOT_ESTABLISHED	NOT_ESTABLISHED	NOT_ESTABLISHED
Tests\Unit\Domain\Election\Security\VotingSessionTrustContinuityTest::test_requires_re_attestation_when_device_changes	Tests\Unit\Domain\Election\Security\VotingSessionTrustContinuityTest	test_requires_re_attestation_when_device_changes	PASSED	1	0.000		Domain (structural)	Election Security	NOT_ESTABLISHED	NOT_ESTABLISHED	NOT_ESTABLISHED	NOT_ESTABLISHED	NOT_ESTABLISHED	NOT_ESTABLISHED	NOT_ESTABLISHED	NOT_ESTABLISHED	Unknown	NOT_ESTABLISHED	NOT_ESTABLISHED	n/a — passed	PHPUnit JUnit run 2026-08-12 (L1 only)	NOT_ESTABLISHED	NOT_ESTABLISHED	NOT_ESTABLISHED	NOT_ESTABLISHED
Tests\Unit\Domain\Election\Security\VotingSessionTrustContinuityTest::test_requires_re_attestation_when_ip_changes	Tests\Unit\Domain\Election\Security\VotingSessionTrustContinuityTest	test_requires_re_attestation_when_ip_changes	PASSED	1	0.000		Domain (structural)	Election Security	NOT_ESTABLISHED	NOT_ESTABLISHED	NOT_ESTABLISHED	NOT_ESTABLISHED	NOT_ESTABLISHED	NOT_ESTABLISHED	NOT_ESTABLISHED	NOT_ESTABLISHED	Unknown	NOT_ESTABLISHED	NOT_ESTABLISHED	n/a — passed	PHPUnit JUnit run 2026-08-12 (L1 only)	NOT_ESTABLISHED	NOT_ESTABLISHED	NOT_ESTABLISHED	NOT_ESTABLISHED
Tests\Unit\Domain\Election\Security\VotingTrustResultTest::test_audit_context_is_preserved	Tests\Unit\Domain\Election\Security\VotingTrustResultTest	test_audit_context_is_preserved	PASSED	1	0.000		Domain (structural)	Election Security	NOT_ESTABLISHED	NOT_ESTABLISHED	NOT_ESTABLISHED	NOT_ESTABLISHED	NOT_ESTABLISHED	NOT_ESTABLISHED	NOT_ESTABLISHED	NOT_ESTABLISHED	Unknown	NOT_ESTABLISHED	NOT_ESTABLISHED	n/a — passed	PHPUnit JUnit run 2026-08-12 (L1 only)	NOT_ESTABLISHED	NOT_ESTABLISHED	NOT_ESTABLISHED	NOT_ESTABLISHED
Tests\Unit\Domain\Election\Security\VotingTrustResultTest::test_insufficient_evidence_creates_insufficient_result	Tests\Unit\Domain\Election\Security\VotingTrustResultTest	test_insufficient_evidence_creates_insufficient_result	PASSED	2	0.000		Domain (structural)	Election Security	NOT_ESTABLISHED	NOT_ESTABLISHED	NOT_ESTABLISHED	NOT_ESTABLISHED	NOT_ESTABLISHED	NOT_ESTABLISHED	NOT_ESTABLISHED	NOT_ESTABLISHED	Unknown	NOT_ESTABLISHED	NOT_ESTABLISHED	n/a — passed	PHPUnit JUnit run 2026-08-12 (L1 only)	NOT_ESTABLISHED	NOT_ESTABLISHED	NOT_ESTABLISHED	NOT_ESTABLISHED
Tests\Unit\Domain\Election\Security\VotingTrustResultTest::test_insufficient_evidence_with_unverified_trust_level	Tests\Unit\Domain\Election\Security\VotingTrustResultTest	test_insufficient_evidence_with_unverified_trust_level	PASSED	1	0.000		Domain (structural)	Election Security	NOT_ESTABLISHED	NOT_ESTABLISHED	NOT_ESTABLISHED	NOT_ESTABLISHED	NOT_ESTABLISHED	NOT_ESTABLISHED	NOT_ESTABLISHED	NOT_ESTABLISHED	Unknown	NOT_ESTABLISHED	NOT_ESTABLISHED	n/a — passed	PHPUnit JUnit run 2026-08-12 (L1 only)	NOT_ESTABLISHED	NOT_ESTABLISHED	NOT_ESTABLISHED	NOT_ESTABLISHED
Tests\Unit\Domain\Election\Security\VotingTrustResultTest::test_policy_outcome_sequence_is_preserved	Tests\Unit\Domain\Election\Security\VotingTrustResultTest	test_policy_outcome_sequence_is_preserved	PASSED	1	0.000		Domain (structural)	Election Security	NOT_ESTABLISHED	NOT_ESTABLISHED	NOT_ESTABLISHED	NOT_ESTABLISHED	NOT_ESTABLISHED	NOT_ESTABLISHED	NOT_ESTABLISHED	NOT_ESTABLISHED	Unknown	NOT_ESTABLISHED	NOT_ESTABLISHED	n/a — passed	PHPUnit JUnit run 2026-08-12 (L1 only)	NOT_ESTABLISHED	NOT_ESTABLISHED	NOT_ESTABLISHED	NOT_ESTABLISHED
Tests\Unit\Domain\Election\Security\VotingTrustResultTest::test_sufficient_evidence_creates_sufficient_result	Tests\Unit\Domain\Election\Security\VotingTrustResultTest	test_sufficient_evidence_creates_sufficient_result	PASSED	2	0.000		Domain (structural)	Election Security	NOT_ESTABLISHED	NOT_ESTABLISHED	NOT_ESTABLISHED	NOT_ESTABLISHED	NOT_ESTABLISHED	NOT_ESTABLISHED	NOT_ESTABLISHED	NOT_ESTABLISHED	Unknown	NOT_ESTABLISHED	NOT_ESTABLISHED	n/a — passed	PHPUnit JUnit run 2026-08-12 (L1 only)	NOT_ESTABLISHED	NOT_ESTABLISHED	NOT_ESTABLISHED	NOT_ESTABLISHED
Tests\Unit\Domain\Election\TransitionTest::test_actor_id_int_is_cast_to_string	Tests\Unit\Domain\Election\TransitionTest	test_actor_id_int_is_cast_to_string	PASSED	2	0.000		Domain (structural)	Election — general	NOT_ESTABLISHED	NOT_ESTABLISHED	NOT_ESTABLISHED	NOT_ESTABLISHED	NOT_ESTABLISHED	NOT_ESTABLISHED	NOT_ESTABLISHED	NOT_ESTABLISHED	Unknown	NOT_ESTABLISHED	NOT_ESTABLISHED	n/a — passed	PHPUnit JUnit run 2026-08-12 (L1 only)	NOT_ESTABLISHED	NOT_ESTABLISHED	NOT_ESTABLISHED	NOT_ESTABLISHED
Tests\Unit\Domain\Election\TransitionTest::test_automatic_factory_sets_system_actor	Tests\Unit\Domain\Election\TransitionTest	test_automatic_factory_sets_system_actor	PASSED	2	0.000		Domain (structural)	Election — general	NOT_ESTABLISHED	NOT_ESTABLISHED	NOT_ESTABLISHED	NOT_ESTABLISHED	NOT_ESTABLISHED	NOT_ESTABLISHED	NOT_ESTABLISHED	NOT_ESTABLISHED	Unknown	NOT_ESTABLISHED	NOT_ESTABLISHED	n/a — passed	PHPUnit JUnit run 2026-08-12 (L1 only)	NOT_ESTABLISHED	NOT_ESTABLISHED	NOT_ESTABLISHED	NOT_ESTABLISHED
Tests\Unit\Domain\Election\TransitionTest::test_automatic_factory_with_custom_trigger	Tests\Unit\Domain\Election\TransitionTest	test_automatic_factory_with_custom_trigger	PASSED	2	0.000		Domain (structural)	Election — general	NOT_ESTABLISHED	NOT_ESTABLISHED	NOT_ESTABLISHED	NOT_ESTABLISHED	NOT_ESTABLISHED	NOT_ESTABLISHED	NOT_ESTABLISHED	NOT_ESTABLISHED	Unknown	NOT_ESTABLISHED	NOT_ESTABLISHED	n/a — passed	PHPUnit JUnit run 2026-08-12 (L1 only)	NOT_ESTABLISHED	NOT_ESTABLISHED	NOT_ESTABLISHED	NOT_ESTABLISHED
Tests\Unit\Domain\Election\TransitionTest::test_empty_action_throws_invalid_argument_exception	Tests\Unit\Domain\Election\TransitionTest	test_empty_action_throws_invalid_argument_exception	PASSED	2	0.000		Domain (structural)	Election — general	NOT_ESTABLISHED	NOT_ESTABLISHED	NOT_ESTABLISHED	NOT_ESTABLISHED	NOT_ESTABLISHED	NOT_ESTABLISHED	NOT_ESTABLISHED	NOT_ESTABLISHED	Unknown	NOT_ESTABLISHED	NOT_ESTABLISHED	n/a — passed	PHPUnit JUnit run 2026-08-12 (L1 only)	NOT_ESTABLISHED	NOT_ESTABLISHED	NOT_ESTABLISHED	NOT_ESTABLISHED
Tests\Unit\Domain\Election\TransitionTest::test_get_metadata_returns_value_or_default	Tests\Unit\Domain\Election\TransitionTest	test_get_metadata_returns_value_or_default	PASSED	3	0.000		Domain (structural)	Election — general	NOT_ESTABLISHED	NOT_ESTABLISHED	NOT_ESTABLISHED	NOT_ESTABLISHED	NOT_ESTABLISHED	NOT_ESTABLISHED	NOT_ESTABLISHED	NOT_ESTABLISHED	Unknown	NOT_ESTABLISHED	NOT_ESTABLISHED	n/a — passed	PHPUnit JUnit run 2026-08-12 (L1 only)	NOT_ESTABLISHED	NOT_ESTABLISHED	NOT_ESTABLISHED	NOT_ESTABLISHED
Tests\Unit\Domain\Election\TransitionTest::test_grace_period_factory_sets_grace_period_trigger	Tests\Unit\Domain\Election\TransitionTest	test_grace_period_factory_sets_grace_period_trigger	PASSED	2	0.000		Domain (structural)	Election — general	NOT_ESTABLISHED	NOT_ESTABLISHED	NOT_ESTABLISHED	NOT_ESTABLISHED	NOT_ESTABLISHED	NOT_ESTABLISHED	NOT_ESTABLISHED	NOT_ESTABLISHED	Unknown	NOT_ESTABLISHED	NOT_ESTABLISHED	n/a — passed	PHPUnit JUnit run 2026-08-12 (L1 only)	NOT_ESTABLISHED	NOT_ESTABLISHED	NOT_ESTABLISHED	NOT_ESTABLISHED
Tests\Unit\Domain\Election\TransitionTest::test_is_system_triggered_returns_true_for_system_actor	Tests\Unit\Domain\Election\TransitionTest	test_is_system_triggered_returns_true_for_system_actor	PASSED	2	0.000		Domain (structural)	Election — general	NOT_ESTABLISHED	NOT_ESTABLISHED	NOT_ESTABLISHED	NOT_ESTABLISHED	NOT_ESTABLISHED	NOT_ESTABLISHED	NOT_ESTABLISHED	NOT_ESTABLISHED	Unknown	NOT_ESTABLISHED	NOT_ESTABLISHED	n/a — passed	PHPUnit JUnit run 2026-08-12 (L1 only)	NOT_ESTABLISHED	NOT_ESTABLISHED	NOT_ESTABLISHED	NOT_ESTABLISHED
Tests\Unit\Domain\Election\TransitionTest::test_manual_factory_sets_correct_trigger	Tests\Unit\Domain\Election\TransitionTest	test_manual_factory_sets_correct_trigger	PASSED	2	0.000		Domain (structural)	Election — general	NOT_ESTABLISHED	NOT_ESTABLISHED	NOT_ESTABLISHED	NOT_ESTABLISHED	NOT_ESTABLISHED	NOT_ESTABLISHED	NOT_ESTABLISHED	NOT_ESTABLISHED	Unknown	NOT_ESTABLISHED	NOT_ESTABLISHED	n/a — passed	PHPUnit JUnit run 2026-08-12 (L1 only)	NOT_ESTABLISHED	NOT_ESTABLISHED	NOT_ESTABLISHED	NOT_ESTABLISHED
Tests\Unit\Domain\Election\TransitionTest::test_metadata_can_be_chained	Tests\Unit\Domain\Election\TransitionTest	test_metadata_can_be_chained	PASSED	2	0.000		Domain (structural)	Election — general	NOT_ESTABLISHED	NOT_ESTABLISHED	NOT_ESTABLISHED	NOT_ESTABLISHED	NOT_ESTABLISHED	NOT_ESTABLISHED	NOT_ESTABLISHED	NOT_ESTABLISHED	Unknown	NOT_ESTABLISHED	NOT_ESTABLISHED	n/a — passed	PHPUnit JUnit run 2026-08-12 (L1 only)	NOT_ESTABLISHED	NOT_ESTABLISHED	NOT_ESTABLISHED	NOT_ESTABLISHED
Tests\Unit\Domain\Election\TransitionTest::test_null_actor_id_defaults_to_system	Tests\Unit\Domain\Election\TransitionTest	test_null_actor_id_defaults_to_system	PASSED	1	0.000		Domain (structural)	Election — general	NOT_ESTABLISHED	NOT_ESTABLISHED	NOT_ESTABLISHED	NOT_ESTABLISHED	NOT_ESTABLISHED	NOT_ESTABLISHED	NOT_ESTABLISHED	NOT_ESTABLISHED	Unknown	NOT_ESTABLISHED	NOT_ESTABLISHED	n/a — passed	PHPUnit JUnit run 2026-08-12 (L1 only)	NOT_ESTABLISHED	NOT_ESTABLISHED	NOT_ESTABLISHED	NOT_ESTABLISHED
Tests\Unit\Domain\Election\TransitionTest::test_readonly_properties_prevent_modification	Tests\Unit\Domain\Election\TransitionTest	test_readonly_properties_prevent_modification	PASSED	1	0.000		Domain (structural)	Election — general	NOT_ESTABLISHED	NOT_ESTABLISHED	NOT_ESTABLISHED	NOT_ESTABLISHED	NOT_ESTABLISHED	NOT_ESTABLISHED	NOT_ESTABLISHED	NOT_ESTABLISHED	Unknown	NOT_ESTABLISHED	NOT_ESTABLISHED	n/a — passed	PHPUnit JUnit run 2026-08-12 (L1 only)	NOT_ESTABLISHED	NOT_ESTABLISHED	NOT_ESTABLISHED	NOT_ESTABLISHED
Tests\Unit\Domain\Election\TransitionTest::test_trigger_defaults_to_manual	Tests\Unit\Domain\Election\TransitionTest	test_trigger_defaults_to_manual	PASSED	1	0.000		Domain (structural)	Election — general	NOT_ESTABLISHED	NOT_ESTABLISHED	NOT_ESTABLISHED	NOT_ESTABLISHED	NOT_ESTABLISHED	NOT_ESTABLISHED	NOT_ESTABLISHED	NOT_ESTABLISHED	Unknown	NOT_ESTABLISHED	NOT_ESTABLISHED	n/a — passed	PHPUnit JUnit run 2026-08-12 (L1 only)	NOT_ESTABLISHED	NOT_ESTABLISHED	NOT_ESTABLISHED	NOT_ESTABLISHED
Tests\Unit\Domain\Election\TransitionTest::test_trigger_value_can_be_accessed	Tests\Unit\Domain\Election\TransitionTest	test_trigger_value_can_be_accessed	PASSED	1	0.000		Domain (structural)	Election — general	NOT_ESTABLISHED	NOT_ESTABLISHED	NOT_ESTABLISHED	NOT_ESTABLISHED	NOT_ESTABLISHED	NOT_ESTABLISHED	NOT_ESTABLISHED	NOT_ESTABLISHED	Unknown	NOT_ESTABLISHED	NOT_ESTABLISHED	n/a — passed	PHPUnit JUnit run 2026-08-12 (L1 only)	NOT_ESTABLISHED	NOT_ESTABLISHED	NOT_ESTABLISHED	NOT_ESTABLISHED
Tests\Unit\Domain\Election\TransitionTest::test_with_metadata_returns_new_immutable_instance	Tests\Unit\Domain\Election\TransitionTest	test_with_metadata_returns_new_immutable_instance	PASSED	3	0.000		Domain (structural)	Election — general	NOT_ESTABLISHED	NOT_ESTABLISHED	NOT_ESTABLISHED	NOT_ESTABLISHED	NOT_ESTABLISHED	NOT_ESTABLISHED	NOT_ESTABLISHED	NOT_ESTABLISHED	Unknown	NOT_ESTABLISHED	NOT_ESTABLISHED	n/a — passed	PHPUnit JUnit run 2026-08-12 (L1 only)	NOT_ESTABLISHED	NOT_ESTABLISHED	NOT_ESTABLISHED	NOT_ESTABLISHED
Tests\Unit\Domain\Election\VoterSourceStrategyTest::test_enum_works_in_switch	Tests\Unit\Domain\Election\VoterSourceStrategyTest	test_enum_works_in_switch	PASSED	1	0.000		Domain (structural)	Election — general	NOT_ESTABLISHED	NOT_ESTABLISHED	NOT_ESTABLISHED	NOT_ESTABLISHED	NOT_ESTABLISHED	NOT_ESTABLISHED	NOT_ESTABLISHED	NOT_ESTABLISHED	Unknown	NOT_ESTABLISHED	NOT_ESTABLISHED	n/a — passed	PHPUnit JUnit run 2026-08-12 (L1 only)	NOT_ESTABLISHED	NOT_ESTABLISHED	NOT_ESTABLISHED	NOT_ESTABLISHED
Tests\Unit\Domain\Election\VoterSourceStrategyTest::test_from_organisation_maps_uses_full_membership	Tests\Unit\Domain\Election\VoterSourceStrategyTest	test_from_organisation_maps_uses_full_membership	PASSED	2	0.000		Domain (structural)	Election — general	NOT_ESTABLISHED	NOT_ESTABLISHED	NOT_ESTABLISHED	NOT_ESTABLISHED	NOT_ESTABLISHED	NOT_ESTABLISHED	NOT_ESTABLISHED	NOT_ESTABLISHED	Unknown	NOT_ESTABLISHED	NOT_ESTABLISHED	n/a — passed	PHPUnit JUnit run 2026-08-12 (L1 only)	NOT_ESTABLISHED	NOT_ESTABLISHED	NOT_ESTABLISHED	NOT_ESTABLISHED
Tests\Unit\Domain\Election\VoterSourceStrategyTest::test_imported_voter_registry_case_exists	Tests\Unit\Domain\Election\VoterSourceStrategyTest	test_imported_voter_registry_case_exists	PASSED	1	0.000		Domain (structural)	Election — general	NOT_ESTABLISHED	NOT_ESTABLISHED	NOT_ESTABLISHED	NOT_ESTABLISHED	NOT_ESTABLISHED	NOT_ESTABLISHED	NOT_ESTABLISHED	NOT_ESTABLISHED	Unknown	NOT_ESTABLISHED	NOT_ESTABLISHED	n/a — passed	PHPUnit JUnit run 2026-08-12 (L1 only)	NOT_ESTABLISHED	NOT_ESTABLISHED	NOT_ESTABLISHED	NOT_ESTABLISHED
Tests\Unit\Domain\Election\VoterSourceStrategyTest::test_is_imported_voter_registry_helper	Tests\Unit\Domain\Election\VoterSourceStrategyTest	test_is_imported_voter_registry_helper	PASSED	2	0.000		Domain (structural)	Election — general	NOT_ESTABLISHED	NOT_ESTABLISHED	NOT_ESTABLISHED	NOT_ESTABLISHED	NOT_ESTABLISHED	NOT_ESTABLISHED	NOT_ESTABLISHED	NOT_ESTABLISHED	Unknown	NOT_ESTABLISHED	NOT_ESTABLISHED	n/a — passed	PHPUnit JUnit run 2026-08-12 (L1 only)	NOT_ESTABLISHED	NOT_ESTABLISHED	NOT_ESTABLISHED	NOT_ESTABLISHED
Tests\Unit\Domain\Election\VoterSourceStrategyTest::test_is_membership_registry_helper	Tests\Unit\Domain\Election\VoterSourceStrategyTest	test_is_membership_registry_helper	PASSED	2	0.000		Domain (structural)	Election — general	NOT_ESTABLISHED	NOT_ESTABLISHED	NOT_ESTABLISHED	NOT_ESTABLISHED	NOT_ESTABLISHED	NOT_ESTABLISHED	NOT_ESTABLISHED	NOT_ESTABLISHED	Unknown	NOT_ESTABLISHED	NOT_ESTABLISHED	n/a — passed	PHPUnit JUnit run 2026-08-12 (L1 only)	NOT_ESTABLISHED	NOT_ESTABLISHED	NOT_ESTABLISHED	NOT_ESTABLISHED
Tests\Unit\Domain\Election\VoterSourceStrategyTest::test_label_returns_human_readable_string	Tests\Unit\Domain\Election\VoterSourceStrategyTest	test_label_returns_human_readable_string	PASSED	2	0.000		Domain (structural)	Election — general	NOT_ESTABLISHED	NOT_ESTABLISHED	NOT_ESTABLISHED	NOT_ESTABLISHED	NOT_ESTABLISHED	NOT_ESTABLISHED	NOT_ESTABLISHED	NOT_ESTABLISHED	Unknown	NOT_ESTABLISHED	NOT_ESTABLISHED	n/a — passed	PHPUnit JUnit run 2026-08-12 (L1 only)	NOT_ESTABLISHED	NOT_ESTABLISHED	NOT_ESTABLISHED	NOT_ESTABLISHED
Tests\Unit\Domain\Election\VoterSourceStrategyTest::test_membership_registry_case_exists	Tests\Unit\Domain\Election\VoterSourceStrategyTest	test_membership_registry_case_exists	PASSED	1	0.000		Domain (structural)	Election — general	NOT_ESTABLISHED	NOT_ESTABLISHED	NOT_ESTABLISHED	NOT_ESTABLISHED	NOT_ESTABLISHED	NOT_ESTABLISHED	NOT_ESTABLISHED	NOT_ESTABLISHED	Unknown	NOT_ESTABLISHED	NOT_ESTABLISHED	n/a — passed	PHPUnit JUnit run 2026-08-12 (L1 only)	NOT_ESTABLISHED	NOT_ESTABLISHED	NOT_ESTABLISHED	NOT_ESTABLISHED
Tests\Unit\Domain\Election\VoterSourceStrategyTest::test_voter_source_strategy_has_two_cases	Tests\Unit\Domain\Election\VoterSourceStrategyTest	test_voter_source_strategy_has_two_cases	PASSED	3	0.000		Domain (structural)	Election — general	NOT_ESTABLISHED	NOT_ESTABLISHED	NOT_ESTABLISHED	NOT_ESTABLISHED	NOT_ESTABLISHED	NOT_ESTABLISHED	NOT_ESTABLISHED	NOT_ESTABLISHED	Unknown	NOT_ESTABLISHED	NOT_ESTABLISHED	n/a — passed	PHPUnit JUnit run 2026-08-12 (L1 only)	NOT_ESTABLISHED	NOT_ESTABLISHED	NOT_ESTABLISHED	NOT_ESTABLISHED
