seq	initial_primary	initial_secondary	final_primary	final_secondary	classification_change	reason_for_change	path
0001	kernel_ddd	ddd;domain_model;governance;evidence;provenance;validation	PENDING_GLOBAL_RECLASS	PENDING_GLOBAL_RECLASS	PENDING	PENDING	docs/knowledgeos/2026-08-02-knowledgeos-architecture-baseline.md
0002	meta_research	kernel;ddd;governance;evidence;provenance;validation	PENDING_GLOBAL_RECLASS	PENDING_GLOBAL_RECLASS	PENDING	PENDING	docs/knowledgeos/KnowledgeOS_Architecture_Validation_Matrix.md
0003	meta_research	governance;evidence;provenance;validation;contradiction;ddd;domain_model	PENDING_GLOBAL_RECLASS	PENDING_GLOBAL_RECLASS	PENDING	PENDING	docs/knowledgeos/KnowledgeOS_Architecture_Synthesis_Matrix.md
0004	meta_research	evidence;validation;governance;provenance	PENDING_GLOBAL_RECLASS	PENDING_GLOBAL_RECLASS	PENDING	PENDING	docs/knowledgeos/KnowledgeOS_Architecture_Health_Dashboard.md
0005	kernel_ddd	kernel;governance;evidence;validation;ddd;invariants	PENDING_GLOBAL_RECLASS	PENDING_GLOBAL_RECLASS	PENDING	PENDING	docs/knowledgeos/KnowledgeOS_Architecture_Fitness_Assessment.md
0006	meta_research	governance;evidence;validation;contradiction;ddd;provenance	PENDING_GLOBAL_RECLASS	PENDING_GLOBAL_RECLASS	PENDING	PENDING	docs/knowledgeos/KnowledgeOS_ARB_Decision_Docket.md
0007	meta_research	evidence;governance;validation	PENDING_GLOBAL_RECLASS	PENDING_GLOBAL_RECLASS	PENDING	PENDING	docs/knowledgeos/AI_Workflow_Observation_Log.md
0008	experimental	validation;kernel;evidence;provenance;governance;ddd;contradiction;invariants	PENDING_GLOBAL_RECLASS	PENDING_GLOBAL_RECLASS	PENDING	PENDING	docs/knowledgeos/2026-08-02-mvk-bootstrap-validation-report.md
0009	kernel_ddd	ddd;domain_model;governance;evidence;provenance;contradiction;meta_research	PENDING_GLOBAL_RECLASS	PENDING_GLOBAL_RECLASS	PENDING	PENDING	docs/knowledgeos/2026-08-02-knowledgeos-strategic-domain-discovery.md
0010	-	-	PENDING_GLOBAL_RECLASS	PENDING_GLOBAL_RECLASS	PENDING	PENDING	docs/knowledgeos/2026-08-02-knowledgeos-strategic-boundary-consolidation.md
0011	-	-	PENDING_GLOBAL_RECLASS	PENDING_GLOBAL_RECLASS	PENDING	PENDING	docs/knowledgeos/2026-08-02-knowledgeos-product-boundary-discovery.md
0012	-	-	PENDING_GLOBAL_RECLASS	PENDING_GLOBAL_RECLASS	PENDING	PENDING	docs/knowledgeos/2026-08-02-knowledgeos-architecture-consolidation.md
0013	-	-	PENDING_GLOBAL_RECLASS	PENDING_GLOBAL_RECLASS	PENDING	PENDING	docs/knowledgeos/KnowledgeOS_Meta_Model.md
0014	-	-	PENDING_GLOBAL_RECLASS	PENDING_GLOBAL_RECLASS	PENDING	PENDING	docs/knowledgeos/KnowledgeOS_Lifecycle_Gap_Analysis.md
0015	-	-	PENDING_GLOBAL_RECLASS	PENDING_GLOBAL_RECLASS	PENDING	PENDING	docs/knowledgeos/KnowledgeOS_Independent_Review_Phase_B.md
0016	-	-	PENDING_GLOBAL_RECLASS	PENDING_GLOBAL_RECLASS	PENDING	PENDING	docs/knowledgeos/KnowledgeOS_Governed_Retrieval_Positioning_Validation.md
0017	-	-	PENDING_GLOBAL_RECLASS	PENDING_GLOBAL_RECLASS	PENDING	PENDING	docs/knowledgeos/KnowledgeOS_External_Positioning_Comparison_Matrix.md
0018	-	-	PENDING_GLOBAL_RECLASS	PENDING_GLOBAL_RECLASS	PENDING	PENDING	docs/knowledgeos/KnowledgeOS_Engineering_Progression_Model.md
0019	-	-	PENDING_GLOBAL_RECLASS	PENDING_GLOBAL_RECLASS	PENDING	PENDING	docs/knowledgeos/KnowledgeOS_Engineering_Knowledge_Landscape.md
0020	-	-	PENDING_GLOBAL_RECLASS	PENDING_GLOBAL_RECLASS	PENDING	PENDING	docs/knowledgeos/KnowledgeOS_Engineering_Knowledge_Domain_Model.md
0021	-	-	PENDING_GLOBAL_RECLASS	PENDING_GLOBAL_RECLASS	PENDING	PENDING	docs/knowledgeos/KnowledgeOS_Engineering_Improvement_Cycle.md
0022	-	-	PENDING_GLOBAL_RECLASS	PENDING_GLOBAL_RECLASS	PENDING	PENDING	docs/knowledgeos/KnowledgeOS_Engineering_Decision_Model_Validation.md
0023	-	-	PENDING_GLOBAL_RECLASS	PENDING_GLOBAL_RECLASS	PENDING	PENDING	docs/knowledgeos/KnowledgeOS_Engineering_Decision_Model_Discovery.md
0024	-	-	PENDING_GLOBAL_RECLASS	PENDING_GLOBAL_RECLASS	PENDING	PENDING	docs/knowledgeos/KnowledgeOS_Domain_Model_Falsification_Report.md
0025	-	-	PENDING_GLOBAL_RECLASS	PENDING_GLOBAL_RECLASS	PENDING	PENDING	docs/knowledgeos/KnowledgeOS_Deferred_Architecture_Register.md
0026	-	-	PENDING_GLOBAL_RECLASS	PENDING_GLOBAL_RECLASS	PENDING	PENDING	docs/knowledgeos/KnowledgeOS_Relationship_Validation_Matrix.md
0027	-	-	PENDING_GLOBAL_RECLASS	PENDING_GLOBAL_RECLASS	PENDING	PENDING	docs/knowledgeos/KnowledgeOS_Relationship_Ontology.md
0028	-	-	PENDING_GLOBAL_RECLASS	PENDING_GLOBAL_RECLASS	PENDING	PENDING	docs/knowledgeos/KnowledgeOS_Recommendation_Lifecycle_Discovery.md
0029	-	-	PENDING_GLOBAL_RECLASS	PENDING_GLOBAL_RECLASS	PENDING	PENDING	docs/knowledgeos/KnowledgeOS_Platform_Discovery_Coverage_Map.md
0030	-	-	PENDING_GLOBAL_RECLASS	PENDING_GLOBAL_RECLASS	PENDING	PENDING	docs/knowledgeos/KnowledgeOS_Platform_Capability_Model.md
0031	-	-	PENDING_GLOBAL_RECLASS	PENDING_GLOBAL_RECLASS	PENDING	PENDING	docs/knowledgeos/KnowledgeOS_Phase_B_Evidence_Reconciliation.md
0032	-	-	PENDING_GLOBAL_RECLASS	PENDING_GLOBAL_RECLASS	PENDING	PENDING	docs/knowledgeos/KnowledgeOS_Operational_Validation_Report.md
0033	-	-	PENDING_GLOBAL_RECLASS	PENDING_GLOBAL_RECLASS	PENDING	PENDING	docs/knowledgeos/KnowledgeOS_Operational_Knowledge_Principles.md
0034	-	-	PENDING_GLOBAL_RECLASS	PENDING_GLOBAL_RECLASS	PENDING	PENDING	docs/knowledgeos/KnowledgeOS_Operational_Evidence_Register.md
0035	-	-	PENDING_GLOBAL_RECLASS	PENDING_GLOBAL_RECLASS	PENDING	PENDING	docs/knowledgeos/KnowledgeOS_Ontology_Discovery.md
0036	-	-	PENDING_GLOBAL_RECLASS	PENDING_GLOBAL_RECLASS	PENDING	PENDING	docs/knowledgeos/KnowledgeOS_Ontology_Cross_Product_Validation.md
0037	-	-	PENDING_GLOBAL_RECLASS	PENDING_GLOBAL_RECLASS	PENDING	PENDING	docs/knowledgeos/KnowledgeOS_Ontology_Architecture_Classification.md
0038	-	-	PENDING_GLOBAL_RECLASS	PENDING_GLOBAL_RECLASS	PENDING	PENDING	docs/knowledgeos/KnowledgeOS_Mission_Discovery.md
0039	-	-	PENDING_GLOBAL_RECLASS	PENDING_GLOBAL_RECLASS	PENDING	PENDING	docs/knowledgeos/KnowledgeOS_Meta_Model_Discovery.md
0040	-	-	PENDING_GLOBAL_RECLASS	PENDING_GLOBAL_RECLASS	PENDING	PENDING	docs/knowledgeos/README.md
0041	-	-	PENDING_GLOBAL_RECLASS	PENDING_GLOBAL_RECLASS	PENDING	PENDING	docs/knowledgeos/OKF_KnowledgeOS_Architecture_Synthesis.md
0042	-	-	PENDING_GLOBAL_RECLASS	PENDING_GLOBAL_RECLASS	PENDING	PENDING	docs/knowledgeos/KnowledgeOS_Vision_Mission_Clarification.md
0043	-	-	PENDING_GLOBAL_RECLASS	PENDING_GLOBAL_RECLASS	PENDING	PENDING	docs/knowledgeos/KnowledgeOS_Viewpoint_Ownership_Discovery.md
0044	-	-	PENDING_GLOBAL_RECLASS	PENDING_GLOBAL_RECLASS	PENDING	PENDING	docs/knowledgeos/KnowledgeOS_Strategic_Architecture_Discovery.md
0045	-	-	PENDING_GLOBAL_RECLASS	PENDING_GLOBAL_RECLASS	PENDING	PENDING	docs/knowledgeos/KnowledgeOS_Semantic_Architecture_Reconciliation.md
0046	-	-	PENDING_GLOBAL_RECLASS	PENDING_GLOBAL_RECLASS	PENDING	PENDING	docs/knowledgeos/KnowledgeOS_Research_Backlog.md
0047	-	-	PENDING_GLOBAL_RECLASS	PENDING_GLOBAL_RECLASS	PENDING	PENDING	docs/knowledgeos/brainstorming/20260819-104748-ai-engineering-lifecycle-five-responsibilities-governance.md
0048	-	-	PENDING_GLOBAL_RECLASS	PENDING_GLOBAL_RECLASS	PENDING	PENDING	docs/knowledgeos/brainstorming/_misc/20260821-150830-diagram.png
0049	-	-	PENDING_GLOBAL_RECLASS	PENDING_GLOBAL_RECLASS	PENDING	PENDING	docs/knowledgeos/brainstorming/20260816-204714-track2-eks-semantic-discovery.md
0050	-	-	PENDING_GLOBAL_RECLASS	PENDING_GLOBAL_RECLASS	PENDING	PENDING	docs/knowledgeos/brainstorming/20260817-145153-ai-engineering-platform-6-role-model.md
0051	-	-	PENDING_GLOBAL_RECLASS	PENDING_GLOBAL_RECLASS	PENDING	PENDING	docs/knowledgeos/brainstorming/20260818-213516-lcom4-multi-language-binding.md
0052	-	-	PENDING_GLOBAL_RECLASS	PENDING_GLOBAL_RECLASS	PENDING	PENDING	docs/knowledgeos/brainstorming/20260819-092449-research-on-role-separation.md
0053	-	-	PENDING_GLOBAL_RECLASS	PENDING_GLOBAL_RECLASS	PENDING	PENDING	docs/knowledgeos/brainstorming/20260819-104802-delegation-map-domain-owners.md
0054	-	-	PENDING_GLOBAL_RECLASS	PENDING_GLOBAL_RECLASS	PENDING	PENDING	docs/knowledgeos/brainstorming/20260819-104804-voting-election-outcome-refinement.md
0055	-	-	PENDING_GLOBAL_RECLASS	PENDING_GLOBAL_RECLASS	PENDING	PENDING	docs/knowledgeos/brainstorming/20260819-104823-four-session-role-model-refinement.md
0056	-	-	PENDING_GLOBAL_RECLASS	PENDING_GLOBAL_RECLASS	PENDING	PENDING	docs/knowledgeos/brainstorming/20260819-104830-election-only-mode-readiness.md
0057	-	-	PENDING_GLOBAL_RECLASS	PENDING_GLOBAL_RECLASS	PENDING	PENDING	docs/knowledgeos/brainstorming/20260819-204018-kos-product-architecture-v2.md
0058	-	-	PENDING_GLOBAL_RECLASS	PENDING_GLOBAL_RECLASS	PENDING	PENDING	docs/knowledgeos/brainstorming/20260819-204431-kos-ddd-architecture-review-v3.md
0059	-	-	PENDING_GLOBAL_RECLASS	PENDING_GLOBAL_RECLASS	PENDING	PENDING	docs/knowledgeos/brainstorming/20260819-205541-kos-ddd-architecture-v3-duplicate.md
0060	-	-	PENDING_GLOBAL_RECLASS	PENDING_GLOBAL_RECLASS	PENDING	PENDING	docs/knowledgeos/brainstorming/20260819-205757-ddd-correction-verification-verdict.md
0061	-	-	PENDING_GLOBAL_RECLASS	PENDING_GLOBAL_RECLASS	PENDING	PENDING	docs/knowledgeos/brainstorming/20260819-220806-kos-3-0-state-durability-ddd-boundary.md
0062	-	-	PENDING_GLOBAL_RECLASS	PENDING_GLOBAL_RECLASS	PENDING	PENDING	docs/knowledgeos/brainstorming/20260819-220924-spring-di-principle-for-kos.md
0063	-	-	PENDING_GLOBAL_RECLASS	PENDING_GLOBAL_RECLASS	PENDING	PENDING	docs/knowledgeos/brainstorming/20260820-115444-poa-vs-ddd-decision-hierarchy.md
0064	-	-	PENDING_GLOBAL_RECLASS	PENDING_GLOBAL_RECLASS	PENDING	PENDING	docs/knowledgeos/brainstorming/20260820-123902-kos-design-patterns.md
0065	-	-	PENDING_GLOBAL_RECLASS	PENDING_GLOBAL_RECLASS	PENDING	PENDING	docs/knowledgeos/brainstorming/20260820-231930-event-driven-architecture-refinement.md
0066	-	-	PENDING_GLOBAL_RECLASS	PENDING_GLOBAL_RECLASS	PENDING	PENDING	docs/knowledgeos/brainstorming/20260821-120633-kos-state-durability-assurance-integration.md
0067	-	-	PENDING_GLOBAL_RECLASS	PENDING_GLOBAL_RECLASS	PENDING	PENDING	docs/knowledgeos/brainstorming/20260821-120810-kos-governance-role-cost-optimization.md
0068	-	-	PENDING_GLOBAL_RECLASS	PENDING_GLOBAL_RECLASS	PENDING	PENDING	docs/knowledgeos/brainstorming/20260821-121929-business-translator-capability.md
0069	-	-	PENDING_GLOBAL_RECLASS	PENDING_GLOBAL_RECLASS	PENDING	PENDING	docs/knowledgeos/brainstorming/20260821-142748-event-driven-domain-loop-positioning.md
0070	-	-	PENDING_GLOBAL_RECLASS	PENDING_GLOBAL_RECLASS	PENDING	PENDING	docs/knowledgeos/brainstorming/_misc/20260819-221159-digitalization-robot-vision.md
0071	-	-	PENDING_GLOBAL_RECLASS	PENDING_GLOBAL_RECLASS	PENDING	PENDING	docs/knowledgeos/brainstorming/_misc/20260819-224159-linux-analogy-kernel-os-model.md
0072	-	-	PENDING_GLOBAL_RECLASS	PENDING_GLOBAL_RECLASS	PENDING	PENDING	docs/knowledgeos/brainstorming/_misc/20260819-225329-ip-protection-secrecy-strategy.md
0073	-	-	PENDING_GLOBAL_RECLASS	PENDING_GLOBAL_RECLASS	PENDING	PENDING	docs/knowledgeos/brainstorming/_misc/20260819-225332-kos-ipo-stock-market-variant.md
0074	-	-	PENDING_GLOBAL_RECLASS	PENDING_GLOBAL_RECLASS	PENDING	PENDING	docs/knowledgeos/brainstorming/_misc/20260819-225858-kos-ipo-stock-market-path.md
0075	-	-	PENDING_GLOBAL_RECLASS	PENDING_GLOBAL_RECLASS	PENDING	PENDING	docs/knowledgeos/brainstorming/20260821-2032-how-to-change-eks-into-knowledgeos-kernel.md
0076	-	-	PENDING_GLOBAL_RECLASS	PENDING_GLOBAL_RECLASS	PENDING	PENDING	docs/knowledgeos/brainstorming/20260821-2033-what-eks-is-today.md
0077	-	-	PENDING_GLOBAL_RECLASS	PENDING_GLOBAL_RECLASS	PENDING	PENDING	docs/knowledgeos/brainstorming/20260801-1231-eks-current-architecture-baseline.md
0078	-	-	PENDING_GLOBAL_RECLASS	PENDING_GLOBAL_RECLASS	PENDING	PENDING	docs/knowledgeos/brainstorming/20260821-2108-how-to-integrate-current-eks-into-knowledgeos-kernel.md
0079	-	-	PENDING_GLOBAL_RECLASS	PENDING_GLOBAL_RECLASS	PENDING	PENDING	docs/knowledgeos/brainstorming/20260821-2325-complex-numbers-in-knowledgeos-modeling-tool.md
0080	-	-	PENDING_GLOBAL_RECLASS	PENDING_GLOBAL_RECLASS	PENDING	PENDING	docs/knowledgeos/brainstorming/20260821-2351-independent-external-research-review-organizational-knowledge-systems.md
0081	-	-	PENDING_GLOBAL_RECLASS	PENDING_GLOBAL_RECLASS	PENDING	PENDING	docs/knowledgeos/brainstorming/_misc/20260821-2353-deepseek-investigation-eks-pks-aip-current-architecture.md
0082	-	-	PENDING_GLOBAL_RECLASS	PENDING_GLOBAL_RECLASS	PENDING	PENDING	docs/knowledgeos/brainstorming/20260822-0021-mathematical-models-for-knowledgeos-where-mathematics-belongs.md
0083	-	-	PENDING_GLOBAL_RECLASS	PENDING_GLOBAL_RECLASS	PENDING	PENDING	docs/knowledgeos/brainstorming/20260822-0113-research-review-expression-meaning-invariance.md
0084	-	-	PENDING_GLOBAL_RECLASS	PENDING_GLOBAL_RECLASS	PENDING	PENDING	docs/knowledgeos/brainstorming/20260822-0121-knowledgeos-zero-concept-research-extraction-prompt.md
0085	-	-	PENDING_GLOBAL_RECLASS	PENDING_GLOBAL_RECLASS	PENDING	PENDING	docs/knowledgeos/brainstorming/20260822-0123-knowledgeos-consolidation-review-kernel-boundary-filter.md
0086	-	-	PENDING_GLOBAL_RECLASS	PENDING_GLOBAL_RECLASS	PENDING	PENDING	docs/knowledgeos/brainstorming/20260822-0135-knowledgeos-conceptual-foundation-relationship-invariant-preservation.md
0087	-	-	PENDING_GLOBAL_RECLASS	PENDING_GLOBAL_RECLASS	PENDING	PENDING	docs/knowledgeos/brainstorming/20260822-0146-knowledgeos-epistemic-pipeline-veda-vedanta-analysis.md
0088	-	-	PENDING_GLOBAL_RECLASS	PENDING_GLOBAL_RECLASS	PENDING	PENDING	docs/knowledgeos/brainstorming/20260822-0159-epistemic-operating-system-research-foundations.md
0089	-	-	PENDING_GLOBAL_RECLASS	PENDING_GLOBAL_RECLASS	PENDING	PENDING	docs/knowledgeos/brainstorming/20260822-0200-knowledgeos-vs-epistemic-os-layer-separation-review.md
0090	-	-	PENDING_GLOBAL_RECLASS	PENDING_GLOBAL_RECLASS	PENDING	PENDING	docs/knowledgeos/brainstorming/20260822-0203-truth-seeking-machine-knowledgeos-core-question-refinement.md
0091	-	-	PENDING_GLOBAL_RECLASS	PENDING_GLOBAL_RECLASS	PENDING	PENDING	docs/knowledgeos/brainstorming/20260822-0207-knowledgeos-character-definition-strategic-synthesis.md
0092	-	-	PENDING_GLOBAL_RECLASS	PENDING_GLOBAL_RECLASS	PENDING	PENDING	docs/knowledgeos/brainstorming/20260822-0218-tarka-shastra-nyaya-epistemology-research-extraction.md
0093	-	-	PENDING_GLOBAL_RECLASS	PENDING_GLOBAL_RECLASS	PENDING	PENDING	docs/knowledgeos/brainstorming/20260822-0222-knowledgeos-reasoning-character-after-tarka-analysis.md
0094	-	-	PENDING_GLOBAL_RECLASS	PENDING_GLOBAL_RECLASS	PENDING	PENDING	docs/knowledgeos/brainstorming/20260822-0225-knowledgeos-extraction-navya-nyaya-relations-context.md
0095	-	-	PENDING_GLOBAL_RECLASS	PENDING_GLOBAL_RECLASS	PENDING	PENDING	docs/knowledgeos/brainstorming/20260822-0232-knowledgeos-extraction-tarka-nyaya-reasoning-lifecycle.md
0096	-	-	PENDING_GLOBAL_RECLASS	PENDING_GLOBAL_RECLASS	PENDING	PENDING	docs/knowledgeos/brainstorming/20260822-0234-knowledgeos-vyapti-inference-warranting-relation-layer.md
0097	-	-	PENDING_GLOBAL_RECLASS	PENDING_GLOBAL_RECLASS	PENDING	PENDING	docs/knowledgeos/brainstorming/20260822-0239-knowledgeos-pramana-registry-nyaya-sutra-extraction.md
0098	-	-	PENDING_GLOBAL_RECLASS	PENDING_GLOBAL_RECLASS	PENDING	PENDING	docs/knowledgeos/brainstorming/20260822-0241-knowledgeos-semantic-kernel-matilal-word-and-world.md
0099	-	-	PENDING_GLOBAL_RECLASS	PENDING_GLOBAL_RECLASS	PENDING	PENDING	docs/knowledgeos/brainstorming/20260822-0243-knowledgeos-hetvabhasa-reasoning-anti-corruption-layer.md
0100	-	-	PENDING_GLOBAL_RECLASS	PENDING_GLOBAL_RECLASS	PENDING	PENDING	docs/knowledgeos/brainstorming/20260822-0249-knowledgeos-tarka-sangraha-ontology-pramana-reasoning.md
0101	-	-	PENDING_GLOBAL_RECLASS	PENDING_GLOBAL_RECLASS	PENDING	PENDING	docs/knowledgeos/brainstorming/20260822-0252-knowledgeos-keith-indian-logic-atomism-ontology-epistemology.md
0102	-	-	PENDING_GLOBAL_RECLASS	PENDING_GLOBAL_RECLASS	PENDING	PENDING	docs/knowledgeos/brainstorming/20260822-0254-knowledgeos-chakra-architecture-transformation-pipeline.md
0103	-	-	PENDING_GLOBAL_RECLASS	PENDING_GLOBAL_RECLASS	PENDING	PENDING	docs/knowledgeos/brainstorming/20260822-0257-knowledgeos-cognitive-epistemology-architecture-yoga-sutra.md
0104	-	-	PENDING_GLOBAL_RECLASS	PENDING_GLOBAL_RECLASS	PENDING	PENDING	docs/knowledgeos/brainstorming/20260822-0258-knowledgeos-abhava-absence-structured-knowledge-lens.md
0105	-	-	PENDING_GLOBAL_RECLASS	PENDING_GLOBAL_RECLASS	PENDING	PENDING	docs/knowledgeos/brainstorming/20260822-0302-knowledgeos-final-character-synthesis.md
0106	-	-	PENDING_GLOBAL_RECLASS	PENDING_GLOBAL_RECLASS	PENDING	PENDING	docs/knowledgeos/brainstorming/20260822-0915-knowledgeos-p4-constitutional-invariant-map-launch-prompt.md
0107	-	-	PENDING_GLOBAL_RECLASS	PENDING_GLOBAL_RECLASS	PENDING	PENDING	docs/knowledgeos/brainstorming/20260822-101651-sakta-tantra-woodroffe-lens-extraction-duplicate.md
0108	-	-	PENDING_GLOBAL_RECLASS	PENDING_GLOBAL_RECLASS	PENDING	PENDING	docs/knowledgeos/brainstorming/20260822-101729-kashmiri-shaivism-prakasa-vimarsa-lens.md
0109	-	-	PENDING_GLOBAL_RECLASS	PENDING_GLOBAL_RECLASS	PENDING	PENDING	docs/knowledgeos/brainstorming/20260822-101842-sakta-tantra-woodroffe-lens-extraction.md
0110	-	-	PENDING_GLOBAL_RECLASS	PENDING_GLOBAL_RECLASS	PENDING	PENDING	docs/knowledgeos/brainstorming/20260822-103624-aip-s5-review-lane-instruction-vedic-zero-lens.md
0111	-	-	PENDING_GLOBAL_RECLASS	PENDING_GLOBAL_RECLASS	PENDING	PENDING	docs/knowledgeos/brainstorming/20260822-105719-quranic-epistemology-lens-al-haqq-isnad.md
0112	-	-	PENDING_GLOBAL_RECLASS	PENDING_GLOBAL_RECLASS	PENDING	PENDING	docs/knowledgeos/brainstorming/20260822-105921-negative-epistemology-what-knowledgeos-is-not.md
0113	-	-	PENDING_GLOBAL_RECLASS	PENDING_GLOBAL_RECLASS	PENDING	PENDING	docs/knowledgeos/brainstorming/20260822-110210-biblical-explanation-architecture-lens.md
0114	-	-	PENDING_GLOBAL_RECLASS	PENDING_GLOBAL_RECLASS	PENDING	PENDING	docs/knowledgeos/brainstorming/20260822-110850-moksha-lens-state-transformation-of-knower.md
0115	-	-	PENDING_GLOBAL_RECLASS	PENDING_GLOBAL_RECLASS	PENDING	PENDING	docs/knowledgeos/brainstorming/20260822-111434-shiva-shakti-unity-through-manifestation-convergence.md
0116	-	-	PENDING_GLOBAL_RECLASS	PENDING_GLOBAL_RECLASS	PENDING	PENDING	docs/knowledgeos/brainstorming/20260822-111626-leonardo-contextual-completeness-lens.md
0117	-	-	PENDING_GLOBAL_RECLASS	PENDING_GLOBAL_RECLASS	PENDING	PENDING	docs/knowledgeos/brainstorming/20260822-112442-bala-ganesha-wisdom-engine-lens.md
0118	-	-	PENDING_GLOBAL_RECLASS	PENDING_GLOBAL_RECLASS	PENDING	PENDING	docs/knowledgeos/brainstorming/20260822-112804-knowledgeos-consolidation-review-character-synthesis.md
0119	-	-	PENDING_GLOBAL_RECLASS	PENDING_GLOBAL_RECLASS	PENDING	PENDING	docs/knowledgeos/brainstorming/20260822-113910-ganesha-wisdom-integration-layer-review.md
0120	-	-	PENDING_GLOBAL_RECLASS	PENDING_GLOBAL_RECLASS	PENDING	PENDING	docs/knowledgeos/brainstorming/20260822-114551-wisdom-transformation-epistemic-humility-research-extraction.md
0121	-	-	PENDING_GLOBAL_RECLASS	PENDING_GLOBAL_RECLASS	PENDING	PENDING	docs/knowledgeos/brainstorming/20260822-114753-ganesha-wisdom-architecture-core-components.md
0122	-	-	PENDING_GLOBAL_RECLASS	PENDING_GLOBAL_RECLASS	PENDING	PENDING	docs/knowledgeos/brainstorming/20260822-115144-godel-truth-provability-boundary-lens.md
0123	-	-	PENDING_GLOBAL_RECLASS	PENDING_GLOBAL_RECLASS	PENDING	PENDING	docs/knowledgeos/brainstorming/20260822-115830-godel-numbering-knowledge-identity-numbers-reflection.md
0124	-	-	PENDING_GLOBAL_RECLASS	PENDING_GLOBAL_RECLASS	PENDING	PENDING	docs/knowledgeos/brainstorming/20260822-120635-math-music-hofstadter-fourier-harmonics-of-meaning.md
0125	-	-	PENDING_GLOBAL_RECLASS	PENDING_GLOBAL_RECLASS	PENDING	PENDING	docs/knowledgeos/brainstorming/20260822-120638-knowledgeos-math-music-lens-extraction-harmonic-knowledge.md
0126	-	-	PENDING_GLOBAL_RECLASS	PENDING_GLOBAL_RECLASS	PENDING	PENDING	docs/knowledgeos/brainstorming/20260822-122523-godel-not-architecture-formal-justification-boundaries.md
0127	-	-	PENDING_GLOBAL_RECLASS	PENDING_GLOBAL_RECLASS	PENDING	PENDING	docs/knowledgeos/brainstorming/20260822-122537-logic-in-classical-indian-philosophy-review-nyaya-trirupa.md
0128	-	-	PENDING_GLOBAL_RECLASS	PENDING_GLOBAL_RECLASS	PENDING	PENDING	docs/knowledgeos/brainstorming/20260822-122927-logic-in-classical-indian-philosophy-sep-source.md
0129	-	-	PENDING_GLOBAL_RECLASS	PENDING_GLOBAL_RECLASS	PENDING	PENDING	docs/knowledgeos/brainstorming/20260822-122930-escher-invariant-transformation-lens.md
0130	-	-	PENDING_GLOBAL_RECLASS	PENDING_GLOBAL_RECLASS	PENDING	PENDING	docs/knowledgeos/brainstorming/20260822-125015-vedic-sanskrit-grammar-v2-word-order-semantic-normal-form.md
0131	-	-	PENDING_GLOBAL_RECLASS	PENDING_GLOBAL_RECLASS	PENDING	PENDING	docs/knowledgeos/brainstorming/20260822-125831-sanskrit-inspired-semantic-language-artha-research-extraction.md
0132	-	-	PENDING_GLOBAL_RECLASS	PENDING_GLOBAL_RECLASS	PENDING	PENDING	docs/knowledgeos/brainstorming/20260822-124229-sanskrit-grammar-v1-dhatu-transformation-lens.md
0133	-	-	PENDING_GLOBAL_RECLASS	PENDING_GLOBAL_RECLASS	PENDING	PENDING	docs/knowledgeos/brainstorming/20260822-135214-po-arb-acceptance-decision-support-option-1-recommendation.md
0134	-	-	PENDING_GLOBAL_RECLASS	PENDING_GLOBAL_RECLASS	PENDING	PENDING	docs/knowledgeos/brainstorming/20260822-140426-research-phase-closure-ddd-refinement-review-prompt.md
0135	-	-	PENDING_GLOBAL_RECLASS	PENDING_GLOBAL_RECLASS	PENDING	PENDING	docs/knowledgeos/brainstorming/20260822-140622-paninian-grammar-compiler-architecture-parallel.md
0136	-	-	PENDING_GLOBAL_RECLASS	PENDING_GLOBAL_RECLASS	PENDING	PENDING	docs/knowledgeos/brainstorming/20260822-140939-knowledgeos-semantic-compiler-architecture-research-extraction.md
0137	-	-	PENDING_GLOBAL_RECLASS	PENDING_GLOBAL_RECLASS	PENDING	PENDING	docs/knowledgeos/brainstorming/20260822-141513-semantic-compiler-cpu-prototype-benchmark-first-run.md
0138	-	-	PENDING_GLOBAL_RECLASS	PENDING_GLOBAL_RECLASS	PENDING	PENDING	docs/knowledgeos/brainstorming/20260822-143217-benchmark-verification-reinterpreted-knowledgeos-v1-1-layers.md
0139	-	-	PENDING_GLOBAL_RECLASS	PENDING_GLOBAL_RECLASS	PENDING	PENDING	docs/knowledgeos/brainstorming/20260822-143421-semantic-compiler-kernel-boundary-refinement-kos-ev.md
0140	-	-	PENDING_GLOBAL_RECLASS	PENDING_GLOBAL_RECLASS	PENDING	PENDING	docs/knowledgeos/brainstorming/20260822-143844-next-steps-architecture-first-then-semantic-compiler-experiment.md
0141	-	-	PENDING_GLOBAL_RECLASS	PENDING_GLOBAL_RECLASS	PENDING	PENDING	docs/knowledgeos/brainstorming/20260822-154923-snf-measurement-framework-mathematical-review.md
0142	-	-	PENDING_GLOBAL_RECLASS	PENDING_GLOBAL_RECLASS	PENDING	PENDING	docs/knowledgeos/brainstorming/kernel/20260822-161933-snf-formula-research-review-and-measurement-framework.md
0143	-	-	PENDING_GLOBAL_RECLASS	PENDING_GLOBAL_RECLASS	PENDING	PENDING	docs/knowledgeos/brainstorming/20260823-103255-candidate-set-architecture-ah6-interpretation-execution-separation.md
0144	-	-	PENDING_GLOBAL_RECLASS	PENDING_GLOBAL_RECLASS	PENDING	PENDING	docs/knowledgeos/brainstorming/20260823-103606-kernel-eight-capacities-k1-k8-and-minimum-kernel.md
0145	-	-	PENDING_GLOBAL_RECLASS	PENDING_GLOBAL_RECLASS	PENDING	PENDING	docs/knowledgeos/brainstorming/20260823-104148-constitutional-knowledge-engine-six-pillars-and-state-machine.md
0146	-	-	PENDING_GLOBAL_RECLASS	PENDING_GLOBAL_RECLASS	PENDING	PENDING	docs/knowledgeos/brainstorming/20260823-104251-constitutional-dsl-intent-vocabulary-and-evidence-weighting-model.md
0147	-	-	PENDING_GLOBAL_RECLASS	PENDING_GLOBAL_RECLASS	PENDING	PENDING	docs/knowledgeos/brainstorming/20260823-105200-ddd-interrogation-intent-vs-command-and-evidence-weighting-red-flag.md
0148	-	-	PENDING_GLOBAL_RECLASS	PENDING_GLOBAL_RECLASS	PENDING	PENDING	docs/knowledgeos/brainstorming/kernel/20260823-110248-kernel-ddd-critical-review-god-object-conflations.md
0149	-	-	PENDING_GLOBAL_RECLASS	PENDING_GLOBAL_RECLASS	PENDING	PENDING	docs/knowledgeos/brainstorming/kernel/20260823-110305-f1-f5-closes-domain-discovery-gap-duplicate.md
0150	-	-	PENDING_GLOBAL_RECLASS	PENDING_GLOBAL_RECLASS	PENDING	PENDING	docs/knowledgeos/brainstorming/kernel/20260823-110950-kernel-domain-level-brainstorming-admission-hypotheses.md
0151	-	-	PENDING_GLOBAL_RECLASS	PENDING_GLOBAL_RECLASS	PENDING	PENDING	docs/knowledgeos/brainstorming/kernel/20260823-111647-epistemic-lifecycle-domain-discovery-admission-as-first-transition.md
0152	-	-	PENDING_GLOBAL_RECLASS	PENDING_GLOBAL_RECLASS	PENDING	PENDING	docs/knowledgeos/brainstorming/kernel/20260823-112155-perplexity-kernel-domain-responsibility-brainstorming.md
0153	-	-	PENDING_GLOBAL_RECLASS	PENDING_GLOBAL_RECLASS	PENDING	PENDING	docs/knowledgeos/brainstorming/kernel/20260823-112855-kimi-kernel-epistemic-accountability-core-ganesha-shiva-shakti.md
0154	-	-	PENDING_GLOBAL_RECLASS	PENDING_GLOBAL_RECLASS	PENDING	PENDING	docs/knowledgeos/brainstorming/kernel/20260823-113410-perplexity-smallest-consistency-boundary-investigation.md
0155	-	-	PENDING_GLOBAL_RECLASS	PENDING_GLOBAL_RECLASS	PENDING	PENDING	docs/knowledgeos/brainstorming/kernel/20260823-113645-deepseek-consistency-boundary-domain-discovery.md
0156	-	-	PENDING_GLOBAL_RECLASS	PENDING_GLOBAL_RECLASS	PENDING	PENDING	docs/knowledgeos/brainstorming/kernel/20260823-114358-deepseek-kernel-twelve-fundamental-questions.md
0157	-	-	PENDING_GLOBAL_RECLASS	PENDING_GLOBAL_RECLASS	PENDING	PENDING	docs/knowledgeos/brainstorming/kernel/20260823-114530-aggregate-hypothesis-falsification-atomicity-vs-relatedness.md
0158	-	-	PENDING_GLOBAL_RECLASS	PENDING_GLOBAL_RECLASS	PENDING	PENDING	docs/knowledgeos/brainstorming/kernel/20260823-123619-kernel-domain-discovery-twelve-questions-across-all-lenses.md
0159	-	-	PENDING_GLOBAL_RECLASS	PENDING_GLOBAL_RECLASS	PENDING	PENDING	docs/knowledgeos/brainstorming/kernel/20260823-123630-kernel-brainstorming-phase-consolidated-summary.md
0160	-	-	PENDING_GLOBAL_RECLASS	PENDING_GLOBAL_RECLASS	PENDING	PENDING	docs/knowledgeos/brainstorming/20260823_1239_working_state.md
0161	-	-	PENDING_GLOBAL_RECLASS	PENDING_GLOBAL_RECLASS	PENDING	PENDING	docs/knowledgeos/brainstorming/20260823-205735-knowledgeos-lens-system-twenty-six-lenses-consolidated.md
0162	-	-	PENDING_GLOBAL_RECLASS	PENDING_GLOBAL_RECLASS	PENDING	PENDING	docs/knowledgeos/brainstorming/20260823-210001-topological-lens-boundaries-connectedness-and-failure-modes.md
0163	-	-	PENDING_GLOBAL_RECLASS	PENDING_GLOBAL_RECLASS	PENDING	PENDING	docs/knowledgeos/brainstorming/00_INDEX.md
0164	-	-	PENDING_GLOBAL_RECLASS	PENDING_GLOBAL_RECLASS	PENDING	PENDING	docs/knowledgeos/brainstorming/kernel/20260823-225038-knowledgeos-kernel-multi-lens-domain-discovery.md
0165	-	-	PENDING_GLOBAL_RECLASS	PENDING_GLOBAL_RECLASS	PENDING	PENDING	docs/knowledgeos/brainstorming/kernel/20260823-225443-lens-system-read-through-ddd-separation-of-concerns.md
0166	-	-	PENDING_GLOBAL_RECLASS	PENDING_GLOBAL_RECLASS	PENDING	PENDING	docs/knowledgeos/brainstorming/kernel/20260823-230117-chinese-philosophical-lenses-value-assessment-for-kernel-finding.md
0167	-	-	PENDING_GLOBAL_RECLASS	PENDING_GLOBAL_RECLASS	PENDING	PENDING	docs/knowledgeos/brainstorming/kernel/20260823-232146-adr-kos-kernel-001-kernel-scope-and-boundary-proposal.md
0168	-	-	PENDING_GLOBAL_RECLASS	PENDING_GLOBAL_RECLASS	PENDING	PENDING	docs/knowledgeos/brainstorming/kernel/20260823-232815-kimi-adversarial-stress-test-compared-with-deepseek-and-perplexity.md
0169	-	-	PENDING_GLOBAL_RECLASS	PENDING_GLOBAL_RECLASS	PENDING	PENDING	docs/knowledgeos/brainstorming/kernel/20260823-233040-research-commission-chinese-philosophical-lenses-for-knowledge-kernel.md
0170	-	-	PENDING_GLOBAL_RECLASS	PENDING_GLOBAL_RECLASS	PENDING	PENDING	docs/knowledgeos/brainstorming/kernel/20260823-234750-tarka-sangraha-nyaya-lens-nine-attack-families-for-kernel.md
0171	-	-	PENDING_GLOBAL_RECLASS	PENDING_GLOBAL_RECLASS	PENDING	PENDING	docs/knowledgeos/brainstorming/kernel/20260823-235306-williamson-knowledge-and-its-limits-extraction.md
0172	-	-	PENDING_GLOBAL_RECLASS	PENDING_GLOBAL_RECLASS	PENDING	PENDING	docs/knowledgeos/brainstorming/kernel/20260823-235825-audi-epistemology-three-kinds-of-grounding-extraction.md
0173	-	-	PENDING_GLOBAL_RECLASS	PENDING_GLOBAL_RECLASS	PENDING	PENDING	docs/knowledgeos/brainstorming/kernel/20260824-000400-shieber-external-epistemic-lens-knowledge-is-not-one-thing.md
0174	-	-	PENDING_GLOBAL_RECLASS	PENDING_GLOBAL_RECLASS	PENDING	PENDING	docs/knowledgeos/brainstorming/kernel/20260824-001005-critical-thinking-source-inquiry-and-question-primitive.md
0175	-	-	PENDING_GLOBAL_RECLASS	PENDING_GLOBAL_RECLASS	PENDING	PENDING	docs/knowledgeos/brainstorming/kernel/20260824-001108-knowledge-kernel-philosophical-lenses-integration-chinese-tarka-audi.md
0176	-	-	PENDING_GLOBAL_RECLASS	PENDING_GLOBAL_RECLASS	PENDING	PENDING	docs/knowledgeos/brainstorming/kernel/20260824-001634-decision-power-model-aims-information-evaluation-decision.md
0177	-	-	PENDING_GLOBAL_RECLASS	PENDING_GLOBAL_RECLASS	PENDING	PENDING	docs/knowledgeos/brainstorming/kernel/20260824-002008-nyaya-sutra-lenses-critical-extraction.md
0178	-	-	PENDING_GLOBAL_RECLASS	PENDING_GLOBAL_RECLASS	PENDING	PENDING	docs/knowledgeos/brainstorming/kernel/20260824-002503-quine-word-and-object-stress-test-of-multi-lens-method.md
0179	-	-	PENDING_GLOBAL_RECLASS	PENDING_GLOBAL_RECLASS	PENDING	PENDING	docs/knowledgeos/brainstorming/kernel/20260824-002740-tractatus-logico-philosophicus-lenses-for-kernel.md
0180	-	-	PENDING_GLOBAL_RECLASS	PENDING_GLOBAL_RECLASS	PENDING	PENDING	docs/knowledgeos/brainstorming/kernel/20260824-003307-managing-memory-for-ai-agents-agent-memory-is-not-knowledgeos.md
0181	-	-	PENDING_GLOBAL_RECLASS	PENDING_GLOBAL_RECLASS	PENDING	PENDING	docs/knowledgeos/brainstorming/kernel/20260824-004125-managing-memory-for-ai-agents-agent-memory-is-not-knowledgeos-duplicate.md
0182	-	-	PENDING_GLOBAL_RECLASS	PENDING_GLOBAL_RECLASS	PENDING	PENDING	docs/knowledgeos/brainstorming/kernel/20260824-004343-review-of-deepseek-tractatus-extraction-entity-claim-status-distinction.md
0183	-	-	PENDING_GLOBAL_RECLASS	PENDING_GLOBAL_RECLASS	PENDING	PENDING	docs/knowledgeos/brainstorming/kernel/20260824-005129-inquiry-and-question-layer-refinement.md
0184	-	-	PENDING_GLOBAL_RECLASS	PENDING_GLOBAL_RECLASS	PENDING	PENDING	docs/knowledgeos/brainstorming/kernel/20260824-005427-cavell-must-we-mean-what-we-say-knowing-versus-acknowledging.md
0185	-	-	PENDING_GLOBAL_RECLASS	PENDING_GLOBAL_RECLASS	PENDING	PENDING	docs/knowledgeos/brainstorming/kernel/20260824-005813-davidson-lens-interpretation-must-not-become-admission-reaktion-2.md
0186	-	-	PENDING_GLOBAL_RECLASS	PENDING_GLOBAL_RECLASS	PENDING	PENDING	docs/knowledgeos/brainstorming/kernel/20260824-005850-davidson-lens-truth-interpretation-and-epistemic-accountability.md
0187	-	-	PENDING_GLOBAL_RECLASS	PENDING_GLOBAL_RECLASS	PENDING	PENDING	docs/knowledgeos/brainstorming/kernel/20260824-010352-brainstorming-phase-closure-recommendation-and-synthesis-dossier.md
0188	-	-	PENDING_GLOBAL_RECLASS	PENDING_GLOBAL_RECLASS	PENDING	PENDING	docs/knowledgeos/brainstorming/kernel/20260824-010419-knowledgeos-multi-lens-brainstorming-synthesis-dossier.md
0189	-	-	PENDING_GLOBAL_RECLASS	PENDING_GLOBAL_RECLASS	PENDING	PENDING	docs/knowledgeos/brainstorming/kernel/20260824-010504-knowledgeos-multi-lens-brainstorming-synthesis-dossier.docx
0190	-	-	PENDING_GLOBAL_RECLASS	PENDING_GLOBAL_RECLASS	PENDING	PENDING	docs/knowledgeos/brainstorming/kernel/20260824-010537-knowledgeos-multi-lens-brainstorming-synthesis-dossier-duplicate.md
0191	-	-	PENDING_GLOBAL_RECLASS	PENDING_GLOBAL_RECLASS	PENDING	PENDING	docs/knowledgeos/brainstorming/kernel/20260824-010840-research-extraction-agent-prompt-for-book-knowledge-extraction.md
0192	-	-	PENDING_GLOBAL_RECLASS	PENDING_GLOBAL_RECLASS	PENDING	PENDING	docs/knowledgeos/brainstorming/20260824-011536-quine-review-assessment-eight-findings-for-kernel-work.md
0193	-	-	PENDING_GLOBAL_RECLASS	PENDING_GLOBAL_RECLASS	PENDING	PENDING	docs/knowledgeos/brainstorming/kernel/20260824-013116-logitica-extraction-preserve-reasoning-structure-not-solutions.md
0194	-	-	PENDING_GLOBAL_RECLASS	PENDING_GLOBAL_RECLASS	PENDING	PENDING	docs/knowledgeos/brainstorming/kernel/20260824-013721-philosophy-of-complex-systems-situated-model-mediated-knowledge.md
0195	-	-	PENDING_GLOBAL_RECLASS	PENDING_GLOBAL_RECLASS	PENDING	PENDING	docs/knowledgeos/brainstorming/kernel/20260824-014614-chalmers-conscious-mind-conceptual-distinction-before-functional-modeling.md
0196	-	-	PENDING_GLOBAL_RECLASS	PENDING_GLOBAL_RECLASS	PENDING	PENDING	docs/knowledgeos/brainstorming/kernel/20260824-020611-wave-1-kernel-extent-versus-contents-adjudication-status.md
0197	-	-	PENDING_GLOBAL_RECLASS	PENDING_GLOBAL_RECLASS	PENDING	PENDING	docs/knowledgeos/brainstorming/kernel/20260824-020936-chalmers-conscious-mind-research-extraction-protocol-rerun.md
0198	-	-	PENDING_GLOBAL_RECLASS	PENDING_GLOBAL_RECLASS	PENDING	PENDING	docs/knowledgeos/brainstorming/kernel/20260824-021011-chalmers-conscious-mind-research-extraction-protocol-rerun-duplicate.md
0199	-	-	PENDING_GLOBAL_RECLASS	PENDING_GLOBAL_RECLASS	PENDING	PENDING	docs/knowledgeos/brainstorming/kernel/20260824-021526-williamson-modal-logic-as-metaphysics-extraction.md
0200	-	-	PENDING_GLOBAL_RECLASS	PENDING_GLOBAL_RECLASS	PENDING	PENDING	docs/knowledgeos/brainstorming/kernel/20260824-022039-research-direction-formal-model-before-technical-scenario-testing.md
0201	-	-	PENDING_GLOBAL_RECLASS	PENDING_GLOBAL_RECLASS	PENDING	PENDING	docs/knowledgeos/brainstorming/kernel/20260824-023136-nyaya-vaisesika-indian-logic-and-atomism-extraction.md
0202	-	-	PENDING_GLOBAL_RECLASS	PENDING_GLOBAL_RECLASS	PENDING	PENDING	docs/knowledgeos/brainstorming/kernel/20260824-024119-architecture-patterns-with-python-technical-pattern-set-extraction.md
0203	-	-	PENDING_GLOBAL_RECLASS	PENDING_GLOBAL_RECLASS	PENDING	PENDING	docs/knowledgeos/brainstorming/kernel/20260824-024726-rag-as-controlled-knowledge-access-layer-not-knowledge-model.md
0204	-	-	PENDING_GLOBAL_RECLASS	PENDING_GLOBAL_RECLASS	PENDING	PENDING	docs/knowledgeos/brainstorming/kernel/20260824-025232-human-ai-collaboration-layer-outside-the-kernel.md
0205	-	-	PENDING_GLOBAL_RECLASS	PENDING_GLOBAL_RECLASS	PENDING	PENDING	docs/knowledgeos/brainstorming/kernel/20260824-030300-freedman-statistical-models-no-inference-without-explicit-basis.md
0206	-	-	PENDING_GLOBAL_RECLASS	PENDING_GLOBAL_RECLASS	PENDING	PENDING	docs/knowledgeos/brainstorming/kernel/20260824-032208-pattern-recognition-twelve-knowledgeos-statistical-techniques.md
0207	-	-	PENDING_GLOBAL_RECLASS	PENDING_GLOBAL_RECLASS	PENDING	PENDING	docs/knowledgeos/brainstorming/kernel/20260824-032219-eks-current-architecture-baseline-reconstruction.md
0208	-	-	PENDING_GLOBAL_RECLASS	PENDING_GLOBAL_RECLASS	PENDING	PENDING	docs/knowledgeos/brainstorming/kernel/20260824-032635-causal-inference-what-if-association-versus-intervention.md
0209	-	-	PENDING_GLOBAL_RECLASS	PENDING_GLOBAL_RECLASS	PENDING	PENDING	docs/knowledgeos/brainstorming/kernel/20260824-032927-causal-inference-through-zero-ddd-and-wisdom-lenses.md
0210	-	-	PENDING_GLOBAL_RECLASS	PENDING_GLOBAL_RECLASS	PENDING	PENDING	docs/knowledgeos/brainstorming/kernel/20260824-033419-book-of-evidence-evidence-acquisition-is-its-own-domain.md
0211	-	-	PENDING_GLOBAL_RECLASS	PENDING_GLOBAL_RECLASS	PENDING	PENDING	docs/knowledgeos/brainstorming/kernel/20260824-033614-zero-and-chinese-lenses-on-minimum-structure-before-evidence.md
0212	-	-	PENDING_GLOBAL_RECLASS	PENDING_GLOBAL_RECLASS	PENDING	PENDING	docs/knowledgeos/brainstorming/kernel/20260824-094406-chivers-everything-is-predictable-uncertainty-and-belief-revision.md
0213	-	-	PENDING_GLOBAL_RECLASS	PENDING_GLOBAL_RECLASS	PENDING	PENDING	docs/knowledgeos/brainstorming/kernel/20260824-094545-seven-pillars-of-statistical-wisdom-lenses-for-kernel.md
0214	-	-	PENDING_GLOBAL_RECLASS	PENDING_GLOBAL_RECLASS	PENDING	PENDING	docs/knowledgeos/brainstorming/kernel/20260824-094638-daoist-ziran-challenge-to-the-kernel-identity-invariant.md
0215	-	-	PENDING_GLOBAL_RECLASS	PENDING_GLOBAL_RECLASS	PENDING	PENDING	docs/knowledgeos/brainstorming/kernel/20260824-111102-stigler-seven-pillars-observations-into-defensible-knowledge.md
0216	-	-	PENDING_GLOBAL_RECLASS	PENDING_GLOBAL_RECLASS	PENDING	PENDING	docs/knowledgeos/brainstorming/kernel/20260824-111317-knowledgeos-epistemic-architecture-synthesis-ddd-consolidation.md
0217	-	-	PENDING_GLOBAL_RECLASS	PENDING_GLOBAL_RECLASS	PENDING	PENDING	docs/knowledgeos/brainstorming/kernel/20260824-111611-knowledgeos-epistemic-architecture-synthesis-ddd-consolidation-duplicate.md
0218	-	-	PENDING_GLOBAL_RECLASS	PENDING_GLOBAL_RECLASS	PENDING	PENDING	docs/knowledgeos/brainstorming/kernel/20260824-111730-knowledge-aggregate-too-large-correction-and-synthesis-handover.md
0219	-	-	PENDING_GLOBAL_RECLASS	PENDING_GLOBAL_RECLASS	PENDING	PENDING	docs/knowledgeos/brainstorming/kernel/20260824-112051-knowledge-kernel-architecture-integrative-summary-seven-works.md
0220	-	-	PENDING_GLOBAL_RECLASS	PENDING_GLOBAL_RECLASS	PENDING	PENDING	docs/knowledgeos/brainstorming/kernel/20260824-113404-knowledge-kernel-architecture-integrative-summary-seven-works-duplicate.md
0221	-	-	PENDING_GLOBAL_RECLASS	PENDING_GLOBAL_RECLASS	PENDING	PENDING	docs/knowledgeos/brainstorming/kernel/20260824-115021-ammerman-singer-belief-knowledge-and-truth-anthology-extraction.md
0222	-	-	PENDING_GLOBAL_RECLASS	PENDING_GLOBAL_RECLASS	PENDING	PENDING	docs/knowledgeos/brainstorming/kernel/20260824-120203-shieber-theories-of-knowledge-what-must-stay-outside-the-kernel.md
0223	-	-	PENDING_GLOBAL_RECLASS	PENDING_GLOBAL_RECLASS	PENDING	PENDING	docs/knowledgeos/brainstorming/kernel/20260824-121835-rescorla-bayesian-models-of-the-mind-pluggable-reasoning-mechanisms.md
0224	-	-	PENDING_GLOBAL_RECLASS	PENDING_GLOBAL_RECLASS	PENDING	PENDING	docs/knowledgeos/brainstorming/kernel/20260824-122855-mathematical-modelling-typed-mathematical-epistemic-model.md
0225	-	-	PENDING_GLOBAL_RECLASS	PENDING_GLOBAL_RECLASS	PENDING	PENDING	docs/knowledgeos/brainstorming/kernel/20260824-124529-hidden-semi-markov-models-hidden-epistemic-state-layer.md
0226	-	-	PENDING_GLOBAL_RECLASS	PENDING_GLOBAL_RECLASS	PENDING	PENDING	docs/knowledgeos/brainstorming/kernel/20260824-131125-hybrid-evidence-gated-temporal-inference-architecture.md
0227	-	-	PENDING_GLOBAL_RECLASS	PENDING_GLOBAL_RECLASS	PENDING	PENDING	docs/knowledgeos/brainstorming/kernel/20260824-135335-kernel-as-ai-efficiency-adaptive-inference-use-case.md
0228	-	-	PENDING_GLOBAL_RECLASS	PENDING_GLOBAL_RECLASS	PENDING	PENDING	docs/knowledgeos/brainstorming/kernel/20260824-140348-statistical-learning-first-pass-ddd-assessment-of-reasoning-patterns.md
0229	-	-	PENDING_GLOBAL_RECLASS	PENDING_GLOBAL_RECLASS	PENDING	PENDING	docs/knowledgeos/brainstorming/kernel/20260824-140628-zero-and-leonardo-lenses-on-the-adaptive-inference-kernel.md
0230	-	-	PENDING_GLOBAL_RECLASS	PENDING_GLOBAL_RECLASS	PENDING	PENDING	docs/knowledgeos/brainstorming/kernel/20260824-141231-bishop-prml-adaptive-inference-fabric-beyond-hmm-hsmm-hybrid.md
0231	-	-	PENDING_GLOBAL_RECLASS	PENDING_GLOBAL_RECLASS	PENDING	PENDING	docs/knowledgeos/brainstorming/kernel/20260824-141924-elements-of-statistical-learning-source-versus-interpretation.md
0232	-	-	PENDING_GLOBAL_RECLASS	PENDING_GLOBAL_RECLASS	PENDING	PENDING	docs/knowledgeos/brainstorming/kernel/20260824-142630-session-handover-package-for-book-extraction-and-ddd-analysis.md
0233	-	-	PENDING_GLOBAL_RECLASS	PENDING_GLOBAL_RECLASS	PENDING	PENDING	docs/knowledgeos/brainstorming/kernel/20260824-142848-astrom-stochastic-control-theory-initial-assessment.md
0234	-	-	PENDING_GLOBAL_RECLASS	PENDING_GLOBAL_RECLASS	PENDING	PENDING	docs/knowledgeos/brainstorming/kernel/20260824-145220-ten-statistical-capability-families-for-knowledge-state-assessment.md
0235	-	-	PENDING_GLOBAL_RECLASS	PENDING_GLOBAL_RECLASS	PENDING	PENDING	docs/knowledgeos/brainstorming/20260824-145631-topological-extraction-of-astrom-stochastic-control-theory-duplicate.md
0236	-	-	PENDING_GLOBAL_RECLASS	PENDING_GLOBAL_RECLASS	PENDING	PENDING	docs/knowledgeos/brainstorming/kernel/20260824-151311-topological-extraction-of-astrom-stochastic-control-theory.md
0237	-	-	PENDING_GLOBAL_RECLASS	PENDING_GLOBAL_RECLASS	PENDING	PENDING	docs/knowledgeos/brainstorming/kernel/20260824-151337-sankshipt-ganit-shabdkosh-multi-lens-extraction-knowledge-ontology.md
0238	-	-	PENDING_GLOBAL_RECLASS	PENDING_GLOBAL_RECLASS	PENDING	PENDING	docs/knowledgeos/brainstorming/kernel/20260824-151951-sanskrit-paninian-lens-as-semantic-instrument-not-fifth-arb-lens.md
0239	-	-	PENDING_GLOBAL_RECLASS	PENDING_GLOBAL_RECLASS	PENDING	PENDING	docs/knowledgeos/brainstorming/kernel/20260824-152254-swar-gyan-orthographic-decomposition-pipeline-for-dhatu-extraction.md
0240	-	-	PENDING_GLOBAL_RECLASS	PENDING_GLOBAL_RECLASS	PENDING	PENDING	docs/knowledgeos/brainstorming/kernel/20260824-152415-zero-lens-definition-structure-recoverable-from-source-alone.md
0241	-	-	PENDING_GLOBAL_RECLASS	PENDING_GLOBAL_RECLASS	PENDING	PENDING	docs/knowledgeos/brainstorming/kernel/20260824-152751-solution-mindset-decomposition-of-problem-solving-operations.md
0242	-	-	PENDING_GLOBAL_RECLASS	PENDING_GLOBAL_RECLASS	PENDING	PENDING	docs/knowledgeos/brainstorming/kernel/20260824-152955-statistical-learning-as-quantitative-companion-to-solution-mindset.md
0243	-	-	PENDING_GLOBAL_RECLASS	PENDING_GLOBAL_RECLASS	PENDING	PENDING	docs/knowledgeos/brainstorming/kernel/20260824-153124-prml-probabilistic-representation-of-hidden-structure.md
0244	-	-	PENDING_GLOBAL_RECLASS	PENDING_GLOBAL_RECLASS	PENDING	PENDING	docs/knowledgeos/brainstorming/kernel/20260824-154254-inverse-approach-define-not-knowledge-and-infer-residual-structure.md
0245	-	-	PENDING_GLOBAL_RECLASS	PENDING_GLOBAL_RECLASS	PENDING	PENDING	docs/knowledgeos/brainstorming/kernel/20260824-154256-fraser-hidden-markov-models-and-dynamical-systems-extraction.md
0246	-	-	PENDING_GLOBAL_RECLASS	PENDING_GLOBAL_RECLASS	PENDING	PENDING	docs/knowledgeos/brainstorming/kernel/20260824-155130-fraser-hidden-markov-models-and-dynamical-systems-extraction-duplicate.md
0247	-	-	PENDING_GLOBAL_RECLASS	PENDING_GLOBAL_RECLASS	PENDING	PENDING	docs/knowledgeos/brainstorming/kernel/20260824-160023-knowledge-as-measurable-construct-not-true-information.md
0248	-	-	PENDING_GLOBAL_RECLASS	PENDING_GLOBAL_RECLASS	PENDING	PENDING	docs/knowledgeos/brainstorming/kernel/20260824-160339-knowledge-as-measurable-construct-not-true-information-duplicate.md
0249	-	-	PENDING_GLOBAL_RECLASS	PENDING_GLOBAL_RECLASS	PENDING	PENDING	docs/knowledgeos/brainstorming/kernel/20260824-160637-knowledge-as-a-continuously-changing-body-of-facts.md
0250	-	-	PENDING_GLOBAL_RECLASS	PENDING_GLOBAL_RECLASS	PENDING	PENDING	docs/knowledgeos/brainstorming/kernel/20260824-160645-knowledge-as-a-continuously-changing-body-of-facts-duplicate.md
0251	-	-	PENDING_GLOBAL_RECLASS	PENDING_GLOBAL_RECLASS	PENDING	PENDING	docs/knowledgeos/brainstorming/kernel/20260824-160927-paul-elder-elements-of-thought-as-knowledge-state-extraction.md
0252	-	-	PENDING_GLOBAL_RECLASS	PENDING_GLOBAL_RECLASS	PENDING	PENDING	docs/knowledgeos/brainstorming/kernel/20260824-161931-consciousness-model-refined-multi-lens-not-a-vertical-stack.md
0253	-	-	PENDING_GLOBAL_RECLASS	PENDING_GLOBAL_RECLASS	PENDING	PENDING	docs/knowledgeos/brainstorming/kernel/20260824-162039-consciousness-architecture-as-analogy-for-knowledge-layers.md
0254	-	-	PENDING_GLOBAL_RECLASS	PENDING_GLOBAL_RECLASS	PENDING	PENDING	docs/knowledgeos/brainstorming/kernel/20260824-163046-godel-escher-bach-extraction-knowledge-emerges-between-levels.md
0255	-	-	PENDING_GLOBAL_RECLASS	PENDING_GLOBAL_RECLASS	PENDING	PENDING	docs/knowledgeos/brainstorming/kernel/20260824-163920-nasadiya-sukta-and-geb-convergence-on-pre-differentiated-levels.md
0256	-	-	PENDING_GLOBAL_RECLASS	PENDING_GLOBAL_RECLASS	PENDING	PENDING	docs/knowledgeos/brainstorming/kernel/20260824-163922-source-article-concept-of-time-in-vedas-and-quantum-physics.md
0257	-	-	PENDING_GLOBAL_RECLASS	PENDING_GLOBAL_RECLASS	PENDING	PENDING	docs/knowledgeos/brainstorming/kernel/20260824-164328-pramana-as-epistemic-acquisition-layer-and-claim-provenance.md
0258	-	-	PENDING_GLOBAL_RECLASS	PENDING_GLOBAL_RECLASS	PENDING	PENDING	docs/knowledgeos/brainstorming/kernel/20260824-164447-scientific-attitude-four-properties-as-knowledge-candidate-rules.md
0259	-	-	PENDING_GLOBAL_RECLASS	PENDING_GLOBAL_RECLASS	PENDING	PENDING	docs/knowledgeos/brainstorming/kernel/20260824-164653-catuskoti-logic-lens-truth-need-not-be-binary.md
0260	-	-	PENDING_GLOBAL_RECLASS	PENDING_GLOBAL_RECLASS	PENDING	PENDING	docs/knowledgeos/brainstorming/kernel/20260824-164746-cosmology-article-worlds-perspectives-processes-and-transitions.md
0261	-	-	PENDING_GLOBAL_RECLASS	PENDING_GLOBAL_RECLASS	PENDING	PENDING	docs/knowledgeos/brainstorming/kernel/20260824-164817-cosmological-world-model-lens-for-knowledge-claims.md
0262	-	-	PENDING_GLOBAL_RECLASS	PENDING_GLOBAL_RECLASS	PENDING	PENDING	docs/knowledgeos/brainstorming/kernel/20260824-165411-eschatology-lens-terminal-state-and-transformation-model.md
0263	-	-	PENDING_GLOBAL_RECLASS	PENDING_GLOBAL_RECLASS	PENDING	PENDING	docs/knowledgeos/brainstorming/kernel/20260824-165635-catuskoti-four-valued-epistemic-status-logic-layer-tightening.md
0264	-	-	PENDING_GLOBAL_RECLASS	PENDING_GLOBAL_RECLASS	PENDING	PENDING	docs/knowledgeos/brainstorming/kernel/20260824-171203-tractatus-centenary-edition-reality-to-knowledge-claim-chain.md
0265	-	-	PENDING_GLOBAL_RECLASS	PENDING_GLOBAL_RECLASS	PENDING	PENDING	docs/knowledgeos/brainstorming/kernel/20260825-101801-shannon-weaver-information-is-not-meaning-is-not-knowledge.md
0266	-	-	PENDING_GLOBAL_RECLASS	PENDING_GLOBAL_RECLASS	PENDING	PENDING	docs/knowledgeos/brainstorming/kernel/20260825-103542-principal-architect-review-bounded-dynamic-knowledge-model.md
0267	-	-	PENDING_GLOBAL_RECLASS	PENDING_GLOBAL_RECLASS	PENDING	PENDING	docs/knowledgeos/brainstorming/kernel/20260825-110525-plantuml-model-knowledge-space-language-questions-and-evaluation.md
0268	-	-	PENDING_GLOBAL_RECLASS	PENDING_GLOBAL_RECLASS	PENDING	PENDING	docs/knowledgeos/brainstorming/kernel/20260825-111545-what-are-we-actually-building-when-we-say-knowledgeos.md
0269	-	-	PENDING_GLOBAL_RECLASS	PENDING_GLOBAL_RECLASS	PENDING	PENDING	docs/knowledgeos/brainstorming/kernel/20260825-113243-preservation-unit-versus-consistency-boundary-do-not-freeze-assertion-aggregate.md
0270	-	-	PENDING_GLOBAL_RECLASS	PENDING_GLOBAL_RECLASS	PENDING	PENDING	docs/knowledgeos/brainstorming/kernel/20260825-113718-merricks-objects-and-persons-useful-concept-is-not-fundamental-object.md
0271	-	-	PENDING_GLOBAL_RECLASS	PENDING_GLOBAL_RECLASS	PENDING	PENDING	docs/knowledgeos/brainstorming/kernel/20260825-113938-ontological-reduction-and-non-redundancy-model-research-direction.md
0272	-	-	PENDING_GLOBAL_RECLASS	PENDING_GLOBAL_RECLASS	PENDING	PENDING	docs/knowledgeos/brainstorming/kernel/20260825-114640-merricks-truth-and-ontology-truthmaker-thesis-rejected.md
0273	-	-	PENDING_GLOBAL_RECLASS	PENDING_GLOBAL_RECLASS	PENDING	PENDING	docs/knowledgeos/brainstorming/kernel/20260825-115235-mcginn-logical-properties-assessment-as-parallel-analytical-tool.md
0274	-	-	PENDING_GLOBAL_RECLASS	PENDING_GLOBAL_RECLASS	PENDING	PENDING	docs/knowledgeos/brainstorming/kernel/20260825-115604-oconnor-persons-and-causes-agency-and-causal-powers.md
0275	-	-	PENDING_GLOBAL_RECLASS	PENDING_GLOBAL_RECLASS	PENDING	PENDING	docs/knowledgeos/brainstorming/kernel/20260825-115932-information-theory-as-a-lens-for-knowledgeos.md
0276	-	-	PENDING_GLOBAL_RECLASS	PENDING_GLOBAL_RECLASS	PENDING	PENDING	docs/knowledgeos/brainstorming/kernel/20260825-120122-mcginn-logical-properties-as-structural-primitives-of-knowledge-space.md
0277	-	-	PENDING_GLOBAL_RECLASS	PENDING_GLOBAL_RECLASS	PENDING	PENDING	docs/knowledgeos/brainstorming/kernel/20260825-120319-information-theory-extracting-the-knowledge-space-architecture.md
0278	-	-	PENDING_GLOBAL_RECLASS	PENDING_GLOBAL_RECLASS	PENDING	PENDING	docs/knowledgeos/brainstorming/kernel/20260825-120514-zero-lens-on-mcginn-the-kernel-is-not-knowledge.md
0279	-	-	PENDING_GLOBAL_RECLASS	PENDING_GLOBAL_RECLASS	PENDING	PENDING	docs/knowledgeos/brainstorming/kernel/20260825-121403-recommended-next-research-set-before-freezing-knowledge-space-kernel.md
0280	-	-	PENDING_GLOBAL_RECLASS	PENDING_GLOBAL_RECLASS	PENDING	PENDING	docs/knowledgeos/brainstorming/kernel/20260825-122752-floridi-philosophy-of-information-levels-of-abstraction-extraction.md
0281	-	-	PENDING_GLOBAL_RECLASS	PENDING_GLOBAL_RECLASS	PENDING	PENDING	docs/knowledgeos/brainstorming/kernel/20260825-124325-dretske-knowledge-and-the-flow-of-information-initial-reading.md
0282	-	-	PENDING_GLOBAL_RECLASS	PENDING_GLOBAL_RECLASS	PENDING	PENDING	docs/knowledgeos/brainstorming/kernel/20260825-125708-fagin-halpern-reasoning-about-knowledge-formal-knowledge-space-model.md
0283	-	-	PENDING_GLOBAL_RECLASS	PENDING_GLOBAL_RECLASS	PENDING	PENDING	docs/knowledgeos/brainstorming/kernel/20260825-130339-critical-review-of-fagin-halpern-terminal-scrollback-partial.md
0284	-	-	PENDING_GLOBAL_RECLASS	PENDING_GLOBAL_RECLASS	PENDING	PENDING	docs/knowledgeos/brainstorming/kernel/20260825-130514-critical-review-of-fagin-halpern-extraction-and-research-direction.md
0285	-	-	PENDING_GLOBAL_RECLASS	PENDING_GLOBAL_RECLASS	PENDING	PENDING	docs/knowledgeos/brainstorming/kernel/20260825-130932-fagin-regime-not-kernel-acceptance-of-critique.md
0286	-	-	PENDING_GLOBAL_RECLASS	PENDING_GLOBAL_RECLASS	PENDING	PENDING	docs/knowledgeos/brainstorming/kernel/20260825-132329-fagin-chapters-verified-ascribed-versus-computable-knowledge.md
0287	-	-	PENDING_GLOBAL_RECLASS	PENDING_GLOBAL_RECLASS	PENDING	PENDING	docs/knowledgeos/brainstorming/kernel/20260825-133456-gardenfors-knowledge-in-flux-epistemic-state-as-primary-model.md
0288	-	-	PENDING_GLOBAL_RECLASS	PENDING_GLOBAL_RECLASS	PENDING	PENDING	docs/knowledgeos/brainstorming/kernel/20260825-135642-evolving-knowledge-space-imagination-additions-not-yet-architecture.md
0289	-	-	PENDING_GLOBAL_RECLASS	PENDING_GLOBAL_RECLASS	PENDING	PENDING	docs/knowledgeos/brainstorming/kernel/20260825-140251-per-agent-projection-divergence-without-divergent-reality.md
0290	-	-	PENDING_GLOBAL_RECLASS	PENDING_GLOBAL_RECLASS	PENDING	PENDING	docs/knowledgeos/brainstorming/kernel/20260825-145918-per-agent-projection-divergence-without-divergent-reality-duplicate.md
0291	-	-	PENDING_GLOBAL_RECLASS	PENDING_GLOBAL_RECLASS	PENDING	PENDING	docs/knowledgeos/brainstorming/kernel/20260825-145948-shannon-weaver-information-is-not-meaning-is-not-knowledge-duplicate.md
0292	-	-	PENDING_GLOBAL_RECLASS	PENDING_GLOBAL_RECLASS	PENDING	PENDING	docs/knowledgeos/brainstorming/kernel/20260825-150010-consciousness-architecture-as-analogy-for-knowledge-layers-duplicate.md
0293	-	-	PENDING_GLOBAL_RECLASS	PENDING_GLOBAL_RECLASS	PENDING	PENDING	docs/knowledgeos/brainstorming/kernel/20260825-155035-searle-construction-of-social-reality-institutional-layer.md
0294	-	-	PENDING_GLOBAL_RECLASS	PENDING_GLOBAL_RECLASS	PENDING	PENDING	docs/knowledgeos/brainstorming/kernel/20260825-155510-knowledge-as-capacity-distinguished-from-information.md
0295	-	-	PENDING_GLOBAL_RECLASS	PENDING_GLOBAL_RECLASS	PENDING	PENDING	docs/knowledgeos/brainstorming/corpus/original/.gitkeep
0296	-	-	PENDING_GLOBAL_RECLASS	PENDING_GLOBAL_RECLASS	PENDING	PENDING	docs/knowledgeos/brainstorming/synthesis/identity/.gitkeep
0297	-	-	PENDING_GLOBAL_RECLASS	PENDING_GLOBAL_RECLASS	PENDING	PENDING	docs/knowledgeos/brainstorming/synthesis/epistemic-state/.gitkeep
0298	-	-	PENDING_GLOBAL_RECLASS	PENDING_GLOBAL_RECLASS	PENDING	PENDING	docs/knowledgeos/brainstorming/synthesis/evidence/.gitkeep
0299	-	-	PENDING_GLOBAL_RECLASS	PENDING_GLOBAL_RECLASS	PENDING	PENDING	docs/knowledgeos/brainstorming/synthesis/boundary/.gitkeep
0300	-	-	PENDING_GLOBAL_RECLASS	PENDING_GLOBAL_RECLASS	PENDING	PENDING	docs/knowledgeos/brainstorming/falsification/candidates/.gitkeep
0301	-	-	PENDING_GLOBAL_RECLASS	PENDING_GLOBAL_RECLASS	PENDING	PENDING	docs/knowledgeos/brainstorming/falsification/attacks/.gitkeep
0302	-	-	PENDING_GLOBAL_RECLASS	PENDING_GLOBAL_RECLASS	PENDING	PENDING	docs/knowledgeos/brainstorming/falsification/results/.gitkeep
0303	-	-	PENDING_GLOBAL_RECLASS	PENDING_GLOBAL_RECLASS	PENDING	PENDING	docs/knowledgeos/brainstorming/kernel/corpus/original/.gitkeep
0304	-	-	PENDING_GLOBAL_RECLASS	PENDING_GLOBAL_RECLASS	PENDING	PENDING	docs/knowledgeos/brainstorming/kernel/synthesis/identity/.gitkeep
0305	-	-	PENDING_GLOBAL_RECLASS	PENDING_GLOBAL_RECLASS	PENDING	PENDING	docs/knowledgeos/brainstorming/kernel/synthesis/epistemic-state/.gitkeep
0306	-	-	PENDING_GLOBAL_RECLASS	PENDING_GLOBAL_RECLASS	PENDING	PENDING	docs/knowledgeos/brainstorming/kernel/synthesis/evidence/.gitkeep
0307	-	-	PENDING_GLOBAL_RECLASS	PENDING_GLOBAL_RECLASS	PENDING	PENDING	docs/knowledgeos/brainstorming/kernel/synthesis/boundary/.gitkeep
0308	-	-	PENDING_GLOBAL_RECLASS	PENDING_GLOBAL_RECLASS	PENDING	PENDING	docs/knowledgeos/brainstorming/kernel/falsification/candidates/.gitkeep
0309	-	-	PENDING_GLOBAL_RECLASS	PENDING_GLOBAL_RECLASS	PENDING	PENDING	docs/knowledgeos/brainstorming/kernel/falsification/attacks/.gitkeep
0310	-	-	PENDING_GLOBAL_RECLASS	PENDING_GLOBAL_RECLASS	PENDING	PENDING	docs/knowledgeos/brainstorming/kernel/falsification/results/.gitkeep
0311	-	-	PENDING_GLOBAL_RECLASS	PENDING_GLOBAL_RECLASS	PENDING	PENDING	docs/knowledgeos/brainstorming/kernel/classification/dependency-map.md
0312	-	-	PENDING_GLOBAL_RECLASS	PENDING_GLOBAL_RECLASS	PENDING	PENDING	docs/knowledgeos/brainstorming/classification/README.md
0313	-	-	PENDING_GLOBAL_RECLASS	PENDING_GLOBAL_RECLASS	PENDING	PENDING	docs/knowledgeos/brainstorming/corpus/README.md
0314	-	-	PENDING_GLOBAL_RECLASS	PENDING_GLOBAL_RECLASS	PENDING	PENDING	docs/knowledgeos/brainstorming/synthesis/README.md
0315	-	-	PENDING_GLOBAL_RECLASS	PENDING_GLOBAL_RECLASS	PENDING	PENDING	docs/knowledgeos/brainstorming/falsification/README.md
0316	-	-	PENDING_GLOBAL_RECLASS	PENDING_GLOBAL_RECLASS	PENDING	PENDING	docs/knowledgeos/brainstorming/kernel/classification/README.md
0317	-	-	PENDING_GLOBAL_RECLASS	PENDING_GLOBAL_RECLASS	PENDING	PENDING	docs/knowledgeos/brainstorming/kernel/corpus/README.md
0318	-	-	PENDING_GLOBAL_RECLASS	PENDING_GLOBAL_RECLASS	PENDING	PENDING	docs/knowledgeos/brainstorming/kernel/synthesis/README.md
0319	-	-	PENDING_GLOBAL_RECLASS	PENDING_GLOBAL_RECLASS	PENDING	PENDING	docs/knowledgeos/brainstorming/kernel/falsification/README.md
0320	-	-	PENDING_GLOBAL_RECLASS	PENDING_GLOBAL_RECLASS	PENDING	PENDING	docs/knowledgeos/brainstorming/kernel/20260825-162824-williamson-knowledge-as-primitive-stop-reductive-modelling.md
0321	-	-	PENDING_GLOBAL_RECLASS	PENDING_GLOBAL_RECLASS	PENDING	PENDING	docs/knowledgeos/brainstorming/kernel/20260825-163936-brandom-making-it-explicit-inferential-commitment-layer.md
0322	-	-	PENDING_GLOBAL_RECLASS	PENDING_GLOBAL_RECLASS	PENDING	PENDING	docs/knowledgeos/brainstorming/kernel/20260825-171008-gelfond-kahl-knowledge-representation-bounded-agent-test.md
0323	-	-	PENDING_GLOBAL_RECLASS	PENDING_GLOBAL_RECLASS	PENDING	PENDING	docs/knowledgeos/brainstorming/kernel/20260825-171853-c15-reframed-knowledge-at-a-time-in-evolving-knowledge-space.md
0324	-	-	PENDING_GLOBAL_RECLASS	PENDING_GLOBAL_RECLASS	PENDING	PENDING	docs/knowledgeos/brainstorming/kernel/20260825-172121-knowledge-element-versus-state-and-what-can-be-quantified.md
0325	-	-	PENDING_GLOBAL_RECLASS	PENDING_GLOBAL_RECLASS	PENDING	PENDING	docs/knowledgeos/brainstorming/kernel/20260825-180730-brachman-levesque-infinite-belief-finite-representation.md
0326	-	-	PENDING_GLOBAL_RECLASS	PENDING_GLOBAL_RECLASS	PENDING	PENDING	docs/knowledgeos/brainstorming/kernel/20260825-180828-knowledge-as-discriminate-select-decide-capability.md
0327	-	-	PENDING_GLOBAL_RECLASS	PENDING_GLOBAL_RECLASS	PENDING	PENDING	docs/knowledgeos/brainstorming/kernel/20260825-181038-knowledge-measure-theory-v0-1-projection-as-measure.md
0328	-	-	PENDING_GLOBAL_RECLASS	PENDING_GLOBAL_RECLASS	PENDING	PENDING	docs/knowledgeos/brainstorming/kernel/20260825-181719-challenge-to-knowledge-measure-theory-projection-is-not-a-measure.md
0329	-	-	PENDING_GLOBAL_RECLASS	PENDING_GLOBAL_RECLASS	PENDING	PENDING	docs/knowledgeos/brainstorming/kernel/classification/cluster-map.md
0330	-	-	PENDING_GLOBAL_RECLASS	PENDING_GLOBAL_RECLASS	PENDING	PENDING	docs/knowledgeos/brainstorming/classification/corpus-index.md
0331	-	-	PENDING_GLOBAL_RECLASS	PENDING_GLOBAL_RECLASS	PENDING	PENDING	docs/knowledgeos/brainstorming/kernel/20260825-183652-critique-of-knowledge-measurement-theory-v0-2.md
0332	-	-	PENDING_GLOBAL_RECLASS	PENDING_GLOBAL_RECLASS	PENDING	PENDING	docs/knowledgeos/brainstorming/kernel/20260825-184234-roberts-measurement-theory-meaningfulness-and-scale-types.md
0333	-	-	PENDING_GLOBAL_RECLASS	PENDING_GLOBAL_RECLASS	PENDING	PENDING	docs/knowledgeos/brainstorming/kernel/20260825-184332-aggoun-elliott-measure-theory-and-filtering-verification.md
0334	-	-	PENDING_GLOBAL_RECLASS	PENDING_GLOBAL_RECLASS	PENDING	PENDING	docs/knowledgeos/brainstorming/kernel/20260825-184616-knowledge-is-not-conditional-expectation-correction.md
0335	-	-	PENDING_GLOBAL_RECLASS	PENDING_GLOBAL_RECLASS	PENDING	PENDING	docs/knowledgeos/brainstorming/kernel/20260825-184755-six-category-errors-in-the-mathematical-synthesis.md
0336	-	-	PENDING_GLOBAL_RECLASS	PENDING_GLOBAL_RECLASS	PENDING	PENDING	docs/knowledgeos/brainstorming/synthesis/KNOWLEDGE-CONCEPT-EXTRACTION-001.md
0337	-	-	PENDING_GLOBAL_RECLASS	PENDING_GLOBAL_RECLASS	PENDING	PENDING	docs/knowledgeos/brainstorming/kernel/20260825-190319-rejection-of-complete-mathematical-framework-claim.md
0338	-	-	PENDING_GLOBAL_RECLASS	PENDING_GLOBAL_RECLASS	PENDING	PENDING	docs/knowledgeos/brainstorming/kernel/refinement_phase/20260825-190639_much-better-than-the-previous-version.md
0339	-	-	PENDING_GLOBAL_RECLASS	PENDING_GLOBAL_RECLASS	PENDING	PENDING	docs/knowledgeos/brainstorming/synthesis/KNOWLEDGE-RECONSTRUCTION-LEDGER.md
0340	-	-	PENDING_GLOBAL_RECLASS	PENDING_GLOBAL_RECLASS	PENDING	PENDING	docs/knowledgeos/brainstorming/kernel/20260825-192351-relational-logical-structure-as-core-mathematics-as-regimes.md
0341	-	-	PENDING_GLOBAL_RECLASS	PENDING_GLOBAL_RECLASS	PENDING	PENDING	docs/knowledgeos/brainstorming/kernel/refinement_phase/20260825-192549_this-is-exactly-the-behaviour-we-want.md
0342	-	-	PENDING_GLOBAL_RECLASS	PENDING_GLOBAL_RECLASS	PENDING	PENDING	docs/knowledgeos/brainstorming/kernel/00_CENSUS.md
0343	-	-	PENDING_GLOBAL_RECLASS	PENDING_GLOBAL_RECLASS	PENDING	PENDING	docs/knowledgeos/brainstorming/kernel/20260825-192931-critical-analysis-of-the-senior-mathematical-judgment.md
0344	-	-	PENDING_GLOBAL_RECLASS	PENDING_GLOBAL_RECLASS	PENDING	PENDING	docs/knowledgeos/brainstorming/kernel/20260825-192948-relational-logical-structure-as-core-mathematics-as-regimes-duplicate.md
0345	-	-	PENDING_GLOBAL_RECLASS	PENDING_GLOBAL_RECLASS	PENDING	PENDING	docs/knowledgeos/brainstorming/kernel/classification/contradiction-map.md
0346	-	-	PENDING_GLOBAL_RECLASS	PENDING_GLOBAL_RECLASS	PENDING	PENDING	docs/knowledgeos/brainstorming/synthesis/EXTRACTION-LEDGER.md
0347	-	-	PENDING_GLOBAL_RECLASS	PENDING_GLOBAL_RECLASS	PENDING	PENDING	docs/knowledgeos/brainstorming/phase_measure_theory/20260825-204244_where-to-concentrate-measure-theory-vs-knowledgeos-definition.md
0348	-	-	PENDING_GLOBAL_RECLASS	PENDING_GLOBAL_RECLASS	PENDING	PENDING	docs/knowledgeos/brainstorming/phase_measure_theory/20260825-210750_phase-1-redefinition-what-phase-1-should-accomplish.md
0349	-	-	PENDING_GLOBAL_RECLASS	PENDING_GLOBAL_RECLASS	PENDING	PENDING	docs/knowledgeos/brainstorming/phase_measure_theory/20260825-211612_where-to-concentrate-measure-theory-vs-knowledgeos-definition-expanded.md
0350	-	-	PENDING_GLOBAL_RECLASS	PENDING_GLOBAL_RECLASS	PENDING	PENDING	docs/knowledgeos/brainstorming/phase_measure_theory/20260825-214434_independent-research-programme-knowledgeos-as-brain-of-a-computer.md
0351	-	-	PENDING_GLOBAL_RECLASS	PENDING_GLOBAL_RECLASS	PENDING	PENDING	docs/knowledgeos/brainstorming/phase_measure_theory/20260825-214833_knowledge-is-probably-not-the-kernel-object.md
0352	-	-	PENDING_GLOBAL_RECLASS	PENDING_GLOBAL_RECLASS	PENDING	PENDING	docs/knowledgeos/brainstorming/phase_measure_theory/20260825-215434_knowledge-is-probably-not-the-kernel-object-duplicate.md
0353	-	-	PENDING_GLOBAL_RECLASS	PENDING_GLOBAL_RECLASS	PENDING	PENDING	docs/knowledgeos/brainstorming/phase_measure_theory/20260825-215831_refusal-research-hypothesis-must-not-become-frozen-kernel-contract.md
0354	-	-	PENDING_GLOBAL_RECLASS	PENDING_GLOBAL_RECLASS	PENDING	PENDING	docs/knowledgeos/brainstorming/phase_measure_theory/20260825-220537_correctness-and-completeness-are-different.md
0355	-	-	PENDING_GLOBAL_RECLASS	PENDING_GLOBAL_RECLASS	PENDING	PENDING	docs/knowledgeos/brainstorming/phase_measure_theory/20260825-220941_the-tuple-is-reasonable-but-not-yet-proven.md
0356	-	-	PENDING_GLOBAL_RECLASS	PENDING_GLOBAL_RECLASS	PENDING	PENDING	docs/knowledgeos/brainstorming/phase_measure_theory/20260825-221301_next-research-direction-after-measure-theory.md
0357	-	-	PENDING_GLOBAL_RECLASS	PENDING_GLOBAL_RECLASS	PENDING	PENDING	docs/knowledgeos/brainstorming/phase_measure_theory/20260825-222327_doignon-falmagne-knowledge-spaces-source-identified.md
0358	-	-	PENDING_GLOBAL_RECLASS	PENDING_GLOBAL_RECLASS	PENDING	PENDING	docs/knowledgeos/brainstorming/phase_measure_theory/20260825-222915_session-1-not-executing-continuously-process-observation.md
0359	-	-	PENDING_GLOBAL_RECLASS	PENDING_GLOBAL_RECLASS	PENDING	PENDING	docs/knowledgeos/brainstorming/phase_measure_theory/20260825-224434_how-can-an-acquired-knowledge-state-be-represented-mathematically.md
0360	-	-	PENDING_GLOBAL_RECLASS	PENDING_GLOBAL_RECLASS	PENDING	PENDING	docs/knowledgeos/brainstorming/phase_measure_theory/20260825-224907_research-extraction-knowledge-spaces-doignon-falmagne.md
0361	-	-	PENDING_GLOBAL_RECLASS	PENDING_GLOBAL_RECLASS	PENDING	PENDING	docs/knowledgeos/brainstorming/phase_measure_theory/20260825-225609_knowledge-is-not-merely-an-entity.md
0362	-	-	PENDING_GLOBAL_RECLASS	PENDING_GLOBAL_RECLASS	PENDING	PENDING	docs/knowledgeos/brainstorming/phase_measure_theory/20260825-225949_knowledge-is-temporally-situated-and-potentially-evolving.md
0363	-	-	PENDING_GLOBAL_RECLASS	PENDING_GLOBAL_RECLASS	PENDING	PENDING	docs/knowledgeos/brainstorming/phase_measure_theory/20260825-230151_what-should-the-knowledgeos-kernel-contain.md
0364	-	-	PENDING_GLOBAL_RECLASS	PENDING_GLOBAL_RECLASS	PENDING	PENDING	docs/knowledgeos/brainstorming/phase_measure_theory/20260825-231022_probability-becomes-more-fundamental.md
0365	-	-	PENDING_GLOBAL_RECLASS	PENDING_GLOBAL_RECLASS	PENDING	PENDING	docs/knowledgeos/brainstorming/phase_measure_theory/20260825-231629_model-clarification-round.md
0366	-	-	PENDING_GLOBAL_RECLASS	PENDING_GLOBAL_RECLASS	PENDING	PENDING	docs/knowledgeos/brainstorming/phase_measure_theory/20260825-233107_knowledge-qualification-problem-research-framework.md
0367	-	-	PENDING_GLOBAL_RECLASS	PENDING_GLOBAL_RECLASS	PENDING	PENDING	docs/knowledgeos/brainstorming/phase_measure_theory/20260825-233112_evidence-connects-observation-to-facts.md
0368	-	-	PENDING_GLOBAL_RECLASS	PENDING_GLOBAL_RECLASS	PENDING	PENDING	docs/knowledgeos/brainstorming/phase_measure_theory/20260825-233525_justification-comes-from-predetermined-facts-and-rules.md
0369	-	-	PENDING_GLOBAL_RECLASS	PENDING_GLOBAL_RECLASS	PENDING	PENDING	docs/knowledgeos/brainstorming/phase_measure_theory/20260825-233821_logical-lens-round.md
0370	-	-	PENDING_GLOBAL_RECLASS	PENDING_GLOBAL_RECLASS	PENDING	PENDING	docs/knowledgeos/brainstorming/phase_measure_theory/20260825-233950_use-all-lenses-in-a-more-disciplined-mathematical-way.md
0371	-	-	PENDING_GLOBAL_RECLASS	PENDING_GLOBAL_RECLASS	PENDING	PENDING	docs/knowledgeos/brainstorming/phase_measure_theory/20260825-234405_extraction-retrieves-material-determination-establishes-warrant.md
0372	-	-	PENDING_GLOBAL_RECLASS	PENDING_GLOBAL_RECLASS	PENDING	PENDING	docs/knowledgeos/brainstorming/phase_measure_theory/20260825-234546_refinement-of-the-model.md
0373	-	-	PENDING_GLOBAL_RECLASS	PENDING_GLOBAL_RECLASS	PENDING	PENDING	docs/knowledgeos/brainstorming/phase_measure_theory/20260825-234727_better-formulation-of-the-position.md
0374	-	-	PENDING_GLOBAL_RECLASS	PENDING_GLOBAL_RECLASS	PENDING	PENDING	docs/knowledgeos/brainstorming/phase_measure_theory/20260825-235105_important-correction-to-the-framework.md
0375	-	-	PENDING_GLOBAL_RECLASS	PENDING_GLOBAL_RECLASS	PENDING	PENDING	docs/knowledgeos/brainstorming/phase_measure_theory/20260825-235738_correction-to-the-synthesis-conclusion.md
0376	-	-	PENDING_GLOBAL_RECLASS	PENDING_GLOBAL_RECLASS	PENDING	PENDING	docs/knowledgeos/brainstorming/phase_measure_theory/20260825-235754_conditional-evidence-problem-research-synthesis.md
0377	-	-	PENDING_GLOBAL_RECLASS	PENDING_GLOBAL_RECLASS	PENDING	PENDING	docs/knowledgeos/brainstorming/phase_measure_theory/20260825-235804_kernel-problem-minimum-substrate-for-conditional-determination.md
0378	-	-	PENDING_GLOBAL_RECLASS	PENDING_GLOBAL_RECLASS	PENDING	PENDING	docs/knowledgeos/brainstorming/phase_measure_theory/20260825-235855_determination-is-the-missing-mathematical-object.md
0379	-	-	PENDING_GLOBAL_RECLASS	PENDING_GLOBAL_RECLASS	PENDING	PENDING	docs/knowledgeos/brainstorming/phase_measure_theory/20260825-235913_kernel-problem-minimum-substrate-for-conditional-determination-duplicate.md
0380	-	-	PENDING_GLOBAL_RECLASS	PENDING_GLOBAL_RECLASS	PENDING	PENDING	docs/knowledgeos/brainstorming/phase_measure_theory/20260826-000209_conditional-evidence-and-reasoning-combine-v1.md
0381	-	-	PENDING_GLOBAL_RECLASS	PENDING_GLOBAL_RECLASS	PENDING	PENDING	docs/knowledgeos/brainstorming/phase_measure_theory/20260826-000339_conditional-evidence-and-reasoning-combine-v2-expanded.md
0382	-	-	PENDING_GLOBAL_RECLASS	PENDING_GLOBAL_RECLASS	PENDING	PENDING	docs/knowledgeos/brainstorming/phase_measure_theory/20260826-000501_business-example-of-the-conditional-problem.md
0383	-	-	PENDING_GLOBAL_RECLASS	PENDING_GLOBAL_RECLASS	PENDING	PENDING	docs/knowledgeos/brainstorming/phase_measure_theory/20260826-000839_major-clarification-of-the-model.md
0384	-	-	PENDING_GLOBAL_RECLASS	PENDING_GLOBAL_RECLASS	PENDING	PENDING	docs/knowledgeos/brainstorming/phase_measure_theory/20260826-001111_new-important-distinction-introduced.md
0385	-	-	PENDING_GLOBAL_RECLASS	PENDING_GLOBAL_RECLASS	PENDING	PENDING	docs/knowledgeos/brainstorming/phase_measure_theory/20260826-001150_every-information-clarification.md
0386	-	-	PENDING_GLOBAL_RECLASS	PENDING_GLOBAL_RECLASS	PENDING	PENDING	docs/knowledgeos/brainstorming/phase_measure_theory/20260826-001700_example-exposes-flaw-in-the-previous-model.md
0387	-	-	PENDING_GLOBAL_RECLASS	PENDING_GLOBAL_RECLASS	PENDING	PENDING	docs/knowledgeos/brainstorming/phase_measure_theory/20260826-002116_example-exposes-flaw-in-the-previous-model-duplicate.md
0388	-	-	PENDING_GLOBAL_RECLASS	PENDING_GLOBAL_RECLASS	PENDING	PENDING	docs/knowledgeos/brainstorming/phase_measure_theory/20260826-002517_example-exposes-flaw-in-the-previous-model-duplicate-2-ideal-state.md
0389	-	-	PENDING_GLOBAL_RECLASS	PENDING_GLOBAL_RECLASS	PENDING	PENDING	docs/knowledgeos/brainstorming/phase_measure_theory/20260826-002828_very-important-refinement-of-the-model.md
0390	-	-	PENDING_GLOBAL_RECLASS	PENDING_GLOBAL_RECLASS	PENDING	PENDING	docs/knowledgeos/brainstorming/phase_measure_theory/20260826-002857_the-key-distinction.md
0391	-	-	PENDING_GLOBAL_RECLASS	PENDING_GLOBAL_RECLASS	PENDING	PENDING	docs/knowledgeos/brainstorming/phase_measure_theory/20260826-003242_where-we-started-model-challenge.md
0392	-	-	PENDING_GLOBAL_RECLASS	PENDING_GLOBAL_RECLASS	PENDING	PENDING	docs/knowledgeos/brainstorming/phase_measure_theory/20260826-004057_dimensions-facts-and-values-model-challenge-expanded.md
0393	-	-	PENDING_GLOBAL_RECLASS	PENDING_GLOBAL_RECLASS	PENDING	PENDING	docs/knowledgeos/brainstorming/phase_measure_theory/20260826-004302_important-correction-to-the-model.md
0394	-	-	PENDING_GLOBAL_RECLASS	PENDING_GLOBAL_RECLASS	PENDING	PENDING	docs/knowledgeos/brainstorming/phase_measure_theory/20260826-005108_important-correction-to-the-model-duplicate.md
0395	-	-	PENDING_GLOBAL_RECLASS	PENDING_GLOBAL_RECLASS	PENDING	PENDING	docs/knowledgeos/brainstorming/phase_measure_theory/20260826-015913_conceptual-problems-solved-but-not-all.md
0396	-	-	PENDING_GLOBAL_RECLASS	PENDING_GLOBAL_RECLASS	PENDING	PENDING	docs/knowledgeos/brainstorming/phase_measure_theory/20260826-102307_important-correction-to-the-model-extended-full-thread.md
0397	-	-	PENDING_GLOBAL_RECLASS	PENDING_GLOBAL_RECLASS	PENDING	PENDING	docs/knowledgeos/brainstorming/phase_measure_theory/20260826-102337_most-important-correction-review-of-research-summary.md
0398	-	-	PENDING_GLOBAL_RECLASS	PENDING_GLOBAL_RECLASS	PENDING	PENDING	docs/knowledgeos/brainstorming/phase_measure_theory/20260826-102412_second-research-synthesis-fits-earlier-position.md
0399	-	-	PENDING_GLOBAL_RECLASS	PENDING_GLOBAL_RECLASS	PENDING	PENDING	docs/knowledgeos/brainstorming/phase_measure_theory/20260826-102458_close-to-what-you-have-been-describing.md
0400	-	-	PENDING_GLOBAL_RECLASS	PENDING_GLOBAL_RECLASS	PENDING	PENDING	docs/knowledgeos/brainstorming/phase_measure_theory/20260826-103245_promising-direction-analysing-your-sentence.md
0401	-	-	PENDING_GLOBAL_RECLASS	PENDING_GLOBAL_RECLASS	PENDING	PENDING	docs/knowledgeos/brainstorming/phase_measure_theory/20260826-103249_sanskrit-grammar-lens-can-help-significantly.md
0402	-	-	PENDING_GLOBAL_RECLASS	PENDING_GLOBAL_RECLASS	PENDING	PENDING	docs/knowledgeos/brainstorming/phase_measure_theory/20260826-103508_a-dimension-is-an-aspect-along-which-a-state-is-characterized.md
0403	-	-	PENDING_GLOBAL_RECLASS	PENDING_GLOBAL_RECLASS	PENDING	PENDING	docs/knowledgeos/brainstorming/phase_measure_theory/20260826-103946_state-of-knowledge-depends-on-its-known-dimensions.md
0404	-	-	PENDING_GLOBAL_RECLASS	PENDING_GLOBAL_RECLASS	PENDING	PENDING	docs/knowledgeos/brainstorming/phase_measure_theory/20260826-104002_state-of-knowledge-depends-on-its-known-dimensions-duplicate.md
0405	-	-	PENDING_GLOBAL_RECLASS	PENDING_GLOBAL_RECLASS	PENDING	PENDING	docs/knowledgeos/brainstorming/phase_measure_theory/20260826-105126_zero-lens-what-is-absent-undefined-unrepresented-assumed-away.md
0406	-	-	PENDING_GLOBAL_RECLASS	PENDING_GLOBAL_RECLASS	PENDING	PENDING	docs/knowledgeos/brainstorming/phase_measure_theory/20260826-105229_research-synthesis-zero-lens-infinite-knowledge-space-mithya.md
0407	-	-	PENDING_GLOBAL_RECLASS	PENDING_GLOBAL_RECLASS	PENDING	PENDING	docs/knowledgeos/brainstorming/phase_measure_theory/20260826-105641_zero-lens-analysis-of-ashtavakra-gita.md
0408	-	-	PENDING_GLOBAL_RECLASS	PENDING_GLOBAL_RECLASS	PENDING	PENDING	docs/knowledgeos/brainstorming/phase_measure_theory/20260826-105717_research-synthesis-quine-word-and-object-multi-lens.md
0409	-	-	PENDING_GLOBAL_RECLASS	PENDING_GLOBAL_RECLASS	PENDING	PENDING	docs/knowledgeos/brainstorming/phase_measure_theory/20260826-111026_metaphor-change-for-the-model.md
0410	-	-	PENDING_GLOBAL_RECLASS	PENDING_GLOBAL_RECLASS	PENDING	PENDING	docs/knowledgeos/brainstorming/phase_measure_theory/20260826-111721_research-synthesis-upanishads-as-lens-on-infinite-knowledge-space.md
0411	-	-	PENDING_GLOBAL_RECLASS	PENDING_GLOBAL_RECLASS	PENDING	PENDING	docs/knowledgeos/brainstorming/phase_measure_theory/20260826-112128_zero-lens-as-foundational-epistemic-and-architectural-lens.md
0412	-	-	PENDING_GLOBAL_RECLASS	PENDING_GLOBAL_RECLASS	PENDING	PENDING	docs/knowledgeos/brainstorming/phase_measure_theory/20260826-112545_zero-lens-as-foundational-epistemic-and-architectural-lens-duplicate.md
0413	-	-	PENDING_GLOBAL_RECLASS	PENDING_GLOBAL_RECLASS	PENDING	PENDING	docs/knowledgeos/brainstorming/phase_measure_theory/20260826-113213_lord-lens-infinite-knowledge-space.md
0414	-	-	PENDING_GLOBAL_RECLASS	PENDING_GLOBAL_RECLASS	PENDING	PENDING	docs/knowledgeos/brainstorming/phase_measure_theory/20260826-114050_ganapati-atharvashirsha-reading.md
0415	-	-	PENDING_GLOBAL_RECLASS	PENDING_GLOBAL_RECLASS	PENDING	PENDING	docs/knowledgeos/brainstorming/phase_measure_theory/20260826-114101_lord-lens-infinite-knowledge-space-and-knowledge-as-element.md
0416	-	-	PENDING_GLOBAL_RECLASS	PENDING_GLOBAL_RECLASS	PENDING	PENDING	docs/knowledgeos/brainstorming/phase_measure_theory/20260826-114249_lord-lens-infinite-knowledge-space-revised-and-deepened.md
0417	-	-	PENDING_GLOBAL_RECLASS	PENDING_GLOBAL_RECLASS	PENDING	PENDING	docs/knowledgeos/brainstorming/phase_measure_theory/20260826-114611_research-synthesis-universe-according-to-the-vedas-lord-and-zero-lens.md
0418	-	-	PENDING_GLOBAL_RECLASS	PENDING_GLOBAL_RECLASS	PENDING	PENDING	docs/knowledgeos/brainstorming/phase_measure_theory/20260826-114948_ganapati-atharvashirsha-synthesis-review.md
0419	-	-	PENDING_GLOBAL_RECLASS	PENDING_GLOBAL_RECLASS	PENDING	PENDING	docs/knowledgeos/brainstorming/phase_measure_theory/20260826-115711_what-exactly-is-the-ideal-state.md
0420	-	-	PENDING_GLOBAL_RECLASS	PENDING_GLOBAL_RECLASS	PENDING	PENDING	docs/knowledgeos/brainstorming/phase_measure_theory/20260826-115757_research-synthesis-24-undefined-questions-path-forward.md
0421	-	-	PENDING_GLOBAL_RECLASS	PENDING_GLOBAL_RECLASS	PENDING	PENDING	docs/knowledgeos/brainstorming/phase_measure_theory/20260826-121829_strategic-analysis-bhagavad-gita-as-lens-for-research-questions.md
0422	-	-	PENDING_GLOBAL_RECLASS	PENDING_GLOBAL_RECLASS	PENDING	PENDING	docs/knowledgeos/brainstorming/phase_measure_theory/20260826-121909_lord-lens-infinite-knowledge-space-and-knowledge-as-element-duplicate.md
0423	-	-	PENDING_GLOBAL_RECLASS	PENDING_GLOBAL_RECLASS	PENDING	PENDING	docs/knowledgeos/brainstorming/phase_measure_theory/20260826-122156_most-important-discovery-of-the-round.md
0424	-	-	PENDING_GLOBAL_RECLASS	PENDING_GLOBAL_RECLASS	PENDING	PENDING	docs/knowledgeos/brainstorming/phase_measure_theory/20260826-122435_remaining-undefined-things-in-the-model.md
0425	-	-	PENDING_GLOBAL_RECLASS	PENDING_GLOBAL_RECLASS	PENDING	PENDING	docs/knowledgeos/brainstorming/phase_measure_theory/20260826-123719_cleaner-formulation-for-knowledgeos.md
0426	-	-	PENDING_GLOBAL_RECLASS	PENDING_GLOBAL_RECLASS	PENDING	PENDING	docs/knowledgeos/brainstorming/phase_measure_theory/20260826-134120_using-the-gita-differently-from-an-ordinary-research-source.md
0427	-	-	PENDING_GLOBAL_RECLASS	PENDING_GLOBAL_RECLASS	PENDING	PENDING	docs/knowledgeos/brainstorming/phase_measure_theory/20260826-135515_gita-chapter-1-as-first-observation.md
0428	-	-	PENDING_GLOBAL_RECLASS	PENDING_GLOBAL_RECLASS	PENDING	PENDING	docs/knowledgeos/brainstorming/phase_measure_theory/20260826-135525_gita-chapter-1-as-first-observation-variant.md
0429	-	-	PENDING_GLOBAL_RECLASS	PENDING_GLOBAL_RECLASS	PENDING	PENDING	docs/knowledgeos/brainstorming/phase_measure_theory/20260826-135936_strongest-architectural-mapping-so-far-chapter-01.md
0430	-	-	PENDING_GLOBAL_RECLASS	PENDING_GLOBAL_RECLASS	PENDING	PENDING	docs/knowledgeos/brainstorming/phase_measure_theory/20260826-140137_two-epistemic-layers-as-strong-architecture.md
0431	-	-	PENDING_GLOBAL_RECLASS	PENDING_GLOBAL_RECLASS	PENDING	PENDING	docs/knowledgeos/brainstorming/phase_measure_theory/20260826-142856_validating-and-formalizing-the-principles.md
0432	-	-	PENDING_GLOBAL_RECLASS	PENDING_GLOBAL_RECLASS	PENDING	PENDING	docs/knowledgeos/brainstorming/phase_measure_theory/20260826-143046_validating-and-formalizing-the-principles-duplicate.md
0433	-	-	PENDING_GLOBAL_RECLASS	PENDING_GLOBAL_RECLASS	PENDING	PENDING	docs/knowledgeos/brainstorming/phase_measure_theory/20260826-143231_refining-the-krishna-lens.md
0434	-	-	PENDING_GLOBAL_RECLASS	PENDING_GLOBAL_RECLASS	PENDING	PENDING	docs/knowledgeos/brainstorming/phase_measure_theory/20260826-143500_masterful-synthesis-lord-lens-omega.md
0435	-	-	PENDING_GLOBAL_RECLASS	PENDING_GLOBAL_RECLASS	PENDING	PENDING	docs/knowledgeos/brainstorming/phase_measure_theory/20260826-144017_gita-chapter-2-reading.md
0436	-	-	PENDING_GLOBAL_RECLASS	PENDING_GLOBAL_RECLASS	PENDING	PENDING	docs/knowledgeos/brainstorming/phase_measure_theory/20260826-151225_rigorous-analysis-of-the-sanjaya-layer.md
0437	-	-	PENDING_GLOBAL_RECLASS	PENDING_GLOBAL_RECLASS	PENDING	PENDING	docs/knowledgeos/brainstorming/phase_measure_theory/20260826-151244_second-correction-sarathi-does-not-own-the-frame.md
0438	-	-	PENDING_GLOBAL_RECLASS	PENDING_GLOBAL_RECLASS	PENDING	PENDING	docs/knowledgeos/brainstorming/phase_measure_theory/20260826-151534_right-architectural-interpretation-now.md
0439	-	-	PENDING_GLOBAL_RECLASS	PENDING_GLOBAL_RECLASS	PENDING	PENDING	docs/knowledgeos/brainstorming/phase_measure_theory/20260826-152140_zero-reveals-relevant-is-still-undefined.md
0440	-	-	PENDING_GLOBAL_RECLASS	PENDING_GLOBAL_RECLASS	PENDING	PENDING	docs/knowledgeos/brainstorming/phase_measure_theory/20260826-155127_zero-findings-formal-summary.md
0441	-	-	PENDING_GLOBAL_RECLASS	PENDING_GLOBAL_RECLASS	PENDING	PENDING	docs/knowledgeos/brainstorming/phase_measure_theory/20260826-155403_krishna-lens.md
0442	-	-	PENDING_GLOBAL_RECLASS	PENDING_GLOBAL_RECLASS	PENDING	PENDING	docs/knowledgeos/brainstorming/phase_measure_theory/20260826-155520_krishna-lens-duplicate.md
0443	-	-	PENDING_GLOBAL_RECLASS	PENDING_GLOBAL_RECLASS	PENDING	PENDING	docs/knowledgeos/brainstorming/phase_measure_theory/20260826-160024_the-human-knower-cleaner-formulation.md
0444	-	-	PENDING_GLOBAL_RECLASS	PENDING_GLOBAL_RECLASS	PENDING	PENDING	docs/knowledgeos/brainstorming/phase_measure_theory/20260826-160322_core-architecture-lord-krishna-knowledgeos-human-knower.md
0445	-	-	PENDING_GLOBAL_RECLASS	PENDING_GLOBAL_RECLASS	PENDING	PENDING	docs/knowledgeos/brainstorming/phase_measure_theory/20260826-160657_what-we-have-solved-and-what-remains.md
0446	-	-	PENDING_GLOBAL_RECLASS	PENDING_GLOBAL_RECLASS	PENDING	PENDING	docs/knowledgeos/brainstorming/phase_measure_theory/20260826-161035_start-with-the-underlying-reality.md
0447	-	-	PENDING_GLOBAL_RECLASS	PENDING_GLOBAL_RECLASS	PENDING	PENDING	docs/knowledgeos/brainstorming/phase_measure_theory/20260826-161309_knowledgeos-a-mathematical-architecture-for-epistemic-systems.md
0448	-	-	PENDING_GLOBAL_RECLASS	PENDING_GLOBAL_RECLASS	PENDING	PENDING	docs/knowledgeos/brainstorming/phase_measure_theory/20260826-161551_knowledgeos-a-mathematical-architecture-for-epistemic-systems-duplicate.md
0449	-	-	PENDING_GLOBAL_RECLASS	PENDING_GLOBAL_RECLASS	PENDING	PENDING	docs/knowledgeos/brainstorming/phase_measure_theory/20260826-162358_proposed-order-of-investigation.md
0450	-	-	PENDING_GLOBAL_RECLASS	PENDING_GLOBAL_RECLASS	PENDING	PENDING	docs/knowledgeos/brainstorming/phase_measure_theory/20260826-162527_phase-1-what-is-being-observed.md
0451	-	-	PENDING_GLOBAL_RECLASS	PENDING_GLOBAL_RECLASS	PENDING	PENDING	docs/knowledgeos/brainstorming/phase_measure_theory/20260826-163610_arjuna-as-observer-a-knowledgeos-analysis.md
0452	-	-	PENDING_GLOBAL_RECLASS	PENDING_GLOBAL_RECLASS	PENDING	PENDING	docs/knowledgeos/brainstorming/phase_measure_theory/20260826-163735_the-investigation-is-progressive.md
0453	-	-	PENDING_GLOBAL_RECLASS	PENDING_GLOBAL_RECLASS	PENDING	PENDING	docs/knowledgeos/brainstorming/phase_measure_theory/20260826-164123_what-zero-does-does-zero-belong-to-knowledgeos.md
0454	-	-	PENDING_GLOBAL_RECLASS	PENDING_GLOBAL_RECLASS	PENDING	PENDING	docs/knowledgeos/brainstorming/phase_measure_theory/20260826-165743_question-2-what-is-a-dimension.md
0455	-	-	PENDING_GLOBAL_RECLASS	PENDING_GLOBAL_RECLASS	PENDING	PENDING	docs/knowledgeos/brainstorming/phase_measure_theory/20260826-170313_observer-asks-knowledgeos-reconstructs-the-dimensions.md
0456	-	-	PENDING_GLOBAL_RECLASS	PENDING_GLOBAL_RECLASS	PENDING	PENDING	docs/knowledgeos/brainstorming/phase_measure_theory/20260826-170948_why-a-c-type-parser-is-useful.md
0457	-	-	PENDING_GLOBAL_RECLASS	PENDING_GLOBAL_RECLASS	PENDING	PENDING	docs/knowledgeos/brainstorming/phase_measure_theory/20260826-171411_mathematical-redefinition-dimension-discovery-and-natural-language-parsing.md
0458	-	-	PENDING_GLOBAL_RECLASS	PENDING_GLOBAL_RECLASS	PENDING	PENDING	docs/knowledgeos/brainstorming/phase_measure_theory/20260826-171508_why-parsing-belongs-inside-knowledgeos.md
0459	-	-	PENDING_GLOBAL_RECLASS	PENDING_GLOBAL_RECLASS	PENDING	PENDING	docs/knowledgeos/brainstorming/phase_measure_theory/20260826-171848_architectural-ownership-of-semantic-reconstruction.md
0460	-	-	PENDING_GLOBAL_RECLASS	PENDING_GLOBAL_RECLASS	PENDING	PENDING	docs/knowledgeos/brainstorming/phase_measure_theory/20260826-172247_mathematical-review-of-the-knowledgeos-model.md
0461	-	-	PENDING_GLOBAL_RECLASS	PENDING_GLOBAL_RECLASS	PENDING	PENDING	docs/knowledgeos/brainstorming/phase_measure_theory/20260826-172732_the-knowledgeos-knowledge-atom.md
0462	-	-	PENDING_GLOBAL_RECLASS	PENDING_GLOBAL_RECLASS	PENDING	PENDING	docs/knowledgeos/brainstorming/phase_measure_theory/20260826-172933_question-4-evidence-and-epistemic-state-transition.md
0463	-	-	PENDING_GLOBAL_RECLASS	PENDING_GLOBAL_RECLASS	PENDING	PENDING	docs/knowledgeos/brainstorming/phase_measure_theory/20260826-173048_question-5-comparing-and-challenging-assertions.md
0464	-	-	PENDING_GLOBAL_RECLASS	PENDING_GLOBAL_RECLASS	PENDING	PENDING	docs/knowledgeos/brainstorming/phase_measure_theory/20260826-173211_question-5-comparing-and-challenging-assertions-v2.md
0465	-	-	PENDING_GLOBAL_RECLASS	PENDING_GLOBAL_RECLASS	PENDING	PENDING	docs/knowledgeos/brainstorming/phase_measure_theory/20260826-173318_question-4a-what-exactly-is-an-epistemic-state.md
0466	-	-	PENDING_GLOBAL_RECLASS	PENDING_GLOBAL_RECLASS	PENDING	PENDING	docs/knowledgeos/brainstorming/phase_measure_theory/20260826-173337_review-comparison-should-compare-propositions-first.md
0467	-	-	PENDING_GLOBAL_RECLASS	PENDING_GLOBAL_RECLASS	PENDING	PENDING	docs/knowledgeos/brainstorming/phase_measure_theory/20260826-173435_question-5-updating-and-preserving-assertions.md
0468	-	-	PENDING_GLOBAL_RECLASS	PENDING_GLOBAL_RECLASS	PENDING	PENDING	docs/knowledgeos/brainstorming/phase_measure_theory/20260826-173537_review-an-update-does-not-necessarily-create-a-new-assertion.md
0469	-	-	PENDING_GLOBAL_RECLASS	PENDING_GLOBAL_RECLASS	PENDING	PENDING	docs/knowledgeos/brainstorming/phase_measure_theory/20260826-173853_question-6-what-is-a-knowledge-state.md
0470	-	-	PENDING_GLOBAL_RECLASS	PENDING_GLOBAL_RECLASS	PENDING	PENDING	docs/knowledgeos/brainstorming/phase_measure_theory/20260826-174215_knowledgeos-the-complete-mathematical-model.md
0471	-	-	PENDING_GLOBAL_RECLASS	PENDING_GLOBAL_RECLASS	PENDING	PENDING	docs/knowledgeos/brainstorming/phase_measure_theory/20260826-174810_question-7-what-is-knowledge-itself.md
0472	-	-	PENDING_GLOBAL_RECLASS	PENDING_GLOBAL_RECLASS	PENDING	PENDING	docs/knowledgeos/brainstorming/phase_measure_theory/20260826-175140_question-8-what-makes-a-knowledge-state-coherent.md
0473	-	-	PENDING_GLOBAL_RECLASS	PENDING_GLOBAL_RECLASS	PENDING	PENDING	docs/knowledgeos/brainstorming/phase_measure_theory/20260826-175149_verdict-on-the-preceding-question.md
0474	-	-	PENDING_GLOBAL_RECLASS	PENDING_GLOBAL_RECLASS	PENDING	PENDING	docs/knowledgeos/brainstorming/phase_measure_theory/20260826-175458_question-9-what-is-a-conflict-and-how-is-it-resolved.md
0475	-	-	PENDING_GLOBAL_RECLASS	PENDING_GLOBAL_RECLASS	PENDING	PENDING	docs/knowledgeos/brainstorming/phase_measure_theory/20260826-175731_question-10-what-is-a-gap-and-how-does-it-differ-from-a-conflict.md
0476	-	-	PENDING_GLOBAL_RECLASS	PENDING_GLOBAL_RECLASS	PENDING	PENDING	docs/knowledgeos/brainstorming/phase_measure_theory/20260826-180258_question-11-what-is-the-ideal-state.md
0477	-	-	PENDING_GLOBAL_RECLASS	PENDING_GLOBAL_RECLASS	PENDING	PENDING	docs/knowledgeos/brainstorming/phase_measure_theory/20260826-180537_question-12-how-do-we-measure-distance-to-the-ideal-state.md
0478	-	-	PENDING_GLOBAL_RECLASS	PENDING_GLOBAL_RECLASS	PENDING	PENDING	docs/knowledgeos/brainstorming/phase_measure_theory/20260826-181048_question-12a-measuring-distance-current-to-corresponding-ideal.md
0479	-	-	PENDING_GLOBAL_RECLASS	PENDING_GLOBAL_RECLASS	PENDING	PENDING	docs/knowledgeos/brainstorming/phase_measure_theory/20260826-181441_question-13-formal-structure-of-the-knowledge-state.md
0480	-	-	PENDING_GLOBAL_RECLASS	PENDING_GLOBAL_RECLASS	PENDING	PENDING	docs/knowledgeos/brainstorming/phase_measure_theory/20260826-182409_question-14-the-knowledgeos-type-system-complete-formal-definition.md
0481	-	-	PENDING_GLOBAL_RECLASS	PENDING_GLOBAL_RECLASS	PENDING	PENDING	docs/knowledgeos/brainstorming/phase_measure_theory/20260826-183128_question-15-state-transition-how-kt-becomes-kt-plus-1.md
0482	-	-	PENDING_GLOBAL_RECLASS	PENDING_GLOBAL_RECLASS	PENDING	PENDING	docs/knowledgeos/brainstorming/phase_measure_theory/20260826-183636_question-16-epistemic-logic-observation-evidence-inference-contradiction.md
0483	-	-	PENDING_GLOBAL_RECLASS	PENDING_GLOBAL_RECLASS	PENDING	PENDING	docs/knowledgeos/brainstorming/phase_measure_theory/20260826-184000_question-17-how-zero-lord-and-sarathi-interact-with-the-transition-system.md
0484	-	-	PENDING_GLOBAL_RECLASS	PENDING_GLOBAL_RECLASS	PENDING	PENDING	docs/knowledgeos/brainstorming/phase_measure_theory/20260826-184327_question-18-how-does-the-ideal-state-evolve-and-who-controls-it.md
0485	-	-	PENDING_GLOBAL_RECLASS	PENDING_GLOBAL_RECLASS	PENDING	PENDING	docs/knowledgeos/brainstorming/phase_measure_theory/20260826-184707_question-19-distance-measuring-the-difference-between-states.md
0486	-	-	PENDING_GLOBAL_RECLASS	PENDING_GLOBAL_RECLASS	PENDING	PENDING	docs/knowledgeos/brainstorming/phase_measure_theory/20260826-184858_question-20-the-complete-system-state-and-how-it-evolves.md
0487	-	-	PENDING_GLOBAL_RECLASS	PENDING_GLOBAL_RECLASS	PENDING	PENDING	docs/knowledgeos/brainstorming/phase_measure_theory/20260826-184944_question-19-representing-and-measuring-discrepancy-filed-as-q21.md
0488	-	-	PENDING_GLOBAL_RECLASS	PENDING_GLOBAL_RECLASS	PENDING	PENDING	docs/knowledgeos/brainstorming/phase_measure_theory/20260826-185100_question-19-what-is-a-discrepancy-between-current-and-ideal-filed-as-q21.md
0489	-	-	PENDING_GLOBAL_RECLASS	PENDING_GLOBAL_RECLASS	PENDING	PENDING	docs/knowledgeos/brainstorming/phase_measure_theory/20260826-185440_question-22-how-do-we-prioritize-which-deficiencies-to-address-first.md
0490	-	-	PENDING_GLOBAL_RECLASS	PENDING_GLOBAL_RECLASS	PENDING	PENDING	docs/knowledgeos/brainstorming/phase_measure_theory/20260826-185636_question-23-when-to-stop-investigating-and-present-a-decision.md
0491	-	-	PENDING_GLOBAL_RECLASS	PENDING_GLOBAL_RECLASS	PENDING	PENDING	docs/knowledgeos/brainstorming/phase_measure_theory/20260826-185755_question-24-presenting-the-decision-ready-state-to-the-knower.md
0492	-	-	PENDING_GLOBAL_RECLASS	PENDING_GLOBAL_RECLASS	PENDING	PENDING	docs/knowledgeos/brainstorming/phase_measure_theory/20260826-221512_reality-observation-representation-and-knowledge-missing-distinction.md
0493	-	-	PENDING_GLOBAL_RECLASS	PENDING_GLOBAL_RECLASS	PENDING	PENDING	docs/knowledgeos/brainstorming/phase_measure_theory/20260826-223053_what-we-are-actually-validating.md
0494	-	-	PENDING_GLOBAL_RECLASS	PENDING_GLOBAL_RECLASS	PENDING	PENDING	docs/knowledgeos/brainstorming/phase_measure_theory/20260826-231807_correction-chapter-3-is-not-primarily-an-epistemic-chapter.md
0495	-	-	PENDING_GLOBAL_RECLASS	PENDING_GLOBAL_RECLASS	PENDING	PENDING	docs/knowledgeos/brainstorming/phase_measure_theory/20260826-232221_correction-chapter-3-is-not-primarily-an-epistemic-chapter-duplicate.md
0496	-	-	PENDING_GLOBAL_RECLASS	PENDING_GLOBAL_RECLASS	PENDING	PENDING	docs/knowledgeos/brainstorming/phase_measure_theory/20260827-081318_what-chapter-3-strongly-supports.md
0497	-	-	PENDING_GLOBAL_RECLASS	PENDING_GLOBAL_RECLASS	PENDING	PENDING	docs/knowledgeos/brainstorming/phase_measure_theory/20260827-082029_knowledgeos-becomes-an-epistemic-operating-system.md
0498	-	-	PENDING_GLOBAL_RECLASS	PENDING_GLOBAL_RECLASS	PENDING	PENDING	docs/knowledgeos/brainstorming/phase_measure_theory/20260827-082901_ai-today-vs-knowledgeos.md
0499	-	-	PENDING_GLOBAL_RECLASS	PENDING_GLOBAL_RECLASS	PENDING	PENDING	docs/knowledgeos/brainstorming/phase_measure_theory/20260827-083550_where-does-a-chatgpt-like-llm-get-its-information.md
0500	-	-	PENDING_GLOBAL_RECLASS	PENDING_GLOBAL_RECLASS	PENDING	PENDING	docs/knowledgeos/brainstorming/phase_measure_theory/20260827-085131_atman-in-the-conceptual-model.md
0501	-	-	PENDING_GLOBAL_RECLASS	PENDING_GLOBAL_RECLASS	PENDING	PENDING	docs/knowledgeos/brainstorming/phase_measure_theory/20260827-085756_atman-within-our-knowledgeos-theory.md
0502	-	-	PENDING_GLOBAL_RECLASS	PENDING_GLOBAL_RECLASS	PENDING	PENDING	docs/knowledgeos/brainstorming/phase_measure_theory/20260827-090130_atman-within-our-knowledgeos-theory-duplicate.md
0503	-	-	PENDING_GLOBAL_RECLASS	PENDING_GLOBAL_RECLASS	PENDING	PENDING	docs/knowledgeos/brainstorming/phase_measure_theory/20260827-090258_atma-and-kernel-are-the-same-underlying-idea.md
0504	-	-	PENDING_GLOBAL_RECLASS	PENDING_GLOBAL_RECLASS	PENDING	PENDING	docs/knowledgeos/brainstorming/phase_measure_theory/20260827-090350_atma-can-be-the-knowledgeos-kernel.md
0505	-	-	PENDING_GLOBAL_RECLASS	PENDING_GLOBAL_RECLASS	PENDING	PENDING	docs/knowledgeos/brainstorming/phase_measure_theory/20260827-090518_human-knower-a-tma.md
0506	-	-	PENDING_GLOBAL_RECLASS	PENDING_GLOBAL_RECLASS	PENDING	PENDING	docs/knowledgeos/brainstorming/phase_measure_theory/20260827-091335_where-we-started.md
0507	-	-	PENDING_GLOBAL_RECLASS	PENDING_GLOBAL_RECLASS	PENDING	PENDING	docs/knowledgeos/brainstorming/phase_measure_theory/20260827-092106_computational-realizability-verification.md
0508	-	-	PENDING_GLOBAL_RECLASS	PENDING_GLOBAL_RECLASS	PENDING	PENDING	docs/knowledgeos/brainstorming/phase_measure_theory/20260827-093824_then-the-picture-is-this.md
0509	-	-	PENDING_GLOBAL_RECLASS	PENDING_GLOBAL_RECLASS	PENDING	PENDING	docs/knowledgeos/brainstorming/phase_measure_theory/20260827-093837_your-idea.md
0510	-	-	PENDING_GLOBAL_RECLASS	PENDING_GLOBAL_RECLASS	PENDING	PENDING	docs/knowledgeos/brainstorming/phase_measure_theory/20260827-093910_my-overall-assessment.md
0511	-	-	PENDING_GLOBAL_RECLASS	PENDING_GLOBAL_RECLASS	PENDING	PENDING	docs/knowledgeos/brainstorming/phase_measure_theory/20260827-094000_question-16-epistemic-logic-file-contains-question-20-21-material.md
0512	-	-	PENDING_GLOBAL_RECLASS	PENDING_GLOBAL_RECLASS	PENDING	PENDING	docs/knowledgeos/brainstorming/kernel/20260827-094057_cavell-must-we-mean-what-we-say-lenses.md
0513	-	-	PENDING_GLOBAL_RECLASS	PENDING_GLOBAL_RECLASS	PENDING	PENDING	docs/knowledgeos/brainstorming/kernel/20260827-094108_question-5-updating-and-preserving-assertions.md
0514	-	-	PENDING_GLOBAL_RECLASS	PENDING_GLOBAL_RECLASS	PENDING	PENDING	docs/knowledgeos/brainstorming/phase_measure_theory/20260827-094200_book-identification.md
0515	-	-	PENDING_GLOBAL_RECLASS	PENDING_GLOBAL_RECLASS	PENDING	PENDING	docs/knowledgeos/brainstorming/phase_measure_theory/20260827-094244_then-your-model-becomes.md
0516	-	-	PENDING_GLOBAL_RECLASS	PENDING_GLOBAL_RECLASS	PENDING	PENDING	docs/knowledgeos/brainstorming/phase_measure_theory/20260827-094259_where-we-are-now.md
0517	-	-	PENDING_GLOBAL_RECLASS	PENDING_GLOBAL_RECLASS	PENDING	PENDING	docs/knowledgeos/brainstorming/phase_measure_theory/20260827-094318_correction-don-t-map-chakra-knowledge-layer.md
0518	-	-	PENDING_GLOBAL_RECLASS	PENDING_GLOBAL_RECLASS	PENDING	PENDING	docs/knowledgeos/brainstorming/phase_measure_theory/20260827-094345_the-key-idea-consciousness-is-not-represented-as-a-database.md
0519	-	-	PENDING_GLOBAL_RECLASS	PENDING_GLOBAL_RECLASS	PENDING	PENDING	docs/knowledgeos/brainstorming/phase_measure_theory/20260827-094409_the-elements-of-statistical-learning-zero-leonardo.md
0520	-	-	PENDING_GLOBAL_RECLASS	PENDING_GLOBAL_RECLASS	PENDING	PENDING	docs/knowledgeos/brainstorming/phase_measure_theory/20260827-094428_knowledgeos-research-extraction-logitica.md
0521	-	-	PENDING_GLOBAL_RECLASS	PENDING_GLOBAL_RECLASS	PENDING	PENDING	docs/knowledgeos/brainstorming/phase_measure_theory/20260827-112659_computational-realizability-verification-duplicate.md
0522	-	-	PENDING_GLOBAL_RECLASS	PENDING_GLOBAL_RECLASS	PENDING	PENDING	docs/knowledgeos/brainstorming/phase_measure_theory/20260827-113303_knowledgeos-does-not-have-one-input.md
0523	-	-	PENDING_GLOBAL_RECLASS	PENDING_GLOBAL_RECLASS	PENDING	PENDING	docs/knowledgeos/brainstorming/phase_measure_theory/20260827-113310_knowledgeos-does-not-have-one-input-duplicate.md
0524	-	-	PENDING_GLOBAL_RECLASS	PENDING_GLOBAL_RECLASS	PENDING	PENDING	docs/knowledgeos/brainstorming/phase_measure_theory/20260827-113443_knowledgeos-does-not-have-one-input-duplicate-2.md
0525	-	-	PENDING_GLOBAL_RECLASS	PENDING_GLOBAL_RECLASS	PENDING	PENDING	docs/knowledgeos/brainstorming/phase_measure_theory/20260827-113816_where-we-actually-stand.md
0526	-	-	PENDING_GLOBAL_RECLASS	PENDING_GLOBAL_RECLASS	PENDING	PENDING	docs/knowledgeos/brainstorming/phase_measure_theory/20260827-114304_phase-1-close-the-epistemic-primitives.md
0527	-	-	PENDING_GLOBAL_RECLASS	PENDING_GLOBAL_RECLASS	PENDING	PENDING	docs/knowledgeos/brainstorming/phase_measure_theory/20260827-124619_closure-01-observation-role-senior-mathematician-ddd-architect.md
0528	-	-	PENDING_GLOBAL_RECLASS	PENDING_GLOBAL_RECLASS	PENDING	PENDING	docs/knowledgeos/brainstorming/phase_measure_theory/20260827-125403_why-i-prefer-option-3.md
0529	-	-	PENDING_GLOBAL_RECLASS	PENDING_GLOBAL_RECLASS	PENDING	PENDING	docs/knowledgeos/brainstorming/phase_measure_theory/20260827-125515_the-core-insight-three-distinct-information-pathways.md
0530	-	-	PENDING_GLOBAL_RECLASS	PENDING_GLOBAL_RECLASS	PENDING	PENDING	docs/knowledgeos/brainstorming/phase_measure_theory/20260827-125608_closure-01-observation-working-model.md
0531	-	-	PENDING_GLOBAL_RECLASS	PENDING_GLOBAL_RECLASS	PENDING	PENDING	docs/knowledgeos/brainstorming/phase_measure_theory/20260827-130026_closure-02-interpretation.md
0532	-	-	PENDING_GLOBAL_RECLASS	PENDING_GLOBAL_RECLASS	PENDING	PENDING	docs/knowledgeos/brainstorming/phase_measure_theory/20260827-130226_closure-03-epistemic-admission.md
0533	-	-	PENDING_GLOBAL_RECLASS	PENDING_GLOBAL_RECLASS	PENDING	PENDING	docs/knowledgeos/brainstorming/phase_measure_theory/20260827-131702_closure-04-evidence.md
0534	-	-	PENDING_GLOBAL_RECLASS	PENDING_GLOBAL_RECLASS	PENDING	PENDING	docs/knowledgeos/brainstorming/phase_measure_theory/20260827-133340_closure-03-evidence.md
0535	-	-	PENDING_GLOBAL_RECLASS	PENDING_GLOBAL_RECLASS	PENDING	PENDING	docs/knowledgeos/brainstorming/phase_measure_theory/20260827-133711_closure-04a-mathematical-laws-of-evidence-assessment.md
0536	-	-	PENDING_GLOBAL_RECLASS	PENDING_GLOBAL_RECLASS	PENDING	PENDING	docs/knowledgeos/brainstorming/phase_measure_theory/20260827-134245_evidence-algebra-step-01-define-the-universe.md
0537	-	-	PENDING_GLOBAL_RECLASS	PENDING_GLOBAL_RECLASS	PENDING	PENDING	docs/knowledgeos/brainstorming/phase_measure_theory/20260827-134357_closure-04b-candidate-evidence-algebras.md
0538	-	-	PENDING_GLOBAL_RECLASS	PENDING_GLOBAL_RECLASS	PENDING	PENDING	docs/knowledgeos/brainstorming/phase_measure_theory/20260827-134514_next-experiment-four-evidence-algebras.md
0539	-	-	PENDING_GLOBAL_RECLASS	PENDING_GLOBAL_RECLASS	PENDING	PENDING	docs/knowledgeos/brainstorming/phase_measure_theory/20260827-135038_experimental-verdict.md
0540	-	-	PENDING_GLOBAL_RECLASS	PENDING_GLOBAL_RECLASS	PENDING	PENDING	docs/knowledgeos/brainstorming/phase_measure_theory/20260827-140232_evidence-identity-equivalence-and-dependency-calculus.md
0541	-	-	PENDING_GLOBAL_RECLASS	PENDING_GLOBAL_RECLASS	PENDING	PENDING	docs/knowledgeos/brainstorming/phase_measure_theory/20260827-140653_step-001-operational-independence.md
0542	-	-	PENDING_GLOBAL_RECLASS	PENDING_GLOBAL_RECLASS	PENDING	PENDING	docs/knowledgeos/brainstorming/phase_measure_theory/20260827-140705_evidence-identity-equivalence-and-dependency-calculus-duplicate.md
0543	-	-	PENDING_GLOBAL_RECLASS	PENDING_GLOBAL_RECLASS	PENDING	PENDING	docs/knowledgeos/brainstorming/phase_measure_theory/20260827-140919_step-002-what-does-it-mean-for-two-evidence-items-to-be-the-same.md
0544	-	-	PENDING_GLOBAL_RECLASS	PENDING_GLOBAL_RECLASS	PENDING	PENDING	docs/knowledgeos/brainstorming/phase_measure_theory/20260827-141118_step-003-evidence-assessment-algebra.md
0545	-	-	PENDING_GLOBAL_RECLASS	PENDING_GLOBAL_RECLASS	PENDING	PENDING	docs/knowledgeos/brainstorming/phase_measure_theory/20260827-142250_step-004-the-evidence-aggregation-axioms.md
0546	-	-	PENDING_GLOBAL_RECLASS	PENDING_GLOBAL_RECLASS	PENDING	PENDING	docs/knowledgeos/brainstorming/phase_measure_theory/20260827-142333_step-005-what-is-the-mathematical-object-being-aggregated.md
0547	-	-	PENDING_GLOBAL_RECLASS	PENDING_GLOBAL_RECLASS	PENDING	PENDING	docs/knowledgeos/brainstorming/phase_measure_theory/20260827-142514_step-006-information-gain-and-value-of-evidence.md
0548	-	-	PENDING_GLOBAL_RECLASS	PENDING_GLOBAL_RECLASS	PENDING	PENDING	docs/knowledgeos/brainstorming/phase_measure_theory/20260827-142709_step-007-how-does-new-evidence-change-the-knowledge-state.md
0549	-	-	PENDING_GLOBAL_RECLASS	PENDING_GLOBAL_RECLASS	PENDING	PENDING	docs/knowledgeos/brainstorming/phase_measure_theory/20260827-151920_step-008-epistemic-acceptance-and-commitment.md
0550	-	-	PENDING_GLOBAL_RECLASS	PENDING_GLOBAL_RECLASS	PENDING	PENDING	docs/knowledgeos/brainstorming/phase_measure_theory/20260827-152002_step-009-contradiction-paraconsistency-and-belief-revision.md
0551	-	-	PENDING_GLOBAL_RECLASS	PENDING_GLOBAL_RECLASS	PENDING	PENDING	docs/knowledgeos/brainstorming/phase_measure_theory/20260827-152413_step-011-uncertainty-propagation-and-derived-knowledge.md
0552	-	-	PENDING_GLOBAL_RECLASS	PENDING_GLOBAL_RECLASS	PENDING	PENDING	docs/knowledgeos/brainstorming/phase_measure_theory/20260827-153436_step-012-identity-entity-resolution-and-semantic-equivalence.md
0553	-	-	PENDING_GLOBAL_RECLASS	PENDING_GLOBAL_RECLASS	PENDING	PENDING	docs/knowledgeos/brainstorming/phase_measure_theory/20260827-153702_step-013-sufficiency-completeness-and-readiness-for-purpose.md
0554	-	-	PENDING_GLOBAL_RECLASS	PENDING_GLOBAL_RECLASS	PENDING	PENDING	docs/knowledgeos/brainstorming/phase_measure_theory/20260827-153750_step-010-inference-and-derivation.md
0555	-	-	PENDING_GLOBAL_RECLASS	PENDING_GLOBAL_RECLASS	PENDING	PENDING	docs/knowledgeos/brainstorming/phase_measure_theory/20260827-154223_step-013-sufficiency-completeness-and-readiness-for-purpose-duplicate.md
0556	-	-	PENDING_GLOBAL_RECLASS	PENDING_GLOBAL_RECLASS	PENDING	PENDING	docs/knowledgeos/brainstorming/phase_measure_theory/20260827-155259_step-014-causality-dependency-and-counterfactual-reasoning.md
0557	-	-	PENDING_GLOBAL_RECLASS	PENDING_GLOBAL_RECLASS	PENDING	PENDING	docs/knowledgeos/brainstorming/phase_measure_theory/20260827-155652_step-015-decision-theory-and-action-selection.md
0558	-	-	PENDING_GLOBAL_RECLASS	PENDING_GLOBAL_RECLASS	PENDING	PENDING	docs/knowledgeos/brainstorming/phase_measure_theory/20260827-160001_step-016-temporal-knowledge-events-state-evolution-and-knowledge-versioning.md
0559	-	-	PENDING_GLOBAL_RECLASS	PENDING_GLOBAL_RECLASS	PENDING	PENDING	docs/knowledgeos/brainstorming/phase_measure_theory/20260827-160217_step-016-temporal-knowledge-events-state-evolution-and-knowledge-versioning-duplicate.md
0560	-	-	PENDING_GLOBAL_RECLASS	PENDING_GLOBAL_RECLASS	PENDING	PENDING	docs/knowledgeos/brainstorming/phase_measure_theory/20260827-160410_step-017-ontology-concepts-semantics-and-domain-models.md
0561	-	-	PENDING_GLOBAL_RECLASS	PENDING_GLOBAL_RECLASS	PENDING	PENDING	docs/knowledgeos/brainstorming/phase_measure_theory/20260827-160659_step-018-rules-inference-logic-constraints-and-the-reasoning-engine.md
0562	-	-	PENDING_GLOBAL_RECLASS	PENDING_GLOBAL_RECLASS	PENDING	PENDING	docs/knowledgeos/brainstorming/phase_measure_theory/20260827-160922_step-019-authority-trust-evidence-weighting-source-reliability-and-knowledge-commitment.md
0563	-	-	PENDING_GLOBAL_RECLASS	PENDING_GLOBAL_RECLASS	PENDING	PENDING	docs/knowledgeos/brainstorming/phase_measure_theory/20260827-161157_step-020-uncertainty-probability-ambiguity-incompleteness-conflict-and-confidence.md
0564	-	-	PENDING_GLOBAL_RECLASS	PENDING_GLOBAL_RECLASS	PENDING	PENDING	docs/knowledgeos/brainstorming/phase_measure_theory/20260827-161423_step-021-goals-intentions-decisions-actions-utility-risk-constraints-and-outcomes.md
0565	-	-	PENDING_GLOBAL_RECLASS	PENDING_GLOBAL_RECLASS	PENDING	PENDING	docs/knowledgeos/brainstorming/phase_measure_theory/20260827-161800_step-022-identity-lineage-provenance-causality-and-traceability.md
0566	-	-	PENDING_GLOBAL_RECLASS	PENDING_GLOBAL_RECLASS	PENDING	PENDING	docs/knowledgeos/brainstorming/phase_measure_theory/20260827-162331_step-024-formal-composition-consistency-invariants-and-closure-of-the-knowledgeos-model.md
0567	-	-	PENDING_GLOBAL_RECLASS	PENDING_GLOBAL_RECLASS	PENDING	PENDING	docs/knowledgeos/brainstorming/phase_measure_theory/20260827-162545_step-023-epistemic-sufficiency-readiness-completeness-and-the-knowledge-boundary.md
0568	-	-	PENDING_GLOBAL_RECLASS	PENDING_GLOBAL_RECLASS	PENDING	PENDING	docs/knowledgeos/brainstorming/phase_measure_theory/20260827-162652_step-025-executable-knowledgeos-reference-model-and-adversarial-simulation.md
0569	-	-	PENDING_GLOBAL_RECLASS	PENDING_GLOBAL_RECLASS	PENDING	PENDING	docs/knowledgeos/brainstorming/phase_measure_theory/20260827-162919_step-026-further-steps-freeze-the-conceptual-construction.md
0570	-	-	PENDING_GLOBAL_RECLASS	PENDING_GLOBAL_RECLASS	PENDING	PENDING	docs/knowledgeos/brainstorming/phase_measure_theory/20260827-181041_knowledgeos-historical-experimental-knowledge-extraction.md
0571	-	-	PENDING_GLOBAL_RECLASS	PENDING_GLOBAL_RECLASS	PENDING	PENDING	docs/knowledgeos/brainstorming/phase_measure_theory/20260827-181126_freeze-the-conceptual-construction-temporarily.md
0572	-	-	PENDING_GLOBAL_RECLASS	PENDING_GLOBAL_RECLASS	PENDING	PENDING	docs/knowledgeos/brainstorming/phase_measure_theory/20260827-181325_step-025a-1-minimal-formal-state-and-type-system.md
0573	-	-	PENDING_GLOBAL_RECLASS	PENDING_GLOBAL_RECLASS	PENDING	PENDING	docs/knowledgeos/brainstorming/phase_measure_theory/20260827-181510_step-025a-2-evidence-to-assessment-to-assertion.md
0574	-	-	PENDING_GLOBAL_RECLASS	PENDING_GLOBAL_RECLASS	PENDING	PENDING	docs/knowledgeos/brainstorming/phase_measure_theory/20260827-181716_step-025a-3-knowledge-state-revision-conflict-temporal-validity-and-retraction.md
0575	-	-	PENDING_GLOBAL_RECLASS	PENDING_GLOBAL_RECLASS	PENDING	PENDING	docs/knowledgeos/brainstorming/phase_measure_theory/20260827-181825_step-025a-4-executable-knowledge-state-model.md
0576	-	-	PENDING_GLOBAL_RECLASS	PENDING_GLOBAL_RECLASS	PENDING	PENDING	docs/knowledgeos/brainstorming/phase_measure_theory/20260827-182235_step-025a-5-property-based-falsification-of-the-knowledge-state.md
0577	-	-	PENDING_GLOBAL_RECLASS	PENDING_GLOBAL_RECLASS	PENDING	PENDING	docs/knowledgeos/brainstorming/phase_measure_theory/20260827-182411_step-025b-adversarial-end-to-end-knowledgeos-simulation.md
0578	-	-	PENDING_GLOBAL_RECLASS	PENDING_GLOBAL_RECLASS	PENDING	PENDING	docs/knowledgeos/brainstorming/phase_measure_theory/20260827-182534_step-025c-evidence-aggregation-algebra.md
0579	-	-	PENDING_GLOBAL_RECLASS	PENDING_GLOBAL_RECLASS	PENDING	PENDING	docs/knowledgeos/brainstorming/phase_measure_theory/20260827-182708_step-025c-1-compare-candidate-evidence-algebras.md
0580	-	-	PENDING_GLOBAL_RECLASS	PENDING_GLOBAL_RECLASS	PENDING	PENDING	docs/knowledgeos/brainstorming/phase_measure_theory/20260827-182835_step-025c-2-independent-evidence-combination.md
0581	-	-	PENDING_GLOBAL_RECLASS	PENDING_GLOBAL_RECLASS	PENDING	PENDING	docs/knowledgeos/brainstorming/phase_measure_theory/20260827-182955_step-025c-3-evidence-dependence-and-information-value.md
0582	-	-	PENDING_GLOBAL_RECLASS	PENDING_GLOBAL_RECLASS	PENDING	PENDING	docs/knowledgeos/brainstorming/phase_measure_theory/20260827-183142_step-025d-formal-zero-algebra.md
0583	-	-	PENDING_GLOBAL_RECLASS	PENDING_GLOBAL_RECLASS	PENDING	PENDING	docs/knowledgeos/brainstorming/phase_measure_theory/20260827-183320_step-025e-formal-epistemic-contract-algebra.md
0584	-	-	PENDING_GLOBAL_RECLASS	PENDING_GLOBAL_RECLASS	PENDING	PENDING	docs/knowledgeos/brainstorming/phase_measure_theory/20260827-183529_step-025f-governance-conflict-algebra.md
0585	-	-	PENDING_GLOBAL_RECLASS	PENDING_GLOBAL_RECLASS	PENDING	PENDING	docs/knowledgeos/brainstorming/phase_measure_theory/20260827-183746_step-025g-formal-lord-algebra-choosing-the-next-action.md
0586	-	-	PENDING_GLOBAL_RECLASS	PENDING_GLOBAL_RECLASS	PENDING	PENDING	docs/knowledgeos/brainstorming/phase_measure_theory/20260828-092308_step-025h-formal-sa-rathi-algebra-decision-utility-risk-and-authorization.md
0587	-	-	PENDING_GLOBAL_RECLASS	PENDING_GLOBAL_RECLASS	PENDING	PENDING	docs/knowledgeos/brainstorming/phase_measure_theory/20260828-093700_step-025i-knowledge-identity-algebra.md
0588	-	-	PENDING_GLOBAL_RECLASS	PENDING_GLOBAL_RECLASS	PENDING	PENDING	docs/knowledgeos/brainstorming/phase_measure_theory/20260828-093812_step-025j-semantic-equivalence-refinement-contradiction-and-knowledge-merge.md
0589	-	-	PENDING_GLOBAL_RECLASS	PENDING_GLOBAL_RECLASS	PENDING	PENDING	docs/knowledgeos/brainstorming/phase_measure_theory/20260828-093925_step-025k-knowledge-state-algebra-and-closure.md
0590	-	-	PENDING_GLOBAL_RECLASS	PENDING_GLOBAL_RECLASS	PENDING	PENDING	docs/knowledgeos/brainstorming/phase_measure_theory/20260828-094013_step-025l-distributed-knowledge-merge-convergence-and-consistency.md
0591	-	-	PENDING_GLOBAL_RECLASS	PENDING_GLOBAL_RECLASS	PENDING	PENDING	docs/knowledgeos/brainstorming/phase_measure_theory/20260828-094115_step-025m-epistemic-error-refutation-retraction-correction-and-revision.md
0592	-	-	PENDING_GLOBAL_RECLASS	PENDING_GLOBAL_RECLASS	PENDING	PENDING	docs/knowledgeos/brainstorming/phase_measure_theory/20260828-094210_step-025n-evidence-aggregation-algebra.md
0593	-	-	PENDING_GLOBAL_RECLASS	PENDING_GLOBAL_RECLASS	PENDING	PENDING	docs/knowledgeos/brainstorming/phase_measure_theory/20260828-094256_step-025o-truth-validity-belief-knowledge-and-epistemic-status.md
0594	-	-	PENDING_GLOBAL_RECLASS	PENDING_GLOBAL_RECLASS	PENDING	PENDING	docs/knowledgeos/brainstorming/phase_measure_theory/20260828-094407_step-025p-causality-counterfactuals-interventions-and-root-cause-knowledge.md
0595	-	-	PENDING_GLOBAL_RECLASS	PENDING_GLOBAL_RECLASS	PENDING	PENDING	docs/knowledgeos/brainstorming/phase_measure_theory/20260828-100603_step-025q-models-hypotheses-prediction-model-selection-and-scientific-revision.md
0596	-	-	PENDING_GLOBAL_RECLASS	PENDING_GLOBAL_RECLASS	PENDING	PENDING	docs/knowledgeos/brainstorming/phase_measure_theory/20260828-100659_step-025r-decision-theory-utility-risk-value-of-information-and-rational-action.md
0597	-	-	PENDING_GLOBAL_RECLASS	PENDING_GLOBAL_RECLASS	PENDING	PENDING	docs/knowledgeos/brainstorming/phase_measure_theory/20260828-100737_step-025s-identity-entity-resolution-same-as-distinct-from-and-knowledge-atma.md
0598	-	-	PENDING_GLOBAL_RECLASS	PENDING_GLOBAL_RECLASS	PENDING	PENDING	docs/knowledgeos/brainstorming/phase_measure_theory/20260828-100823_step-025t-formal-inference-derivation-rules-proof-constraints-and-verifiable-reasoning.md
0599	-	-	PENDING_GLOBAL_RECLASS	PENDING_GLOBAL_RECLASS	PENDING	PENDING	docs/knowledgeos/brainstorming/phase_measure_theory/20260828-100905_step-025u-multi-agent-knowledge-conflict-resolution-consensus-trust-and-distributed-epistemics.md
0600	-	-	PENDING_GLOBAL_RECLASS	PENDING_GLOBAL_RECLASS	PENDING	PENDING	docs/knowledgeos/brainstorming/phase_measure_theory/20260828-101022_step-025v-semantics-ontology-bounded-contexts-meaning-alignment-and-semantic-interoperability.md
0601	-	-	PENDING_GLOBAL_RECLASS	PENDING_GLOBAL_RECLASS	PENDING	PENDING	docs/knowledgeos/brainstorming/phase_measure_theory/20260828-101108_step-025w-temporal-consistency-bitemporal-knowledge-version-alignment-and-snapshot-semantics.md
0602	-	-	PENDING_GLOBAL_RECLASS	PENDING_GLOBAL_RECLASS	PENDING	PENDING	docs/knowledgeos/brainstorming/phase_measure_theory/20260828-101153_step-025x-distributed-epistemics-consistency-models-event-ordering-causality-and-knowledge-conver.md
0603	-	-	PENDING_GLOBAL_RECLASS	PENDING_GLOBAL_RECLASS	PENDING	PENDING	docs/knowledgeos/brainstorming/phase_measure_theory/20260828-101241_step-025y-evidence-integrity-cryptographic-provenance-authenticity-tamper-detection-and-chain-of.md
0604	-	-	PENDING_GLOBAL_RECLASS	PENDING_GLOBAL_RECLASS	PENDING	PENDING	docs/knowledgeos/brainstorming/phase_measure_theory/20260828-101325_step-025z-action-intervention-control-risk-and-feedback.md
0605	-	-	PENDING_GLOBAL_RECLASS	PENDING_GLOBAL_RECLASS	PENDING	PENDING	docs/knowledgeos/brainstorming/phase_measure_theory/20260828-101406_step-026-model-boundary-abstraction-observability-identifiability-and-epistemic-blind-spots.md
0606	-	-	PENDING_GLOBAL_RECLASS	PENDING_GLOBAL_RECLASS	PENDING	PENDING	docs/knowledgeos/brainstorming/phase_measure_theory/20260828-101458_step-027-uncertainty-calculus-probability-confidence-belief-and-evidence-weight.md
0607	-	-	PENDING_GLOBAL_RECLASS	PENDING_GLOBAL_RECLASS	PENDING	PENDING	docs/knowledgeos/brainstorming/phase_measure_theory/20260828-101530_step-028-epistemic-conflict-belief-revision-multiple-authorities-and-contradiction.md
0608	-	-	PENDING_GLOBAL_RECLASS	PENDING_GLOBAL_RECLASS	PENDING	PENDING	docs/knowledgeos/brainstorming/phase_measure_theory/20260828-101614_step-029-knowledge-consistency-constraints-invariants-satisfiability-and-dependency.md
0609	-	-	PENDING_GLOBAL_RECLASS	PENDING_GLOBAL_RECLASS	PENDING	PENDING	docs/knowledgeos/brainstorming/phase_measure_theory/20260828-102009_step-030-epistemic-calibration-reality-alignment-validation-ground-truth-and-model-drift.md
0610	-	-	PENDING_GLOBAL_RECLASS	PENDING_GLOBAL_RECLASS	PENDING	PENDING	docs/knowledgeos/brainstorming/phase_measure_theory/20260828-102145_step-030-analysis-preliminary-verdict.md
0611	-	-	PENDING_GLOBAL_RECLASS	PENDING_GLOBAL_RECLASS	PENDING	PENDING	docs/knowledgeos/brainstorming/phase_measure_theory/20260828-102251_step-031-mathematical-formalization-and-consistency-audit-of-knowledgeos.md
0612	-	-	PENDING_GLOBAL_RECLASS	PENDING_GLOBAL_RECLASS	PENDING	PENDING	docs/knowledgeos/brainstorming/phase_measure_theory/20260828-102341_step-032-epistemic-algebra-type-closure-composition-laws-and-state-transition-semantics.md
0613	-	-	PENDING_GLOBAL_RECLASS	PENDING_GLOBAL_RECLASS	PENDING	PENDING	docs/knowledgeos/brainstorming/phase_measure_theory/20260828-102424_step-033-uncertainty-propagation-dependence-correlation-error-propagation-and-epistemic-risk.md
0614	-	-	PENDING_GLOBAL_RECLASS	PENDING_GLOBAL_RECLASS	PENDING	PENDING	docs/knowledgeos/brainstorming/phase_measure_theory/20260828-102459_step-034-information-acquisition-value-of-information-active-learning-and-the-next-best-epistemic.md
0615	-	-	PENDING_GLOBAL_RECLASS	PENDING_GLOBAL_RECLASS	PENDING	PENDING	docs/knowledgeos/brainstorming/phase_measure_theory/20260828-102539_step-035-epistemic-resource-allocation-attention-scheduling-knowledge-triage-and-portfolio-optimi.md
0616	-	-	PENDING_GLOBAL_RECLASS	PENDING_GLOBAL_RECLASS	PENDING	PENDING	docs/knowledgeos/brainstorming/phase_measure_theory/20260828-102624_step-036-epistemic-calibration-reliability-meta-validation-and-knowledge-system-health.md
0617	-	-	PENDING_GLOBAL_RECLASS	PENDING_GLOBAL_RECLASS	PENDING	PENDING	docs/knowledgeos/brainstorming/phase_measure_theory/20260828-102747_step-037-adversarial-epistemology-epistemic-integrity-trust-manipulation-and-strategic-behavior.md
0618	-	-	PENDING_GLOBAL_RECLASS	PENDING_GLOBAL_RECLASS	PENDING	PENDING	docs/knowledgeos/brainstorming/phase_measure_theory/20260828-102917_step-038-identity-entity-resolution-equivalence-reference-integrity-and-the-mathematics-of-same.md
0619	-	-	PENDING_GLOBAL_RECLASS	PENDING_GLOBAL_RECLASS	PENDING	PENDING	docs/knowledgeos/brainstorming/phase_measure_theory/20260828-102953_step-039-bounded-context-translation-semantic-mapping-conceptual-alignment-and-knowledge-interope.md
0620	-	-	PENDING_GLOBAL_RECLASS	PENDING_GLOBAL_RECLASS	PENDING	PENDING	docs/knowledgeos/brainstorming/phase_measure_theory/20260828-103049_step-040-cross-context-consistency-contradiction-reconciliation-and-epistemic-authority.md
0621	-	-	PENDING_GLOBAL_RECLASS	PENDING_GLOBAL_RECLASS	PENDING	PENDING	docs/knowledgeos/brainstorming/phase_measure_theory/20260828-103343_step-001-40-review-where-we-are-now.md
0622	-	-	PENDING_GLOBAL_RECLASS	PENDING_GLOBAL_RECLASS	PENDING	PENDING	docs/knowledgeos/brainstorming/phase_measure_theory/20260828-103429_step-041-epistemic-sufficiency-decision-preconditions-and-assurance-composition.md
0623	-	-	PENDING_GLOBAL_RECLASS	PENDING_GLOBAL_RECLASS	PENDING	PENDING	docs/knowledgeos/brainstorming/phase_measure_theory/20260828-103509_step-042-assurance-composition-invariants-safety-gates-and-formal-decision-contracts.md
0624	-	-	PENDING_GLOBAL_RECLASS	PENDING_GLOBAL_RECLASS	PENDING	PENDING	docs/knowledgeos/brainstorming/phase_measure_theory/20260828-103559_step-043-causal-reasoning-intervention-counterfactuals-and-learning-from-outcomes.md
0625	-	-	PENDING_GLOBAL_RECLASS	PENDING_GLOBAL_RECLASS	PENDING	PENDING	docs/knowledgeos/brainstorming/phase_measure_theory/20260828-103643_step-044-dynamic-causal-systems-feedback-loops-cascades-stability-and-second-order-effects.md
0626	-	-	PENDING_GLOBAL_RECLASS	PENDING_GLOBAL_RECLASS	PENDING	PENDING	docs/knowledgeos/brainstorming/phase_measure_theory/20260828-103723_step-045-adaptive-learning-model-revision-concept-drift-and-knowledge-evolution.md
0627	-	-	PENDING_GLOBAL_RECLASS	PENDING_GLOBAL_RECLASS	PENDING	PENDING	docs/knowledgeos/brainstorming/phase_measure_theory/20260828-103922_step-046-learning-stability-self-correction-feedback-safety-and-epistemic-control.md
0628	-	-	PENDING_GLOBAL_RECLASS	PENDING_GLOBAL_RECLASS	PENDING	PENDING	docs/knowledgeos/brainstorming/phase_measure_theory/20260828-104043_step-047-epistemic-control-self-correction-feedback-safety-and-prevention-of-knowledgeos-self-dec.md
0629	-	-	PENDING_GLOBAL_RECLASS	PENDING_GLOBAL_RECLASS	PENDING	PENDING	docs/knowledgeos/brainstorming/phase_measure_theory/20260828-104102_step-048-global-invariants-compositional-verification-and-the-formal-correctness-contract.md
0630	-	-	PENDING_GLOBAL_RECLASS	PENDING_GLOBAL_RECLASS	PENDING	PENDING	docs/knowledgeos/brainstorming/phase_measure_theory/20260828-104146_step-049-formal-model-reduction-consistency-checking-primitive-identification-and-computability.md
0631	-	-	PENDING_GLOBAL_RECLASS	PENDING_GLOBAL_RECLASS	PENDING	PENDING	docs/knowledgeos/brainstorming/phase_measure_theory/20260828-113416_step-050-formal-consistency-audit-attempting-to-break-the-knowledgeos-model.md
0632	-	-	PENDING_GLOBAL_RECLASS	PENDING_GLOBAL_RECLASS	PENDING	PENDING	docs/knowledgeos/brainstorming/phase_measure_theory/20260828-113444_step-051-executable-reference-model.md
0633	-	-	PENDING_GLOBAL_RECLASS	PENDING_GLOBAL_RECLASS	PENDING	PENDING	docs/knowledgeos/brainstorming/phase_measure_theory/20260828-113550_step-052-mathematical-kernel-to-ddd-bounded-context-mapping.md
0634	-	-	PENDING_GLOBAL_RECLASS	PENDING_GLOBAL_RECLASS	PENDING	PENDING	docs/knowledgeos/brainstorming/phase_measure_theory/20260828-113622_step-052-mathematical-kernel-to-ddd-bounded-context-mapping-duplicate.md
0635	-	-	PENDING_GLOBAL_RECLASS	PENDING_GLOBAL_RECLASS	PENDING	PENDING	docs/knowledgeos/brainstorming/phase_measure_theory/20260828-113646_step-053-context-contract-algebra.md
0636	-	-	PENDING_GLOBAL_RECLASS	PENDING_GLOBAL_RECLASS	PENDING	PENDING	docs/knowledgeos/brainstorming/phase_measure_theory/20260828-113723_step-054-mathematical-types-to-ddd-domain-types-to-executable-contracts.md
0637	-	-	PENDING_GLOBAL_RECLASS	PENDING_GLOBAL_RECLASS	PENDING	PENDING	docs/knowledgeos/brainstorming/phase_measure_theory/20260828-113800_step-055-reference-implementation-specification.md
0638	-	-	PENDING_GLOBAL_RECLASS	PENDING_GLOBAL_RECLASS	PENDING	PENDING	docs/knowledgeos/brainstorming/phase_measure_theory/20260828-113826_step-056-build-and-execute-the-knowledgeos-reference-machine.md
0639	-	-	PENDING_GLOBAL_RECLASS	PENDING_GLOBAL_RECLASS	PENDING	PENDING	docs/knowledgeos/brainstorming/phase_measure_theory/20260828-113901_step-057-liveness-and-progress-calculus.md
0640	-	-	PENDING_GLOBAL_RECLASS	PENDING_GLOBAL_RECLASS	PENDING	PENDING	docs/knowledgeos/brainstorming/phase_measure_theory/20260828-113932_step-058-compositional-correctness.md
0641	-	-	PENDING_GLOBAL_RECLASS	PENDING_GLOBAL_RECLASS	PENDING	PENDING	docs/knowledgeos/brainstorming/phase_measure_theory/20260828-114004_step-059-concurrency-and-interleaving-calculus.md
0642	-	-	PENDING_GLOBAL_RECLASS	PENDING_GLOBAL_RECLASS	PENDING	PENDING	docs/knowledgeos/brainstorming/phase_measure_theory/20260828-114040_step-060-epistemic-algebra-and-knowledge-state-ordering.md
0643	-	-	PENDING_GLOBAL_RECLASS	PENDING_GLOBAL_RECLASS	PENDING	PENDING	docs/knowledgeos/brainstorming/phase_measure_theory/20260828-114401_step-061-information-gain-uncertainty-and-epistemic-quality.md
0644	-	-	PENDING_GLOBAL_RECLASS	PENDING_GLOBAL_RECLASS	PENDING	PENDING	docs/knowledgeos/brainstorming/phase_measure_theory/20260828-114426_step-046-learning-stability-self-correction-feedback-safety-and-epistemic-control-duplicate.md
0645	-	-	PENDING_GLOBAL_RECLASS	PENDING_GLOBAL_RECLASS	PENDING	PENDING	docs/knowledgeos/brainstorming/phase_measure_theory/20260828-114457_step-062-decision-theory-and-the-knowledge-to-action-boundary.md
0646	-	-	PENDING_GLOBAL_RECLASS	PENDING_GLOBAL_RECLASS	PENDING	PENDING	docs/knowledgeos/brainstorming/phase_measure_theory/20260828-114528_step-063-causal-reasoning-and-intervention.md
0647	-	-	PENDING_GLOBAL_RECLASS	PENDING_GLOBAL_RECLASS	PENDING	PENDING	docs/knowledgeos/brainstorming/phase_measure_theory/20260828-114659_step-064-model-uncertainty-distribution-shift-and-self-validation.md
0648	-	-	PENDING_GLOBAL_RECLASS	PENDING_GLOBAL_RECLASS	PENDING	PENDING	docs/knowledgeos/brainstorming/phase_measure_theory/20260828-115002_step-066-partial-observability-and-the-epistemic-boundary.md
0649	-	-	PENDING_GLOBAL_RECLASS	PENDING_GLOBAL_RECLASS	PENDING	PENDING	docs/knowledgeos/brainstorming/phase_measure_theory/20260828-115054_step-065-multi-agent-epistemic-independence-and-error-propagation.md
0650	-	-	PENDING_GLOBAL_RECLASS	PENDING_GLOBAL_RECLASS	PENDING	PENDING	docs/knowledgeos/brainstorming/phase_measure_theory/20260828-120419_step-067-the-epistemic-type-system.md
0651	-	-	PENDING_GLOBAL_RECLASS	PENDING_GLOBAL_RECLASS	PENDING	PENDING	docs/knowledgeos/brainstorming/phase_measure_theory/20260828-120450_step-067-the-epistemic-type-system-duplicate.md
0652	-	-	PENDING_GLOBAL_RECLASS	PENDING_GLOBAL_RECLASS	PENDING	PENDING	docs/knowledgeos/brainstorming/phase_measure_theory/20260828-120509_step-068-contradiction-paraconsistency-and-knowledge-revision.md
0653	-	-	PENDING_GLOBAL_RECLASS	PENDING_GLOBAL_RECLASS	PENDING	PENDING	docs/knowledgeos/brainstorming/phase_measure_theory/20260828-120543_step-069-computability-state-space-and-executable-knowledge.md
0654	-	-	PENDING_GLOBAL_RECLASS	PENDING_GLOBAL_RECLASS	PENDING	PENDING	docs/knowledgeos/brainstorming/phase_measure_theory/20260828-120623_step-070-the-minimal-knowledgeos-kernel.md
0655	-	-	PENDING_GLOBAL_RECLASS	PENDING_GLOBAL_RECLASS	PENDING	PENDING	docs/knowledgeos/brainstorming/phase_measure_theory/20260828-120653_step-071-compositional-correctness-of-knowledgeos.md
0656	-	-	PENDING_GLOBAL_RECLASS	PENDING_GLOBAL_RECLASS	PENDING	PENDING	docs/knowledgeos/brainstorming/phase_measure_theory/20260828-120724_step-072-epistemic-consistency-under-concurrency.md
0657	-	-	PENDING_GLOBAL_RECLASS	PENDING_GLOBAL_RECLASS	PENDING	PENDING	docs/knowledgeos/brainstorming/phase_measure_theory/20260828-120900_step-073-identity-trust-and-cryptographic-provenance.md
0658	-	-	PENDING_GLOBAL_RECLASS	PENDING_GLOBAL_RECLASS	PENDING	PENDING	docs/knowledgeos/brainstorming/phase_measure_theory/20260828-120906_step-074-causal-knowledge-from-correlation-to-intervention.md
0659	-	-	PENDING_GLOBAL_RECLASS	PENDING_GLOBAL_RECLASS	PENDING	PENDING	docs/knowledgeos/brainstorming/phase_measure_theory/20260828-120938_step-075-decision-theory-under-uncertainty.md
0660	-	-	PENDING_GLOBAL_RECLASS	PENDING_GLOBAL_RECLASS	PENDING	PENDING	docs/knowledgeos/brainstorming/phase_measure_theory/20260828-121008_step-076-multi-objective-decisions-and-governance-of-values.md
0661	-	-	PENDING_GLOBAL_RECLASS	PENDING_GLOBAL_RECLASS	PENDING	PENDING	docs/knowledgeos/brainstorming/phase_measure_theory/20260828-121039_step-077-governance-of-the-decision-model.md
0662	-	-	PENDING_GLOBAL_RECLASS	PENDING_GLOBAL_RECLASS	PENDING	PENDING	docs/knowledgeos/brainstorming/phase_measure_theory/20260828-121113_step-078-organizational-agency-and-the-multi-agent-boundary.md
0663	-	-	PENDING_GLOBAL_RECLASS	PENDING_GLOBAL_RECLASS	PENDING	PENDING	docs/knowledgeos/brainstorming/phase_measure_theory/20260828-121150_step-079-emergence-systemic-risk-and-collective-correctness.md
0664	-	-	PENDING_GLOBAL_RECLASS	PENDING_GLOBAL_RECLASS	PENDING	PENDING	docs/knowledgeos/brainstorming/phase_measure_theory/20260828-121233_step-080-organizational-control-and-feedback.md
0665	-	-	PENDING_GLOBAL_RECLASS	PENDING_GLOBAL_RECLASS	PENDING	PENDING	docs/knowledgeos/brainstorming/phase_measure_theory/20260828-121311_step-080-organizational-control-and-feedback-duplicate.md
0666	-	-	PENDING_GLOBAL_RECLASS	PENDING_GLOBAL_RECLASS	PENDING	PENDING	docs/knowledgeos/brainstorming/phase_measure_theory/20260828-121328_step-081-observability-and-identifiability.md
0667	-	-	PENDING_GLOBAL_RECLASS	PENDING_GLOBAL_RECLASS	PENDING	PENDING	docs/knowledgeos/brainstorming/phase_measure_theory/20260828-121413_step-082-uncertainty-propagation.md
0668	-	-	PENDING_GLOBAL_RECLASS	PENDING_GLOBAL_RECLASS	PENDING	PENDING	docs/knowledgeos/brainstorming/phase_measure_theory/20260828-121447_step-083-temporal-reasoning-and-time-dependent-truth.md
0669	-	-	PENDING_GLOBAL_RECLASS	PENDING_GLOBAL_RECLASS	PENDING	PENDING	docs/knowledgeos/brainstorming/phase_measure_theory/20260828-121516_step-084-counterfactual-reasoning.md
0670	-	-	PENDING_GLOBAL_RECLASS	PENDING_GLOBAL_RECLASS	PENDING	PENDING	docs/knowledgeos/brainstorming/phase_measure_theory/20260828-121630_step-085-strategic-behavior-and-game-theory.md
0671	-	-	PENDING_GLOBAL_RECLASS	PENDING_GLOBAL_RECLASS	PENDING	PENDING	docs/knowledgeos/brainstorming/phase_measure_theory/20260828-121717_step-086-mechanism-design-and-institutional-equilibrium.md
0672	-	-	PENDING_GLOBAL_RECLASS	PENDING_GLOBAL_RECLASS	PENDING	PENDING	docs/knowledgeos/brainstorming/phase_measure_theory/20260828-121755_step-087-collective-choice-preference-aggregation-and-legitimate-decision.md
0673	-	-	PENDING_GLOBAL_RECLASS	PENDING_GLOBAL_RECLASS	PENDING	PENDING	docs/knowledgeos/brainstorming/phase_measure_theory/20260828-121847_step-088-information-theory-information-sufficiency-and-safe-knowledge-compression.md
0674	-	-	PENDING_GLOBAL_RECLASS	PENDING_GLOBAL_RECLASS	PENDING	PENDING	docs/knowledgeos/brainstorming/phase_measure_theory/20260828-121923_step-089-computability-decidability-and-the-limits-of-knowledgeos.md
0675	-	-	PENDING_GLOBAL_RECLASS	PENDING_GLOBAL_RECLASS	PENDING	PENDING	docs/knowledgeos/brainstorming/phase_measure_theory/20260828-122002_step-090-complexity-scalability-and-computational-economics.md
0676	-	-	PENDING_GLOBAL_RECLASS	PENDING_GLOBAL_RECLASS	PENDING	PENDING	docs/knowledgeos/brainstorming/phase_measure_theory/20260828-122043_step-091-formal-specification-and-refinement.md
0677	-	-	PENDING_GLOBAL_RECLASS	PENDING_GLOBAL_RECLASS	PENDING	PENDING	docs/knowledgeos/brainstorming/phase_measure_theory/20260828-122128_step-092-concurrency-distributed-state-and-invariant-preservation.md
0678	-	-	PENDING_GLOBAL_RECLASS	PENDING_GLOBAL_RECLASS	PENDING	PENDING	docs/knowledgeos/brainstorming/phase_measure_theory/20260828-122208_step-093-reliability-fault-tolerance-and-recovery.md
0679	-	-	PENDING_GLOBAL_RECLASS	PENDING_GLOBAL_RECLASS	PENDING	PENDING	docs/knowledgeos/brainstorming/phase_measure_theory/20260828-122245_step-094-security-adversarial-behavior-and-trust.md
0680	-	-	PENDING_GLOBAL_RECLASS	PENDING_GLOBAL_RECLASS	PENDING	PENDING	docs/knowledgeos/brainstorming/phase_measure_theory/20260828-122408_step-095-privacy-information-boundaries-and-controlled-knowledge.md
0681	-	-	PENDING_GLOBAL_RECLASS	PENDING_GLOBAL_RECLASS	PENDING	PENDING	docs/knowledgeos/brainstorming/phase_measure_theory/20260828-122444_step-096-learning-adaptation-and-model-evolution.md
0682	-	-	PENDING_GLOBAL_RECLASS	PENDING_GLOBAL_RECLASS	PENDING	PENDING	docs/knowledgeos/brainstorming/phase_measure_theory/20260828-122523_step-097-human-ai-organizations-responsibility-and-collective-intelligence.md
0683	-	-	PENDING_GLOBAL_RECLASS	PENDING_GLOBAL_RECLASS	PENDING	PENDING	docs/knowledgeos/brainstorming/phase_measure_theory/20260828-122620_step-098-economics-resource-constraints-and-optimization.md
0684	-	-	PENDING_GLOBAL_RECLASS	PENDING_GLOBAL_RECLASS	PENDING	PENDING	docs/knowledgeos/brainstorming/phase_measure_theory/20260828-122654_step-099-observability-runtime-measurement-and-empirical-assurance.md
0685	-	-	PENDING_GLOBAL_RECLASS	PENDING_GLOBAL_RECLASS	PENDING	PENDING	docs/knowledgeos/brainstorming/phase_measure_theory/20260828-122730_step-100-architecture-closure-test.md
0686	-	-	PENDING_GLOBAL_RECLASS	PENDING_GLOBAL_RECLASS	PENDING	PENDING	docs/knowledgeos/brainstorming/phase_measure_theory/20260828-122800_step-101-architecture-to-reality-conformance.md
0687	-	-	PENDING_GLOBAL_RECLASS	PENDING_GLOBAL_RECLASS	PENDING	PENDING	docs/knowledgeos/brainstorming/phase_measure_theory/20260828-122915_step-102-knowledgeos-architectural-inventory.md
0688	-	-	PENDING_GLOBAL_RECLASS	PENDING_GLOBAL_RECLASS	PENDING	PENDING	docs/knowledgeos/brainstorming/phase_measure_theory/20260828-122954_step-103-semantic-model-conformance.md
0689	-	-	PENDING_GLOBAL_RECLASS	PENDING_GLOBAL_RECLASS	PENDING	PENDING	docs/knowledgeos/brainstorming/phase_measure_theory/20260828-123048_step-104-governance-conformance.md
0690	-	-	PENDING_GLOBAL_RECLASS	PENDING_GLOBAL_RECLASS	PENDING	PENDING	docs/knowledgeos/brainstorming/phase_measure_theory/20260828-123122_step-105-agent-architecture-conformance.md
0691	-	-	PENDING_GLOBAL_RECLASS	PENDING_GLOBAL_RECLASS	PENDING	PENDING	docs/knowledgeos/brainstorming/phase_measure_theory/20260828-123216_step-106-runtime-architecture-conformance.md
0692	-	-	PENDING_GLOBAL_RECLASS	PENDING_GLOBAL_RECLASS	PENDING	PENDING	docs/knowledgeos/brainstorming/phase_measure_theory/20260828-123314_step-107-architecture-drift-analysis.md
0693	-	-	PENDING_GLOBAL_RECLASS	PENDING_GLOBAL_RECLASS	PENDING	PENDING	docs/knowledgeos/brainstorming/phase_measure_theory/20260828-123356_step-108-knowledgeos-conformance-matrix.md
0694	-	-	PENDING_GLOBAL_RECLASS	PENDING_GLOBAL_RECLASS	PENDING	PENDING	docs/knowledgeos/brainstorming/phase_measure_theory/20260828-123438_step-109-evidence-based-repository-reconstruction.md
0695	-	-	PENDING_GLOBAL_RECLASS	PENDING_GLOBAL_RECLASS	PENDING	PENDING	docs/knowledgeos/brainstorming/phase_measure_theory/20260828-123520_step-110-knowledgeos-system-boundary-reconstruction.md
0696	-	-	PENDING_GLOBAL_RECLASS	PENDING_GLOBAL_RECLASS	PENDING	PENDING	docs/knowledgeos/brainstorming/phase_measure_theory/20260828-123552_step-111-actual-knowledgeos-component-inventory.md
0697	-	-	PENDING_GLOBAL_RECLASS	PENDING_GLOBAL_RECLASS	PENDING	PENDING	docs/knowledgeos/brainstorming/phase_measure_theory/20260828-123645_step-112-semantic-ownership-reconstruction.md
0698	-	-	PENDING_GLOBAL_RECLASS	PENDING_GLOBAL_RECLASS	PENDING	PENDING	docs/knowledgeos/brainstorming/phase_measure_theory/20260828-123718_step-113-knowledgeos-semantic-core-reconstruction.md
0699	-	-	PENDING_GLOBAL_RECLASS	PENDING_GLOBAL_RECLASS	PENDING	PENDING	docs/knowledgeos/brainstorming/phase_measure_theory/20260828-124104_step-114-semantic-core-evidence-test.md
0700	-	-	PENDING_GLOBAL_RECLASS	PENDING_GLOBAL_RECLASS	PENDING	PENDING	docs/knowledgeos/brainstorming/phase_measure_theory/20260828-124203_step-115-semantic-graph-reconstruction.md
0701	-	-	PENDING_GLOBAL_RECLASS	PENDING_GLOBAL_RECLASS	PENDING	PENDING	docs/knowledgeos/brainstorming/phase_measure_theory/20260828-124238_step-116-actual-knowledgeos-graph-extraction.md
0702	-	-	PENDING_GLOBAL_RECLASS	PENDING_GLOBAL_RECLASS	PENDING	PENDING	docs/knowledgeos/brainstorming/phase_measure_theory/20260828-124321_step-117-knowledgeos-traceability-experiment.md
0703	-	-	PENDING_GLOBAL_RECLASS	PENDING_GLOBAL_RECLASS	PENDING	PENDING	docs/knowledgeos/brainstorming/phase_measure_theory/20260828-124359_step-118-governance-to-engineering-closure-test.md
0704	-	-	PENDING_GLOBAL_RECLASS	PENDING_GLOBAL_RECLASS	PENDING	PENDING	docs/knowledgeos/brainstorming/phase_measure_theory/20260828-124431_step-119-knowledgeos-control-loop-evidence-test.md
0705	-	-	PENDING_GLOBAL_RECLASS	PENDING_GLOBAL_RECLASS	PENDING	PENDING	docs/knowledgeos/brainstorming/phase_measure_theory/20260828-124510_step-120-knowledgeos-constitutional-invariants.md
0706	-	-	PENDING_GLOBAL_RECLASS	PENDING_GLOBAL_RECLASS	PENDING	PENDING	docs/knowledgeos/brainstorming/phase_measure_theory/20260828-124552_step-121-constitution-to-implementation-conformance-test.md
0707	-	-	PENDING_GLOBAL_RECLASS	PENDING_GLOBAL_RECLASS	PENDING	PENDING	docs/knowledgeos/brainstorming/phase_measure_theory/20260828-124629_step-122-knowledgeos-evidence-execution-protocol.md
0708	-	-	PENDING_GLOBAL_RECLASS	PENDING_GLOBAL_RECLASS	PENDING	PENDING	docs/knowledgeos/brainstorming/phase_measure_theory/20260828-124716_step-123-self-verification-of-knowledgeos.md
0709	-	-	PENDING_GLOBAL_RECLASS	PENDING_GLOBAL_RECLASS	PENDING	PENDING	docs/knowledgeos/brainstorming/phase_measure_theory/20260828-124814_step-124-knowledgeos-self-verification-vs-self-governance.md
0710	-	-	PENDING_GLOBAL_RECLASS	PENDING_GLOBAL_RECLASS	PENDING	PENDING	docs/knowledgeos/brainstorming/phase_measure_theory/20260828-124910_step-125-knowledgeos-operating-model.md
0711	-	-	PENDING_GLOBAL_RECLASS	PENDING_GLOBAL_RECLASS	PENDING	PENDING	docs/knowledgeos/brainstorming/phase_measure_theory/20260828-125024_step-126-knowledgeos-information-model.md
0712	-	-	PENDING_GLOBAL_RECLASS	PENDING_GLOBAL_RECLASS	PENDING	PENDING	docs/knowledgeos/brainstorming/phase_measure_theory/20260828-125128_step-127-knowledgeos-domain-bounded-context-test.md
0713	-	-	PENDING_GLOBAL_RECLASS	PENDING_GLOBAL_RECLASS	PENDING	PENDING	docs/knowledgeos/brainstorming/phase_measure_theory/20260828-125203_step-127-knowledgeos-domain-bounded-context-test.md
0714	-	-	PENDING_GLOBAL_RECLASS	PENDING_GLOBAL_RECLASS	PENDING	PENDING	docs/knowledgeos/brainstorming/phase_measure_theory/20260828-125255_step-128-knowledgeos-context-map-and-dependency-direction.md
0715	-	-	PENDING_GLOBAL_RECLASS	PENDING_GLOBAL_RECLASS	PENDING	PENDING	docs/knowledgeos/brainstorming/phase_measure_theory/20260828-125345_step-129-knowledgeos-architecture-fitness-model.md
0716	-	-	PENDING_GLOBAL_RECLASS	PENDING_GLOBAL_RECLASS	PENDING	PENDING	docs/knowledgeos/brainstorming/phase_measure_theory/20260828-125449_step-130-the-knowledgeos-assurance-graph.md
0717	-	-	PENDING_GLOBAL_RECLASS	PENDING_GLOBAL_RECLASS	PENDING	PENDING	docs/knowledgeos/brainstorming/phase_measure_theory/20260828-125526_step-131-from-assurance-graph-to-knowledgeos-logical-architecture.md
0718	-	-	PENDING_GLOBAL_RECLASS	PENDING_GLOBAL_RECLASS	PENDING	PENDING	docs/knowledgeos/brainstorming/phase_measure_theory/20260828-125554_step-132-current-state-reconstruction.md
0719	-	-	PENDING_GLOBAL_RECLASS	PENDING_GLOBAL_RECLASS	PENDING	PENDING	docs/knowledgeos/brainstorming/phase_measure_theory/20260828-125624_step-133-repository-artifact-archaeology.md
0720	-	-	PENDING_GLOBAL_RECLASS	PENDING_GLOBAL_RECLASS	PENDING	PENDING	docs/knowledgeos/brainstorming/phase_measure_theory/20260828-125635_step-133-repository-artifact-archaeology-duplicate.md
0721	-	-	PENDING_GLOBAL_RECLASS	PENDING_GLOBAL_RECLASS	PENDING	PENDING	docs/knowledgeos/brainstorming/phase_measure_theory/20260828-125701_step-134-actual-repository-reconstruction.md
0722	-	-	PENDING_GLOBAL_RECLASS	PENDING_GLOBAL_RECLASS	PENDING	PENDING	docs/knowledgeos/brainstorming/phase_measure_theory/20260828-125726_step-135-semantic-ownership-matrix.md
0723	-	-	PENDING_GLOBAL_RECLASS	PENDING_GLOBAL_RECLASS	PENDING	PENDING	docs/knowledgeos/brainstorming/phase_measure_theory/20260828-125802_step-136-bounded-context-boundary-tests.md
0724	-	-	PENDING_GLOBAL_RECLASS	PENDING_GLOBAL_RECLASS	PENDING	PENDING	docs/knowledgeos/brainstorming/phase_measure_theory/20260828-125843_step-137-the-knowledgeos-domain-model.md
0725	-	-	PENDING_GLOBAL_RECLASS	PENDING_GLOBAL_RECLASS	PENDING	PENDING	docs/knowledgeos/brainstorming/phase_measure_theory/20260828-125937_step-138-aggregates-commands-and-domain-events.md
0726	-	-	PENDING_GLOBAL_RECLASS	PENDING_GLOBAL_RECLASS	PENDING	PENDING	docs/knowledgeos/brainstorming/phase_measure_theory/20260828-130007_step-139-knowledgeos-context-map-and-integration-contracts.md
0727	-	-	PENDING_GLOBAL_RECLASS	PENDING_GLOBAL_RECLASS	PENDING	PENDING	docs/knowledgeos/brainstorming/phase_measure_theory/20260828-130050_step-140-knowledgeos-logical-component-architecture.md
0728	-	-	PENDING_GLOBAL_RECLASS	PENDING_GLOBAL_RECLASS	PENDING	PENDING	docs/knowledgeos/brainstorming/phase_measure_theory/20260828-130122_step-141-deployment-and-runtime-architecture.md
0729	-	-	PENDING_GLOBAL_RECLASS	PENDING_GLOBAL_RECLASS	PENDING	PENDING	docs/knowledgeos/brainstorming/phase_measure_theory/20260828-130217_step-142-current-state-runtime-archaeology.md
0730	-	-	PENDING_GLOBAL_RECLASS	PENDING_GLOBAL_RECLASS	PENDING	PENDING	docs/knowledgeos/brainstorming/phase_measure_theory/20260828-130247_step-143-current-to-target-architecture-delta.md
0731	-	-	PENDING_GLOBAL_RECLASS	PENDING_GLOBAL_RECLASS	PENDING	PENDING	docs/knowledgeos/brainstorming/phase_measure_theory/20260828-130340_step-144-knowledgeos-evolution-roadmap.md
0732	-	-	PENDING_GLOBAL_RECLASS	PENDING_GLOBAL_RECLASS	PENDING	PENDING	docs/knowledgeos/brainstorming/phase_measure_theory/20260828-130748_step-145-golden-trace-specification.md
0733	-	-	PENDING_GLOBAL_RECLASS	PENDING_GLOBAL_RECLASS	PENDING	PENDING	docs/knowledgeos/brainstorming/phase_measure_theory/20260828-130841_step-146-golden-trace-to-implementable-domain-model.md
0734	-	-	PENDING_GLOBAL_RECLASS	PENDING_GLOBAL_RECLASS	PENDING	PENDING	docs/knowledgeos/brainstorming/phase_measure_theory/20260828-130912_step-147-domain-events-and-integration-contracts.md
0735	-	-	PENDING_GLOBAL_RECLASS	PENDING_GLOBAL_RECLASS	PENDING	PENDING	docs/knowledgeos/brainstorming/phase_measure_theory/20260828-130939_step-148-knowledgeos-api-and-contract-architecture.md
0736	-	-	PENDING_GLOBAL_RECLASS	PENDING_GLOBAL_RECLASS	PENDING	PENDING	docs/knowledgeos/brainstorming/phase_measure_theory/20260828-131018_step-156a-chapter-4-validation-of-knowledgeos.md
0737	-	-	PENDING_GLOBAL_RECLASS	PENDING_GLOBAL_RECLASS	PENDING	PENDING	docs/knowledgeos/brainstorming/phase_measure_theory/20260828-131204_step-149-persistence-and-data-architecture.md
0738	-	-	PENDING_GLOBAL_RECLASS	PENDING_GLOBAL_RECLASS	PENDING	PENDING	docs/knowledgeos/brainstorming/phase_measure_theory/20260828-131303_step-150-knowledgeos-runtime-architecture.md
0739	-	-	PENDING_GLOBAL_RECLASS	PENDING_GLOBAL_RECLASS	PENDING	PENDING	docs/knowledgeos/brainstorming/phase_measure_theory/20260828-131421_step-151-knowledgeos-vertical-slice-v0-1.md
0740	-	-	PENDING_GLOBAL_RECLASS	PENDING_GLOBAL_RECLASS	PENDING	PENDING	docs/knowledgeos/brainstorming/phase_measure_theory/20260828-131532_step-152-knowledgeos-implementation-architecture-constitution-v1-0.md
0741	-	-	PENDING_GLOBAL_RECLASS	PENDING_GLOBAL_RECLASS	PENDING	PENDING	docs/knowledgeos/brainstorming/phase_measure_theory/20260828-131618_step-153-knowledgeos-architecture-registry.md
0742	-	-	PENDING_GLOBAL_RECLASS	PENDING_GLOBAL_RECLASS	PENDING	PENDING	docs/knowledgeos/brainstorming/phase_measure_theory/20260828-131705_step-154-knowledgeos-self-assurance-engine.md
0743	-	-	PENDING_GLOBAL_RECLASS	PENDING_GLOBAL_RECLASS	PENDING	PENDING	docs/knowledgeos/brainstorming/phase_measure_theory/20260828-131736_step-155-knowledgeos-governance-runtime.md
0744	-	-	PENDING_GLOBAL_RECLASS	PENDING_GLOBAL_RECLASS	PENDING	PENDING	docs/knowledgeos/brainstorming/phase_measure_theory/20260828-133736_step-156-knowledgeos-operating-model.md
0745	-	-	PENDING_GLOBAL_RECLASS	PENDING_GLOBAL_RECLASS	PENDING	PENDING	docs/knowledgeos/brainstorming/phase_measure_theory/20260828-134443_step-155a-knowledgeos-epistemic-and-provenance-kernel-review.md
0746	-	-	PENDING_GLOBAL_RECLASS	PENDING_GLOBAL_RECLASS	PENDING	PENDING	docs/knowledgeos/brainstorming/phase_measure_theory/20260828-134457_step-150-knowledgeos-runtime-architecture-duplicate.md
0747	-	-	PENDING_GLOBAL_RECLASS	PENDING_GLOBAL_RECLASS	PENDING	PENDING	docs/knowledgeos/brainstorming/phase_measure_theory/20260828-134500_step-144-knowledgeos-evolution-roadmap-duplicate.md
0748	-	-	PENDING_GLOBAL_RECLASS	PENDING_GLOBAL_RECLASS	PENDING	PENDING	docs/knowledgeos/brainstorming/phase_measure_theory/20260828-134504_step-129-knowledgeos-architecture-fitness-model-duplicate.md
0749	-	-	PENDING_GLOBAL_RECLASS	PENDING_GLOBAL_RECLASS	PENDING	PENDING	docs/knowledgeos/brainstorming/phase_measure_theory/20260828-135017_step-155a-knowledgeos-epistemic-and-provenance-kernel-review-duplicate.md
0750	-	-	PENDING_GLOBAL_RECLASS	PENDING_GLOBAL_RECLASS	PENDING	PENDING	docs/knowledgeos/brainstorming/phase_measure_theory/20260828-135032_step-156-knowledgeos-operating-model-revision.md
0751	-	-	PENDING_GLOBAL_RECLASS	PENDING_GLOBAL_RECLASS	PENDING	PENDING	docs/knowledgeos/brainstorming/phase_measure_theory/20260828-135255_step-157-knowledgeos-domain-model-and-bounded-context-validation.md
0752	-	-	PENDING_GLOBAL_RECLASS	PENDING_GLOBAL_RECLASS	PENDING	PENDING	docs/knowledgeos/brainstorming/phase_measure_theory/20260828-135842_step-158-preparation-gita-chapter-4-characters-and-their-roles.md
0753	-	-	PENDING_GLOBAL_RECLASS	PENDING_GLOBAL_RECLASS	PENDING	PENDING	docs/knowledgeos/brainstorming/phase_measure_theory/20260828-140338_gita-chapter-4-what-to-do-versus-what-not-to-do-distinction.md
0754	-	-	PENDING_GLOBAL_RECLASS	PENDING_GLOBAL_RECLASS	PENDING	PENDING	docs/knowledgeos/brainstorming/phase_measure_theory/how_to_combine/20260828-140743_two-missing-distinctions-in-the-chapter-4-analysis-duplicate.md
0755	-	-	PENDING_GLOBAL_RECLASS	PENDING_GLOBAL_RECLASS	PENDING	PENDING	docs/knowledgeos/brainstorming/phase_measure_theory/how_to_combine/20260828-141333_master-prompt-reconstruct-evolution-of-thought-before-flattening-into-topics.md
0756	-	-	PENDING_GLOBAL_RECLASS	PENDING_GLOBAL_RECLASS	PENDING	PENDING	docs/knowledgeos/brainstorming/phase_measure_theory/how_to_combine/20260828-142652_step_combine_combine-prompt-1.md
0757	-	-	PENDING_GLOBAL_RECLASS	PENDING_GLOBAL_RECLASS	PENDING	PENDING	docs/knowledgeos/brainstorming/phase_measure_theory/how_to_combine/20260828-144815_step_combine_combine-prompt-2.md
0758	-	-	PENDING_GLOBAL_RECLASS	PENDING_GLOBAL_RECLASS	PENDING	PENDING	docs/knowledgeos/brainstorming/phase_measure_theory/how_to_combine/20260828-145246_step_combine_combine-prompt-3.md
0759	-	-	PENDING_GLOBAL_RECLASS	PENDING_GLOBAL_RECLASS	PENDING	PENDING	docs/knowledgeos/brainstorming/phase_measure_theory/how_to_combine/20260828-150140_step_combine_combine-prompt-4.md
0760	-	-	PENDING_GLOBAL_RECLASS	PENDING_GLOBAL_RECLASS	PENDING	PENDING	docs/knowledgeos/brainstorming/phase_measure_theory/how_to_combine/20260828-151722_step_combine_combine-prompt-5.md
0761	-	-	PENDING_GLOBAL_RECLASS	PENDING_GLOBAL_RECLASS	PENDING	PENDING	docs/knowledgeos/brainstorming/phase_measure_theory/how_to_combine/20260828-160329_how-to-combine-issue-the-next-instruction.md
0762	-	-	PENDING_GLOBAL_RECLASS	PENDING_GLOBAL_RECLASS	PENDING	PENDING	docs/knowledgeos/brainstorming/phase_measure_theory/external_research/20260828-225100_step_286_external-research-readme.md
0763	-	-	PENDING_GLOBAL_RECLASS	PENDING_GLOBAL_RECLASS	PENDING	PENDING	docs/knowledgeos/brainstorming/phase_measure_theory/external_research/20260828-225107_c4-architecture-diagrams-system-context-to-component.md
0764	-	-	PENDING_GLOBAL_RECLASS	PENDING_GLOBAL_RECLASS	PENDING	PENDING	docs/knowledgeos/brainstorming/phase_measure_theory/external_research/20260828-225129_hpa-ruling-gn-31.md
0765	-	-	PENDING_GLOBAL_RECLASS	PENDING_GLOBAL_RECLASS	PENDING	PENDING	docs/knowledgeos/brainstorming/phase_measure_theory/external_research/20260828-225522_distribution-theory-in-knowledgeos.md
0766	-	-	PENDING_GLOBAL_RECLASS	PENDING_GLOBAL_RECLASS	PENDING	PENDING	docs/knowledgeos/brainstorming/phase_measure_theory/external_research/20260828-225632_methodological-discipline-second-order-reflection.md
0767	-	-	PENDING_GLOBAL_RECLASS	PENDING_GLOBAL_RECLASS	PENDING	PENDING	docs/knowledgeos/brainstorming/phase_measure_theory/external_research/20260828-225646_three-distinct-information-pathways.md
0768	-	-	PENDING_GLOBAL_RECLASS	PENDING_GLOBAL_RECLASS	PENDING	PENDING	docs/knowledgeos/brainstorming/phase_measure_theory/external_research/20260828-225752_what-we-can-directly-use-practical-assessment.md
0769	-	-	PENDING_GLOBAL_RECLASS	PENDING_GLOBAL_RECLASS	PENDING	PENDING	docs/knowledgeos/brainstorming/phase_measure_theory/how_to_combine/20260828-230119_step_combine_remaining-todos.md
0770	-	-	PENDING_GLOBAL_RECLASS	PENDING_GLOBAL_RECLASS	PENDING	PENDING	docs/knowledgeos/brainstorming/phase_measure_theory/how_to_combine/20260828-230300_how-to-combine-good-idea-with-a-qualification.md
0771	-	-	PENDING_GLOBAL_RECLASS	PENDING_GLOBAL_RECLASS	PENDING	PENDING	docs/knowledgeos/brainstorming/phase_measure_theory/how_to_combine/20260828-233241_step_combine_combine-prompt-6.md
0772	-	-	PENDING_GLOBAL_RECLASS	PENDING_GLOBAL_RECLASS	PENDING	PENDING	docs/knowledgeos/brainstorming/phase_measure_theory/external_research/gita_chapter4/20260828-235231_step_286_knowledgeos-mathematical-derivation-from-gita-chapter-4.md
0773	-	-	PENDING_GLOBAL_RECLASS	PENDING_GLOBAL_RECLASS	PENDING	PENDING	docs/knowledgeos/brainstorming/phase_measure_theory/external_research/gita_chapter4/20260828-235853_step_286_gita-chapter-04-additional-contributions.md
0774	-	-	PENDING_GLOBAL_RECLASS	PENDING_GLOBAL_RECLASS	PENDING	PENDING	docs/knowledgeos/brainstorming/phase_measure_theory/external_research/gita_chapter4/20260829-000019_step_286_agree-with-corrective-ruling-on-chapter-04.md
0775	-	-	PENDING_GLOBAL_RECLASS	PENDING_GLOBAL_RECLASS	PENDING	PENDING	docs/knowledgeos/brainstorming/phase_measure_theory/external_research/gita_chapter4/20260829-001332_step_286_the-more-interesting-reading-of-chapter-04.md
0776	-	-	PENDING_GLOBAL_RECLASS	PENDING_GLOBAL_RECLASS	PENDING	PENDING	docs/knowledgeos/brainstorming/phase_measure_theory/external_research/gita_chapter4/20260829-001713_step_286_gita-chapters-01-to-04-source-extract.md
0777	-	-	PENDING_GLOBAL_RECLASS	PENDING_GLOBAL_RECLASS	PENDING	PENDING	docs/knowledgeos/brainstorming/phase_measure_theory/external_research/gita_chapter4/20260829-001745_step_286_hpa-response-gita-chapters-1-4-philosophical-contributions.md
0778	-	-	PENDING_GLOBAL_RECLASS	PENDING_GLOBAL_RECLASS	PENDING	PENDING	docs/knowledgeos/brainstorming/phase_measure_theory/how_to_combine/20260829-002041_step_combine_halfway-point-progress-review.md
0779	-	-	PENDING_GLOBAL_RECLASS	PENDING_GLOBAL_RECLASS	PENDING	PENDING	docs/knowledgeos/brainstorming/phase_measure_theory/20260829-003330_step_155-156_recovery-of-earlier-step-155-156-material-sarathi-formulation.md
0780	-	-	PENDING_GLOBAL_RECLASS	PENDING_GLOBAL_RECLASS	PENDING	PENDING	docs/knowledgeos/brainstorming/phase_measure_theory/external_research/gita_chapter4/20260829-003716_step_286_short-confirmation-gita-chapter-4-derivation.md
0781	-	-	PENDING_GLOBAL_RECLASS	PENDING_GLOBAL_RECLASS	PENDING	PENDING	docs/knowledgeos/brainstorming/phase_measure_theory/20260829-010612_step_158_knowledgeos-architecture-conformance-audit.md
0782	-	-	PENDING_GLOBAL_RECLASS	PENDING_GLOBAL_RECLASS	PENDING	PENDING	docs/knowledgeos/brainstorming/phase_measure_theory/20260829-011045_step_158_knowledgeos-architecture-conformance-audit-duplicate.md
0783	-	-	PENDING_GLOBAL_RECLASS	PENDING_GLOBAL_RECLASS	PENDING	PENDING	docs/knowledgeos/brainstorming/phase_measure_theory/20260829-011128_step_159_knowledgeos-architecture-baseline.md
0784	-	-	PENDING_GLOBAL_RECLASS	PENDING_GLOBAL_RECLASS	PENDING	PENDING	docs/knowledgeos/brainstorming/phase_measure_theory/20260829-011213_step_160_current-state-evidence-mapping.md
0785	-	-	PENDING_GLOBAL_RECLASS	PENDING_GLOBAL_RECLASS	PENDING	PENDING	docs/knowledgeos/brainstorming/phase_measure_theory/20260829-011309_step_161_semantic-contract-reconstruction.md
0786	-	-	PENDING_GLOBAL_RECLASS	PENDING_GLOBAL_RECLASS	PENDING	PENDING	docs/knowledgeos/brainstorming/phase_measure_theory/20260829-011356_step_159_knowledgeos-architecture-baseline-duplicate.md
0787	-	-	PENDING_GLOBAL_RECLASS	PENDING_GLOBAL_RECLASS	PENDING	PENDING	docs/knowledgeos/brainstorming/phase_measure_theory/20260829-011552_step_162_invariant-and-boundary-derivation.md
0788	-	-	PENDING_GLOBAL_RECLASS	PENDING_GLOBAL_RECLASS	PENDING	PENDING	docs/knowledgeos/brainstorming/phase_measure_theory/20260829-011730_step_163_context-map-and-translation-boundaries.md
0789	-	-	PENDING_GLOBAL_RECLASS	PENDING_GLOBAL_RECLASS	PENDING	PENDING	docs/knowledgeos/brainstorming/phase_measure_theory/20260829-012048_step_164_domain-events-and-legitimate-state-transitions.md
0790	-	-	PENDING_GLOBAL_RECLASS	PENDING_GLOBAL_RECLASS	PENDING	PENDING	docs/knowledgeos/brainstorming/phase_measure_theory/20260829-012222_step_165_aggregate-and-consistency-boundary-derivation.md
0791	-	-	PENDING_GLOBAL_RECLASS	PENDING_GLOBAL_RECLASS	PENDING	PENDING	docs/knowledgeos/brainstorming/phase_measure_theory/20260829-012701_step_166_process-managers-sagas-and-long-running-consistency.md
0792	-	-	PENDING_GLOBAL_RECLASS	PENDING_GLOBAL_RECLASS	PENDING	PENDING	docs/knowledgeos/brainstorming/phase_measure_theory/20260829-012838_step_167_formal-verification-obligations.md
0793	-	-	PENDING_GLOBAL_RECLASS	PENDING_GLOBAL_RECLASS	PENDING	PENDING	docs/knowledgeos/brainstorming/phase_measure_theory/20260829-013134_step_168_the-verification-lattice.md
0794	-	-	PENDING_GLOBAL_RECLASS	PENDING_GLOBAL_RECLASS	PENDING	PENDING	docs/knowledgeos/brainstorming/phase_measure_theory/20260829-013327_step_169_falsification-of-the-knowledgeos-architecture.md
0795	-	-	PENDING_GLOBAL_RECLASS	PENDING_GLOBAL_RECLASS	PENDING	PENDING	docs/knowledgeos/brainstorming/phase_measure_theory/20260829-013526_step_170_the-end-to-end-knowledgeos-proof-chain.md
0796	-	-	PENDING_GLOBAL_RECLASS	PENDING_GLOBAL_RECLASS	PENDING	PENDING	docs/knowledgeos/brainstorming/phase_measure_theory/20260829-013701_step_171_the-authority-responsibility-evidence-matrix.md
0797	-	-	PENDING_GLOBAL_RECLASS	PENDING_GLOBAL_RECLASS	PENDING	PENDING	docs/knowledgeos/brainstorming/phase_measure_theory/20260829-013920_step_172_separation-of-duties-falsification-experiment.md
0798	-	-	PENDING_GLOBAL_RECLASS	PENDING_GLOBAL_RECLASS	PENDING	PENDING	docs/knowledgeos/brainstorming/phase_measure_theory/20260829-014058_step_173_the-bounded-context-discovery-experiment.md
0799	-	-	PENDING_GLOBAL_RECLASS	PENDING_GLOBAL_RECLASS	PENDING	PENDING	docs/knowledgeos/brainstorming/phase_measure_theory/20260829-014253_step_174_context-map-and-domain-contract-experiment.md
0800	-	-	PENDING_GLOBAL_RECLASS	PENDING_GLOBAL_RECLASS	PENDING	PENDING	docs/knowledgeos/brainstorming/phase_measure_theory/20260829-014420_step_175_the-state-does-not-know-its-past-experiment.md
0801	-	-	PENDING_GLOBAL_RECLASS	PENDING_GLOBAL_RECLASS	PENDING	PENDING	docs/knowledgeos/brainstorming/phase_measure_theory/20260829-014546_step_176_the-who-knows-experiment.md
0802	-	-	PENDING_GLOBAL_RECLASS	PENDING_GLOBAL_RECLASS	PENDING	PENDING	docs/knowledgeos/brainstorming/phase_measure_theory/20260829-014710_step_177_the-knowledge-is-not-truth-experiment.md
0803	-	-	PENDING_GLOBAL_RECLASS	PENDING_GLOBAL_RECLASS	PENDING	PENDING	docs/knowledgeos/brainstorming/phase_measure_theory/20260829-014843_step_178_the-what-should-we-do-experiment.md
0804	-	-	PENDING_GLOBAL_RECLASS	PENDING_GLOBAL_RECLASS	PENDING	PENDING	docs/knowledgeos/brainstorming/phase_measure_theory/20260829-015001_step_179_the-who-is-allowed-to-say-what-experiment.md
0805	-	-	PENDING_GLOBAL_RECLASS	PENDING_GLOBAL_RECLASS	PENDING	PENDING	docs/knowledgeos/brainstorming/phase_measure_theory/20260829-015147_step_180_the-can-the-system-know-that-it-does-not-know-experiment.md
0806	-	-	PENDING_GLOBAL_RECLASS	PENDING_GLOBAL_RECLASS	PENDING	PENDING	docs/knowledgeos/brainstorming/phase_measure_theory/20260829-015345_step_181_the-what-if-two-truths-disagree-experiment.md
0807	-	-	PENDING_GLOBAL_RECLASS	PENDING_GLOBAL_RECLASS	PENDING	PENDING	docs/knowledgeos/brainstorming/phase_measure_theory/20260829-015501_step_182_the-who-owns-the-truth-experiment.md
0808	-	-	PENDING_GLOBAL_RECLASS	PENDING_GLOBAL_RECLASS	PENDING	PENDING	docs/knowledgeos/brainstorming/phase_measure_theory/20260829-015928_step_183-pre_architecture-and-gita-alignment-review-of-steps-1-182.md
0809	-	-	PENDING_GLOBAL_RECLASS	PENDING_GLOBAL_RECLASS	PENDING	PENDING	docs/knowledgeos/brainstorming/phase_measure_theory/20260829-020210_step_183_the-reconstruction-experiment.md
0810	-	-	PENDING_GLOBAL_RECLASS	PENDING_GLOBAL_RECLASS	PENDING	PENDING	docs/knowledgeos/brainstorming/phase_measure_theory/20260829-020345_step_184_the-epistemic-gap-experiment.md
0811	-	-	PENDING_GLOBAL_RECLASS	PENDING_GLOBAL_RECLASS	PENDING	PENDING	docs/knowledgeos/brainstorming/phase_measure_theory/20260829-020511_step_185_change-correction-refinement-or-recontextualization.md
0812	-	-	PENDING_GLOBAL_RECLASS	PENDING_GLOBAL_RECLASS	PENDING	PENDING	docs/knowledgeos/brainstorming/phase_measure_theory/20260829-021046_step_186-pre_mathematical-architecture-of-knowledgeos.md
0813	-	-	PENDING_GLOBAL_RECLASS	PENDING_GLOBAL_RECLASS	PENDING	PENDING	docs/knowledgeos/brainstorming/phase_measure_theory/20260829-021226_step_186_mathematical-validation-of-the-knowledge-state-model.md
0814	-	-	PENDING_GLOBAL_RECLASS	PENDING_GLOBAL_RECLASS	PENDING	PENDING	docs/knowledgeos/brainstorming/phase_measure_theory/20260829-081618_step_187_authority-as-a-mathematical-relation.md
0815	-	-	PENDING_GLOBAL_RECLASS	PENDING_GLOBAL_RECLASS	PENDING	PENDING	docs/knowledgeos/brainstorming/phase_measure_theory/20260829-082439_step_188_the-hindsight-contamination-test.md
0816	-	-	PENDING_GLOBAL_RECLASS	PENDING_GLOBAL_RECLASS	PENDING	PENDING	docs/knowledgeos/brainstorming/phase_measure_theory/20260829-083044_step_189_the-formal-epistemic-state-machine.md
0817	-	-	PENDING_GLOBAL_RECLASS	PENDING_GLOBAL_RECLASS	PENDING	PENDING	docs/knowledgeos/brainstorming/phase_measure_theory/20260829-084105_step_190_ddd-aggregate-invariant-test.md
0818	-	-	PENDING_GLOBAL_RECLASS	PENDING_GLOBAL_RECLASS	PENDING	PENDING	docs/knowledgeos/brainstorming/phase_measure_theory/20260829-090129_step_191_semantic-transition-vs-technical-mutation.md
0819	-	-	PENDING_GLOBAL_RECLASS	PENDING_GLOBAL_RECLASS	PENDING	PENDING	docs/knowledgeos/brainstorming/phase_measure_theory/20260829-090618_step_192_the-boundary-of-truth.md
0820	-	-	PENDING_GLOBAL_RECLASS	PENDING_GLOBAL_RECLASS	PENDING	PENDING	docs/knowledgeos/brainstorming/phase_measure_theory/20260829-090816_step_193_the-temporal-epistemic-consistency-test.md
0821	-	-	PENDING_GLOBAL_RECLASS	PENDING_GLOBAL_RECLASS	PENDING	PENDING	docs/knowledgeos/brainstorming/phase_measure_theory/20260829-091044_step_194_the-causal-boundary.md
0822	-	-	PENDING_GLOBAL_RECLASS	PENDING_GLOBAL_RECLASS	PENDING	PENDING	docs/knowledgeos/brainstorming/phase_measure_theory/20260829-104418_step_195_the-identity-continuity-model.md
0823	-	-	PENDING_GLOBAL_RECLASS	PENDING_GLOBAL_RECLASS	PENDING	PENDING	docs/knowledgeos/brainstorming/phase_measure_theory/20260829-105816_step_196_the-authority-responsibility-model.md
0824	-	-	PENDING_GLOBAL_RECLASS	PENDING_GLOBAL_RECLASS	PENDING	PENDING	docs/knowledgeos/brainstorming/phase_measure_theory/20260829-105916_step_197_invariants-conservation-and-the-formal-transition-system.md
0825	-	-	PENDING_GLOBAL_RECLASS	PENDING_GLOBAL_RECLASS	PENDING	PENDING	docs/knowledgeos/brainstorming/phase_measure_theory/20260829-110056_step_198_composition-from-valid-transitions-to-valid-processes.md
0826	-	-	PENDING_GLOBAL_RECLASS	PENDING_GLOBAL_RECLASS	PENDING	PENDING	docs/knowledgeos/brainstorming/phase_measure_theory/20260829-110229_step_199_uncertainty-probability-ambiguity-and-the-unknown.md
0827	-	-	PENDING_GLOBAL_RECLASS	PENDING_GLOBAL_RECLASS	PENDING	PENDING	docs/knowledgeos/brainstorming/phase_measure_theory/20260829-110411_step_200_coherence-test-of-the-formal-knowledgeos-architecture.md
0828	-	-	PENDING_GLOBAL_RECLASS	PENDING_GLOBAL_RECLASS	PENDING	PENDING	docs/knowledgeos/brainstorming/phase_measure_theory/20260829-110712_step_201_refinement-review-program.md
0829	-	-	PENDING_GLOBAL_RECLASS	PENDING_GLOBAL_RECLASS	PENDING	PENDING	docs/knowledgeos/brainstorming/phase_measure_theory/20260829-110912_step_201_knowledgeos-canonical-vocabulary-freeze-v0-1.md
0830	-	-	PENDING_GLOBAL_RECLASS	PENDING_GLOBAL_RECLASS	PENDING	PENDING	docs/knowledgeos/brainstorming/phase_measure_theory/20260829-111045_step_202_formal-relation-matrix-from-vocabulary-to-architecture.md
0831	-	-	PENDING_GLOBAL_RECLASS	PENDING_GLOBAL_RECLASS	PENDING	PENDING	docs/knowledgeos/brainstorming/phase_measure_theory/20260829-111227_step_203_state-space-decomposition.md
0832	-	-	PENDING_GLOBAL_RECLASS	PENDING_GLOBAL_RECLASS	PENDING	PENDING	docs/knowledgeos/brainstorming/phase_measure_theory/20260829-114405_step_204_transition-algebra-and-invariant-preservation.md
0833	-	-	PENDING_GLOBAL_RECLASS	PENDING_GLOBAL_RECLASS	PENDING	PENDING	docs/knowledgeos/brainstorming/phase_measure_theory/20260829-114533_step_205_aggregate-derivation.md
0834	-	-	PENDING_GLOBAL_RECLASS	PENDING_GLOBAL_RECLASS	PENDING	PENDING	docs/knowledgeos/brainstorming/phase_measure_theory/20260830-011029_step_206_bounded-context-derivation.md
0835	-	-	PENDING_GLOBAL_RECLASS	PENDING_GLOBAL_RECLASS	PENDING	PENDING	docs/knowledgeos/brainstorming/phase_measure_theory/20260830-011110_step_207_context-contracts.md
0836	-	-	PENDING_GLOBAL_RECLASS	PENDING_GLOBAL_RECLASS	PENDING	PENDING	docs/knowledgeos/brainstorming/phase_measure_theory/20260830-011729_step_209_invariant-algebra.md
0837	-	-	PENDING_GLOBAL_RECLASS	PENDING_GLOBAL_RECLASS	PENDING	PENDING	docs/knowledgeos/brainstorming/phase_measure_theory/20260830-011829_step_208_semantic-contract-algebra.md
0838	-	-	PENDING_GLOBAL_RECLASS	PENDING_GLOBAL_RECLASS	PENDING	PENDING	docs/knowledgeos/brainstorming/phase_measure_theory/20260830-012034_step_210_invariant-verification-matrix.md
0839	-	-	PENDING_GLOBAL_RECLASS	PENDING_GLOBAL_RECLASS	PENDING	PENDING	docs/knowledgeos/brainstorming/phase_measure_theory/20260830-012320_step_211_architecture-assurance-graph.md
0840	-	-	PENDING_GLOBAL_RECLASS	PENDING_GLOBAL_RECLASS	PENDING	PENDING	docs/knowledgeos/brainstorming/phase_measure_theory/20260830-012424_step_212_architecture-gap-discovery.md
0841	-	-	PENDING_GLOBAL_RECLASS	PENDING_GLOBAL_RECLASS	PENDING	PENDING	docs/knowledgeos/brainstorming/phase_measure_theory/20260830-012547_step_213_evidence-first-reconstruction.md
0842	-	-	PENDING_GLOBAL_RECLASS	PENDING_GLOBAL_RECLASS	PENDING	PENDING	docs/knowledgeos/brainstorming/phase_measure_theory/20260830-014030_step_214_build-the-evidence-ledger.md
0843	-	-	PENDING_GLOBAL_RECLASS	PENDING_GLOBAL_RECLASS	PENDING	PENDING	docs/knowledgeos/brainstorming/phase_measure_theory/20260830-014143_step_215_reconstruct-steps-1-182.md
0844	-	-	PENDING_GLOBAL_RECLASS	PENDING_GLOBAL_RECLASS	PENDING	PENDING	docs/knowledgeos/brainstorming/phase_measure_theory/20260830-014501_step_216_freeze-the-method-before-we-reconstruct.md
0845	-	-	PENDING_GLOBAL_RECLASS	PENDING_GLOBAL_RECLASS	PENDING	PENDING	docs/knowledgeos/brainstorming/phase_measure_theory/20260830-015113_step_218_build-the-evidence-ledger-before-further-theory.md
0846	-	-	PENDING_GLOBAL_RECLASS	PENDING_GLOBAL_RECLASS	PENDING	PENDING	docs/knowledgeos/brainstorming/phase_measure_theory/20260830-091728_step_219_evidence-audit-establish-the-ground-truth.md
0847	-	-	PENDING_GLOBAL_RECLASS	PENDING_GLOBAL_RECLASS	PENDING	PENDING	docs/knowledgeos/brainstorming/phase_measure_theory/20260830-091849_step_220_concept-genealogy-find-the-origins-of-the-architecture.md
0848	-	-	PENDING_GLOBAL_RECLASS	PENDING_GLOBAL_RECLASS	PENDING	PENDING	docs/knowledgeos/brainstorming/phase_measure_theory/20260830-092132_step_221_build-the-concept-genealogy-map.md
0849	-	-	PENDING_GLOBAL_RECLASS	PENDING_GLOBAL_RECLASS	PENDING	PENDING	docs/knowledgeos/brainstorming/phase_measure_theory/20260830-092248_step_222_falsification-pass-try-to-break-the-candidate-architecture.md
0850	-	-	PENDING_GLOBAL_RECLASS	PENDING_GLOBAL_RECLASS	PENDING	PENDING	docs/knowledgeos/brainstorming/phase_measure_theory/20260830-092422_step_223_historical-falsification-audit-extraction-protocol.md
0851	-	-	PENDING_GLOBAL_RECLASS	PENDING_GLOBAL_RECLASS	PENDING	PENDING	docs/knowledgeos/brainstorming/phase_measure_theory/20260830-092512_step_224_historical-baseline-freeze-what-existed-at-step-182.md
0852	-	-	PENDING_GLOBAL_RECLASS	PENDING_GLOBAL_RECLASS	PENDING	PENDING	docs/knowledgeos/brainstorming/phase_measure_theory/20260830-092757_step_225_establish-the-historical-baseline-a-h.md
0853	-	-	PENDING_GLOBAL_RECLASS	PENDING_GLOBAL_RECLASS	PENDING	PENDING	docs/knowledgeos/brainstorming/phase_measure_theory/20260830-093751_step_226_reconstruct-the-architecture-timeline.md
0854	-	-	PENDING_GLOBAL_RECLASS	PENDING_GLOBAL_RECLASS	PENDING	PENDING	docs/knowledgeos/brainstorming/phase_measure_theory/20260830-093904_step_227_identify-the-architectural-phase-transitions.md
0855	-	-	PENDING_GLOBAL_RECLASS	PENDING_GLOBAL_RECLASS	PENDING	PENDING	docs/knowledgeos/brainstorming/phase_measure_theory/20260830-094439_step_228_falsification-matrix-for-the-candidate-architecture.md
0856	-	-	PENDING_GLOBAL_RECLASS	PENDING_GLOBAL_RECLASS	PENDING	PENDING	docs/knowledgeos/brainstorming/phase_measure_theory/20260830-094507_step_230_derive-the-minimal-architectural-kernel-of-knowledgeos.md
0857	-	-	PENDING_GLOBAL_RECLASS	PENDING_GLOBAL_RECLASS	PENDING	PENDING	docs/knowledgeos/brainstorming/phase_measure_theory/20260830-094626_step_231_define-the-mathematical-space-of-knowledge.md
0858	-	-	PENDING_GLOBAL_RECLASS	PENDING_GLOBAL_RECLASS	PENDING	PENDING	docs/knowledgeos/brainstorming/phase_measure_theory/20260830-095110_step_232_the-knowledge-state-algebra.md
0859	-	-	PENDING_GLOBAL_RECLASS	PENDING_GLOBAL_RECLASS	PENDING	PENDING	docs/knowledgeos/brainstorming/phase_measure_theory/20260830-095129_step_233_empirical-validation-of-the-mathematical-kernel-against-knowledgeos.md
0860	-	-	PENDING_GLOBAL_RECLASS	PENDING_GLOBAL_RECLASS	PENDING	PENDING	docs/knowledgeos/brainstorming/phase_measure_theory/20260830-100912_step_234_canonical-alignment-audit-framework.md
0861	-	-	PENDING_GLOBAL_RECLASS	PENDING_GLOBAL_RECLASS	PENDING	PENDING	docs/knowledgeos/brainstorming/phase_measure_theory/20260830-100915_step_235_phase-reconstruction-of-steps-1-182.md
0862	-	-	PENDING_GLOBAL_RECLASS	PENDING_GLOBAL_RECLASS	PENDING	PENDING	docs/knowledgeos/brainstorming/phase_measure_theory/20260830-101301_step_236_first-evidence-based-finding-we-have-a-problem-with-the-existing-reconstruction.md
0863	-	-	PENDING_GLOBAL_RECLASS	PENDING_GLOBAL_RECLASS	PENDING	PENDING	docs/knowledgeos/brainstorming/phase_measure_theory/20260830-101859_step_237_phase-1-archaeology-evidence-based-reconstruction.md
0864	-	-	PENDING_GLOBAL_RECLASS	PENDING_GLOBAL_RECLASS	PENDING	PENDING	docs/knowledgeos/brainstorming/phase_measure_theory/20260830-102251_step_238_regime-comparison-matrix.md
0865	-	-	PENDING_GLOBAL_RECLASS	PENDING_GLOBAL_RECLASS	PENDING	PENDING	docs/knowledgeos/brainstorming/phase_measure_theory/20260830-102425_step_239_kernel-genealogy-and-claim-registry.md
0866	-	-	PENDING_GLOBAL_RECLASS	PENDING_GLOBAL_RECLASS	PENDING	PENDING	docs/knowledgeos/brainstorming/phase_measure_theory/20260830-102547_step_240_contradiction-registry-the-mathematical-model-has-not-yet-stabilized.md
0867	-	-	PENDING_GLOBAL_RECLASS	PENDING_GLOBAL_RECLASS	PENDING	PENDING	docs/knowledgeos/brainstorming/phase_measure_theory/20260830-103825_step_241_dependency-graph-of-the-knowledgeos-theory.md
0868	-	-	PENDING_GLOBAL_RECLASS	PENDING_GLOBAL_RECLASS	PENDING	PENDING	docs/knowledgeos/brainstorming/phase_measure_theory/20260830-104201_step_241_dependency-graph-of-the-knowledgeos-theory-numbering-correction.md
0869	-	-	PENDING_GLOBAL_RECLASS	PENDING_GLOBAL_RECLASS	PENDING	PENDING	docs/knowledgeos/brainstorming/phase_measure_theory/20260830-104321_step_242_kernel-candidate-reconstruction-and-formal-comparison.md
0870	-	-	PENDING_GLOBAL_RECLASS	PENDING_GLOBAL_RECLASS	PENDING	PENDING	docs/knowledgeos/brainstorming/phase_measure_theory/20260830-105650_step_243_formal-reduction-and-layer-correspondence-test.md
0871	-	-	PENDING_GLOBAL_RECLASS	PENDING_GLOBAL_RECLASS	PENDING	PENDING	docs/knowledgeos/brainstorming/phase_measure_theory/20260830-110018_step_244_next-mandate-from-kernel-discussion-to-formal-construction.md
0872	-	-	PENDING_GLOBAL_RECLASS	PENDING_GLOBAL_RECLASS	PENDING	PENDING	docs/knowledgeos/brainstorming/phase_measure_theory/20260830-110509_step_245_constructing-an-actual-knowledge-state-k-0.md
0873	-	-	PENDING_GLOBAL_RECLASS	PENDING_GLOBAL_RECLASS	PENDING	PENDING	docs/knowledgeos/brainstorming/phase_measure_theory/20260830-110559_step_245_constructing-an-actual-knowledge-state-k-0-duplicate.md
0874	-	-	PENDING_GLOBAL_RECLASS	PENDING_GLOBAL_RECLASS	PENDING	PENDING	docs/knowledgeos/brainstorming/phase_measure_theory/20260830-111107_step_246_identity-equality-contradiction-and-uncertainty-stress-test.md
0875	-	-	PENDING_GLOBAL_RECLASS	PENDING_GLOBAL_RECLASS	PENDING	PENDING	docs/knowledgeos/brainstorming/phase_measure_theory/20260830-182415_step_248_transformation-congruence-and-state-sufficiency-test.md
0876	-	-	PENDING_GLOBAL_RECLASS	PENDING_GLOBAL_RECLASS	PENDING	PENDING	docs/knowledgeos/brainstorming/phase_measure_theory/20260830-182521_step_247_state-vs-history-sufficiency-test.md
0877	-	-	PENDING_GLOBAL_RECLASS	PENDING_GLOBAL_RECLASS	PENDING	PENDING	docs/knowledgeos/brainstorming/phase_measure_theory/20260830-182534_step_248_transformation-congruence-and-state-sufficiency-test-duplicate.md
0878	-	-	PENDING_GLOBAL_RECLASS	PENDING_GLOBAL_RECLASS	PENDING	PENDING	docs/knowledgeos/brainstorming/phase_measure_theory/20260830-183519_step_250_corpus-derived-transformation-ontology.md
0879	-	-	PENDING_GLOBAL_RECLASS	PENDING_GLOBAL_RECLASS	PENDING	PENDING	docs/knowledgeos/brainstorming/phase_measure_theory/20260830-183548_step_249_transformation-algebra-reconstruction.md
0880	-	-	PENDING_GLOBAL_RECLASS	PENDING_GLOBAL_RECLASS	PENDING	PENDING	docs/knowledgeos/brainstorming/phase_measure_theory/20260830-183629_step_251_full-historical-genealogy-and-reconciliation-of-the-transition-model.md
0881	-	-	PENDING_GLOBAL_RECLASS	PENDING_GLOBAL_RECLASS	PENDING	PENDING	docs/knowledgeos/brainstorming/phase_measure_theory/20260830-184148_step_252_ddd-ubiquitous-language-and-semantic-boundary-audit.md
0882	-	-	PENDING_GLOBAL_RECLASS	PENDING_GLOBAL_RECLASS	PENDING	PENDING	docs/knowledgeos/brainstorming/phase_measure_theory/20260830-184830_step_253_primitive-object-and-type-system-audit.md
0883	-	-	PENDING_GLOBAL_RECLASS	PENDING_GLOBAL_RECLASS	PENDING	PENDING	docs/knowledgeos/brainstorming/phase_measure_theory/20260830-185450_step_254_formal-minimality-and-reconstruction-tests.md
0884	-	-	PENDING_GLOBAL_RECLASS	PENDING_GLOBAL_RECLASS	PENDING	PENDING	docs/knowledgeos/brainstorming/phase_measure_theory/20260830-185734_step_255_state-history-congruence-and-counterexample-catalogue.md
0885	-	-	PENDING_GLOBAL_RECLASS	PENDING_GLOBAL_RECLASS	PENDING	PENDING	docs/knowledgeos/brainstorming/phase_measure_theory/20260830-185954_step_256_formal-operation-signature-registry.md
0886	-	-	PENDING_GLOBAL_RECLASS	PENDING_GLOBAL_RECLASS	PENDING	PENDING	docs/knowledgeos/brainstorming/phase_measure_theory/20260830-190222_step_257_formalization-of-the-four-discriminating-operations.md
0887	-	-	PENDING_GLOBAL_RECLASS	PENDING_GLOBAL_RECLASS	PENDING	PENDING	docs/knowledgeos/brainstorming/phase_measure_theory/20260830-190941_step_258_identity-equality-and-knowledge-state-equivalence.md
0888	-	-	PENDING_GLOBAL_RECLASS	PENDING_GLOBAL_RECLASS	PENDING	PENDING	docs/knowledgeos/brainstorming/phase_measure_theory/20260830-191956_step_260_minimality-of-the-knowledge-state.md
0889	-	-	PENDING_GLOBAL_RECLASS	PENDING_GLOBAL_RECLASS	PENDING	PENDING	docs/knowledgeos/brainstorming/phase_measure_theory/20260830-192058_step_259_congruence-matrix.md
0890	-	-	PENDING_GLOBAL_RECLASS	PENDING_GLOBAL_RECLASS	PENDING	PENDING	docs/knowledgeos/brainstorming/phase_measure_theory/20260830-192425_step_261_equality-and-identity.md
0891	-	-	PENDING_GLOBAL_RECLASS	PENDING_GLOBAL_RECLASS	PENDING	PENDING	docs/knowledgeos/brainstorming/phase_measure_theory/20260830-192707_step_262_proposition-assertion-type.md
0892	-	-	PENDING_GLOBAL_RECLASS	PENDING_GLOBAL_RECLASS	PENDING	PENDING	docs/knowledgeos/brainstorming/phase_measure_theory/20260830-192926_step_263_entity-dimension-value-type-system.md
0893	-	-	PENDING_GLOBAL_RECLASS	PENDING_GLOBAL_RECLASS	PENDING	PENDING	docs/knowledgeos/brainstorming/phase_measure_theory/20260830-193536_step_264_value-space-and-measurement-semantics.md
0894	-	-	PENDING_GLOBAL_RECLASS	PENDING_GLOBAL_RECLASS	PENDING	PENDING	docs/knowledgeos/brainstorming/phase_measure_theory/20260830-194332_step_265_provenance-placement.md
0895	-	-	PENDING_GLOBAL_RECLASS	PENDING_GLOBAL_RECLASS	PENDING	PENDING	docs/knowledgeos/brainstorming/phase_measure_theory/20260830-195450_step_266_computability-audit.md
0896	-	-	PENDING_GLOBAL_RECLASS	PENDING_GLOBAL_RECLASS	PENDING	PENDING	docs/knowledgeos/brainstorming/phase_measure_theory/20260830-195900_step_267_empirical-bridge-to-knowledgeos.md
0897	-	-	PENDING_GLOBAL_RECLASS	PENDING_GLOBAL_RECLASS	PENDING	PENDING	docs/knowledgeos/brainstorming/phase_measure_theory/20260830-200907_step_269_policy-semantics-and-the-final-formal-blocker.md
0898	-	-	PENDING_GLOBAL_RECLASS	PENDING_GLOBAL_RECLASS	PENDING	PENDING	docs/knowledgeos/brainstorming/phase_measure_theory/20260830-202840_step_270_adversarial-policy-evidence-assessment-closure-audit.md
0899	-	-	PENDING_GLOBAL_RECLASS	PENDING_GLOBAL_RECLASS	PENDING	PENDING	docs/knowledgeos/brainstorming/phase_measure_theory/20260830-202934_step_269_policy-semantics-and-the-final-formal-blocker-duplicate.md
0900	-	-	PENDING_GLOBAL_RECLASS	PENDING_GLOBAL_RECLASS	PENDING	PENDING	docs/knowledgeos/brainstorming/phase_measure_theory/20260830-204917_step_271_policy-semantic-minimality-and-assessment-boundary.md
0901	-	-	PENDING_GLOBAL_RECLASS	PENDING_GLOBAL_RECLASS	PENDING	PENDING	docs/knowledgeos/brainstorming/phase_measure_theory/20260830-214317_step_274_knowledge-state-algebra-and-closure.md
0902	-	-	PENDING_GLOBAL_RECLASS	PENDING_GLOBAL_RECLASS	PENDING	PENDING	docs/knowledgeos/brainstorming/phase_measure_theory/20260830-214401_step_273_knowledge-state-sufficiency-and-minimality.md
0903	-	-	PENDING_GLOBAL_RECLASS	PENDING_GLOBAL_RECLASS	PENDING	PENDING	docs/knowledgeos/brainstorming/phase_measure_theory/20260830-214639_step_275_epistemic-state-reconstruction-and-dimension-separation.md
0904	-	-	PENDING_GLOBAL_RECLASS	PENDING_GLOBAL_RECLASS	PENDING	PENDING	docs/knowledgeos/brainstorming/phase_measure_theory/20260830-215434_step_276_foundational-gap-reconciliation-and-closure-audit.md
0905	-	-	PENDING_GLOBAL_RECLASS	PENDING_GLOBAL_RECLASS	PENDING	PENDING	docs/knowledgeos/brainstorming/phase_measure_theory/20260830-215443_step_276_foundational-gap-reconciliation-and-closure-audit-variant.md
0906	-	-	PENDING_GLOBAL_RECLASS	PENDING_GLOBAL_RECLASS	PENDING	PENDING	docs/knowledgeos/brainstorming/phase_measure_theory/20260830-215918_step_276_foundational-gap-reconciliation-and-closure-audit-final.md
0907	-	-	PENDING_GLOBAL_RECLASS	PENDING_GLOBAL_RECLASS	PENDING	PENDING	docs/knowledgeos/brainstorming/phase_measure_theory/20260830-220134_step_277_transformation-inventory-and-o-core-closure.md
0908	-	-	PENDING_GLOBAL_RECLASS	PENDING_GLOBAL_RECLASS	PENDING	PENDING	docs/knowledgeos/brainstorming/phase_measure_theory/20260830-221415_step_278_policy-authority-integration-and-executable-semantics.md
0909	-	-	PENDING_GLOBAL_RECLASS	PENDING_GLOBAL_RECLASS	PENDING	PENDING	docs/knowledgeos/brainstorming/phase_measure_theory/20260830-221629_step_278_policy-authority-integration-and-executable-semantics-v2.md
0910	-	-	PENDING_GLOBAL_RECLASS	PENDING_GLOBAL_RECLASS	PENDING	PENDING	docs/knowledgeos/brainstorming/phase_measure_theory/20260830-222159_step_278_policy-authority-integration-temporal-semantics-and-governance-closure-final.md
0911	-	-	PENDING_GLOBAL_RECLASS	PENDING_GLOBAL_RECLASS	PENDING	PENDING	docs/knowledgeos/brainstorming/phase_measure_theory/20260830-224242_step_272a_core-operation-universe-derivation.md
0912	-	-	PENDING_GLOBAL_RECLASS	PENDING_GLOBAL_RECLASS	PENDING	PENDING	docs/knowledgeos/brainstorming/phase_measure_theory/20260830-225058_step_272b_minimum-epistemic-status-structure-derivation.md
0913	-	-	PENDING_GLOBAL_RECLASS	PENDING_GLOBAL_RECLASS	PENDING	PENDING	docs/knowledgeos/brainstorming/phase_measure_theory/20260830-230412_step_279_policy-and-authority-executable-implementation.md
0914	-	-	PENDING_GLOBAL_RECLASS	PENDING_GLOBAL_RECLASS	PENDING	PENDING	docs/knowledgeos/brainstorming/phase_measure_theory/20260830-230729_step_279_policy-and-authority-executable-implementation-revised.md
0915	-	-	PENDING_GLOBAL_RECLASS	PENDING_GLOBAL_RECLASS	PENDING	PENDING	docs/knowledgeos/brainstorming/phase_measure_theory/20260830-231637_step_280_end-to-end-empirical-closure-test.md
0916	-	-	PENDING_GLOBAL_RECLASS	PENDING_GLOBAL_RECLASS	PENDING	PENDING	docs/knowledgeos/brainstorming/phase_measure_theory/20260830-231840_step_280_end-to-end-empirical-closure-test-extended.md
0917	-	-	PENDING_GLOBAL_RECLASS	PENDING_GLOBAL_RECLASS	PENDING	PENDING	docs/knowledgeos/brainstorming/phase_measure_theory/20260830-233940_step_281_supervisory-commission-missingness-revision-and-gap-closure-verification.md
0918	-	-	PENDING_GLOBAL_RECLASS	PENDING_GLOBAL_RECLASS	PENDING	PENDING	docs/knowledgeos/brainstorming/phase_measure_theory/20260830-234402_step_281_correction-and-missing-part.md
0919	-	-	PENDING_GLOBAL_RECLASS	PENDING_GLOBAL_RECLASS	PENDING	PENDING	docs/knowledgeos/brainstorming/phase_measure_theory/20260831-000627_step_282_theory-closure-decision-and-readiness-determination.md
0920	-	-	PENDING_GLOBAL_RECLASS	PENDING_GLOBAL_RECLASS	PENDING	PENDING	docs/knowledgeos/brainstorming/phase_measure_theory/20260831-001049_step_282_required-completion-and-correction-part.md
0921	-	-	PENDING_GLOBAL_RECLASS	PENDING_GLOBAL_RECLASS	PENDING	PENDING	docs/knowledgeos/brainstorming/phase_measure_theory/20260831-001525_step_282_supervisory-review-of-original-step-282.md
0922	-	-	PENDING_GLOBAL_RECLASS	PENDING_GLOBAL_RECLASS	PENDING	PENDING	docs/knowledgeos/brainstorming/phase_measure_theory/20260831-001754_step_282_hpa-ruling-theory-criticality-and-residual-gap-classification.md
0923	-	-	PENDING_GLOBAL_RECLASS	PENDING_GLOBAL_RECLASS	PENDING	PENDING	docs/knowledgeos/brainstorming/phase_measure_theory/20260831-001927_step_282_claude-execution-prompt-residual-gap-closure-gate.md
0924	-	-	PENDING_GLOBAL_RECLASS	PENDING_GLOBAL_RECLASS	PENDING	PENDING	docs/knowledgeos/brainstorming/phase_measure_theory/20260831-002939_review-what-we-have-actually-built-so-far.md
0925	-	-	PENDING_GLOBAL_RECLASS	PENDING_GLOBAL_RECLASS	PENDING	PENDING	docs/knowledgeos/brainstorming/phase_measure_theory/20260831-003737_step_282_theory-closure-decision.md
0926	-	-	PENDING_GLOBAL_RECLASS	PENDING_GLOBAL_RECLASS	PENDING	PENDING	docs/knowledgeos/brainstorming/phase_measure_theory/20260831-005646_step_283_governance-ratification-and-authority-recording.md
0927	-	-	PENDING_GLOBAL_RECLASS	PENDING_GLOBAL_RECLASS	PENDING	PENDING	docs/knowledgeos/brainstorming/phase_measure_theory/20260831-005956_step_283_missing-part-governance-decision-protocol-authority-provenance-and-closure-criteria.md
0928	-	-	PENDING_GLOBAL_RECLASS	PENDING_GLOBAL_RECLASS	PENDING	PENDING	docs/knowledgeos/brainstorming/phase_measure_theory/20260831-010447_step_284_revised-post-step-283-roadmap-duplicate.md
0929	-	-	PENDING_GLOBAL_RECLASS	PENDING_GLOBAL_RECLASS	PENDING	PENDING	docs/knowledgeos/brainstorming/phase_measure_theory/20260831-011436_step_284_revised-post-step-283-roadmap.md
0930	-	-	PENDING_GLOBAL_RECLASS	PENDING_GLOBAL_RECLASS	PENDING	PENDING	docs/knowledgeos/brainstorming/phase_measure_theory/external_research/20260831-013900_hpa-supervisory-review-philosophical-inspiration-refined-and-corrected.md
0931	-	-	PENDING_GLOBAL_RECLASS	PENDING_GLOBAL_RECLASS	PENDING	PENDING	docs/knowledgeos/brainstorming/phase_measure_theory/20260827-114638_my-recommendation.md
0932	-	-	PENDING_GLOBAL_RECLASS	PENDING_GLOBAL_RECLASS	PENDING	PENDING	docs/knowledgeos/brainstorming/phase_measure_theory/external_research/20260831-141551_hpa-supervisory-review-integration-of-chapter-5-interpretation-with-sarath.md
0933	-	-	PENDING_GLOBAL_RECLASS	PENDING_GLOBAL_RECLASS	PENDING	PENDING	docs/knowledgeos/brainstorming/phase_measure_theory/external_research/20260831-141812_hpa-supervisory-review-chapter-4-integration-with-knowledgeos-theory.md
0934	-	-	PENDING_GLOBAL_RECLASS	PENDING_GLOBAL_RECLASS	PENDING	PENDING	docs/knowledgeos/brainstorming/phase_measure_theory/external_research/20260831-142130_step_25i_knowledge-atma-algebra-identity-continuity-and-transformation.md
0935	-	-	PENDING_GLOBAL_RECLASS	PENDING_GLOBAL_RECLASS	PENDING	PENDING	docs/knowledgeos/brainstorming/phase_measure_theory/external_research/20260831-143035_hpa-analysis-gita-chapter-06-philosophical-contributions-to-knowledgeos.md
0936	-	-	PENDING_GLOBAL_RECLASS	PENDING_GLOBAL_RECLASS	PENDING	PENDING	docs/knowledgeos/brainstorming/phase_measure_theory/external_research/20260831-143038_hpa-senior-review-gita-chapter-6-knowledgeos-as-epistemic-discipline.md
0937	-	-	PENDING_GLOBAL_RECLASS	PENDING_GLOBAL_RECLASS	PENDING	PENDING	docs/knowledgeos/brainstorming/phase_measure_theory/external_research/20260831-143235_step_25j_complete-knowledgeos-transition-system.md
0938	-	-	PENDING_GLOBAL_RECLASS	PENDING_GLOBAL_RECLASS	PENDING	PENDING	docs/knowledgeos/brainstorming/phase_measure_theory/external_research/20260831-151551_knowledgeos-complete-flowchart.md
0939	-	-	PENDING_GLOBAL_RECLASS	PENDING_GLOBAL_RECLASS	PENDING	PENDING	docs/knowledgeos/brainstorming/phase_measure_theory/external_research/20260831-151606_knowledgeos-complete-pseudo-algorithm.md
0940	-	-	PENDING_GLOBAL_RECLASS	PENDING_GLOBAL_RECLASS	PENDING	PENDING	docs/knowledgeos/brainstorming/phase_measure_theory/external_research/20260831-152721_hpa-response-distribution-theory-and-fourier-analysis-in-knowledgeos.md
0941	-	-	PENDING_GLOBAL_RECLASS	PENDING_GLOBAL_RECLASS	PENDING	PENDING	docs/knowledgeos/brainstorming/phase_measure_theory/external_research/20260831-153146_step_284_missings-of-architecture.md
0942	-	-	PENDING_GLOBAL_RECLASS	PENDING_GLOBAL_RECLASS	PENDING	PENDING	docs/knowledgeos/brainstorming/phase_measure_theory/external_research/20260831-153736_hpa-comprehensive-synthesis-missing-architecture-and-theory-of-knowledgeos.md
0943	-	-	PENDING_GLOBAL_RECLASS	PENDING_GLOBAL_RECLASS	PENDING	PENDING	docs/knowledgeos/brainstorming/phase_measure_theory/external_research/20260831-154147_hpa-analysis-gita-chapter-07-philosophical-contributions-to-knowledgeos.md
0944	-	-	PENDING_GLOBAL_RECLASS	PENDING_GLOBAL_RECLASS	PENDING	PENDING	docs/knowledgeos/brainstorming/phase_measure_theory/20260831-155137_step_284_assessment-of-current-state.md
0945	-	-	PENDING_GLOBAL_RECLASS	PENDING_GLOBAL_RECLASS	PENDING	PENDING	docs/knowledgeos/brainstorming/phase_measure_theory/external_research/20260831-161009_hpa-analysis-transformation-theory-in-the-bhagavad-gita.md
0946	-	-	PENDING_GLOBAL_RECLASS	PENDING_GLOBAL_RECLASS	PENDING	PENDING	docs/knowledgeos/brainstorming/phase_measure_theory/external_research/20260831-161028_hpa-analysis-gita-chapter-08-philosophical-contributions-to-knowledgeos.md
0947	-	-	PENDING_GLOBAL_RECLASS	PENDING_GLOBAL_RECLASS	PENDING	PENDING	docs/knowledgeos/brainstorming/phase_measure_theory/external_research/20260831-161041_hpa-final-ruling-knowledgeos-programme-transition-and-new-roadmap.md
0948	-	-	PENDING_GLOBAL_RECLASS	PENDING_GLOBAL_RECLASS	PENDING	PENDING	docs/knowledgeos/brainstorming/phase_measure_theory/external_research/20260831-164308_knowledgeos-complete-knowledge-transfer-document.md
0949	-	-	PENDING_GLOBAL_RECLASS	PENDING_GLOBAL_RECLASS	PENDING	PENDING	docs/knowledgeos/brainstorming/phase_measure_theory/20260831-164357_hpa-comprehensive-review-of-implementation-readiness-master-matrix.md
0950	-	-	PENDING_GLOBAL_RECLASS	PENDING_GLOBAL_RECLASS	PENDING	PENDING	docs/knowledgeos/brainstorming/phase_measure_theory/external_research/20260831-164704_hpa-complete-gita-knowledgeos-term-correspondence.md
0951	-	-	PENDING_GLOBAL_RECLASS	PENDING_GLOBAL_RECLASS	PENDING	PENDING	docs/knowledgeos/brainstorming/phase_measure_theory/external_research/20260831-165001_hpa-analysis-transformation-theory-in-the-bhagavad-gita-duplicate.md
0952	-	-	PENDING_GLOBAL_RECLASS	PENDING_GLOBAL_RECLASS	PENDING	PENDING	docs/knowledgeos/brainstorming/phase_measure_theory/external_research/20260831-165053_hpa-analysis-gita-chapter-08-philosophical-contributions-duplicate.md
0953	-	-	PENDING_GLOBAL_RECLASS	PENDING_GLOBAL_RECLASS	PENDING	PENDING	docs/knowledgeos/brainstorming/phase_measure_theory/external_research/20260831-165319_hpa-analysis-gita-chapter-09-royal-knowledge-and-the-transformation-of-all.md
0954	-	-	PENDING_GLOBAL_RECLASS	PENDING_GLOBAL_RECLASS	PENDING	PENDING	docs/knowledgeos/brainstorming/phase_measure_theory/external_research/20260831-165523_hpa-analysis-gita-chapter-10-the-complete-ontology-of-transformation.md
0955	-	-	PENDING_GLOBAL_RECLASS	PENDING_GLOBAL_RECLASS	PENDING	PENDING	docs/knowledgeos/brainstorming/phase_measure_theory/external_research/20260831-165824_hpa-analysis-gita-chapter-11-the-cosmic-form-and-the-ultimate-transformatio.md
0956	-	-	PENDING_GLOBAL_RECLASS	PENDING_GLOBAL_RECLASS	PENDING	PENDING	docs/knowledgeos/brainstorming/phase_measure_theory/external_research/20260831-170040_hpa-analysis-gita-chapter-12-bhakti-yoga-and-the-final-synthesis-of-knowled.md
0957	-	-	PENDING_GLOBAL_RECLASS	PENDING_GLOBAL_RECLASS	PENDING	PENDING	docs/knowledgeos/brainstorming/phase_measure_theory/external_research/20260831-170234_hpa-analysis-gita-chapter-13-the-field-and-the-knower-of-the-field.md
0958	-	-	PENDING_GLOBAL_RECLASS	PENDING_GLOBAL_RECLASS	PENDING	PENDING	docs/knowledgeos/brainstorming/phase_measure_theory/external_research/20260831-170403_hpa-analysis-gita-chapter-14-the-three-modes-of-material-nature-and-their-t.md
0959	-	-	PENDING_GLOBAL_RECLASS	PENDING_GLOBAL_RECLASS	PENDING	PENDING	docs/knowledgeos/brainstorming/phase_measure_theory/external_research/20260831-170546_hpa-analysis-gita-chapter-15-the-complete-theory-of-knowledge-identity-and.md
0960	-	-	PENDING_GLOBAL_RECLASS	PENDING_GLOBAL_RECLASS	PENDING	PENDING	docs/knowledgeos/brainstorming/phase_measure_theory/external_research/20260831-171736_hpa-analysis-gita-chapter-16-philosophical-contributions-to-knowledgeos.md
0961	-	-	PENDING_GLOBAL_RECLASS	PENDING_GLOBAL_RECLASS	PENDING	PENDING	docs/knowledgeos/brainstorming/phase_measure_theory/external_research/20260831-171849_hpa-analysis-gita-chapter-17-philosophical-contributions-to-knowledgeos.md
0962	-	-	PENDING_GLOBAL_RECLASS	PENDING_GLOBAL_RECLASS	PENDING	PENDING	docs/knowledgeos/brainstorming/phase_measure_theory/external_research/20260831-172006_hpa-analysis-gita-chapter-18-philosophical-contributions-to-knowledgeos.md
0963	-	-	PENDING_GLOBAL_RECLASS	PENDING_GLOBAL_RECLASS	PENDING	PENDING	docs/knowledgeos/brainstorming/phase_measure_theory/external_research/20260831-172125_hpa-analysis-gita-chapter-01-philosophical-contributions-to-knowledgeos.md
0964	-	-	PENDING_GLOBAL_RECLASS	PENDING_GLOBAL_RECLASS	PENDING	PENDING	docs/knowledgeos/brainstorming/phase_measure_theory/external_research/20260831-172247_hpa-analysis-gita-chapter-02-philosophical-contributions-to-knowledgeos.md
0965	-	-	PENDING_GLOBAL_RECLASS	PENDING_GLOBAL_RECLASS	PENDING	PENDING	docs/knowledgeos/brainstorming/phase_measure_theory/external_research/20260831-172407_hpa-analysis-gita-chapter-03-application-to-knowledgeos-theory.md
0966	-	-	PENDING_GLOBAL_RECLASS	PENDING_GLOBAL_RECLASS	PENDING	PENDING	docs/knowledgeos/brainstorming/phase_measure_theory/external_research/20260831-172517_hpa-analysis-gita-chapter-04-application-to-knowledgeos-theory.md
0967	-	-	PENDING_GLOBAL_RECLASS	PENDING_GLOBAL_RECLASS	PENDING	PENDING	docs/knowledgeos/brainstorming/phase_measure_theory/external_research/20260831-172642_hpa-analysis-gita-chapter-05-application-to-knowledgeos-theory.md
0968	-	-	PENDING_GLOBAL_RECLASS	PENDING_GLOBAL_RECLASS	PENDING	PENDING	docs/knowledgeos/brainstorming/phase_measure_theory/20260831-172744_review-overall-verdict.md
0969	-	-	PENDING_GLOBAL_RECLASS	PENDING_GLOBAL_RECLASS	PENDING	PENDING	docs/knowledgeos/brainstorming/phase_measure_theory/20260831-173224_step_285_canonical-state-reconciliation.md
0970	-	-	PENDING_GLOBAL_RECLASS	PENDING_GLOBAL_RECLASS	PENDING	PENDING	docs/knowledgeos/brainstorming/phase_measure_theory/external_research/20260831-142000_step_285_gita-informed-reading-canonical-state-research.md
0971	-	-	PENDING_GLOBAL_RECLASS	PENDING_GLOBAL_RECLASS	PENDING	PENDING	docs/knowledgeos/brainstorming/phase_measure_theory/external_research/20260831-175438_step_286_knowledgeos-complete-gita-integration-synthesis.md
0972	-	-	PENDING_GLOBAL_RECLASS	PENDING_GLOBAL_RECLASS	PENDING	PENDING	docs/knowledgeos/brainstorming/phase_measure_theory/knowledgeos_kernel/20260831-180039_step_285_canonical-state-reconciliation-gita-informed-lens.md
0973	-	-	PENDING_GLOBAL_RECLASS	PENDING_GLOBAL_RECLASS	PENDING	PENDING	docs/knowledgeos/brainstorming/phase_measure_theory/knowledgeos_kernel/20260831-182217_step_286_draft-gita-hypothesis-programme-dictionary-as-input-layer.md
0974	-	-	PENDING_GLOBAL_RECLASS	PENDING_GLOBAL_RECLASS	PENDING	PENDING	docs/knowledgeos/brainstorming/phase_measure_theory/knowledgeos_kernel/research/exec/t285_reconcile.py
0975	-	-	PENDING_GLOBAL_RECLASS	PENDING_GLOBAL_RECLASS	PENDING	PENDING	docs/knowledgeos/brainstorming/phase_measure_theory/knowledgeos_kernel/research/D285-8-GITA-RESEARCH-APPENDIX.md
0976	-	-	PENDING_GLOBAL_RECLASS	PENDING_GLOBAL_RECLASS	PENDING	PENDING	docs/knowledgeos/brainstorming/phase_measure_theory/knowledgeos_kernel/research/R1-SOURCE-EVIDENCE-REGISTER.md
0977	-	-	PENDING_GLOBAL_RECLASS	PENDING_GLOBAL_RECLASS	PENDING	PENDING	docs/knowledgeos/brainstorming/phase_measure_theory/knowledgeos_kernel/research/exec/OUT-t285.txt
0978	-	-	PENDING_GLOBAL_RECLASS	PENDING_GLOBAL_RECLASS	PENDING	PENDING	docs/knowledgeos/brainstorming/phase_measure_theory/knowledgeos_kernel/20260831-183219_step_286_revised-gita-knowledgeos-hypothesis-research-programme.md
0979	-	-	PENDING_GLOBAL_RECLASS	PENDING_GLOBAL_RECLASS	PENDING	PENDING	docs/knowledgeos/brainstorming/phase_measure_theory/knowledgeos_kernel/research/01-GAP-UPDATE-FROM-REVISED-286.md
0980	-	-	PENDING_GLOBAL_RECLASS	PENDING_GLOBAL_RECLASS	PENDING	PENDING	docs/knowledgeos/brainstorming/phase_measure_theory/knowledgeos_kernel/research/R4-FALSIFICATION-INDEPENDENCE-REPORT.md
0981	-	-	PENDING_GLOBAL_RECLASS	PENDING_GLOBAL_RECLASS	PENDING	PENDING	docs/knowledgeos/brainstorming/phase_measure_theory/knowledgeos_kernel/prompts/20260831-184644_step_285_hpa-supervisory-review-d285-5-accepted-and-d285x-template-mandate.md
0982	-	-	PENDING_GLOBAL_RECLASS	PENDING_GLOBAL_RECLASS	PENDING	PENDING	docs/knowledgeos/brainstorming/phase_measure_theory/knowledgeos_kernel/research/exec/t285_equality.py
0983	-	-	PENDING_GLOBAL_RECLASS	PENDING_GLOBAL_RECLASS	PENDING	PENDING	docs/knowledgeos/brainstorming/phase_measure_theory/knowledgeos_kernel/research/exec/OUT-t285-equality.txt
0984	-	-	PENDING_GLOBAL_RECLASS	PENDING_GLOBAL_RECLASS	PENDING	PENDING	docs/knowledgeos/brainstorming/phase_measure_theory/knowledgeos_kernel/prompts/20260831-185218_step_285_d285-research-protocol-frozen-seven-stage-typing-mandate.md
0985	-	-	PENDING_GLOBAL_RECLASS	PENDING_GLOBAL_RECLASS	PENDING	PENDING	docs/knowledgeos/brainstorming/phase_measure_theory/knowledgeos_kernel/research/02-GAP-UPDATE-FROM-HPA-REVIEW-D285-5.md
0986	-	-	PENDING_GLOBAL_RECLASS	PENDING_GLOBAL_RECLASS	PENDING	PENDING	docs/knowledgeos/brainstorming/phase_measure_theory/knowledgeos_kernel/research/D285-2-KNOWER-STATE-BOUNDARY.md
0987	-	-	PENDING_GLOBAL_RECLASS	PENDING_GLOBAL_RECLASS	PENDING	PENDING	docs/knowledgeos/brainstorming/phase_measure_theory/knowledgeos_kernel/research/D285-4-TRANSFORMATION-TAXONOMY.md
0988	-	-	PENDING_GLOBAL_RECLASS	PENDING_GLOBAL_RECLASS	PENDING	PENDING	docs/knowledgeos/brainstorming/phase_measure_theory/knowledgeos_kernel/prompts/20260831-190025_step_286_reviewer-a-senior-review-of-r1-r5-with-nine-corrections.md
0989	-	-	PENDING_GLOBAL_RECLASS	PENDING_GLOBAL_RECLASS	PENDING	PENDING	docs/knowledgeos/brainstorming/phase_measure_theory/knowledgeos_kernel/prompts/20260831-190114_step_287_reviewer-b-equality-identity-semantics-observability-research-mandate.md
0990	-	-	PENDING_GLOBAL_RECLASS	PENDING_GLOBAL_RECLASS	PENDING	PENDING	docs/knowledgeos/brainstorming/phase_measure_theory/knowledgeos_kernel/prompts/20260831-190336_step_286_hpa-prompt-instructions-gap-update-and-methodological-standardization.md
0991	-	-	PENDING_GLOBAL_RECLASS	PENDING_GLOBAL_RECLASS	PENDING	PENDING	docs/knowledgeos/brainstorming/phase_measure_theory/knowledgeos_kernel/research/exec/e_equality.py
0992	-	-	PENDING_GLOBAL_RECLASS	PENDING_GLOBAL_RECLASS	PENDING	PENDING	docs/knowledgeos/brainstorming/phase_measure_theory/knowledgeos_kernel/research/exec/OUT-e-equality.txt
0993	-	-	PENDING_GLOBAL_RECLASS	PENDING_GLOBAL_RECLASS	PENDING	PENDING	docs/knowledgeos/brainstorming/phase_measure_theory/knowledgeos_kernel/research/04-GAP-UPDATE-TWO-REVIEWER-ANALYSIS.md
0994	-	-	PENDING_GLOBAL_RECLASS	PENDING_GLOBAL_RECLASS	PENDING	PENDING	docs/knowledgeos/brainstorming/phase_measure_theory/knowledgeos_kernel/research/E1-E7-EQUALITY-INVESTIGATION.md
0995	-	-	PENDING_GLOBAL_RECLASS	PENDING_GLOBAL_RECLASS	PENDING	PENDING	docs/knowledgeos/brainstorming/phase_measure_theory/knowledgeos_kernel/research/R3-HYPOTHESIS-REGISTER.md
0996	-	-	PENDING_GLOBAL_RECLASS	PENDING_GLOBAL_RECLASS	PENDING	PENDING	docs/knowledgeos/brainstorming/phase_measure_theory/knowledgeos_kernel/research/03-D285-PROTOCOL-CONFORMANT-HYPOTHESIS-DOSSIER.md
0997	-	-	PENDING_GLOBAL_RECLASS	PENDING_GLOBAL_RECLASS	PENDING	PENDING	docs/knowledgeos/brainstorming/phase_measure_theory/knowledgeos_kernel/research/R2-TRANSLATION-REGISTER.md
0998	-	-	PENDING_GLOBAL_RECLASS	PENDING_GLOBAL_RECLASS	PENDING	PENDING	docs/knowledgeos/brainstorming/phase_measure_theory/knowledgeos_kernel/research/R5-RESEARCH-TO-ARCHITECTURE-REPORT.md
0999	-	-	PENDING_GLOBAL_RECLASS	PENDING_GLOBAL_RECLASS	PENDING	PENDING	docs/knowledgeos/brainstorming/phase_measure_theory/knowledgeos_kernel/prompts/20260831-191402_step_285_reviewer-a-d285-package-readiness-review-with-scope-tightenings.md
1000	-	-	PENDING_GLOBAL_RECLASS	PENDING_GLOBAL_RECLASS	PENDING	PENDING	docs/knowledgeos/brainstorming/phase_measure_theory/knowledgeos_kernel/prompts/20260831-191435_step_285_reviewer-b-d285-package-synthesis-layered-model-confirmed.md
1001	-	-	PENDING_GLOBAL_RECLASS	PENDING_GLOBAL_RECLASS	PENDING	PENDING	docs/knowledgeos/brainstorming/phase_measure_theory/knowledgeos_kernel/prompts/20260831-194012_step_286_reviewer-b-gap-update-review-and-four-way-gap-classification.md
1002	-	-	PENDING_GLOBAL_RECLASS	PENDING_GLOBAL_RECLASS	PENDING	PENDING	docs/knowledgeos/brainstorming/phase_measure_theory/knowledgeos_kernel/prompts/20260831-195256_step_288_reviewer-b-evidence-freeze-and-d288-decision-procedure-closure-mandate.md
1003	-	-	PENDING_GLOBAL_RECLASS	PENDING_GLOBAL_RECLASS	PENDING	PENDING	docs/knowledgeos/brainstorming/phase_measure_theory/knowledgeos_kernel/research/05-GAP-UPDATE-TWO-REVIEWERS-FIVE-FILES.md
1004	-	-	PENDING_GLOBAL_RECLASS	PENDING_GLOBAL_RECLASS	PENDING	PENDING	docs/knowledgeos/brainstorming/phase_measure_theory/knowledgeos_kernel/prompts/20260831-195744_step_288_reviewer-b-evidence-freeze-and-d288-decision-procedure-closure-mandate-duplicate.md
1005	-	-	PENDING_GLOBAL_RECLASS	PENDING_GLOBAL_RECLASS	PENDING	PENDING	docs/knowledgeos/brainstorming/phase_measure_theory/knowledgeos_kernel/research/D288-SCOPE-DECISION-PROCEDURE-CLOSURE.md
1006	-	-	PENDING_GLOBAL_RECLASS	PENDING_GLOBAL_RECLASS	PENDING	PENDING	docs/knowledgeos/brainstorming/phase_measure_theory/knowledgeos_kernel/research/D285-1-STATE-ONTOLOGY-MATRIX.md
1007	-	-	PENDING_GLOBAL_RECLASS	PENDING_GLOBAL_RECLASS	PENDING	PENDING	docs/knowledgeos/brainstorming/phase_measure_theory/knowledgeos_kernel/research/D285-6-STATE-CANDIDATE-EVALUATION.md
1008	-	-	PENDING_GLOBAL_RECLASS	PENDING_GLOBAL_RECLASS	PENDING	PENDING	docs/knowledgeos/brainstorming/phase_measure_theory/knowledgeos_kernel/research/D285-7-KERNEL-CONSEQUENCE-MATRIX.md
1009	-	-	PENDING_GLOBAL_RECLASS	PENDING_GLOBAL_RECLASS	PENDING	PENDING	docs/knowledgeos/brainstorming/phase_measure_theory/knowledgeos_kernel/research/D285-5-ACTION-RESULT-TEST.md
1010	-	-	PENDING_GLOBAL_RECLASS	PENDING_GLOBAL_RECLASS	PENDING	PENDING	docs/knowledgeos/brainstorming/phase_measure_theory/knowledgeos_kernel/prompts/20260831-200239_step_284_hpa-supervisory-review-status-report-analysis-and-next-steps.md
1011	-	-	PENDING_GLOBAL_RECLASS	PENDING_GLOBAL_RECLASS	PENDING	PENDING	docs/knowledgeos/brainstorming/phase_measure_theory/knowledgeos_kernel/prompts/20260831-200600_step_286_gita-kos-conceptual-translation-register-v0.1.md
1012	-	-	PENDING_GLOBAL_RECLASS	PENDING_GLOBAL_RECLASS	PENDING	PENDING	docs/knowledgeos/brainstorming/phase_measure_theory/knowledgeos_kernel/prompts/20260831-200801_step_285_reviewer-a-knowledgeos-kernel-research-programme-steps-285-298.md
1013	-	-	PENDING_GLOBAL_RECLASS	PENDING_GLOBAL_RECLASS	PENDING	PENDING	docs/knowledgeos/brainstorming/phase_measure_theory/knowledgeos_kernel/prompts/20260831-201654_step_288_reviewer-b-evidence-freeze-d288-mandate-duplicate-2.md
1014	-	-	PENDING_GLOBAL_RECLASS	PENDING_GLOBAL_RECLASS	PENDING	PENDING	docs/knowledgeos/brainstorming/phase_measure_theory/knowledgeos_kernel/prompts/20260831-201712_step_288_reviewer-b-confirms-discovery-vs-formal-gap-correction.md
1015	-	-	PENDING_GLOBAL_RECLASS	PENDING_GLOBAL_RECLASS	PENDING	PENDING	docs/knowledgeos/brainstorming/phase_measure_theory/knowledgeos_kernel/research/06-GAP-UPDATE-FROM-TRANSLATION-REGISTER-AND-KERNEL-PROGRAMME.md
1016	-	-	PENDING_GLOBAL_RECLASS	PENDING_GLOBAL_RECLASS	PENDING	PENDING	docs/knowledgeos/brainstorming/phase_measure_theory/knowledgeos_kernel/research/07-GK-REGISTRY-RECONCILIATION.md
1017	-	-	PENDING_GLOBAL_RECLASS	PENDING_GLOBAL_RECLASS	PENDING	PENDING	docs/knowledgeos/brainstorming/phase_measure_theory/knowledgeos_kernel/prompts/20260831-203836_step_286_reviewer-sequencing-286-ontology-then-287-invariants-both-research-only.md
1018	-	-	PENDING_GLOBAL_RECLASS	PENDING_GLOBAL_RECLASS	PENDING	PENDING	docs/knowledgeos/brainstorming/phase_measure_theory/knowledgeos_kernel/prompts/20260831-203928_step_288_reviewer-b-consolidated-position-one-irreducible-blocker-qualify.md
1019	-	-	PENDING_GLOBAL_RECLASS	PENDING_GLOBAL_RECLASS	PENDING	PENDING	docs/knowledgeos/brainstorming/phase_measure_theory/knowledgeos_kernel/prompts/20260831-204016_step_285_hpa-supervisory-review-of-08-q-series-findings-accepted.md
1020	-	-	PENDING_GLOBAL_RECLASS	PENDING_GLOBAL_RECLASS	PENDING	PENDING	docs/knowledgeos/brainstorming/phase_measure_theory/knowledgeos_kernel/research/09-GAP-UPDATE-FROM-CAVELL-AND-REVIEW-ACCEPTANCE.md
1021	-	-	PENDING_GLOBAL_RECLASS	PENDING_GLOBAL_RECLASS	PENDING	PENDING	docs/knowledgeos/brainstorming/phase_measure_theory/knowledgeos_kernel/research/10-GOVERNANCE-HANDOFF-STEP-285-RATIFICATION.md
1022	-	-	PENDING_GLOBAL_RECLASS	PENDING_GLOBAL_RECLASS	PENDING	PENDING	docs/knowledgeos/brainstorming/phase_measure_theory/knowledgeos_kernel/prompts/20260831-210431_step_285_reviewer-review-of-refined-step-285-accept-with-seven-corrections.md
1023	-	-	PENDING_GLOBAL_RECLASS	PENDING_GLOBAL_RECLASS	PENDING	PENDING	docs/knowledgeos/brainstorming/phase_measure_theory/knowledgeos_kernel/prompts/20260831-211014_step_286_reviewer-review-of-refined-step-286-accept-with-five-corrections.md
1024	-	-	PENDING_GLOBAL_RECLASS	PENDING_GLOBAL_RECLASS	PENDING	PENDING	docs/knowledgeos/brainstorming/phase_measure_theory/knowledgeos_kernel/prompts/20260831-211057_step_286_reviewer-review-of-step-286-accept-with-tightening-two-hypotheses-split.md
1025	-	-	PENDING_GLOBAL_RECLASS	PENDING_GLOBAL_RECLASS	PENDING	PENDING	docs/knowledgeos/brainstorming/phase_measure_theory/knowledgeos_kernel/prompts/20260831-211125_step_285_reviewer-joint-review-of-refined-285-and-286-with-status-line-fixes.md
1026	-	-	PENDING_GLOBAL_RECLASS	PENDING_GLOBAL_RECLASS	PENDING	PENDING	docs/knowledgeos/brainstorming/phase_measure_theory/knowledgeos_kernel/prompts/20260831-211415_step_287_reviewer-review-of-refined-step-287-keep-open-four-surgical-edits.md
1027	-	-	PENDING_GLOBAL_RECLASS	PENDING_GLOBAL_RECLASS	PENDING	PENDING	docs/knowledgeos/brainstorming/phase_measure_theory/knowledgeos_kernel/prompts/20260831-211449_step_288_reviewer-accepts-287-as-research-diagnosis-and-drafts-step-288-mandate.md
1028	-	-	PENDING_GLOBAL_RECLASS	PENDING_GLOBAL_RECLASS	PENDING	PENDING	docs/knowledgeos/brainstorming/phase_measure_theory/knowledgeos_kernel/research/REFINED-STEP-285.md
1029	-	-	PENDING_GLOBAL_RECLASS	PENDING_GLOBAL_RECLASS	PENDING	PENDING	docs/knowledgeos/brainstorming/phase_measure_theory/knowledgeos_kernel/prompts/20260831-211536_step_287_reviewer-do-not-freeze-287-four-red-four-orange-issues.md
1030	-	-	PENDING_GLOBAL_RECLASS	PENDING_GLOBAL_RECLASS	PENDING	PENDING	docs/knowledgeos/brainstorming/phase_measure_theory/knowledgeos_kernel/prompts/20260831-212225_step_287_reviewer-accepts-corrections-and-issues-nine-audit-prompts-for-287-vnext.md
1031	-	-	PENDING_GLOBAL_RECLASS	PENDING_GLOBAL_RECLASS	PENDING	PENDING	docs/knowledgeos/brainstorming/phase_measure_theory/knowledgeos_kernel/research/11-STEP-287-AUDITS-P1-P9.md
1032	-	-	PENDING_GLOBAL_RECLASS	PENDING_GLOBAL_RECLASS	PENDING	PENDING	docs/knowledgeos/brainstorming/phase_measure_theory/knowledgeos_kernel/research/12-FINAL-STEP-287-CLOSURE-AUDIT.md
1033	-	-	PENDING_GLOBAL_RECLASS	PENDING_GLOBAL_RECLASS	PENDING	PENDING	docs/knowledgeos/brainstorming/phase_measure_theory/knowledgeos_kernel/research/08-FINDINGS-FROM-THE-20260826-Q-SERIES.md
1034	-	-	PENDING_GLOBAL_RECLASS	PENDING_GLOBAL_RECLASS	PENDING	PENDING	docs/knowledgeos/brainstorming/phase_measure_theory/knowledgeos_kernel/research/13-CLOSURE-AUDIT-RERUN.md
1035	-	-	PENDING_GLOBAL_RECLASS	PENDING_GLOBAL_RECLASS	PENDING	PENDING	docs/knowledgeos/brainstorming/phase_measure_theory/knowledgeos_kernel/research/REFINED-STEP-287-INVARIANTS.md
1036	-	-	PENDING_GLOBAL_RECLASS	PENDING_GLOBAL_RECLASS	PENDING	PENDING	docs/knowledgeos/brainstorming/phase_measure_theory/knowledgeos_kernel/research/REFINED-STEP-287.md
1037	-	-	PENDING_GLOBAL_RECLASS	PENDING_GLOBAL_RECLASS	PENDING	PENDING	docs/knowledgeos/brainstorming/phase_measure_theory/knowledgeos_kernel/research/14-GAP-UPDATE-FROM-THE-025-ALGEBRA-SEAM.md
1038	-	-	PENDING_GLOBAL_RECLASS	PENDING_GLOBAL_RECLASS	PENDING	PENDING	docs/knowledgeos/brainstorming/phase_measure_theory/knowledgeos_kernel/research/15-GAP-UPDATE-FROM-STEPS-012-038-195.md
1039	-	-	PENDING_GLOBAL_RECLASS	PENDING_GLOBAL_RECLASS	PENDING	PENDING	docs/knowledgeos/brainstorming/phase_measure_theory/knowledgeos_kernel/research/step-288/exec/t288_audits.py
1040	-	-	PENDING_GLOBAL_RECLASS	PENDING_GLOBAL_RECLASS	PENDING	PENDING	docs/knowledgeos/brainstorming/phase_measure_theory/knowledgeos_kernel/research/step-288/exec/OUT-t288_audits.txt
1041	-	-	PENDING_GLOBAL_RECLASS	PENDING_GLOBAL_RECLASS	PENDING	PENDING	docs/knowledgeos/brainstorming/phase_measure_theory/knowledgeos_kernel/research/step-288/01-EQUALITY-REGISTER-RECONCILIATION.md
1042	-	-	PENDING_GLOBAL_RECLASS	PENDING_GLOBAL_RECLASS	PENDING	PENDING	docs/knowledgeos/brainstorming/phase_measure_theory/knowledgeos_kernel/research/step-288/02-IDENTITY-REGISTER.md
1043	-	-	PENDING_GLOBAL_RECLASS	PENDING_GLOBAL_RECLASS	PENDING	PENDING	docs/knowledgeos/brainstorming/phase_measure_theory/knowledgeos_kernel/research/step-288/03-DECISION-PROCEDURE-MATRIX.md
1044	-	-	PENDING_GLOBAL_RECLASS	PENDING_GLOBAL_RECLASS	PENDING	PENDING	docs/knowledgeos/brainstorming/phase_measure_theory/knowledgeos_kernel/research/step-288/04-CONGRUENCE-AND-OPERATION-MATRIX.md
1045	-	-	PENDING_GLOBAL_RECLASS	PENDING_GLOBAL_RECLASS	PENDING	PENDING	docs/knowledgeos/brainstorming/phase_measure_theory/knowledgeos_kernel/research/step-288/05-STEP-261-GATE-AUDIT.md
1046	-	-	PENDING_GLOBAL_RECLASS	PENDING_GLOBAL_RECLASS	PENDING	PENDING	docs/knowledgeos/brainstorming/phase_measure_theory/knowledgeos_kernel/research/step-288/06-STEP-288-MATHEMATICAL-AUDITS.md
1047	-	-	PENDING_GLOBAL_RECLASS	PENDING_GLOBAL_RECLASS	PENDING	PENDING	docs/knowledgeos/brainstorming/phase_measure_theory/knowledgeos_kernel/research/step-288/07-NORMATIVE-DECISION-REGISTER.md
1048	-	-	PENDING_GLOBAL_RECLASS	PENDING_GLOBAL_RECLASS	PENDING	PENDING	docs/knowledgeos/brainstorming/phase_measure_theory/knowledgeos_kernel/research/step-288/08-GAP-UPDATE.md
1049	-	-	PENDING_GLOBAL_RECLASS	PENDING_GLOBAL_RECLASS	PENDING	PENDING	docs/knowledgeos/brainstorming/phase_measure_theory/knowledgeos_kernel/research/step-289/exec/t289_bootstrap.py
1050	-	-	PENDING_GLOBAL_RECLASS	PENDING_GLOBAL_RECLASS	PENDING	PENDING	docs/knowledgeos/brainstorming/phase_measure_theory/knowledgeos_kernel/research/step-289/exec/t289_bootstrap_v2.py
1051	-	-	PENDING_GLOBAL_RECLASS	PENDING_GLOBAL_RECLASS	PENDING	PENDING	docs/knowledgeos/brainstorming/phase_measure_theory/knowledgeos_kernel/research/step-289/exec/OUT-t289_bootstrap.txt
1052	-	-	PENDING_GLOBAL_RECLASS	PENDING_GLOBAL_RECLASS	PENDING	PENDING	docs/knowledgeos/brainstorming/phase_measure_theory/knowledgeos_kernel/research/step-289/exec/OUT-t289_bootstrap_v2.txt
1053	-	-	PENDING_GLOBAL_RECLASS	PENDING_GLOBAL_RECLASS	PENDING	PENDING	docs/knowledgeos/brainstorming/phase_measure_theory/knowledgeos_kernel/research/step-289/01-dependency-graph.md
1054	-	-	PENDING_GLOBAL_RECLASS	PENDING_GLOBAL_RECLASS	PENDING	PENDING	docs/knowledgeos/brainstorming/phase_measure_theory/knowledgeos_kernel/research/step-289/02-cycle-reconstruction.md
1055	-	-	PENDING_GLOBAL_RECLASS	PENDING_GLOBAL_RECLASS	PENDING	PENDING	docs/knowledgeos/brainstorming/phase_measure_theory/knowledgeos_kernel/research/step-289/03-bootstrap-boundary.md
1056	-	-	PENDING_GLOBAL_RECLASS	PENDING_GLOBAL_RECLASS	PENDING	PENDING	docs/knowledgeos/brainstorming/phase_measure_theory/knowledgeos_kernel/research/step-289/07-sigma-k-boundary-audit.md
1057	-	-	PENDING_GLOBAL_RECLASS	PENDING_GLOBAL_RECLASS	PENDING	PENDING	docs/knowledgeos/brainstorming/phase_measure_theory/knowledgeos_kernel/research/step-289/08-degeneracy-audit.md
1058	-	-	PENDING_GLOBAL_RECLASS	PENDING_GLOBAL_RECLASS	PENDING	PENDING	docs/knowledgeos/brainstorming/phase_measure_theory/knowledgeos_kernel/research/step-289/05-step-261-gate-audit.md
1059	-	-	PENDING_GLOBAL_RECLASS	PENDING_GLOBAL_RECLASS	PENDING	PENDING	docs/knowledgeos/brainstorming/phase_measure_theory/knowledgeos_kernel/research/step-289/04-derivation-governance-matrix.md
1060	-	-	PENDING_GLOBAL_RECLASS	PENDING_GLOBAL_RECLASS	PENDING	PENDING	docs/knowledgeos/brainstorming/phase_measure_theory/knowledgeos_kernel/research/step-289/06-register-reconciliation.md
1061	-	-	PENDING_GLOBAL_RECLASS	PENDING_GLOBAL_RECLASS	PENDING	PENDING	docs/knowledgeos/brainstorming/phase_measure_theory/knowledgeos_kernel/research/step-289/09-normative-decision-register.md
1062	-	-	PENDING_GLOBAL_RECLASS	PENDING_GLOBAL_RECLASS	PENDING	PENDING	docs/knowledgeos/brainstorming/phase_measure_theory/knowledgeos_kernel/research/step-289/10-closure-contract.md
1063	-	-	PENDING_GLOBAL_RECLASS	PENDING_GLOBAL_RECLASS	PENDING	PENDING	docs/knowledgeos/brainstorming/phase_measure_theory/knowledgeos_kernel/research/step-290/exec/t290_n1_audit.py
1064	-	-	PENDING_GLOBAL_RECLASS	PENDING_GLOBAL_RECLASS	PENDING	PENDING	docs/knowledgeos/brainstorming/phase_measure_theory/knowledgeos_kernel/research/step-290/exec/OUT-t290_n1_audit.txt
1065	-	-	PENDING_GLOBAL_RECLASS	PENDING_GLOBAL_RECLASS	PENDING	PENDING	docs/knowledgeos/brainstorming/phase_measure_theory/knowledgeos_kernel/research/step-290/01-relation-register.md
1066	-	-	PENDING_GLOBAL_RECLASS	PENDING_GLOBAL_RECLASS	PENDING	PENDING	docs/knowledgeos/brainstorming/phase_measure_theory/knowledgeos_kernel/research/step-290/03-distinguishability-audit.md
1067	-	-	PENDING_GLOBAL_RECLASS	PENDING_GLOBAL_RECLASS	PENDING	PENDING	docs/knowledgeos/brainstorming/phase_measure_theory/knowledgeos_kernel/research/step-290/02-definition-comparison.md
1068	-	-	PENDING_GLOBAL_RECLASS	PENDING_GLOBAL_RECLASS	PENDING	PENDING	docs/knowledgeos/brainstorming/phase_measure_theory/knowledgeos_kernel/research/step-290/04-observational-family-audit.md
1069	-	-	PENDING_GLOBAL_RECLASS	PENDING_GLOBAL_RECLASS	PENDING	PENDING	docs/knowledgeos/brainstorming/phase_measure_theory/knowledgeos_kernel/research/step-290/05-congruence-audit.md
1070	-	-	PENDING_GLOBAL_RECLASS	PENDING_GLOBAL_RECLASS	PENDING	PENDING	docs/knowledgeos/brainstorming/phase_measure_theory/knowledgeos_kernel/research/step-290/06-declaration-derivation-audit.md
1071	-	-	PENDING_GLOBAL_RECLASS	PENDING_GLOBAL_RECLASS	PENDING	PENDING	docs/knowledgeos/brainstorming/phase_measure_theory/knowledgeos_kernel/research/step-290/07-step-261-gate-audit.md
1072	-	-	PENDING_GLOBAL_RECLASS	PENDING_GLOBAL_RECLASS	PENDING	PENDING	docs/knowledgeos/brainstorming/phase_measure_theory/knowledgeos_kernel/research/step-290/08-decision-register.md
1073	-	-	PENDING_GLOBAL_RECLASS	PENDING_GLOBAL_RECLASS	PENDING	PENDING	docs/knowledgeos/brainstorming/phase_measure_theory/knowledgeos_kernel/research/step-290/09-gap-update.md
1074	-	-	PENDING_GLOBAL_RECLASS	PENDING_GLOBAL_RECLASS	PENDING	PENDING	docs/knowledgeos/brainstorming/phase_measure_theory/knowledgeos_kernel/research/step-290/10-evidence-index.md
1075	-	-	PENDING_GLOBAL_RECLASS	PENDING_GLOBAL_RECLASS	PENDING	PENDING	docs/knowledgeos/brainstorming/phase_measure_theory/knowledgeos_kernel/research/step-291/exec/t291_bootstrap.py
1076	-	-	PENDING_GLOBAL_RECLASS	PENDING_GLOBAL_RECLASS	PENDING	PENDING	docs/knowledgeos/brainstorming/phase_measure_theory/knowledgeos_kernel/research/step-291/exec/t291_omega_tau_audit.py
1077	-	-	PENDING_GLOBAL_RECLASS	PENDING_GLOBAL_RECLASS	PENDING	PENDING	docs/knowledgeos/brainstorming/phase_measure_theory/knowledgeos_kernel/research/step-291/exec/t291_equality.py
1078	-	-	PENDING_GLOBAL_RECLASS	PENDING_GLOBAL_RECLASS	PENDING	PENDING	docs/knowledgeos/brainstorming/phase_measure_theory/knowledgeos_kernel/research/step-291/01_omega-tau-reconciliation.md
1079	-	-	PENDING_GLOBAL_RECLASS	PENDING_GLOBAL_RECLASS	PENDING	PENDING	docs/knowledgeos/brainstorming/phase_measure_theory/knowledgeos_kernel/research/step-291/04_closure-analysis.md
1080	-	-	PENDING_GLOBAL_RECLASS	PENDING_GLOBAL_RECLASS	PENDING	PENDING	docs/knowledgeos/brainstorming/phase_measure_theory/knowledgeos_kernel/research/step-291/03_operation-registry-audit.md
1081	-	-	PENDING_GLOBAL_RECLASS	PENDING_GLOBAL_RECLASS	PENDING	PENDING	docs/knowledgeos/brainstorming/phase_measure_theory/knowledgeos_kernel/research/step-291/02_observation-inventory.md
1082	-	-	PENDING_GLOBAL_RECLASS	PENDING_GLOBAL_RECLASS	PENDING	PENDING	docs/knowledgeos/brainstorming/phase_measure_theory/knowledgeos_kernel/research/step-291/05_dependency-graph.md
1083	-	-	PENDING_GLOBAL_RECLASS	PENDING_GLOBAL_RECLASS	PENDING	PENDING	docs/knowledgeos/brainstorming/phase_measure_theory/knowledgeos_kernel/research/step-291/08_equality-impact.md
1084	-	-	PENDING_GLOBAL_RECLASS	PENDING_GLOBAL_RECLASS	PENDING	PENDING	docs/knowledgeos/brainstorming/phase_measure_theory/knowledgeos_kernel/research/step-291/06_261-gate-audit.md
1085	-	-	PENDING_GLOBAL_RECLASS	PENDING_GLOBAL_RECLASS	PENDING	PENDING	docs/knowledgeos/brainstorming/phase_measure_theory/knowledgeos_kernel/research/step-291/07_governance-vs-derivation.md
1086	-	-	PENDING_GLOBAL_RECLASS	PENDING_GLOBAL_RECLASS	PENDING	PENDING	docs/knowledgeos/brainstorming/phase_measure_theory/knowledgeos_kernel/research/step-291/09_negative-results.md
1087	-	-	PENDING_GLOBAL_RECLASS	PENDING_GLOBAL_RECLASS	PENDING	PENDING	docs/knowledgeos/brainstorming/phase_measure_theory/knowledgeos_kernel/research/step-291/10_recommendation-and-next-act.md
1088	-	-	PENDING_GLOBAL_RECLASS	PENDING_GLOBAL_RECLASS	PENDING	PENDING	docs/knowledgeos/brainstorming/phase_measure_theory/knowledgeos_kernel/research/REFINED-STEP-288.md
1089	-	-	PENDING_GLOBAL_RECLASS	PENDING_GLOBAL_RECLASS	PENDING	PENDING	docs/knowledgeos/brainstorming/phase_measure_theory/knowledgeos_kernel/research/REFINED-STEP-289.md
1090	-	-	PENDING_GLOBAL_RECLASS	PENDING_GLOBAL_RECLASS	PENDING	PENDING	docs/knowledgeos/brainstorming/phase_measure_theory/knowledgeos_kernel/research/step-291/exec/t291b_graph_universe.py
1091	-	-	PENDING_GLOBAL_RECLASS	PENDING_GLOBAL_RECLASS	PENDING	PENDING	docs/knowledgeos/brainstorming/phase_measure_theory/knowledgeos_kernel/research/step-291/exec/t291_transcript.txt
1092	-	-	PENDING_GLOBAL_RECLASS	PENDING_GLOBAL_RECLASS	PENDING	PENDING	docs/knowledgeos/brainstorming/phase_measure_theory/knowledgeos_kernel/research/step-291/11_VNEXT-CLOSURE-AUDIT.md
1093	-	-	PENDING_GLOBAL_RECLASS	PENDING_GLOBAL_RECLASS	PENDING	PENDING	docs/knowledgeos/brainstorming/phase_measure_theory/knowledgeos_kernel/research/REFINED-STEP-291.md
1094	-	-	PENDING_GLOBAL_RECLASS	PENDING_GLOBAL_RECLASS	PENDING	PENDING	docs/knowledgeos/brainstorming/phase_measure_theory/knowledgeos_kernel/research/REFINED-STEP-290.md
1095	-	-	PENDING_GLOBAL_RECLASS	PENDING_GLOBAL_RECLASS	PENDING	PENDING	docs/knowledgeos/brainstorming/phase_measure_theory/knowledgeos_kernel/research/16-GAP-UPDATE-FROM-GITA-CHAPTERS-05-06-07.md
1096	-	-	PENDING_GLOBAL_RECLASS	PENDING_GLOBAL_RECLASS	PENDING	PENDING	docs/knowledgeos/brainstorming/phase_measure_theory/knowledgeos_kernel/research/19-GITA-CANDIDATE-TIERING-COMPLETED-ALL-18-CHAPTERS.md
1097	-	-	PENDING_GLOBAL_RECLASS	PENDING_GLOBAL_RECLASS	PENDING	PENDING	docs/knowledgeos/brainstorming/phase_measure_theory/knowledgeos_kernel/research/18-GITA-CANDIDATES-FOR-KNOWLEDGEOS-AND-THE-KERNEL.md
1098	-	-	PENDING_GLOBAL_RECLASS	PENDING_GLOBAL_RECLASS	PENDING	PENDING	docs/knowledgeos/brainstorming/phase_measure_theory/knowledgeos_kernel/research/20-GITA-KERNEL-CANDIDATES-THE-CONVERGENCE.md
1099	-	-	PENDING_GLOBAL_RECLASS	PENDING_GLOBAL_RECLASS	PENDING	PENDING	docs/knowledgeos/brainstorming/phase_measure_theory/knowledgeos_kernel/research/21-GITA-DIMENSION-AND-PURIFICATION-CANDIDATES.md
1100	-	-	PENDING_GLOBAL_RECLASS	PENDING_GLOBAL_RECLASS	PENDING	PENDING	docs/knowledgeos/brainstorming/phase_measure_theory/knowledgeos_kernel/research/22-EXTERNAL-RESEARCH-GITA-THEORY-REVIEW-AND-GAP-OPTIMIZATION.md
1101	-	-	PENDING_GLOBAL_RECLASS	PENDING_GLOBAL_RECLASS	PENDING	PENDING	docs/knowledgeos/brainstorming/phase_measure_theory/knowledgeos_kernel/research/23-GITA-CHAPTERS-10-15-KERNEL-RECONSTRUCTION.md
1102	-	-	PENDING_GLOBAL_RECLASS	PENDING_GLOBAL_RECLASS	PENDING	PENDING	docs/knowledgeos/brainstorming/phase_measure_theory/knowledgeos_kernel/research/24-CHAPTER-16-CONTROLLED-COMPARISON-AND-THE-QUALIFY-REFINEMENT.md
1103	-	-	PENDING_GLOBAL_RECLASS	PENDING_GLOBAL_RECLASS	PENDING	PENDING	docs/knowledgeos/brainstorming/phase_measure_theory/knowledgeos_kernel/research/25-GITA-TRACK-CLOSED-CH-17-18-05-AND-THE-GUNA-FORK.md
1104	-	-	PENDING_GLOBAL_RECLASS	PENDING_GLOBAL_RECLASS	PENDING	PENDING	docs/knowledgeos/brainstorming/phase_measure_theory/knowledgeos_kernel/research/26-THE-KERNEL-SIMULATION-AUDITED-AND-CH-04-03.md
1105	-	-	PENDING_GLOBAL_RECLASS	PENDING_GLOBAL_RECLASS	PENDING	PENDING	docs/knowledgeos/brainstorming/phase_measure_theory/knowledgeos_kernel/research/27-CH-02-REFRAME-AND-SIX-CONTROLLED-COMPARISONS.md
1106	-	-	PENDING_GLOBAL_RECLASS	PENDING_GLOBAL_RECLASS	PENDING	PENDING	docs/knowledgeos/brainstorming/phase_measure_theory/knowledgeos_kernel/research/28-CH-01-FAILURE-MODES-AND-THE-GITA-TRACK-CLOSED.md
1107	-	-	PENDING_GLOBAL_RECLASS	PENDING_GLOBAL_RECLASS	PENDING	PENDING	docs/knowledgeos/brainstorming/phase_measure_theory/knowledgeos_kernel/research/29-TWO-SYNTHESES-AND-THE-STEP-NUMBER-COLLISION.md
1108	-	-	PENDING_GLOBAL_RECLASS	PENDING_GLOBAL_RECLASS	PENDING	PENDING	docs/knowledgeos/brainstorming/phase_measure_theory/knowledgeos_kernel/research/31-STATE-VOCABULARY-THE-OPERATOR-CONTRACT-AND-SIX-COLLISIONS.md
1109	-	-	PENDING_GLOBAL_RECLASS	PENDING_GLOBAL_RECLASS	PENDING	PENDING	docs/knowledgeos/brainstorming/phase_measure_theory/knowledgeos_kernel/research/30-THE-EIGHT-PRIMITIVES-HOLD-CONVERGENCE-ON-THE-ANSWER.md
1110	-	-	PENDING_GLOBAL_RECLASS	PENDING_GLOBAL_RECLASS	PENDING	PENDING	docs/knowledgeos/brainstorming/phase_measure_theory/knowledgeos_kernel/research/32-THE-LANE-TURNS-ABSORPTION-NOT-ADJUDICATION.md
1111	-	-	PENDING_GLOBAL_RECLASS	PENDING_GLOBAL_RECLASS	PENDING	PENDING	docs/knowledgeos/brainstorming/phase_measure_theory/knowledgeos_kernel/research/33-A-LIVE-ADJUDICATION-AND-THE-INHERITED-GATES.md
1112	-	-	PENDING_GLOBAL_RECLASS	PENDING_GLOBAL_RECLASS	PENDING	PENDING	docs/knowledgeos/brainstorming/phase_measure_theory/knowledgeos_kernel/research/34-THE-UNSCHEDULABLE-PROGRAMME-AND-THE-DIMENSION-MODEL.md
1113	-	-	PENDING_GLOBAL_RECLASS	PENDING_GLOBAL_RECLASS	PENDING	PENDING	docs/knowledgeos/brainstorming/phase_measure_theory/knowledgeos_kernel/research/step-291/00_NUMBERING-COLLISION-REPORT.md
1114	-	-	PENDING_GLOBAL_RECLASS	PENDING_GLOBAL_RECLASS	PENDING	PENDING	docs/knowledgeos/brainstorming/phase_measure_theory/knowledgeos_kernel/research/35-A-CANDIDATE-CARRIER-FOR-THE-MISSINGNESS-DEFECT.md
1115	-	-	PENDING_GLOBAL_RECLASS	PENDING_GLOBAL_RECLASS	PENDING	PENDING	docs/knowledgeos/brainstorming/phase_measure_theory/knowledgeos_kernel/research/36-THE-PROBABILITY-SPACE-RE-RAISED-AND-THE-TOPOLOGICAL-LENS.md
1116	-	-	PENDING_GLOBAL_RECLASS	PENDING_GLOBAL_RECLASS	PENDING	PENDING	docs/knowledgeos/brainstorming/phase_measure_theory/knowledgeos_kernel/research/17-GITA-PHILOSOPHY-VS-MATHEMATICAL-AND-STATISTICAL-MODELLING.md
1117	-	-	PENDING_GLOBAL_RECLASS	PENDING_GLOBAL_RECLASS	PENDING	PENDING	docs/knowledgeos/brainstorming/phase_measure_theory/knowledgeos_kernel/research/REFINED-STEP-286.md
1118	-	-	PENDING_GLOBAL_RECLASS	PENDING_GLOBAL_RECLASS	PENDING	PENDING	docs/knowledgeos/brainstorming/phase_measure_theory/knowledgeos_kernel/research/00-INDEX.md
1119	-	-	PENDING_GLOBAL_RECLASS	PENDING_GLOBAL_RECLASS	PENDING	PENDING	docs/knowledgeos/reviews/README.md
1120	-	-	PENDING_GLOBAL_RECLASS	PENDING_GLOBAL_RECLASS	PENDING	PENDING	docs/knowledgeos/reviews/2026-08-16-knowledge-placement-requirement-registration.md
1121	-	-	PENDING_GLOBAL_RECLASS	PENDING_GLOBAL_RECLASS	PENDING	PENDING	docs/knowledgeos/backlog/EKS-01-governed-knowledge-distribution.md
1122	-	-	PENDING_GLOBAL_RECLASS	PENDING_GLOBAL_RECLASS	PENDING	PENDING	docs/knowledgeos/backlog/EKS-03-historical-document-relocation.md
1123	-	-	PENDING_GLOBAL_RECLASS	PENDING_GLOBAL_RECLASS	PENDING	PENDING	docs/knowledgeos/backlog/EKS-04-lifecycle-handoff-ambiguity.md
1124	-	-	PENDING_GLOBAL_RECLASS	PENDING_GLOBAL_RECLASS	PENDING	PENDING	docs/knowledgeos/reviews/2026-08-16-KOS-ATTR-ARCH-001-rev3-independent-architecture-review.md
1125	-	-	PENDING_GLOBAL_RECLASS	PENDING_GLOBAL_RECLASS	PENDING	PENDING	docs/knowledgeos/reviews/2026-08-16-KOS-ATTR-ARCH-001-f1-f8-repair.md
1126	-	-	PENDING_GLOBAL_RECLASS	PENDING_GLOBAL_RECLASS	PENDING	PENDING	docs/knowledgeos/reviews/2026-08-16-KOS-ATTR-ARCH-001-f1-f8-repair-independent-verification.md
1127	-	-	PENDING_GLOBAL_RECLASS	PENDING_GLOBAL_RECLASS	PENDING	PENDING	docs/knowledgeos/reviews/2026-08-16-KOS-ATTR-ARCH-001-stage1-approval-registration.md
1128	-	-	PENDING_GLOBAL_RECLASS	PENDING_GLOBAL_RECLASS	PENDING	PENDING	docs/knowledgeos/reviews/2026-08-16-KOS-ATTR-ARCH-001-review-decision-summary.md
1129	-	-	PENDING_GLOBAL_RECLASS	PENDING_GLOBAL_RECLASS	PENDING	PENDING	docs/knowledgeos/reviews/2026-08-17-KOS-ARCH-BASELINE-001-producer-self-review-disclosure.md
1130	-	-	PENDING_GLOBAL_RECLASS	PENDING_GLOBAL_RECLASS	PENDING	PENDING	docs/knowledgeos/reviews/2026-08-17-KOS-ARCH-BASELINE-001-phase-a-independent-verification.md
1131	-	-	PENDING_GLOBAL_RECLASS	PENDING_GLOBAL_RECLASS	PENDING	PENDING	docs/knowledgeos/reviews/2026-08-17-KOS-ARCH-BASELINE-001-phase-a-v1.1-correction-verification.md
1132	-	-	PENDING_GLOBAL_RECLASS	PENDING_GLOBAL_RECLASS	PENDING	PENDING	docs/knowledgeos/reviews/2026-08-17-KOS-ARCH-BASELINE-001-n1-n2-correction-delivery.md
1133	-	-	PENDING_GLOBAL_RECLASS	PENDING_GLOBAL_RECLASS	PENDING	PENDING	docs/knowledgeos/reviews/2026-08-17-KOS-ARCH-BASELINE-001-verification-3-authorization.md
1134	-	-	PENDING_GLOBAL_RECLASS	PENDING_GLOBAL_RECLASS	PENDING	PENDING	docs/knowledgeos/reviews/2026-08-17-KOS-ARCH-BASELINE-001-verification-3-n1-n2-report.md
1135	-	-	PENDING_GLOBAL_RECLASS	PENDING_GLOBAL_RECLASS	PENDING	PENDING	docs/knowledgeos/reviews/2026-08-17-KOS-ARCH-BASELINE-001-verification-3-acceptance-registration.md
1136	-	-	PENDING_GLOBAL_RECLASS	PENDING_GLOBAL_RECLASS	PENDING	PENDING	docs/knowledgeos/reviews/2026-08-17-KOS-ARCH-BASELINE-001-phase-a-acceptance-registration.md
1137	-	-	PENDING_GLOBAL_RECLASS	PENDING_GLOBAL_RECLASS	PENDING	PENDING	docs/knowledgeos/reviews/2026-08-17-KOS-ATTR-ARCH-001-stage2-bounded-context-confirmation.md
1138	-	-	PENDING_GLOBAL_RECLASS	PENDING_GLOBAL_RECLASS	PENDING	PENDING	docs/knowledgeos/reviews/2026-08-17-KOS-ARCH-BASELINE-002-commission.md
1139	-	-	PENDING_GLOBAL_RECLASS	PENDING_GLOBAL_RECLASS	PENDING	PENDING	docs/knowledgeos/reviews/2026-08-17-KOS-ARCH-BASELINE-002-principal-review-registration.md
1140	-	-	PENDING_GLOBAL_RECLASS	PENDING_GLOBAL_RECLASS	PENDING	PENDING	docs/knowledgeos/reviews/2026-08-17-KOS-ARCH-BASELINE-002-acceptance-registration.md
1141	-	-	PENDING_GLOBAL_RECLASS	PENDING_GLOBAL_RECLASS	PENDING	PENDING	docs/knowledgeos/developer_guide/developer-guide-set-up-ai-agents-with-knowledgeos.md
1142	-	-	PENDING_GLOBAL_RECLASS	PENDING_GLOBAL_RECLASS	PENDING	PENDING	docs/knowledgeos/reviews/2026-08-17-KOS-ARCH-BASELINE-002-context-map-v2.md
1143	-	-	PENDING_GLOBAL_RECLASS	PENDING_GLOBAL_RECLASS	PENDING	PENDING	docs/knowledgeos/reviews/2026-08-17-KOS-ARCH-BASELINE-002-capability-map-v2.md
1144	-	-	PENDING_GLOBAL_RECLASS	PENDING_GLOBAL_RECLASS	PENDING	PENDING	docs/knowledgeos/reviews/2026-08-17-KOS-ARCH-BASELINE-002-architecture-landscape-v2.md
1145	-	-	PENDING_GLOBAL_RECLASS	PENDING_GLOBAL_RECLASS	PENDING	PENDING	docs/knowledgeos/reviews/2026-08-17-KOS-ARCH-BASELINE-003-commission.md
1146	-	-	PENDING_GLOBAL_RECLASS	PENDING_GLOBAL_RECLASS	PENDING	PENDING	docs/knowledgeos/reviews/KOS-ARCH-BASELINE-003-bc7-domain-model-proposal.md
1147	-	-	PENDING_GLOBAL_RECLASS	PENDING_GLOBAL_RECLASS	PENDING	PENDING	docs/knowledgeos/reviews/KOS-ARCH-BASELINE-003-verification-report.md
1148	-	-	PENDING_GLOBAL_RECLASS	PENDING_GLOBAL_RECLASS	PENDING	PENDING	docs/knowledgeos/reviews/KOS-ARCH-BASELINE-003-verification-2-report.md
1149	-	-	PENDING_GLOBAL_RECLASS	PENDING_GLOBAL_RECLASS	PENDING	PENDING	docs/knowledgeos/reviews/KOS-ARCH-BASELINE-003-correction-delivery-note.md
1150	-	-	PENDING_GLOBAL_RECLASS	PENDING_GLOBAL_RECLASS	PENDING	PENDING	docs/knowledgeos/reviews/KOS-ARCH-BASELINE-003-verification-3-report.md
1151	-	-	PENDING_GLOBAL_RECLASS	PENDING_GLOBAL_RECLASS	PENDING	PENDING	docs/knowledgeos/backlog/EKS-02-subject-derived-placement-enforcement.md
1152	-	-	PENDING_GLOBAL_RECLASS	PENDING_GLOBAL_RECLASS	PENDING	PENDING	docs/knowledgeos/reviews/2026-08-17-KOS-ARCH-BASELINE-003-verification-3-acceptance-registration.md
1153	-	-	PENDING_GLOBAL_RECLASS	PENDING_GLOBAL_RECLASS	PENDING	PENDING	docs/knowledgeos/reviews/2026-08-17-KOS-ARCH-BASELINE-003-acceptance-registration.md
1154	-	-	PENDING_GLOBAL_RECLASS	PENDING_GLOBAL_RECLASS	PENDING	PENDING	docs/knowledgeos/reviews/KOS-ARCH-BASELINE-003-domain-model-refinement.md
1155	-	-	PENDING_GLOBAL_RECLASS	PENDING_GLOBAL_RECLASS	PENDING	PENDING	docs/knowledgeos/reviews/2026-08-18-portfolio-lifecycle-reconciliation.md
1156	-	-	PENDING_GLOBAL_RECLASS	PENDING_GLOBAL_RECLASS	PENDING	PENDING	docs/knowledgeos/reviews/2026-08-18-arb-sequencing-determination.md
1157	-	-	PENDING_GLOBAL_RECLASS	PENDING_GLOBAL_RECLASS	PENDING	PENDING	docs/knowledgeos/architecture/README.md
1158	-	-	PENDING_GLOBAL_RECLASS	PENDING_GLOBAL_RECLASS	PENDING	PENDING	docs/knowledgeos/architecture/README (1).md
1159	-	-	PENDING_GLOBAL_RECLASS	PENDING_GLOBAL_RECLASS	PENDING	PENDING	docs/knowledgeos/architecture/01-system-context.puml
1160	-	-	PENDING_GLOBAL_RECLASS	PENDING_GLOBAL_RECLASS	PENDING	PENDING	docs/knowledgeos/architecture/02-container-architecture.puml
1161	-	-	PENDING_GLOBAL_RECLASS	PENDING_GLOBAL_RECLASS	PENDING	PENDING	docs/knowledgeos/architecture/03-component-knowledgeos.puml
1162	-	-	PENDING_GLOBAL_RECLASS	PENDING_GLOBAL_RECLASS	PENDING	PENDING	docs/knowledgeos/architecture/04-contract-neutrality-fact-model.puml
1163	-	-	PENDING_GLOBAL_RECLASS	PENDING_GLOBAL_RECLASS	PENDING	PENDING	docs/knowledgeos/reviews/2026-08-18-two-track-parallel-authorization.md
1164	-	-	PENDING_GLOBAL_RECLASS	PENDING_GLOBAL_RECLASS	PENDING	PENDING	docs/knowledgeos/reviews/2026-08-18-KOS-AIP04-DISCOVERY-001-commission.md
1165	-	-	PENDING_GLOBAL_RECLASS	PENDING_GLOBAL_RECLASS	PENDING	PENDING	docs/knowledgeos/reviews/2026-08-18-KOS-AIP04-DISCOVERY-001-independent-verification.md
1166	-	-	PENDING_GLOBAL_RECLASS	PENDING_GLOBAL_RECLASS	PENDING	PENDING	docs/knowledgeos/reviews/2026-08-19-KOS-AIP04-DISCOVERY-001-independent-verification-2-amendment1.md
1167	-	-	PENDING_GLOBAL_RECLASS	PENDING_GLOBAL_RECLASS	PENDING	PENDING	docs/knowledgeos/architecture/2026-08-18-KOS-AIP04-DISCOVERY-001-adr-aip-04-capability-discovery-proposal.md
1168	-	-	PENDING_GLOBAL_RECLASS	PENDING_GLOBAL_RECLASS	PENDING	PENDING	docs/knowledgeos/reviews/2026-08-19-KOS-AIP04-DISCOVERY-001-independent-verification-3-correction2.md
1169	-	-	PENDING_GLOBAL_RECLASS	PENDING_GLOBAL_RECLASS	PENDING	PENDING	docs/knowledgeos/reviews/2026-08-19-six-role-operating-model-adoption.md
1170	-	-	PENDING_GLOBAL_RECLASS	PENDING_GLOBAL_RECLASS	PENDING	PENDING	docs/knowledgeos/reviews/2026-08-19-KOS-AIP04-DISCOVERY-001-verification-3-registration.md
1171	-	-	PENDING_GLOBAL_RECLASS	PENDING_GLOBAL_RECLASS	PENDING	PENDING	docs/knowledgeos/reviews/2026-08-19-KOS-AIP04-DISCOVERY-001-record-integrity-disposition.md
1172	-	-	PENDING_GLOBAL_RECLASS	PENDING_GLOBAL_RECLASS	PENDING	PENDING	docs/knowledgeos/reviews/2026-08-19-KOS-AIP04-DISCOVERY-001-capability-analysis-amendment.md
1173	-	-	PENDING_GLOBAL_RECLASS	PENDING_GLOBAL_RECLASS	PENDING	PENDING	docs/knowledgeos/reviews/2026-08-19-KOS-AIP04-DISCOVERY-001-amd2-verification-registration.md
1174	-	-	PENDING_GLOBAL_RECLASS	PENDING_GLOBAL_RECLASS	PENDING	PENDING	docs/knowledgeos/reviews/2026-08-19-KOS-AIP04-DISCOVERY-001-correction3-verification-stop.md
1175	-	-	PENDING_GLOBAL_RECLASS	PENDING_GLOBAL_RECLASS	PENDING	PENDING	docs/knowledgeos/reviews/2026-08-19-KOS-AIP04-DISCOVERY-001-amd2-verification.md
1176	-	-	PENDING_GLOBAL_RECLASS	PENDING_GLOBAL_RECLASS	PENDING	PENDING	docs/knowledgeos/reviews/2026-08-19-KOS-AIP04-DISCOVERY-001-amd2-verification-independence-refusal.md
1177	-	-	PENDING_GLOBAL_RECLASS	PENDING_GLOBAL_RECLASS	PENDING	PENDING	docs/knowledgeos/architecture/KOS-AIP04-DISCOVERY-001-capability-architecture-analysis.md
1178	-	-	PENDING_GLOBAL_RECLASS	PENDING_GLOBAL_RECLASS	PENDING	PENDING	docs/knowledgeos/reviews/2026-08-19-KOS-AIP04-DISCOVERY-001-correction3-verification-registration.md
1179	-	-	PENDING_GLOBAL_RECLASS	PENDING_GLOBAL_RECLASS	PENDING	PENDING	docs/knowledgeos/reviews/2026-08-19-KOS-AIP04-DISCOVERY-001-correction3-verification-independence-refusal.md
1180	-	-	PENDING_GLOBAL_RECLASS	PENDING_GLOBAL_RECLASS	PENDING	PENDING	docs/knowledgeos/reviews/2026-08-19-KOS-AIP04-DISCOVERY-001-provenance-reconciliation.md
1181	-	-	PENDING_GLOBAL_RECLASS	PENDING_GLOBAL_RECLASS	PENDING	PENDING	docs/knowledgeos/reviews/2026-08-19-KOS-AIP04-DISCOVERY-001-c5-commission-canonical-discovery-stop.md
1182	-	-	PENDING_GLOBAL_RECLASS	PENDING_GLOBAL_RECLASS	PENDING	PENDING	docs/knowledgeos/reviews/2026-08-19-KOS-AIP04-DISCOVERY-001-provenance-disposition-c5-correction3.md
1183	-	-	PENDING_GLOBAL_RECLASS	PENDING_GLOBAL_RECLASS	PENDING	PENDING	docs/knowledgeos/reviews/2026-08-19-KOS-AIP04-DISCOVERY-001-c10-receipt-decision-boundary.md
1184	-	-	PENDING_GLOBAL_RECLASS	PENDING_GLOBAL_RECLASS	PENDING	PENDING	docs/knowledgeos/reviews/2026-08-19-KOS-AIP04-DISCOVERY-001-c10-decision-1-receipt-semantics.md
1185	-	-	PENDING_GLOBAL_RECLASS	PENDING_GLOBAL_RECLASS	PENDING	PENDING	docs/knowledgeos/reviews/2026-08-19-KOS-AIP04-DISCOVERY-001-c10-d1-second-act-conflict.md
1186	-	-	PENDING_GLOBAL_RECLASS	PENDING_GLOBAL_RECLASS	PENDING	PENDING	docs/knowledgeos/reviews/2026-08-19-KOS-AIP04-DISCOVERY-001-c10-existence-decision-prep.md
1187	-	-	PENDING_GLOBAL_RECLASS	PENDING_GLOBAL_RECLASS	PENDING	PENDING	docs/knowledgeos/reviews/2026-08-19-KOS-AIP04-DISCOVERY-001-c10-d3-decision-prep.md
1188	-	-	PENDING_GLOBAL_RECLASS	PENDING_GLOBAL_RECLASS	PENDING	PENDING	docs/knowledgeos/reviews/2026-08-19-KOS-AIP04-DISCOVERY-001-c10-d4-decision-prep.md
1189	-	-	PENDING_GLOBAL_RECLASS	PENDING_GLOBAL_RECLASS	PENDING	PENDING	docs/knowledgeos/reviews/2026-08-19-KOS-AIP04-DISCOVERY-001-c10-d4-2-condition-semantics.md
1190	-	-	PENDING_GLOBAL_RECLASS	PENDING_GLOBAL_RECLASS	PENDING	PENDING	docs/knowledgeos/reviews/2026-08-19-KOS-AIP04-DISCOVERY-001-c10-d4-3-response-mapping.md
1191	-	-	PENDING_GLOBAL_RECLASS	PENDING_GLOBAL_RECLASS	PENDING	PENDING	docs/knowledgeos/reviews/2026-08-19-KOS-AIP04-DISCOVERY-001-c10-d5-commission.md
1192	-	-	PENDING_GLOBAL_RECLASS	PENDING_GLOBAL_RECLASS	PENDING	PENDING	docs/knowledgeos/architecture/KOS-AIP04-C10-D5-ESTABLISHMENT-CRITERIA-PROPOSAL.md
1193	-	-	PENDING_GLOBAL_RECLASS	PENDING_GLOBAL_RECLASS	PENDING	PENDING	docs/knowledgeos/reviews/2026-08-19-KOS-AIP04-DISCOVERY-001-c10-d1-stabilization-act-registration.md
1194	-	-	PENDING_GLOBAL_RECLASS	PENDING_GLOBAL_RECLASS	PENDING	PENDING	docs/knowledgeos/reviews/2026-08-19-KOS-AIP04-DISCOVERY-001-c10-d1-consolidation-prep.md
1195	-	-	PENDING_GLOBAL_RECLASS	PENDING_GLOBAL_RECLASS	PENDING	PENDING	docs/knowledgeos/reviews/2026-08-19-KOS-AIP04-DISCOVERY-001-c10-d2-existence-decision.md
1196	-	-	PENDING_GLOBAL_RECLASS	PENDING_GLOBAL_RECLASS	PENDING	PENDING	docs/knowledgeos/reviews/2026-08-19-KOS-AIP04-DISCOVERY-001-provenance-disposition.md
1197	-	-	PENDING_GLOBAL_RECLASS	PENDING_GLOBAL_RECLASS	PENDING	PENDING	docs/knowledgeos/architecture/KOS-AIP04-C10-E2-RECEIPT-COMPLETENESS.md
1198	-	-	PENDING_GLOBAL_RECLASS	PENDING_GLOBAL_RECLASS	PENDING	PENDING	docs/knowledgeos/reviews/2026-08-19-KOS-AIP04-DISCOVERY-001-c10-e2-assignment-regression.md
1199	-	-	PENDING_GLOBAL_RECLASS	PENDING_GLOBAL_RECLASS	PENDING	PENDING	docs/knowledgeos/reviews/KOS-AIP04-C10-E2-GOVERNANCE-REVIEW.md
1200	-	-	PENDING_GLOBAL_RECLASS	PENDING_GLOBAL_RECLASS	PENDING	PENDING	docs/knowledgeos/reviews/KOS-AIP04-C10-E2-FLAG-O-RESOLUTION.md
1201	-	-	PENDING_GLOBAL_RECLASS	PENDING_GLOBAL_RECLASS	PENDING	PENDING	docs/knowledgeos/reviews/KOS-AIP04-C10-E2-ADOPTION-DECISION.md
1202	-	-	PENDING_GLOBAL_RECLASS	PENDING_GLOBAL_RECLASS	PENDING	PENDING	docs/knowledgeos/reviews/KOS-AIP04-C10-D5-ADOPTION-DECISION.md
1203	-	-	PENDING_GLOBAL_RECLASS	PENDING_GLOBAL_RECLASS	PENDING	PENDING	docs/knowledgeos/architecture/KOS-AIP-GOV-STATE-DURABILITY-ADR.md
1204	-	-	PENDING_GLOBAL_RECLASS	PENDING_GLOBAL_RECLASS	PENDING	PENDING	docs/knowledgeos/reviews/2026-08-19-KOS-AIP-GOV-STATE-DURABILITY-po-arb-position-registration.md
1205	-	-	PENDING_GLOBAL_RECLASS	PENDING_GLOBAL_RECLASS	PENDING	PENDING	docs/knowledgeos/reviews/KOS-AIP-GOV-STATE-DURABILITY-DECISION.md
1206	-	-	PENDING_GLOBAL_RECLASS	PENDING_GLOBAL_RECLASS	PENDING	PENDING	docs/knowledgeos/architecture/KOS-AIP-GOV-STATE-DURABILITY-IMPLEMENTATION-DESIGN.md
1207	-	-	PENDING_GLOBAL_RECLASS	PENDING_GLOBAL_RECLASS	PENDING	PENDING	docs/knowledgeos/how_far_we_are/202060819_2137_session.md
1208	-	-	PENDING_GLOBAL_RECLASS	PENDING_GLOBAL_RECLASS	PENDING	PENDING	docs/knowledgeos/backlog/EKS-05-knowledge-evidence-boundary.md
1209	-	-	PENDING_GLOBAL_RECLASS	PENDING_GLOBAL_RECLASS	PENDING	PENDING	docs/knowledgeos/reviews/KOS-AIP-GOV-STATE-DURABILITY-MIGRATION-PLAN-REVIEW.md
1210	-	-	PENDING_GLOBAL_RECLASS	PENDING_GLOBAL_RECLASS	PENDING	PENDING	docs/knowledgeos/reviews/KOS-AIP-GOV-STATE-DURABILITY-OPEN-M3-DECISION-PREP.md
1211	-	-	PENDING_GLOBAL_RECLASS	PENDING_GLOBAL_RECLASS	PENDING	PENDING	docs/knowledgeos/reviews/KOS-AIP-GOV-STATE-DURABILITY-MIGRATION-PLAN-GOVERNANCE-REVIEW.md
1212	-	-	PENDING_GLOBAL_RECLASS	PENDING_GLOBAL_RECLASS	PENDING	PENDING	docs/knowledgeos/reviews/KOS-AIP-GOV-STATE-DURABILITY-MIGRATION-PLAN-ARCHITECTURE-REVIEW.md
1213	-	-	PENDING_GLOBAL_RECLASS	PENDING_GLOBAL_RECLASS	PENDING	PENDING	docs/knowledgeos/reviews/KOS-AIP-GOV-STATE-DURABILITY-MIGRATION-PLAN-AMD3-ARCHITECTURE-REVIEW.md
1214	-	-	PENDING_GLOBAL_RECLASS	PENDING_GLOBAL_RECLASS	PENDING	PENDING	docs/knowledgeos/reviews/KOS-AIP-GOV-STATE-DURABILITY-MIGRATION-PLAN-AMD4-ARCHITECTURE-REVIEW.md
1215	-	-	PENDING_GLOBAL_RECLASS	PENDING_GLOBAL_RECLASS	PENDING	PENDING	docs/knowledgeos/architecture/KOS-AIP-GOV-STATE-DURABILITY-MIGRATION-PLAN-AMD4-SUMMARY.md
1216	-	-	PENDING_GLOBAL_RECLASS	PENDING_GLOBAL_RECLASS	PENDING	PENDING	docs/knowledgeos/architecture/KOS-AIP-GOV-STATE-DURABILITY-MIGRATION-PLAN-AMD5-SUMMARY.md
1217	-	-	PENDING_GLOBAL_RECLASS	PENDING_GLOBAL_RECLASS	PENDING	PENDING	docs/knowledgeos/reviews/KOS-AIP-GOV-STATE-DURABILITY-MIGRATION-PLAN-AMD5-ARCHITECTURE-REVIEW.md
1218	-	-	PENDING_GLOBAL_RECLASS	PENDING_GLOBAL_RECLASS	PENDING	PENDING	docs/knowledgeos/reviews/KOS-AIP-GOV-STATE-DURABILITY-MIGRATION-PLAN-AMD6-ARCHITECTURE-REVIEW.md
1219	-	-	PENDING_GLOBAL_RECLASS	PENDING_GLOBAL_RECLASS	PENDING	PENDING	docs/knowledgeos/reviews/2026-08-21-track2-phase0-historical-back-test-report.md
1220	-	-	PENDING_GLOBAL_RECLASS	PENDING_GLOBAL_RECLASS	PENDING	PENDING	docs/knowledgeos/backlog/EKS-06-reference-register-identifier-families.md
1221	-	-	PENDING_GLOBAL_RECLASS	PENDING_GLOBAL_RECLASS	PENDING	PENDING	docs/knowledgeos/reviews/2026-08-21-cost-optimization-governance-assurance-review.md
1222	-	-	PENDING_GLOBAL_RECLASS	PENDING_GLOBAL_RECLASS	PENDING	PENDING	docs/knowledgeos/reviews/2026-08-21-track2-phase0-conformance-verification.md
1223	-	-	PENDING_GLOBAL_RECLASS	PENDING_GLOBAL_RECLASS	PENDING	PENDING	docs/knowledgeos/reviews/KOS-AIP-GOV-STATE-DURABILITY-DV-CORRECTION-COMMISSION-REVIEWER-NOTE.md
1224	-	-	PENDING_GLOBAL_RECLASS	PENDING_GLOBAL_RECLASS	PENDING	PENDING	docs/knowledgeos/reviews/2026-08-21-track2-phase1-adoption-evidence.md
1225	-	-	PENDING_GLOBAL_RECLASS	PENDING_GLOBAL_RECLASS	PENDING	PENDING	docs/knowledgeos/architecture/01-KnowledgeOS-Domain-and-Context-Architecture.md
1226	-	-	PENDING_GLOBAL_RECLASS	PENDING_GLOBAL_RECLASS	PENDING	PENDING	docs/knowledgeos/architecture/02-KnowledgeOS-Kernel-and-Platform-Architecture.md
1227	-	-	PENDING_GLOBAL_RECLASS	PENDING_GLOBAL_RECLASS	PENDING	PENDING	docs/knowledgeos/architecture/03-KnowledgeOS-Evidence-Assurance-and-Governance.md
1228	-	-	PENDING_GLOBAL_RECLASS	PENDING_GLOBAL_RECLASS	PENDING	PENDING	docs/knowledgeos/architecture/04-KnowledgeOS-Event-and-Integration-Architecture.md
1229	-	-	PENDING_GLOBAL_RECLASS	PENDING_GLOBAL_RECLASS	PENDING	PENDING	docs/knowledgeos/architecture/05-KnowledgeOS-Architecture-Patterns-and-Technology.md
1230	-	-	PENDING_GLOBAL_RECLASS	PENDING_GLOBAL_RECLASS	PENDING	PENDING	docs/knowledgeos/architecture/06-KnowledgeOS-Operating-Model-and-Product-Architecture.md
1231	-	-	PENDING_GLOBAL_RECLASS	PENDING_GLOBAL_RECLASS	PENDING	PENDING	docs/knowledgeos/architecture/07-KnowledgeOS-Target-Architecture-Review.md
1232	-	-	PENDING_GLOBAL_RECLASS	PENDING_GLOBAL_RECLASS	PENDING	PENDING	docs/knowledgeos/architecture/00-KnowledgeOS-Architecture-Review-Index.md
1233	-	-	PENDING_GLOBAL_RECLASS	PENDING_GLOBAL_RECLASS	PENDING	PENDING	docs/knowledgeos/architecture/KOS-AIP-GOV-STATE-DURABILITY-MIGRATION-PLAN-AMD6-SUMMARY.md
1234	-	-	PENDING_GLOBAL_RECLASS	PENDING_GLOBAL_RECLASS	PENDING	PENDING	docs/knowledgeos/reviews/KOS-AIP-GOV-STATE-DURABILITY-DV-CORRECTION-INDEPENDENCE-GATE-REFUSAL.md
1235	-	-	PENDING_GLOBAL_RECLASS	PENDING_GLOBAL_RECLASS	PENDING	PENDING	docs/knowledgeos/reviews/KOS-AIP-GOV-STATE-DURABILITY-DV-CORRECTION-REVIEWER-ELIGIBILITY-DECLARATION.md
1236	-	-	PENDING_GLOBAL_RECLASS	PENDING_GLOBAL_RECLASS	PENDING	PENDING	docs/knowledgeos/architecture/20260821_2032_EKS Current Architecture Baseline.md
1237	-	-	PENDING_GLOBAL_RECLASS	PENDING_GLOBAL_RECLASS	PENDING	PENDING	docs/knowledgeos/reviews/KOS-AIP-GOV-STATE-DURABILITY-DV-CORRECTION-REVIEWER-ELIGIBILITY-DECLARATION-8a525719.md
1238	-	-	PENDING_GLOBAL_RECLASS	PENDING_GLOBAL_RECLASS	PENDING	PENDING	docs/knowledgeos/reviews/KOS-AIP-GOV-STATE-DURABILITY-DV-CORRECTION-REVIEW-START-GATE-REFUSAL-8a525719.md
1239	-	-	PENDING_GLOBAL_RECLASS	PENDING_GLOBAL_RECLASS	PENDING	PENDING	docs/knowledgeos/reviews/KOS-AIP-GOV-STATE-DURABILITY-DV-CORRECTION-REVIEW-START-GATE-REFUSAL-c11a5a12.md
1240	-	-	PENDING_GLOBAL_RECLASS	PENDING_GLOBAL_RECLASS	PENDING	PENDING	docs/knowledgeos/reviews/2026-08-21-KOS-EP01-P2-pks-archaeology-launch-prompt-review.md
1241	-	-	PENDING_GLOBAL_RECLASS	PENDING_GLOBAL_RECLASS	PENDING	PENDING	docs/knowledgeos/reviews/2026-08-21-KOS-EP01-P2-pks-baseline-hpa-review.md
1242	-	-	PENDING_GLOBAL_RECLASS	PENDING_GLOBAL_RECLASS	PENDING	PENDING	docs/knowledgeos/architecture/20260821-2229-PKS-Current-Architecture-Baseline-Stage-2.md
1243	-	-	PENDING_GLOBAL_RECLASS	PENDING_GLOBAL_RECLASS	PENDING	PENDING	docs/knowledgeos/reviews/2026-08-21-KOS-EP01-P3-landscape-launch-prompt-review.md
1244	-	-	PENDING_GLOBAL_RECLASS	PENDING_GLOBAL_RECLASS	PENDING	PENDING	docs/knowledgeos/reviews/2026-08-21-KOS-EP01-P3-aip-reconstruction-hpa-review.md
1245	-	-	PENDING_GLOBAL_RECLASS	PENDING_GLOBAL_RECLASS	PENDING	PENDING	docs/knowledgeos/reviews/2026-08-21-KOS-EP01-P3-findings-independent-verification.md
1246	-	-	PENDING_GLOBAL_RECLASS	PENDING_GLOBAL_RECLASS	PENDING	PENDING	docs/knowledgeos/architecture/20260821-2344-KnowledgeOS-Epistemic-Architecture-Investigation.md
1247	-	-	PENDING_GLOBAL_RECLASS	PENDING_GLOBAL_RECLASS	PENDING	PENDING	docs/knowledgeos/reviews/2026-08-22-KOS-EP01-R1-eks-corpus-completion-launch-prompt.md
1248	-	-	PENDING_GLOBAL_RECLASS	PENDING_GLOBAL_RECLASS	PENDING	PENDING	docs/knowledgeos/architecture/20260821-2140-EKS-Current-Architecture-Baseline-Stage-1.md
1249	-	-	PENDING_GLOBAL_RECLASS	PENDING_GLOBAL_RECLASS	PENDING	PENDING	docs/knowledgeos/backlog/EKS-08-representation-semantics-separation.md
1250	-	-	PENDING_GLOBAL_RECLASS	PENDING_GLOBAL_RECLASS	PENDING	PENDING	docs/knowledgeos/KnowledgeOS_Conceptual_Foundation.md
1251	-	-	PENDING_GLOBAL_RECLASS	PENDING_GLOBAL_RECLASS	PENDING	PENDING	docs/knowledgeos/KnowledgeOS_Epistemic_Control_Systems_Comparison.md
1252	-	-	PENDING_GLOBAL_RECLASS	PENDING_GLOBAL_RECLASS	PENDING	PENDING	docs/knowledgeos/KnowledgeOS_Vedanta_Pramana_Lens.md
1253	-	-	PENDING_GLOBAL_RECLASS	PENDING_GLOBAL_RECLASS	PENDING	PENDING	docs/knowledgeos/reviews/2026-08-22-KOS-EP01-P3-corrected-baseline-rereview-ruling.md
1254	-	-	PENDING_GLOBAL_RECLASS	PENDING_GLOBAL_RECLASS	PENDING	PENDING	docs/knowledgeos/architecture/20260821-2259-AIP-Current-Architecture-Reconstruction-Stage-3.md
1255	-	-	PENDING_GLOBAL_RECLASS	PENDING_GLOBAL_RECLASS	PENDING	PENDING	docs/knowledgeos/reviews/2026-08-22-KOS-EP01-P4-landscape-launch-prompt.md
1256	-	-	PENDING_GLOBAL_RECLASS	PENDING_GLOBAL_RECLASS	PENDING	PENDING	docs/knowledgeos/architecture/20260822-0915-KOS-EP01-P4-Constitutional-Invariant-Map-v1.0.md
1257	-	-	PENDING_GLOBAL_RECLASS	PENDING_GLOBAL_RECLASS	PENDING	PENDING	docs/knowledgeos/reviews/2026-08-22-KOS-EP01-P5-evidence-validation-launch-prompt.md
1258	-	-	PENDING_GLOBAL_RECLASS	PENDING_GLOBAL_RECLASS	PENDING	PENDING	docs/knowledgeos/architecture/20260822-0927-KOS-EP01-P5-Constitutional-Invariant-Decision-Matrix-v1.0.md
1259	-	-	PENDING_GLOBAL_RECLASS	PENDING_GLOBAL_RECLASS	PENDING	PENDING	docs/knowledgeos/architecture/20260822-0939-KOS-EP01-Step5-Kernel-Decision.md
1260	-	-	PENDING_GLOBAL_RECLASS	PENDING_GLOBAL_RECLASS	PENDING	PENDING	docs/knowledgeos/reviews/20260822-0951-KOS-EP01-Constitution-v1.0-commissioning-prompt.md
1261	-	-	PENDING_GLOBAL_RECLASS	PENDING_GLOBAL_RECLASS	PENDING	PENDING	docs/knowledgeos/architecture/20260822-0951-KOS-EP01-Constitution-v1.0.md
1262	-	-	PENDING_GLOBAL_RECLASS	PENDING_GLOBAL_RECLASS	PENDING	PENDING	docs/knowledgeos/reviews/20260822-0955-KOS-EP01-Reference-Architecture-v1.0-commissioning-prompt.md
1263	-	-	PENDING_GLOBAL_RECLASS	PENDING_GLOBAL_RECLASS	PENDING	PENDING	docs/knowledgeos/architecture/20260822-0955-KOS-EP01-Reference-Architecture-v1.0.md
1264	-	-	PENDING_GLOBAL_RECLASS	PENDING_GLOBAL_RECLASS	PENDING	PENDING	docs/knowledgeos/reviews/20260822-1007-KOS-EP01-Vedic-Placement-Ruling.md
1265	-	-	PENDING_GLOBAL_RECLASS	PENDING_GLOBAL_RECLASS	PENDING	PENDING	docs/knowledgeos/reviews/20260822-1010-KOS-EP01-Research-Lens-001-Transformation-without-identity-loss.md
1266	-	-	PENDING_GLOBAL_RECLASS	PENDING_GLOBAL_RECLASS	PENDING	PENDING	docs/knowledgeos/reviews/20260822-1028-KOS-EP01-Research-Phase-Closure-Ratification.md
1267	-	-	PENDING_GLOBAL_RECLASS	PENDING_GLOBAL_RECLASS	PENDING	PENDING	docs/knowledgeos/reviews/20260822-1100-KOS-EP01-Zero-Neutral-Ground-Architectural-Refinement.md
1268	-	-	PENDING_GLOBAL_RECLASS	PENDING_GLOBAL_RECLASS	PENDING	PENDING	docs/knowledgeos/reviews/KOS-AIP-GOV-STATE-DURABILITY-DV-CORRECTION-INDEPENDENT-REVIEW.md
1269	-	-	PENDING_GLOBAL_RECLASS	PENDING_GLOBAL_RECLASS	PENDING	PENDING	docs/knowledgeos/reviews/20260822-1115-KOS-EP01-Zero-Z-KOS-001-Ratification.md
1270	-	-	PENDING_GLOBAL_RECLASS	PENDING_GLOBAL_RECLASS	PENDING	PENDING	docs/knowledgeos/reviews/20260822-1130-KOS-EP01-Zero-Final-Interpretation-and-Synthesis.md
1271	-	-	PENDING_GLOBAL_RECLASS	PENDING_GLOBAL_RECLASS	PENDING	PENDING	docs/knowledgeos/reviews/20260822-1145-KOS-EP01-Quranic-Epistemology-Lens-Extraction.md
1272	-	-	PENDING_GLOBAL_RECLASS	PENDING_GLOBAL_RECLASS	PENDING	PENDING	docs/knowledgeos/reviews/20260822-1200-KOS-EP01-Negative-Epistemology-Definition.md
1273	-	-	PENDING_GLOBAL_RECLASS	PENDING_GLOBAL_RECLASS	PENDING	PENDING	docs/knowledgeos/reviews/20260822-1215-KOS-EP01-Biblical-Explanation-Architecture-Lens-Extraction.md
1274	-	-	PENDING_GLOBAL_RECLASS	PENDING_GLOBAL_RECLASS	PENDING	PENDING	docs/knowledgeos/reviews/20260822-1230-KOS-EP01-Moksha-Liberation-State-Lens-Extraction.md
1275	-	-	PENDING_GLOBAL_RECLASS	PENDING_GLOBAL_RECLASS	PENDING	PENDING	docs/knowledgeos/reviews/2026-08-22-KOS-AIP-GOV-STATE-DURABILITY-ADR-session-completion-handoff-protocol-governance-review.md
1276	-	-	PENDING_GLOBAL_RECLASS	PENDING_GLOBAL_RECLASS	PENDING	PENDING	docs/knowledgeos/reviews/2026-08-22-KOS-AIP-GOV-STATE-DURABILITY-ADR-session-completion-handoff-protocol-independent-governance-review.md
1277	-	-	PENDING_GLOBAL_RECLASS	PENDING_GLOBAL_RECLASS	PENDING	PENDING	docs/knowledgeos/reviews/2026-08-22-KOS-AIP-GOV-STATE-DURABILITY-ADR-session-completion-handoff-protocol-adoption-registration.md
1278	-	-	PENDING_GLOBAL_RECLASS	PENDING_GLOBAL_RECLASS	PENDING	PENDING	docs/knowledgeos/reviews/20260822-1245-KOS-EP01-Goedel-Reflection-Lens-Extraction.md
1279	-	-	PENDING_GLOBAL_RECLASS	PENDING_GLOBAL_RECLASS	PENDING	PENDING	docs/knowledgeos/reviews/20260822-1300-KOS-EP01-Goedel-Lens-Deeper-Analysis.md
1280	-	-	PENDING_GLOBAL_RECLASS	PENDING_GLOBAL_RECLASS	PENDING	PENDING	docs/knowledgeos/reviews/2026-08-22-KOS-AIP-GOV-STATE-DURABILITY-ADR-session-completion-handoff-protocol-v1.1-independent-review.md
1281	-	-	PENDING_GLOBAL_RECLASS	PENDING_GLOBAL_RECLASS	PENDING	PENDING	docs/knowledgeos/governance/SESSION-COMPLETION-HANDOFF-PROTOCOL.md
1282	-	-	PENDING_GLOBAL_RECLASS	PENDING_GLOBAL_RECLASS	PENDING	PENDING	docs/knowledgeos/reviews/20260822-1315-KOS-EP01-Goedel-Numbering-Mechanism-Operationalization.md
1283	-	-	PENDING_GLOBAL_RECLASS	PENDING_GLOBAL_RECLASS	PENDING	PENDING	docs/knowledgeos/reviews/20260822-1330-KOS-EP01-Escher-Lens-Transformation-Representation-Integrity.md
1284	-	-	PENDING_GLOBAL_RECLASS	PENDING_GLOBAL_RECLASS	PENDING	PENDING	docs/knowledgeos/reviews/2026-08-22-KOS-AIP-GOV-STATE-DURABILITY-ADR-session-completion-handoff-protocol-operational-test.md
1285	-	-	PENDING_GLOBAL_RECLASS	PENDING_GLOBAL_RECLASS	PENDING	PENDING	docs/knowledgeos/reviews/2026-08-22-KOS-AIP-GOV-STATE-DURABILITY-ADR-session-completion-handoff-protocol-test-acceptance-registration.md
1286	-	-	PENDING_GLOBAL_RECLASS	PENDING_GLOBAL_RECLASS	PENDING	PENDING	docs/knowledgeos/reviews/20260822-1345-KOS-EP01-Sanskrit-Grammar-Semantic-Transformation-Integrity.md
1287	-	-	PENDING_GLOBAL_RECLASS	PENDING_GLOBAL_RECLASS	PENDING	PENDING	docs/knowledgeos/reviews/2026-08-22-KOS-AIP-GOV-STATE-DURABILITY-DV-CORRECTION-GOVERNANCE-BOUNDED-REVIEW.md
1288	-	-	PENDING_GLOBAL_RECLASS	PENDING_GLOBAL_RECLASS	PENDING	PENDING	docs/knowledgeos/reviews/20260822-1400-KOS-EP01-Sanskrit-Grammar-V2-Vedic-Paninian-Generative-System.md
1289	-	-	PENDING_GLOBAL_RECLASS	PENDING_GLOBAL_RECLASS	PENDING	PENDING	docs/knowledgeos/reviews/20260822-1415-KOS-EP01-Sanskrit-Word-Order-Invariance-Semantic-Normal-Form.md
1290	-	-	PENDING_GLOBAL_RECLASS	PENDING_GLOBAL_RECLASS	PENDING	PENDING	docs/knowledgeos/KnowledgeOS_Character_Definition.md
1291	-	-	PENDING_GLOBAL_RECLASS	PENDING_GLOBAL_RECLASS	PENDING	PENDING	docs/knowledgeos/reviews/2026-08-22-KOS-AIP-GOV-STATE-DURABILITY-DV-CORRECTION-RV-REPAIR-COMMISSION-REGISTRATION.md
1292	-	-	PENDING_GLOBAL_RECLASS	PENDING_GLOBAL_RECLASS	PENDING	PENDING	docs/knowledgeos/architecture/KOS-AIP-GOV-STATE-DURABILITY-DV-CORRECTION-SUMMARY.md
1293	-	-	PENDING_GLOBAL_RECLASS	PENDING_GLOBAL_RECLASS	PENDING	PENDING	docs/knowledgeos/architecture/KOS-AIP-GOV-STATE-DURABILITY-MIGRATION-PLAN.md
1294	-	-	PENDING_GLOBAL_RECLASS	PENDING_GLOBAL_RECLASS	PENDING	PENDING	docs/knowledgeos/reviews/2026-08-22-KOS-AIP-GOV-STATE-DURABILITY-DV-CORRECTION-RV-REPAIR-DISPOSITION.md
1295	-	-	PENDING_GLOBAL_RECLASS	PENDING_GLOBAL_RECLASS	PENDING	PENDING	docs/knowledgeos/reviews/20260822-1430-KOS-BRAINSTORMING-INTAKE-INTEGRATION-ASSESSMENT.md
1296	-	-	PENDING_GLOBAL_RECLASS	PENDING_GLOBAL_RECLASS	PENDING	PENDING	docs/knowledgeos/reviews/2026-08-22-KOS-AIP-GOV-STATE-DURABILITY-DV-CORRECTION-RV-REPAIR-GOVERNANCE-RE-VERIFICATION.md
1297	-	-	PENDING_GLOBAL_RECLASS	PENDING_GLOBAL_RECLASS	PENDING	PENDING	docs/knowledgeos/reviews/2026-08-22-KOS-AIP-GOV-STATE-DURABILITY-DV-CORRECTION-ACCEPTANCE-REGISTRATION.md
1298	-	-	PENDING_GLOBAL_RECLASS	PENDING_GLOBAL_RECLASS	PENDING	PENDING	docs/knowledgeos/reviews/2026-08-22-KOS-SESSION-BOOTSTRAP-001-diagnostic-and-activation-registration.md
1299	-	-	PENDING_GLOBAL_RECLASS	PENDING_GLOBAL_RECLASS	PENDING	PENDING	docs/knowledgeos/governance/2026-08-22-KOS-SESSION-BOOTSTRAP-001-session-completion.md
1300	-	-	PENDING_GLOBAL_RECLASS	PENDING_GLOBAL_RECLASS	PENDING	PENDING	docs/knowledgeos/reviews/2026-08-22-KOS-SESSION-BOOTSTRAP-001-INDEPENDENT-VERIFICATION.md
1301	-	-	PENDING_GLOBAL_RECLASS	PENDING_GLOBAL_RECLASS	PENDING	PENDING	docs/knowledgeos/reviews/2026-08-22-KOS-SESSION-BOOTSTRAP-001-independent-verification-registration.md
1302	-	-	PENDING_GLOBAL_RECLASS	PENDING_GLOBAL_RECLASS	PENDING	PENDING	docs/knowledgeos/reviews/2026-08-22-KOS-SESSION-BOOTSTRAP-001-CORRECTION-001-commission-registration.md
1303	-	-	PENDING_GLOBAL_RECLASS	PENDING_GLOBAL_RECLASS	PENDING	PENDING	docs/knowledgeos/reviews/2026-08-22-KOS-SESSION-BOOTSTRAP-001-V8-DETERMINATION-registration.md
1304	-	-	PENDING_GLOBAL_RECLASS	PENDING_GLOBAL_RECLASS	PENDING	PENDING	docs/knowledgeos/backlog/EKS-07-multi-process-coordination.md
1305	-	-	PENDING_GLOBAL_RECLASS	PENDING_GLOBAL_RECLASS	PENDING	PENDING	docs/knowledgeos/reviews/2026-08-22-KOS-SESSION-BOOTSTRAP-001-CORRECTION-001-AUTHORING-commission-registration.md
1306	-	-	PENDING_GLOBAL_RECLASS	PENDING_GLOBAL_RECLASS	PENDING	PENDING	docs/knowledgeos/reviews/2026-08-22-KOS-SESSION-BOOTSTRAP-001-CORRECTION-001-CANDIDATE-ELIGIBILITY-b51dba91-6fc4-4110-b2f2-ac76ad0f3808.md
1307	-	-	PENDING_GLOBAL_RECLASS	PENDING_GLOBAL_RECLASS	PENDING	PENDING	docs/knowledgeos/reviews/2026-08-22-KOS-SESSION-BOOTSTRAP-001-CORRECTION-001-APPOINTMENT-b51dba91-registration.md
1308	-	-	PENDING_GLOBAL_RECLASS	PENDING_GLOBAL_RECLASS	PENDING	PENDING	docs/knowledgeos/reviews/2026-08-22-KOS-SESSION-BOOTSTRAP-001-implementation-boundary-proposal.md
1309	-	-	PENDING_GLOBAL_RECLASS	PENDING_GLOBAL_RECLASS	PENDING	PENDING	docs/knowledgeos/reviews/2026-08-22-KOS-SESSION-BOOTSTRAP-001-CORRECTION-001-ARCHITECTURE-CORRECTION-EVIDENCE-b51dba91-6fc4-4110-b2f2-ac76ad0f3808.md
1310	-	-	PENDING_GLOBAL_RECLASS	PENDING_GLOBAL_RECLASS	PENDING	PENDING	docs/knowledgeos/governance/2026-08-22-KOS-SESSION-BOOTSTRAP-001-CORRECTION-001-session-completion.md
1311	-	-	PENDING_GLOBAL_RECLASS	PENDING_GLOBAL_RECLASS	PENDING	PENDING	docs/knowledgeos/reviews/2026-08-22-KOS-SESSION-BOOTSTRAP-001-CORRECTION-001-RE-VERIFICATION-START-GATE-REFUSAL-8deac5de.md
1312	-	-	PENDING_GLOBAL_RECLASS	PENDING_GLOBAL_RECLASS	PENDING	PENDING	docs/knowledgeos/reviews/2026-08-22-KOS-SESSION-BOOTSTRAP-001-CORRECTION-001-RE-VERIFICATION-APPOINTMENT-8deac5de-registration.md
1313	-	-	PENDING_GLOBAL_RECLASS	PENDING_GLOBAL_RECLASS	PENDING	PENDING	docs/knowledgeos/reviews/2026-08-22-KOS-SESSION-BOOTSTRAP-001-CORRECTION-001-INDEPENDENT-RE-VERIFICATION.md
1314	-	-	PENDING_GLOBAL_RECLASS	PENDING_GLOBAL_RECLASS	PENDING	PENDING	docs/knowledgeos/reviews/2026-08-22-KOS-SESSION-BOOTSTRAP-001-CORRECTION-001-INDEPENDENT-RE-VERIFICATION-registration.md
1315	-	-	PENDING_GLOBAL_RECLASS	PENDING_GLOBAL_RECLASS	PENDING	PENDING	docs/knowledgeos/reviews/2026-08-22-KOS-SESSION-BOOTSTRAP-001-CORRECTION-001-RE-VERIFICATION-START-GATE-REFUSAL-d89af2f5.md
1316	-	-	PENDING_GLOBAL_RECLASS	PENDING_GLOBAL_RECLASS	PENDING	PENDING	docs/knowledgeos/reviews/2026-08-22-KOS-SESSION-BOOTSTRAP-001-CORRECTION-001-GOVERNANCE-ADOPTION-REVIEW-START-GATE-REFUSAL-b51dba91.md
1317	-	-	PENDING_GLOBAL_RECLASS	PENDING_GLOBAL_RECLASS	PENDING	PENDING	docs/knowledgeos/reviews/2026-08-22-KOS-SESSION-BOOTSTRAP-001-CORRECTION-001-GOVERNANCE-ADOPTION-REVIEW-START-GATE-REFUSAL-d31ea60f.md
1318	-	-	PENDING_GLOBAL_RECLASS	PENDING_GLOBAL_RECLASS	PENDING	PENDING	docs/knowledgeos/reviews/2026-08-22-KOS-NEXT-ACTOR-ORCHESTRATION-001-implementation-prompt.md
1319	-	-	PENDING_GLOBAL_RECLASS	PENDING_GLOBAL_RECLASS	PENDING	PENDING	docs/knowledgeos/reviews/2026-08-22-KOS-NEXT-ACTOR-ORCHESTRATION-001-commission-registration.md
1320	-	-	PENDING_GLOBAL_RECLASS	PENDING_GLOBAL_RECLASS	PENDING	PENDING	docs/knowledgeos/reviews/2026-08-22-KOS-SESSION-BOOTSTRAP-001-CORRECTION-001-GOVERNANCE-LANE-ACTIVATION-START-GATE-REFUSAL-d89af2f5.md
1321	-	-	PENDING_GLOBAL_RECLASS	PENDING_GLOBAL_RECLASS	PENDING	PENDING	docs/knowledgeos/reviews/2026-08-22-KOS-NEXT-ACTOR-ORCHESTRATION-001-APPOINTMENT-registration.md
1322	-	-	PENDING_GLOBAL_RECLASS	PENDING_GLOBAL_RECLASS	PENDING	PENDING	docs/knowledgeos/reviews/2026-08-22-KOS-SESSION-BOOTSTRAP-001-CORRECTION-001-GOVERNANCE-ADOPTION-REVIEW-APPOINTMENT-d31ea60f-registration.md
1323	-	-	PENDING_GLOBAL_RECLASS	PENDING_GLOBAL_RECLASS	PENDING	PENDING	docs/knowledgeos/reviews/2026-08-22-KOS-NEXT-ACTOR-ORCHESTRATION-001-CANDIDATE-DECLARATION-prompt.md
1324	-	-	PENDING_GLOBAL_RECLASS	PENDING_GLOBAL_RECLASS	PENDING	PENDING	docs/knowledgeos/reviews/2026-08-22-KOS-NEXT-ACTOR-ORCHESTRATION-001-AMENDMENT-001-PrepareNextActorSession.md
1325	-	-	PENDING_GLOBAL_RECLASS	PENDING_GLOBAL_RECLASS	PENDING	PENDING	docs/knowledgeos/reviews/2026-08-22-KOS-NEXT-ACTOR-ORCHESTRATION-001-FOLLOW-UP-observations.md
1326	-	-	PENDING_GLOBAL_RECLASS	PENDING_GLOBAL_RECLASS	PENDING	PENDING	docs/knowledgeos/reviews/2026-08-22-KOS-NEXT-ACTOR-ORCHESTRATION-001-AST-018-INDEPENDENT-VERIFICATION-START-GATE-REFUSAL-7c2690ae.md
1327	-	-	PENDING_GLOBAL_RECLASS	PENDING_GLOBAL_RECLASS	PENDING	PENDING	docs/knowledgeos/reviews/2026-08-22-KOS-OPERATING-MODEL-001-implementation-prompt.md
1328	-	-	PENDING_GLOBAL_RECLASS	PENDING_GLOBAL_RECLASS	PENDING	PENDING	docs/knowledgeos/reviews/2026-08-22-KOS-OPERATING-MODEL-001-commission-registration.md
1329	-	-	PENDING_GLOBAL_RECLASS	PENDING_GLOBAL_RECLASS	PENDING	PENDING	docs/knowledgeos/reviews/2026-08-22-KOS-OPERATING-MODEL-001-APPOINTMENT-registration.md
1330	-	-	PENDING_GLOBAL_RECLASS	PENDING_GLOBAL_RECLASS	PENDING	PENDING	docs/knowledgeos/governance/2026-08-22-KOS-OPERATING-MODEL-001-session-completion.md
1331	-	-	PENDING_GLOBAL_RECLASS	PENDING_GLOBAL_RECLASS	PENDING	PENDING	docs/knowledgeos/reviews/2026-08-22-KOS-OPERATING-MODEL-001-VERIFIER-APPOINTMENT-registration.md
1332	-	-	PENDING_GLOBAL_RECLASS	PENDING_GLOBAL_RECLASS	PENDING	PENDING	docs/knowledgeos/reviews/2026-08-22-KOS-OPERATING-MODEL-001-VERIFIER-CANDIDATE-DECLARATION-prompt.md
1333	-	-	PENDING_GLOBAL_RECLASS	PENDING_GLOBAL_RECLASS	PENDING	PENDING	docs/knowledgeos/reviews/2026-08-22-KOS-OPERATING-MODEL-001-FOLLOW-UP-continuation-capability-observation.md
1334	-	-	PENDING_GLOBAL_RECLASS	PENDING_GLOBAL_RECLASS	PENDING	PENDING	docs/knowledgeos/reviews/2026-08-22-KOS-OPERATING-MODEL-001-INDEPENDENT-VERIFICATION.md
1335	-	-	PENDING_GLOBAL_RECLASS	PENDING_GLOBAL_RECLASS	PENDING	PENDING	docs/knowledgeos/reviews/2026-08-22-KOS-OPERATING-MODEL-001-GOVERNANCE-ADOPTION-REVIEW-START-GATE-REFUSAL-fc59bb0a.md
1336	-	-	PENDING_GLOBAL_RECLASS	PENDING_GLOBAL_RECLASS	PENDING	PENDING	docs/knowledgeos/reviews/2026-08-22-KOS-OPERATING-MODEL-001-GOVERNANCE-ADOPTION-REVIEW-START-GATE-REFUSAL-b51dba91.md
1337	-	-	PENDING_GLOBAL_RECLASS	PENDING_GLOBAL_RECLASS	PENDING	PENDING	docs/knowledgeos/reviews/2026-08-22-KOS-OPERATING-MODEL-001-AMENDMENT-001-ActivateCommissionedFreshSession.md
1338	-	-	PENDING_GLOBAL_RECLASS	PENDING_GLOBAL_RECLASS	PENDING	PENDING	docs/knowledgeos/reviews/2026-08-22-KOS-OPERATING-MODEL-001-AMENDMENT-001-session-completion.md
1339	-	-	PENDING_GLOBAL_RECLASS	PENDING_GLOBAL_RECLASS	PENDING	PENDING	docs/knowledgeos/reviews/2026-08-22-KOS-OPERATING-MODEL-001-GOVERNANCE-ADOPTION-REVIEW-APPOINTMENT-registration.md
1340	-	-	PENDING_GLOBAL_RECLASS	PENDING_GLOBAL_RECLASS	PENDING	PENDING	docs/knowledgeos/reviews/2026-08-22-KOS-OPERATING-MODEL-001-GOVERNANCE-ADOPTION-REVIEW-CANDIDATE-DECLARATION-prompt.md
1341	-	-	PENDING_GLOBAL_RECLASS	PENDING_GLOBAL_RECLASS	PENDING	PENDING	docs/knowledgeos/reviews/2026-08-23-KOS-OPERATING-MODEL-001-GOVERNANCE-ADOPTION-REVIEW-CANDIDATE-DECLARATION-77b85fa3.md
1342	-	-	PENDING_GLOBAL_RECLASS	PENDING_GLOBAL_RECLASS	PENDING	PENDING	docs/knowledgeos/reviews/2026-08-23-KOS-OPERATING-MODEL-001-GOVERNANCE-ADOPTION-REVIEW.md
1343	-	-	PENDING_GLOBAL_RECLASS	PENDING_GLOBAL_RECLASS	PENDING	PENDING	docs/knowledgeos/governance/2026-08-23-KOS-OPERATING-MODEL-001-AUTHORIZATION-DECISION.md
1344	-	-	PENDING_GLOBAL_RECLASS	PENDING_GLOBAL_RECLASS	PENDING	PENDING	docs/knowledgeos/governance/2026-08-22-KOS-OPERATING-MODEL-001-final-operating-model.md
1345	-	-	PENDING_GLOBAL_RECLASS	PENDING_GLOBAL_RECLASS	PENDING	PENDING	docs/knowledgeos/governance/2026-08-23-KOS-OPERATING-MODEL-001-ADOPTION-DECISION.md
1346	-	-	PENDING_GLOBAL_RECLASS	PENDING_GLOBAL_RECLASS	PENDING	PENDING	docs/knowledgeos/reviews/2026-08-23-KOS-OPERATING-MODEL-001-AMENDMENT-001-PRODUCER-IDENTITY-registration.md
1347	-	-	PENDING_GLOBAL_RECLASS	PENDING_GLOBAL_RECLASS	PENDING	PENDING	docs/knowledgeos/reviews/2026-08-23-KOS-OPERATING-MODEL-001-AMENDMENT-001-VERIFIER-CANDIDATE-DECLARATION-prompt.md
1348	-	-	PENDING_GLOBAL_RECLASS	PENDING_GLOBAL_RECLASS	PENDING	PENDING	docs/knowledgeos/reviews/2026-08-23-KOS-OPERATING-MODEL-001-AMENDMENT-001-VERIFIER-APPOINTMENT-registration.md
1349	-	-	PENDING_GLOBAL_RECLASS	PENDING_GLOBAL_RECLASS	PENDING	PENDING	docs/knowledgeos/reviews/2026-08-23-KOS-OPERATING-MODEL-001-AMENDMENT-001-VERIFIER-CANDIDATE-DECLARATION-84c0f6f6.md
1350	-	-	PENDING_GLOBAL_RECLASS	PENDING_GLOBAL_RECLASS	PENDING	PENDING	docs/knowledgeos/reviews/2026-08-23-KOS-OPERATING-MODEL-001-AMENDMENT-001-VERIFIER-ACTIVATION-84c0f6f6.md
1351	-	-	PENDING_GLOBAL_RECLASS	PENDING_GLOBAL_RECLASS	PENDING	PENDING	docs/knowledgeos/reviews/2026-08-23-KOS-OPERATING-MODEL-001-AMENDMENT-001-APPOINTMENT-SEQUENCING-DEFECT-001.md
1352	-	-	PENDING_GLOBAL_RECLASS	PENDING_GLOBAL_RECLASS	PENDING	PENDING	docs/knowledgeos/reviews/20260823-2212-KOS-BRAINSTORMING-KERNEL-THREAD-READING-REPORT.md
1353	-	-	PENDING_GLOBAL_RECLASS	PENDING_GLOBAL_RECLASS	PENDING	PENDING	docs/knowledgeos/reviews/2026-08-23-KOS-OPERATING-MODEL-001-AMENDMENT-001-INDEPENDENT-VERIFICATION.md
1354	-	-	PENDING_GLOBAL_RECLASS	PENDING_GLOBAL_RECLASS	PENDING	PENDING	docs/knowledgeos/reviews/2026-08-23-KOS-OPERATING-MODEL-001-AMENDMENT-001-FAIL-DISPOSITION-AND-REPAIR-PATH.md
1355	-	-	PENDING_GLOBAL_RECLASS	PENDING_GLOBAL_RECLASS	PENDING	PENDING	docs/knowledgeos/reviews/2026-08-23-KOS-OPERATING-MODEL-001-AMENDMENT-001-OBSERVATION-O-5-process-identity-continuity.md
1356	-	-	PENDING_GLOBAL_RECLASS	PENDING_GLOBAL_RECLASS	PENDING	PENDING	docs/knowledgeos/reviews/2026-08-23-KOS-OPERATING-MODEL-001-AMENDMENT-001-REPAIR-001-IMPLEMENTER-SELECTION-DECISION.md
1357	-	-	PENDING_GLOBAL_RECLASS	PENDING_GLOBAL_RECLASS	PENDING	PENDING	docs/knowledgeos/reviews/2026-08-24-KOS-OPERATING-MODEL-001-AMENDMENT-001-REPAIR-001-IMPLEMENTER-APPOINTMENT-84e5c1f7.md
1358	-	-	PENDING_GLOBAL_RECLASS	PENDING_GLOBAL_RECLASS	PENDING	PENDING	docs/knowledgeos/reviews/2026-08-23-KOS-OPERATING-MODEL-001-AMENDMENT-001-REPAIR-001-AUTHORIZATION.md
1359	-	-	PENDING_GLOBAL_RECLASS	PENDING_GLOBAL_RECLASS	PENDING	PENDING	docs/knowledgeos/reviews/2026-08-23-KOS-OPERATING-MODEL-001-AMENDMENT-001-REPAIR-001-IMPLEMENTER-CANDIDATE-DECLARATION-prompt.md
1360	-	-	PENDING_GLOBAL_RECLASS	PENDING_GLOBAL_RECLASS	PENDING	PENDING	docs/knowledgeos/reviews/2026-08-24-KOS-OPERATING-MODEL-001-AMENDMENT-001-REPAIR-001-RE-VERIFICATION-DETERMINATION.md
1361	-	-	PENDING_GLOBAL_RECLASS	PENDING_GLOBAL_RECLASS	PENDING	PENDING	docs/knowledgeos/reviews/2026-08-24-KOS-OPERATING-MODEL-001-AMENDMENT-001-REPAIR-001-RE-VERIFIER-CANDIDATE-DECLARATION-prompt.md
1362	-	-	PENDING_GLOBAL_RECLASS	PENDING_GLOBAL_RECLASS	PENDING	PENDING	docs/knowledgeos/reviews/2026-08-24-KOS-OPERATING-MODEL-001-AMENDMENT-001-REPAIR-001-IMPLEMENTATION-CLOSED-RE-VERIFICATION-OPENED.md
1363	-	-	PENDING_GLOBAL_RECLASS	PENDING_GLOBAL_RECLASS	PENDING	PENDING	docs/knowledgeos/reviews/2026-08-24-KOS-OPERATING-MODEL-001-AMENDMENT-001-REPAIR-001-RE-VERIFIER-APPOINTMENT-be8aecec.md
1364	-	-	PENDING_GLOBAL_RECLASS	PENDING_GLOBAL_RECLASS	PENDING	PENDING	docs/knowledgeos/reviews/2026-08-24-KOS-OPERATING-MODEL-001-AMENDMENT-001-REPAIR-001-INDEPENDENT-RE-VERIFICATION.md
1365	-	-	PENDING_GLOBAL_RECLASS	PENDING_GLOBAL_RECLASS	PENDING	PENDING	docs/knowledgeos/reviews/2026-08-24-KOS-OPERATING-MODEL-001-AMENDMENT-001-AST-019-ADOPTION-DECISION-PREPARATION.md
1366	-	-	PENDING_GLOBAL_RECLASS	PENDING_GLOBAL_RECLASS	PENDING	PENDING	docs/knowledgeos/governance/2026-08-24-AST-019-ADOPTION-DECISION.md
1367	-	-	PENDING_GLOBAL_RECLASS	PENDING_GLOBAL_RECLASS	PENDING	PENDING	docs/knowledgeos/governance/2026-08-24-AST-019-AUTHORIZATION-DECISION.md
1368	-	-	PENDING_GLOBAL_RECLASS	PENDING_GLOBAL_RECLASS	PENDING	PENDING	docs/knowledgeos/backlog/EKS-09-activation-write-atomicity.md
1369	-	-	PENDING_GLOBAL_RECLASS	PENDING_GLOBAL_RECLASS	PENDING	PENDING	docs/knowledgeos/backlog/EKS-10-activation-failure-path-coverage.md
1370	-	-	PENDING_GLOBAL_RECLASS	PENDING_GLOBAL_RECLASS	PENDING	PENDING	docs/knowledgeos/backlog/EKS-11-sole-writer-environment-override.md
1371	-	-	PENDING_GLOBAL_RECLASS	PENDING_GLOBAL_RECLASS	PENDING	PENDING	docs/knowledgeos/backlog/00_index.md
1372	-	-	PENDING_GLOBAL_RECLASS	PENDING_GLOBAL_RECLASS	PENDING	PENDING	docs/knowledgeos/reviews/kernel/session1/S1-F001-authority-temporal-semantics-gap.md
1373	-	-	PENDING_GLOBAL_RECLASS	PENDING_GLOBAL_RECLASS	PENDING	PENDING	docs/knowledgeos/reviews/kernel/session1/S1-F002-ubiquitous-language-instability.md
1374	-	-	PENDING_GLOBAL_RECLASS	PENDING_GLOBAL_RECLASS	PENDING	PENDING	docs/knowledgeos/reviews/kernel/session2/S2-F002-zero-of-twenty-is-a-schema-absence-not-a-rate.md
1375	-	-	PENDING_GLOBAL_RECLASS	PENDING_GLOBAL_RECLASS	PENDING	PENDING	docs/knowledgeos/reviews/kernel/session2/S2-F003-the-model-time-indexes-the-claim-but-not-the-authority.md
1376	-	-	PENDING_GLOBAL_RECLASS	PENDING_GLOBAL_RECLASS	PENDING	PENDING	docs/knowledgeos/reviews/kernel/session2/S2-F004-three-temporal-questions-grouped-as-one-family.md
1377	-	-	PENDING_GLOBAL_RECLASS	PENDING_GLOBAL_RECLASS	PENDING	PENDING	docs/knowledgeos/reviews/kernel/session2/S2-F006-knowledge-boundaries-unclear-is-the-buried-headline.md
1378	-	-	PENDING_GLOBAL_RECLASS	PENDING_GLOBAL_RECLASS	PENDING	PENDING	docs/knowledgeos/reviews/kernel/session1/S1-F003-kernel-member-candidates-diverge.md
1379	-	-	PENDING_GLOBAL_RECLASS	PENDING_GLOBAL_RECLASS	PENDING	PENDING	docs/knowledgeos/reviews/kernel/session1/S1-F004-no-established-kernel-category-determinism-challenged.md
1380	-	-	PENDING_GLOBAL_RECLASS	PENDING_GLOBAL_RECLASS	PENDING	PENDING	docs/knowledgeos/reviews/kernel/session2/S2-F007-ab-divergence-may-be-an-ill-typed-comparison.md
1381	-	-	PENDING_GLOBAL_RECLASS	PENDING_GLOBAL_RECLASS	PENDING	PENDING	docs/knowledgeos/reviews/kernel/session2/S2-F001-evidence-class-inflation-report-is-not-persistence.md
1382	-	-	PENDING_GLOBAL_RECLASS	PENDING_GLOBAL_RECLASS	PENDING	PENDING	docs/knowledgeos/reviews/kernel/session2/S2-F008-the-determinism-contradiction-may-be-modal-not-logical.md
1383	-	-	PENDING_GLOBAL_RECLASS	PENDING_GLOBAL_RECLASS	PENDING	PENDING	docs/knowledgeos/reviews/kernel/session2/S2-F009-finding-1-undercuts-finding-2s-evidential-force.md
1384	-	-	PENDING_GLOBAL_RECLASS	PENDING_GLOBAL_RECLASS	PENDING	PENDING	docs/knowledgeos/reviews/kernel/session2/S2-F005-restatement-is-not-independent-arrival.md
1385	-	-	PENDING_GLOBAL_RECLASS	PENDING_GLOBAL_RECLASS	PENDING	PENDING	docs/knowledgeos/reviews/kernel/session2/S2-F010-membership-boundary-mechanism-semantics-are-not-separated.md
1386	-	-	PENDING_GLOBAL_RECLASS	PENDING_GLOBAL_RECLASS	PENDING	PENDING	docs/knowledgeos/reviews/kernel/session2/S2-F011-altitude-test-on-determinism-two-results.md
1387	-	-	PENDING_GLOBAL_RECLASS	PENDING_GLOBAL_RECLASS	PENDING	PENDING	docs/knowledgeos/reviews/kernel/session1/S1-F005-mathematics-as-description-not-kernel-and-a-third-member-list.md
1388	-	-	PENDING_GLOBAL_RECLASS	PENDING_GLOBAL_RECLASS	PENDING	PENDING	docs/knowledgeos/reviews/kernel/session2/S2-F014-the-closeness-claim-has-no-measure-and-no-null-hypothesis.md
1389	-	-	PENDING_GLOBAL_RECLASS	PENDING_GLOBAL_RECLASS	PENDING	PENDING	docs/knowledgeos/reviews/kernel/session2/S2-F015-persistence-of-a-position-is-not-convergence-on-it.md
1390	-	-	PENDING_GLOBAL_RECLASS	PENDING_GLOBAL_RECLASS	PENDING	PENDING	docs/knowledgeos/reviews/kernel/session2/S2-F016-the-intersection-could-not-have-shrunk-and-authority-returns.md
1391	-	-	PENDING_GLOBAL_RECLASS	PENDING_GLOBAL_RECLASS	PENDING	PENDING	docs/knowledgeos/reviews/kernel/session2/S2-F012-a-measured-absence-is-not-an-arrival-at-a-thesis.md
1392	-	-	PENDING_GLOBAL_RECLASS	PENDING_GLOBAL_RECLASS	PENDING	PENDING	docs/knowledgeos/reviews/kernel/session1/S1-F006-semantic-measurement-is-knowledge-base-relative.md
1393	-	-	PENDING_GLOBAL_RECLASS	PENDING_GLOBAL_RECLASS	PENDING	PENDING	docs/knowledgeos/reviews/kernel/session1/S1-F007-kernel-as-god-object-six-conflations.md
1394	-	-	PENDING_GLOBAL_RECLASS	PENDING_GLOBAL_RECLASS	PENDING	PENDING	docs/knowledgeos/reviews/kernel/session1/S1-F008-nine-capability-minimum-map-derived-from-existing-law.md
1395	-	-	PENDING_GLOBAL_RECLASS	PENDING_GLOBAL_RECLASS	PENDING	PENDING	docs/knowledgeos/reviews/kernel/session1/S1-F009-kernel-as-boundary-not-component-and-the-equilibrium-criterion.md
1396	-	-	PENDING_GLOBAL_RECLASS	PENDING_GLOBAL_RECLASS	PENDING	PENDING	docs/knowledgeos/reviews/kernel/session1/S1-F010-admission-is-the-first-transition-not-the-core-act-and-a-rival-state-set.md
1397	-	-	PENDING_GLOBAL_RECLASS	PENDING_GLOBAL_RECLASS	PENDING	PENDING	docs/knowledgeos/reviews/kernel/session1/S1-F011-kernel-as-transformation-boundary-and-a-sixteen-item-exclusion-set.md
1398	-	-	PENDING_GLOBAL_RECLASS	PENDING_GLOBAL_RECLASS	PENDING	PENDING	docs/knowledgeos/reviews/kernel/session1/S1-F012-kernel-as-epistemic-accountability-core.md
1399	-	-	PENDING_GLOBAL_RECLASS	PENDING_GLOBAL_RECLASS	PENDING	PENDING	docs/knowledgeos/reviews/kernel/session1/S1-F013-eight-fold-unresolved-verdict-and-the-classification-problem.md
1400	-	-	PENDING_GLOBAL_RECLASS	PENDING_GLOBAL_RECLASS	PENDING	PENDING	docs/knowledgeos/reviews/kernel/session1/S1-F014-epistemic-states-as-derived-projections-of-relationships-and-assessments.md
1401	-	-	PENDING_GLOBAL_RECLASS	PENDING_GLOBAL_RECLASS	PENDING	PENDING	docs/knowledgeos/reviews/kernel/session2/S2-F017-the-eight-formulation-count-is-inflated-four-ways.md
1402	-	-	PENDING_GLOBAL_RECLASS	PENDING_GLOBAL_RECLASS	PENDING	PENDING	docs/knowledgeos/reviews/kernel/session2/S2-F018-f009-f010-is-a-scope-difference-not-a-reversal.md
1403	-	-	PENDING_GLOBAL_RECLASS	PENDING_GLOBAL_RECLASS	PENDING	PENDING	docs/knowledgeos/reviews/kernel/session2/S2-F019-the-negative-result-has-the-same-provenance-weight-as-what-it-undercuts.md
1404	-	-	PENDING_GLOBAL_RECLASS	PENDING_GLOBAL_RECLASS	PENDING	PENDING	docs/knowledgeos/reviews/kernel/session2/S2-F020-the-formulation-burst-may-have-been-produced-without-the-governing-law.md
1405	-	-	PENDING_GLOBAL_RECLASS	PENDING_GLOBAL_RECLASS	PENDING	PENDING	docs/knowledgeos/reviews/kernel/session2/S2-F013-why-what-how-as-one-kernel-hypothesis-descent-declared.md
1406	-	-	PENDING_GLOBAL_RECLASS	PENDING_GLOBAL_RECLASS	PENDING	PENDING	docs/knowledgeos/reviews/kernel/session1/S1-F015-twelve-question-discovery-sequence-and-the-content-mutability-question.md
1407	-	-	PENDING_GLOBAL_RECLASS	PENDING_GLOBAL_RECLASS	PENDING	PENDING	docs/knowledgeos/reviews/kernel/session2/S2-F021-review-of-s1-f006-kb-relative-measurement.md
1408	-	-	PENDING_GLOBAL_RECLASS	PENDING_GLOBAL_RECLASS	PENDING	PENDING	docs/knowledgeos/reviews/kernel/session2/S2-F022-review-of-s1-f007-god-object-six-conflations.md
1409	-	-	PENDING_GLOBAL_RECLASS	PENDING_GLOBAL_RECLASS	PENDING	PENDING	docs/knowledgeos/reviews/kernel/session2/S2-F023-review-of-s1-f008-nine-capability-map.md
1410	-	-	PENDING_GLOBAL_RECLASS	PENDING_GLOBAL_RECLASS	PENDING	PENDING	docs/knowledgeos/reviews/kernel/session1/S1-F017-phase-consolidation-falsification-confirmed-and-the-four-way-non-collapse-pipeline.md
1411	-	-	PENDING_GLOBAL_RECLASS	PENDING_GLOBAL_RECLASS	PENDING	PENDING	docs/knowledgeos/reviews/kernel/session1/S1-F018-evidence-entity-or-value-object-is-the-central-boundary-question.md
1412	-	-	PENDING_GLOBAL_RECLASS	PENDING_GLOBAL_RECLASS	PENDING	PENDING	docs/knowledgeos/reviews/kernel/session1/S1-F019-fourteen-lens-verdicts-converge-on-admission-boundary-but-the-lifecycle-gap-is-unclosable.md
1413	-	-	PENDING_GLOBAL_RECLASS	PENDING_GLOBAL_RECLASS	PENDING	PENDING	docs/knowledgeos/reviews/kernel/session1/.corpus-cutoff-20260825.txt
1414	-	-	PENDING_GLOBAL_RECLASS	PENDING_GLOBAL_RECLASS	PENDING	PENDING	docs/knowledgeos/reviews/kernel/session1/.remaining.txt
1415	-	-	PENDING_GLOBAL_RECLASS	PENDING_GLOBAL_RECLASS	PENDING	PENDING	docs/knowledgeos/reviews/kernel/session1/S1-F020-adr-kos-kernel-001-knowledgeos-knowledgecore-kernel-separated.md
1416	-	-	PENDING_GLOBAL_RECLASS	PENDING_GLOBAL_RECLASS	PENDING	PENDING	docs/knowledgeos/reviews/kernel/session1/S1-F021-lens-system-stratified-into-four-layers-and-the-boring-kernel-principle.md
1417	-	-	PENDING_GLOBAL_RECLASS	PENDING_GLOBAL_RECLASS	PENDING	PENDING	docs/knowledgeos/reviews/kernel/session1/S1-F022-externally-cited-lens-commission-converts-philosophy-into-falsification-questions.md
1418	-	-	PENDING_GLOBAL_RECLASS	PENDING_GLOBAL_RECLASS	PENDING	PENDING	docs/knowledgeos/reviews/kernel/session1/S1-F023-tarka-nine-family-falsification-instrument-and-the-typology-of-absence.md
1419	-	-	PENDING_GLOBAL_RECLASS	PENDING_GLOBAL_RECLASS	PENDING	PENDING	docs/knowledgeos/reviews/kernel/session1/S1-F025-anti-reasoner-constraint-the-kernel-must-not-presuppose-the-judgement-it-governs.md
1420	-	-	PENDING_GLOBAL_RECLASS	PENDING_GLOBAL_RECLASS	PENDING	PENDING	docs/knowledgeos/reviews/kernel/session1/S1-F026-phase-closure-the-books-prove-nothing-they-make-collapses-visible.md
1421	-	-	PENDING_GLOBAL_RECLASS	PENDING_GLOBAL_RECLASS	PENDING	PENDING	docs/knowledgeos/reviews/kernel/session1/S1-F027-inference-licensing-constraints-and-the-evidential-bridge-requirement.md
1422	-	-	PENDING_GLOBAL_RECLASS	PENDING_GLOBAL_RECLASS	PENDING	PENDING	docs/knowledgeos/reviews/kernel/session1/S1-F028-governance-artifact-inside-the-research-corpus-extent-versus-contents.md
1423	-	-	PENDING_GLOBAL_RECLASS	PENDING_GLOBAL_RECLASS	PENDING	PENDING	docs/knowledgeos/reviews/kernel/session1/S1-F029-abstention-as-valid-output-and-construction-evidence-must-not-validate-itself.md
1424	-	-	PENDING_GLOBAL_RECLASS	PENDING_GLOBAL_RECLASS	PENDING	PENDING	docs/knowledgeos/reviews/kernel/session1/S1-F030-evidence-acquisition-as-its-own-domain-and-the-acquisition-procedure-constitutes-evidence.md
1425	-	-	PENDING_GLOBAL_RECLASS	PENDING_GLOBAL_RECLASS	PENDING	PENDING	docs/knowledgeos/reviews/kernel/session1/S1-F031-ziran-challenge-to-the-identity-invariant-three-axes.md
1426	-	-	PENDING_GLOBAL_RECLASS	PENDING_GLOBAL_RECLASS	PENDING	PENDING	docs/knowledgeos/reviews/kernel/session1/S1-F016-aggregate-hypothesis-falsified-atomicity-fails-on-every-pair.md
1427	-	-	PENDING_GLOBAL_RECLASS	PENDING_GLOBAL_RECLASS	PENDING	PENDING	docs/knowledgeos/reviews/kernel/session1/S1-F032-formal-regimes-are-supporting-mechanisms-not-the-kernel-and-there-is-no-single-knowledge-score.md
1428	-	-	PENDING_GLOBAL_RECLASS	PENDING_GLOBAL_RECLASS	PENDING	PENDING	docs/knowledgeos/reviews/kernel/session1/S1-F033-epistemic-intermediate-representation-and-the-cost-argument-for-a-kernel.md
1429	-	-	PENDING_GLOBAL_RECLASS	PENDING_GLOBAL_RECLASS	PENDING	PENDING	docs/knowledgeos/reviews/kernel/session1/S1-F034-sufficient-state-and-the-observable-is-not-the-state.md
1430	-	-	PENDING_GLOBAL_RECLASS	PENDING_GLOBAL_RECLASS	PENDING	PENDING	docs/knowledgeos/reviews/kernel/session1/S1-F035-counterfactual-robustness-epistemic-route-and-completeness-versus-certainty.md
1431	-	-	PENDING_GLOBAL_RECLASS	PENDING_GLOBAL_RECLASS	PENDING	PENDING	docs/knowledgeos/brainstorming/KnowledgeOS_Knowledge_Modeling_Knowledge_Transfer_Phase1_Measure_Theory.docx
1432	-	-	PENDING_GLOBAL_RECLASS	PENDING_GLOBAL_RECLASS	PENDING	PENDING	docs/knowledgeos/brainstorming/KnowledgeOS_Knowledge_Modeling_Knowledge_Transfer_Phase1_Measure_Theory.odt
1433	-	-	PENDING_GLOBAL_RECLASS	PENDING_GLOBAL_RECLASS	PENDING	PENDING	docs/knowledgeos/reviews/kernel/session1/S1-F037-primitives-must-not-be-decomposed-and-boundaries-are-boundaries-of-abstraction.md
1434	-	-	PENDING_GLOBAL_RECLASS	PENDING_GLOBAL_RECLASS	PENDING	PENDING	docs/knowledgeos/reviews/kernel/session1/S1-F038-store-the-substrate-compute-the-measure-and-what-did-we-know-at-1347.md
1435	-	-	PENDING_GLOBAL_RECLASS	PENDING_GLOBAL_RECLASS	PENDING	PENDING	docs/knowledgeos/reviews/kernel/session1/S1-F039-the-kernel-preserves-structures-that-enable-reasoning-it-does-not-reason.md
1436	-	-	PENDING_GLOBAL_RECLASS	PENDING_GLOBAL_RECLASS	PENDING	PENDING	docs/knowledgeos/reviews/kernel/session1/S1-F040-the-measure-theory-cascade-one-proposal-five-refutations-one-resolution.md
1437	-	-	PENDING_GLOBAL_RECLASS	PENDING_GLOBAL_RECLASS	PENDING	PENDING	docs/knowledgeos/reviews/kernel/session1/.processed.txt
1438	-	-	PENDING_GLOBAL_RECLASS	PENDING_GLOBAL_RECLASS	PENDING	PENDING	docs/knowledgeos/reviews/kernel/session1/.corpus-cutoff-20260826.txt
1439	-	-	PENDING_GLOBAL_RECLASS	PENDING_GLOBAL_RECLASS	PENDING	PENDING	docs/knowledgeos/reviews/kernel/session1/S1-F024-book-extraction-register-external-sources-and-their-kernel-dispositions.md
1440	-	-	PENDING_GLOBAL_RECLASS	PENDING_GLOBAL_RECLASS	PENDING	PENDING	docs/knowledgeos/brainstorming/Thinking about mathematics - The philosophy of mathematics (2000) (Stewart Shapiro) (z-library.sk, 1lib.sk, z-lib.sk).pdf
1441	-	-	PENDING_GLOBAL_RECLASS	PENDING_GLOBAL_RECLASS	PENDING	PENDING	docs/knowledgeos/reviews/kernel/session1/.k34-worklist.txt
1442	-	-	PENDING_GLOBAL_RECLASS	PENDING_GLOBAL_RECLASS	PENDING	PENDING	docs/knowledgeos/reviews/kernel/session1/S1-F036-minimum-preservation-unit-and-the-assertion-primitive-contested-in-one-document.md
1443	-	-	PENDING_GLOBAL_RECLASS	PENDING_GLOBAL_RECLASS	PENDING	PENDING	docs/knowledgeos/reviews/kernel/session1/S1-COVERAGE-REPORT.md
1444	-	-	PENDING_GLOBAL_RECLASS	PENDING_GLOBAL_RECLASS	PENDING	PENDING	docs/knowledgeos/reviews/kernel/session1/.fullread-done.txt
1445	-	-	PENDING_GLOBAL_RECLASS	PENDING_GLOBAL_RECLASS	PENDING	PENDING	docs/knowledgeos/reviews/synthesis/analysis/corpus-inventory.md
1446	-	-	PENDING_GLOBAL_RECLASS	PENDING_GLOBAL_RECLASS	PENDING	PENDING	docs/knowledgeos/reviews/synthesis/analysis/reasoning-timeline.md
1447	-	-	PENDING_GLOBAL_RECLASS	PENDING_GLOBAL_RECLASS	PENDING	PENDING	docs/knowledgeos/reviews/synthesis/analysis/claim-registry.md
1448	-	-	PENDING_GLOBAL_RECLASS	PENDING_GLOBAL_RECLASS	PENDING	PENDING	docs/knowledgeos/reviews/synthesis/analysis/decision-registry.md
1449	-	-	PENDING_GLOBAL_RECLASS	PENDING_GLOBAL_RECLASS	PENDING	PENDING	docs/knowledgeos/reviews/synthesis/analysis/contradiction-registry.md
1450	-	-	PENDING_GLOBAL_RECLASS	PENDING_GLOBAL_RECLASS	PENDING	PENDING	docs/knowledgeos/reviews/synthesis/analysis/open-questions.md
1451	-	-	PENDING_GLOBAL_RECLASS	PENDING_GLOBAL_RECLASS	PENDING	PENDING	docs/knowledgeos/reviews/synthesis/analysis/phase-1-status.md
1452	-	-	PENDING_GLOBAL_RECLASS	PENDING_GLOBAL_RECLASS	PENDING	PENDING	docs/knowledgeos/reviews/synthesis/analysis/phase-gate-ruling.md
1453	-	-	PENDING_GLOBAL_RECLASS	PENDING_GLOBAL_RECLASS	PENDING	PENDING	docs/knowledgeos/reviews/synthesis/analysis/phase-2a-findings.md
1454	-	-	PENDING_GLOBAL_RECLASS	PENDING_GLOBAL_RECLASS	PENDING	PENDING	docs/knowledgeos/reviews/synthesis/analysis/regime-comparison-matrix.md
1455	-	-	PENDING_GLOBAL_RECLASS	PENDING_GLOBAL_RECLASS	PENDING	PENDING	docs/knowledgeos/reviews/synthesis/model/regime-transition-analysis.md
1456	-	-	PENDING_GLOBAL_RECLASS	PENDING_GLOBAL_RECLASS	PENDING	PENDING	docs/knowledgeos/reviews/synthesis/model/lord-omega-analysis.md
1457	-	-	PENDING_GLOBAL_RECLASS	PENDING_GLOBAL_RECLASS	PENDING	PENDING	docs/knowledgeos/reviews/synthesis/model/formalization-fidelity.md
1458	-	-	PENDING_GLOBAL_RECLASS	PENDING_GLOBAL_RECLASS	PENDING	PENDING	docs/knowledgeos/reviews/synthesis/model/concern-map.md
1459	-	-	PENDING_GLOBAL_RECLASS	PENDING_GLOBAL_RECLASS	PENDING	PENDING	docs/knowledgeos/reviews/synthesis/model/responsibility-map.md
1460	-	-	PENDING_GLOBAL_RECLASS	PENDING_GLOBAL_RECLASS	PENDING	PENDING	docs/knowledgeos/reviews/synthesis/model/invariant-map.md
1461	-	-	PENDING_GLOBAL_RECLASS	PENDING_GLOBAL_RECLASS	PENDING	PENDING	docs/knowledgeos/reviews/synthesis/model/dependency-graph.md
1462	-	-	PENDING_GLOBAL_RECLASS	PENDING_GLOBAL_RECLASS	PENDING	PENDING	docs/knowledgeos/reviews/synthesis/model/logical-reconstruction.md
1463	-	-	PENDING_GLOBAL_RECLASS	PENDING_GLOBAL_RECLASS	PENDING	PENDING	docs/knowledgeos/reviews/synthesis/analysis/semantic-lineage-map.md
1464	-	-	PENDING_GLOBAL_RECLASS	PENDING_GLOBAL_RECLASS	PENDING	PENDING	docs/knowledgeos/reviews/synthesis/analysis/phase-2b-findings.md
1465	-	-	PENDING_GLOBAL_RECLASS	PENDING_GLOBAL_RECLASS	PENDING	PENDING	docs/knowledgeos/reviews/synthesis/analysis/phase-2c-coherence-review.md
1466	-	-	PENDING_GLOBAL_RECLASS	PENDING_GLOBAL_RECLASS	PENDING	PENDING	docs/knowledgeos/reviews/synthesis/analysis/phase-2d-closure.md
1467	-	-	PENDING_GLOBAL_RECLASS	PENDING_GLOBAL_RECLASS	PENDING	PENDING	docs/knowledgeos/reviews/synthesis/analysis/phase-3b-falsification-report.md
1468	-	-	PENDING_GLOBAL_RECLASS	PENDING_GLOBAL_RECLASS	PENDING	PENDING	docs/knowledgeos/reviews/synthesis/model/canonical-architecture-v0.2.md
1469	-	-	PENDING_GLOBAL_RECLASS	PENDING_GLOBAL_RECLASS	PENDING	PENDING	docs/knowledgeos/reviews/synthesis/model/canonical-architecture.md
1470	-	-	PENDING_GLOBAL_RECLASS	PENDING_GLOBAL_RECLASS	PENDING	PENDING	docs/knowledgeos/reviews/synthesis/analysis/phase-3c-scope-and-evidence-plan.md
1471	-	-	PENDING_GLOBAL_RECLASS	PENDING_GLOBAL_RECLASS	PENDING	PENDING	docs/knowledgeos/reviews/synthesis/analysis/phase-3c-verdict-register.md
1472	-	-	PENDING_GLOBAL_RECLASS	PENDING_GLOBAL_RECLASS	PENDING	PENDING	docs/knowledgeos/reviews/synthesis/analysis/phase-3c-report.md
1473	-	-	PENDING_GLOBAL_RECLASS	PENDING_GLOBAL_RECLASS	PENDING	PENDING	docs/knowledgeos/reviews/synthesis/analysis/phase-archaeology-inventory.md
1474	-	-	PENDING_GLOBAL_RECLASS	PENDING_GLOBAL_RECLASS	PENDING	PENDING	docs/knowledgeos/reviews/synthesis/analysis/phase-archaeology-experiments.md
1475	-	-	PENDING_GLOBAL_RECLASS	PENDING_GLOBAL_RECLASS	PENDING	PENDING	docs/knowledgeos/reviews/synthesis/analysis/phase-archaeology-decisions.md
1476	-	-	PENDING_GLOBAL_RECLASS	PENDING_GLOBAL_RECLASS	PENDING	PENDING	docs/knowledgeos/reviews/synthesis/analysis/phase-archaeology-findings.md
1477	-	-	PENDING_GLOBAL_RECLASS	PENDING_GLOBAL_RECLASS	PENDING	PENDING	docs/knowledgeos/reviews/synthesis/analysis/phase-archaeology-to-v02-map.md
1478	-	-	PENDING_GLOBAL_RECLASS	PENDING_GLOBAL_RECLASS	PENDING	PENDING	docs/knowledgeos/reviews/synthesis/analysis/phase-archaeology-provenance-index.md
1479	-	-	PENDING_GLOBAL_RECLASS	PENDING_GLOBAL_RECLASS	PENDING	PENDING	docs/knowledgeos/reviews/synthesis/analysis/phase-3c-dispositions-resolution.md
1480	-	-	PENDING_GLOBAL_RECLASS	PENDING_GLOBAL_RECLASS	PENDING	PENDING	docs/knowledgeos/reviews/synthesis/analysis/phase-3c-conformance-findings.md
1481	-	-	PENDING_GLOBAL_RECLASS	PENDING_GLOBAL_RECLASS	PENDING	PENDING	docs/knowledgeos/reviews/synthesis/analysis/experiment-registry.md
1482	-	-	PENDING_GLOBAL_RECLASS	PENDING_GLOBAL_RECLASS	PENDING	PENDING	docs/knowledgeos/reviews/synthesis/analysis/phase-archaeology-concept-evolution.md
1483	-	-	PENDING_GLOBAL_RECLASS	PENDING_GLOBAL_RECLASS	PENDING	PENDING	docs/knowledgeos/reviews/synthesis/analysis/phase-archaeology-alternatives.md
1484	-	-	PENDING_GLOBAL_RECLASS	PENDING_GLOBAL_RECLASS	PENDING	PENDING	docs/knowledgeos/reviews/synthesis/analysis/phase-archaeology-gate-report.md
1485	-	-	PENDING_GLOBAL_RECLASS	PENDING_GLOBAL_RECLASS	PENDING	PENDING	docs/knowledgeos/reviews/synthesis/final-architecture/FA-2-reconciliation-ledger.md
1486	-	-	PENDING_GLOBAL_RECLASS	PENDING_GLOBAL_RECLASS	PENDING	PENDING	docs/knowledgeos/reviews/synthesis/final-architecture/FA-4-concept-terminology-reconciliation.md
1487	-	-	PENDING_GLOBAL_RECLASS	PENDING_GLOBAL_RECLASS	PENDING	PENDING	docs/knowledgeos/reviews/synthesis/final-architecture/FA-5-repository-correspondence-map.md
1488	-	-	PENDING_GLOBAL_RECLASS	PENDING_GLOBAL_RECLASS	PENDING	PENDING	docs/knowledgeos/reviews/synthesis/final-architecture/FA-7-provenance-register.md
1489	-	-	PENDING_GLOBAL_RECLASS	PENDING_GLOBAL_RECLASS	PENDING	PENDING	docs/knowledgeos/reviews/synthesis/final-architecture/FA-1-final-architecture-baseline.md
1490	-	-	PENDING_GLOBAL_RECLASS	PENDING_GLOBAL_RECLASS	PENDING	PENDING	docs/knowledgeos/reviews/synthesis/final-architecture/FA-3-architecture-decision-register.md
1491	-	-	PENDING_GLOBAL_RECLASS	PENDING_GLOBAL_RECLASS	PENDING	PENDING	docs/knowledgeos/reviews/synthesis/final-architecture/FA-6-open-questions-register.md
1492	-	-	PENDING_GLOBAL_RECLASS	PENDING_GLOBAL_RECLASS	PENDING	PENDING	docs/knowledgeos/reviews/synthesis/final-architecture/FA-8-gate-report.md
1493	-	-	PENDING_GLOBAL_RECLASS	PENDING_GLOBAL_RECLASS	PENDING	PENDING	docs/knowledgeos/reviews/synthesis/final-architecture/FA-9-ratification-packet.md
1494	-	-	PENDING_GLOBAL_RECLASS	PENDING_GLOBAL_RECLASS	PENDING	PENDING	docs/knowledgeos/reviews/synthesis/analysis/book-architecture-authorization-packet.md
1495	-	-	PENDING_GLOBAL_RECLASS	PENDING_GLOBAL_RECLASS	PENDING	PENDING	docs/knowledgeos/reviews/synthesis/book-architecture/BA-2-content-allocation-map.md
1496	-	-	PENDING_GLOBAL_RECLASS	PENDING_GLOBAL_RECLASS	PENDING	PENDING	docs/knowledgeos/reviews/synthesis/book-architecture/BA-3-terminology-architecture.md
1497	-	-	PENDING_GLOBAL_RECLASS	PENDING_GLOBAL_RECLASS	PENDING	PENDING	docs/knowledgeos/reviews/synthesis/book-architecture/BA-4-provenance-architecture.md
1498	-	-	PENDING_GLOBAL_RECLASS	PENDING_GLOBAL_RECLASS	PENDING	PENDING	docs/knowledgeos/reviews/synthesis/book-architecture/BA-5-verification-architecture.md
1499	-	-	PENDING_GLOBAL_RECLASS	PENDING_GLOBAL_RECLASS	PENDING	PENDING	docs/knowledgeos/reviews/synthesis/book-architecture/BA-6-production-specification.md
1500	-	-	PENDING_GLOBAL_RECLASS	PENDING_GLOBAL_RECLASS	PENDING	PENDING	docs/knowledgeos/reviews/synthesis/book-architecture/BA-7-design-gate-report.md
1501	-	-	PENDING_GLOBAL_RECLASS	PENDING_GLOBAL_RECLASS	PENDING	PENDING	docs/knowledgeos/reviews/synthesis/book-architecture/BA-1-book-structure.md
1502	-	-	PENDING_GLOBAL_RECLASS	PENDING_GLOBAL_RECLASS	PENDING	PENDING	docs/knowledgeos/reviews/synthesis/book/part-3-architecture/03-01-the-five-layers/chapter.md
1503	-	-	PENDING_GLOBAL_RECLASS	PENDING_GLOBAL_RECLASS	PENDING	PENDING	docs/knowledgeos/reviews/synthesis/book/part-3-architecture/03-01-the-five-layers/evidence-map.md
1504	-	-	PENDING_GLOBAL_RECLASS	PENDING_GLOBAL_RECLASS	PENDING	PENDING	docs/knowledgeos/reviews/synthesis/book/part-3-architecture/03-01-the-five-layers/claims.md
1505	-	-	PENDING_GLOBAL_RECLASS	PENDING_GLOBAL_RECLASS	PENDING	PENDING	docs/knowledgeos/reviews/synthesis/book/part-3-architecture/03-01-the-five-layers/unresolved.md
1506	-	-	PENDING_GLOBAL_RECLASS	PENDING_GLOBAL_RECLASS	PENDING	PENDING	docs/knowledgeos/reviews/synthesis/book/part-3-architecture/03-02-the-knower-and-the-frame/chapter.md
1507	-	-	PENDING_GLOBAL_RECLASS	PENDING_GLOBAL_RECLASS	PENDING	PENDING	docs/knowledgeos/reviews/synthesis/book/part-3-architecture/03-02-the-knower-and-the-frame/evidence-map.md
1508	-	-	PENDING_GLOBAL_RECLASS	PENDING_GLOBAL_RECLASS	PENDING	PENDING	docs/knowledgeos/reviews/synthesis/book/part-3-architecture/03-02-the-knower-and-the-frame/claims.md
1509	-	-	PENDING_GLOBAL_RECLASS	PENDING_GLOBAL_RECLASS	PENDING	PENDING	docs/knowledgeos/reviews/synthesis/book/part-3-architecture/03-02-the-knower-and-the-frame/unresolved.md
1510	-	-	PENDING_GLOBAL_RECLASS	PENDING_GLOBAL_RECLASS	PENDING	PENDING	docs/knowledgeos/reviews/synthesis/book/part-3-architecture/03-03-knowledge-and-the-world/chapter.md
1511	-	-	PENDING_GLOBAL_RECLASS	PENDING_GLOBAL_RECLASS	PENDING	PENDING	docs/knowledgeos/reviews/synthesis/book/part-3-architecture/03-03-knowledge-and-the-world/evidence-map.md
1512	-	-	PENDING_GLOBAL_RECLASS	PENDING_GLOBAL_RECLASS	PENDING	PENDING	docs/knowledgeos/reviews/synthesis/book/part-3-architecture/03-03-knowledge-and-the-world/claims.md
1513	-	-	PENDING_GLOBAL_RECLASS	PENDING_GLOBAL_RECLASS	PENDING	PENDING	docs/knowledgeos/reviews/synthesis/book/part-3-architecture/03-03-knowledge-and-the-world/unresolved.md
1514	-	-	PENDING_GLOBAL_RECLASS	PENDING_GLOBAL_RECLASS	PENDING	PENDING	docs/knowledgeos/reviews/synthesis/book/part-3-architecture/03-04-zero-the-gap-that-drives-inquiry/chapter.md
1515	-	-	PENDING_GLOBAL_RECLASS	PENDING_GLOBAL_RECLASS	PENDING	PENDING	docs/knowledgeos/reviews/synthesis/book/part-3-architecture/03-04-zero-the-gap-that-drives-inquiry/evidence-map.md
1516	-	-	PENDING_GLOBAL_RECLASS	PENDING_GLOBAL_RECLASS	PENDING	PENDING	docs/knowledgeos/reviews/synthesis/book/part-3-architecture/03-04-zero-the-gap-that-drives-inquiry/claims.md
1517	-	-	PENDING_GLOBAL_RECLASS	PENDING_GLOBAL_RECLASS	PENDING	PENDING	docs/knowledgeos/reviews/synthesis/book/part-3-architecture/03-04-zero-the-gap-that-drives-inquiry/unresolved.md
1518	-	-	PENDING_GLOBAL_RECLASS	PENDING_GLOBAL_RECLASS	PENDING	PENDING	docs/knowledgeos/reviews/synthesis/book/part-3-architecture/03-05-evidence-and-its-algebra/chapter.md
1519	-	-	PENDING_GLOBAL_RECLASS	PENDING_GLOBAL_RECLASS	PENDING	PENDING	docs/knowledgeos/reviews/synthesis/book/part-3-architecture/03-05-evidence-and-its-algebra/evidence-map.md
1520	-	-	PENDING_GLOBAL_RECLASS	PENDING_GLOBAL_RECLASS	PENDING	PENDING	docs/knowledgeos/reviews/synthesis/book/part-3-architecture/03-05-evidence-and-its-algebra/claims.md
1521	-	-	PENDING_GLOBAL_RECLASS	PENDING_GLOBAL_RECLASS	PENDING	PENDING	docs/knowledgeos/reviews/synthesis/book/part-3-architecture/03-05-evidence-and-its-algebra/unresolved.md
1522	-	-	PENDING_GLOBAL_RECLASS	PENDING_GLOBAL_RECLASS	PENDING	PENDING	docs/knowledgeos/reviews/synthesis/book/part-3-architecture/03-06-states-and-admission/chapter.md
1523	-	-	PENDING_GLOBAL_RECLASS	PENDING_GLOBAL_RECLASS	PENDING	PENDING	docs/knowledgeos/reviews/synthesis/book/part-3-architecture/03-06-states-and-admission/evidence-map.md
1524	-	-	PENDING_GLOBAL_RECLASS	PENDING_GLOBAL_RECLASS	PENDING	PENDING	docs/knowledgeos/reviews/synthesis/book/part-3-architecture/03-06-states-and-admission/claims.md
1525	-	-	PENDING_GLOBAL_RECLASS	PENDING_GLOBAL_RECLASS	PENDING	PENDING	docs/knowledgeos/reviews/synthesis/book/part-3-architecture/03-06-states-and-admission/unresolved.md
1526	-	-	PENDING_GLOBAL_RECLASS	PENDING_GLOBAL_RECLASS	PENDING	PENDING	docs/knowledgeos/reviews/synthesis/book/part-3-architecture/03-07-decision-authorization-action/chapter.md
1527	-	-	PENDING_GLOBAL_RECLASS	PENDING_GLOBAL_RECLASS	PENDING	PENDING	docs/knowledgeos/reviews/synthesis/book/part-3-architecture/03-07-decision-authorization-action/evidence-map.md
1528	-	-	PENDING_GLOBAL_RECLASS	PENDING_GLOBAL_RECLASS	PENDING	PENDING	docs/knowledgeos/reviews/synthesis/book/part-3-architecture/03-07-decision-authorization-action/claims.md
1529	-	-	PENDING_GLOBAL_RECLASS	PENDING_GLOBAL_RECLASS	PENDING	PENDING	docs/knowledgeos/reviews/synthesis/book/part-3-architecture/03-07-decision-authorization-action/unresolved.md
1530	-	-	PENDING_GLOBAL_RECLASS	PENDING_GLOBAL_RECLASS	PENDING	PENDING	docs/knowledgeos/reviews/synthesis/book/part-3-architecture/03-08-the-policy-that-governs-itself/chapter.md
1531	-	-	PENDING_GLOBAL_RECLASS	PENDING_GLOBAL_RECLASS	PENDING	PENDING	docs/knowledgeos/reviews/synthesis/book/part-3-architecture/03-08-the-policy-that-governs-itself/evidence-map.md
1532	-	-	PENDING_GLOBAL_RECLASS	PENDING_GLOBAL_RECLASS	PENDING	PENDING	docs/knowledgeos/reviews/synthesis/book/part-3-architecture/03-08-the-policy-that-governs-itself/claims.md
1533	-	-	PENDING_GLOBAL_RECLASS	PENDING_GLOBAL_RECLASS	PENDING	PENDING	docs/knowledgeos/reviews/synthesis/book/part-3-architecture/03-08-the-policy-that-governs-itself/unresolved.md
1534	-	-	PENDING_GLOBAL_RECLASS	PENDING_GLOBAL_RECLASS	PENDING	PENDING	docs/knowledgeos/reviews/synthesis/book/part-3-architecture/03-09-three-kernels/chapter.md
1535	-	-	PENDING_GLOBAL_RECLASS	PENDING_GLOBAL_RECLASS	PENDING	PENDING	docs/knowledgeos/reviews/synthesis/book/part-3-architecture/03-09-three-kernels/evidence-map.md
1536	-	-	PENDING_GLOBAL_RECLASS	PENDING_GLOBAL_RECLASS	PENDING	PENDING	docs/knowledgeos/reviews/synthesis/book/part-3-architecture/03-09-three-kernels/claims.md
1537	-	-	PENDING_GLOBAL_RECLASS	PENDING_GLOBAL_RECLASS	PENDING	PENDING	docs/knowledgeos/reviews/synthesis/book/part-3-architecture/03-09-three-kernels/unresolved.md
1538	-	-	PENDING_GLOBAL_RECLASS	PENDING_GLOBAL_RECLASS	PENDING	PENDING	docs/knowledgeos/reviews/synthesis/book/part-3-architecture/03-10-the-invariants/evidence-map.md
1539	-	-	PENDING_GLOBAL_RECLASS	PENDING_GLOBAL_RECLASS	PENDING	PENDING	docs/knowledgeos/reviews/synthesis/book/part-3-architecture/03-10-the-invariants/unresolved.md
1540	-	-	PENDING_GLOBAL_RECLASS	PENDING_GLOBAL_RECLASS	PENDING	PENDING	docs/knowledgeos/reviews/synthesis/book/part-1-discovery/01-01-the-problem-before-the-system/chapter.md
1541	-	-	PENDING_GLOBAL_RECLASS	PENDING_GLOBAL_RECLASS	PENDING	PENDING	docs/knowledgeos/reviews/synthesis/book/part-1-discovery/01-01-the-problem-before-the-system/evidence-map.md
1542	-	-	PENDING_GLOBAL_RECLASS	PENDING_GLOBAL_RECLASS	PENDING	PENDING	docs/knowledgeos/reviews/synthesis/book/part-1-discovery/01-01-the-problem-before-the-system/claims.md
1543	-	-	PENDING_GLOBAL_RECLASS	PENDING_GLOBAL_RECLASS	PENDING	PENDING	docs/knowledgeos/reviews/synthesis/book/part-1-discovery/01-01-the-problem-before-the-system/unresolved.md
1544	-	-	PENDING_GLOBAL_RECLASS	PENDING_GLOBAL_RECLASS	PENDING	PENDING	docs/knowledgeos/reviews/synthesis/book/part-1-discovery/01-02-the-constitutional-turn/unresolved.md
1545	-	-	PENDING_GLOBAL_RECLASS	PENDING_GLOBAL_RECLASS	PENDING	PENDING	docs/knowledgeos/reviews/synthesis/book/part-1-discovery/01-03-the-lens-programme/chapter.md
1546	-	-	PENDING_GLOBAL_RECLASS	PENDING_GLOBAL_RECLASS	PENDING	PENDING	docs/knowledgeos/reviews/synthesis/book/part-1-discovery/01-03-the-lens-programme/evidence-map.md
1547	-	-	PENDING_GLOBAL_RECLASS	PENDING_GLOBAL_RECLASS	PENDING	PENDING	docs/knowledgeos/reviews/synthesis/book/part-1-discovery/01-03-the-lens-programme/claims.md
1548	-	-	PENDING_GLOBAL_RECLASS	PENDING_GLOBAL_RECLASS	PENDING	PENDING	docs/knowledgeos/reviews/synthesis/book/part-1-discovery/01-03-the-lens-programme/unresolved.md
1549	-	-	PENDING_GLOBAL_RECLASS	PENDING_GLOBAL_RECLASS	PENDING	PENDING	docs/knowledgeos/reviews/synthesis/book/part-1-discovery/01-04-the-measure-theory-crisis/chapter.md
1550	-	-	PENDING_GLOBAL_RECLASS	PENDING_GLOBAL_RECLASS	PENDING	PENDING	docs/knowledgeos/reviews/synthesis/book/part-1-discovery/01-04-the-measure-theory-crisis/evidence-map.md
1551	-	-	PENDING_GLOBAL_RECLASS	PENDING_GLOBAL_RECLASS	PENDING	PENDING	docs/knowledgeos/reviews/synthesis/book/part-1-discovery/01-04-the-measure-theory-crisis/claims.md
1552	-	-	PENDING_GLOBAL_RECLASS	PENDING_GLOBAL_RECLASS	PENDING	PENDING	docs/knowledgeos/reviews/synthesis/book/part-1-discovery/01-04-the-measure-theory-crisis/unresolved.md
1553	-	-	PENDING_GLOBAL_RECLASS	PENDING_GLOBAL_RECLASS	PENDING	PENDING	docs/knowledgeos/reviews/synthesis/book/part-1-discovery/01-05-questions-the-charioteer-and-the-lord/chapter.md
1554	-	-	PENDING_GLOBAL_RECLASS	PENDING_GLOBAL_RECLASS	PENDING	PENDING	docs/knowledgeos/reviews/synthesis/book/part-1-discovery/01-05-questions-the-charioteer-and-the-lord/evidence-map.md
1555	-	-	PENDING_GLOBAL_RECLASS	PENDING_GLOBAL_RECLASS	PENDING	PENDING	docs/knowledgeos/reviews/synthesis/book/part-1-discovery/01-05-questions-the-charioteer-and-the-lord/claims.md
1556	-	-	PENDING_GLOBAL_RECLASS	PENDING_GLOBAL_RECLASS	PENDING	PENDING	docs/knowledgeos/reviews/synthesis/book/part-1-discovery/01-05-questions-the-charioteer-and-the-lord/unresolved.md
1557	-	-	PENDING_GLOBAL_RECLASS	PENDING_GLOBAL_RECLASS	PENDING	PENDING	docs/knowledgeos/reviews/synthesis/book/part-1-discovery/01-06-formalization-attacks-itself/chapter.md
1558	-	-	PENDING_GLOBAL_RECLASS	PENDING_GLOBAL_RECLASS	PENDING	PENDING	docs/knowledgeos/reviews/synthesis/book/part-1-discovery/01-06-formalization-attacks-itself/evidence-map.md
1559	-	-	PENDING_GLOBAL_RECLASS	PENDING_GLOBAL_RECLASS	PENDING	PENDING	docs/knowledgeos/reviews/synthesis/book/part-1-discovery/01-06-formalization-attacks-itself/claims.md
1560	-	-	PENDING_GLOBAL_RECLASS	PENDING_GLOBAL_RECLASS	PENDING	PENDING	docs/knowledgeos/reviews/synthesis/book/part-1-discovery/01-06-formalization-attacks-itself/unresolved.md
1561	-	-	PENDING_GLOBAL_RECLASS	PENDING_GLOBAL_RECLASS	PENDING	PENDING	docs/knowledgeos/reviews/synthesis/book/part-2-reconstruction/02-01-archaeology-before-architecture/evidence-map.md
1562	-	-	PENDING_GLOBAL_RECLASS	PENDING_GLOBAL_RECLASS	PENDING	PENDING	docs/knowledgeos/reviews/synthesis/book/part-2-reconstruction/02-01-archaeology-before-architecture/unresolved.md
1563	-	-	PENDING_GLOBAL_RECLASS	PENDING_GLOBAL_RECLASS	PENDING	PENDING	docs/knowledgeos/reviews/synthesis/book/part-2-reconstruction/02-02-grades-and-the-final-rule/chapter.md
1564	-	-	PENDING_GLOBAL_RECLASS	PENDING_GLOBAL_RECLASS	PENDING	PENDING	docs/knowledgeos/reviews/synthesis/book/part-2-reconstruction/02-02-grades-and-the-final-rule/evidence-map.md
1565	-	-	PENDING_GLOBAL_RECLASS	PENDING_GLOBAL_RECLASS	PENDING	PENDING	docs/knowledgeos/reviews/synthesis/book/part-2-reconstruction/02-02-grades-and-the-final-rule/claims.md
1566	-	-	PENDING_GLOBAL_RECLASS	PENDING_GLOBAL_RECLASS	PENDING	PENDING	docs/knowledgeos/reviews/synthesis/book/part-2-reconstruction/02-02-grades-and-the-final-rule/unresolved.md
1567	-	-	PENDING_GLOBAL_RECLASS	PENDING_GLOBAL_RECLASS	PENDING	PENDING	docs/knowledgeos/reviews/synthesis/book/part-2-reconstruction/02-03-falsification-under-authority/evidence-map.md
1568	-	-	PENDING_GLOBAL_RECLASS	PENDING_GLOBAL_RECLASS	PENDING	PENDING	docs/knowledgeos/reviews/synthesis/book/part-2-reconstruction/02-03-falsification-under-authority/unresolved.md
1569	-	-	PENDING_GLOBAL_RECLASS	PENDING_GLOBAL_RECLASS	PENDING	PENDING	docs/knowledgeos/reviews/synthesis/book/part-2-reconstruction/02-04-conformance-and-the-living-repository/chapter.md
1570	-	-	PENDING_GLOBAL_RECLASS	PENDING_GLOBAL_RECLASS	PENDING	PENDING	docs/knowledgeos/reviews/synthesis/book/part-2-reconstruction/02-04-conformance-and-the-living-repository/evidence-map.md
1571	-	-	PENDING_GLOBAL_RECLASS	PENDING_GLOBAL_RECLASS	PENDING	PENDING	docs/knowledgeos/reviews/synthesis/book/part-2-reconstruction/02-04-conformance-and-the-living-repository/claims.md
1572	-	-	PENDING_GLOBAL_RECLASS	PENDING_GLOBAL_RECLASS	PENDING	PENDING	docs/knowledgeos/reviews/synthesis/book/part-2-reconstruction/02-04-conformance-and-the-living-repository/unresolved.md
1573	-	-	PENDING_GLOBAL_RECLASS	PENDING_GLOBAL_RECLASS	PENDING	PENDING	docs/knowledgeos/reviews/synthesis/book/part-4-implications/04-01-engineering-with-knowledgeos/chapter.md
1574	-	-	PENDING_GLOBAL_RECLASS	PENDING_GLOBAL_RECLASS	PENDING	PENDING	docs/knowledgeos/reviews/synthesis/book/part-4-implications/04-01-engineering-with-knowledgeos/evidence-map.md
1575	-	-	PENDING_GLOBAL_RECLASS	PENDING_GLOBAL_RECLASS	PENDING	PENDING	docs/knowledgeos/reviews/synthesis/book/part-4-implications/04-01-engineering-with-knowledgeos/claims.md
1576	-	-	PENDING_GLOBAL_RECLASS	PENDING_GLOBAL_RECLASS	PENDING	PENDING	docs/knowledgeos/reviews/synthesis/book/part-4-implications/04-01-engineering-with-knowledgeos/unresolved.md
1577	-	-	PENDING_GLOBAL_RECLASS	PENDING_GLOBAL_RECLASS	PENDING	PENDING	docs/knowledgeos/reviews/synthesis/book/part-4-implications/04-02-ai-agents-under-epistemic-governance/chapter.md
1578	-	-	PENDING_GLOBAL_RECLASS	PENDING_GLOBAL_RECLASS	PENDING	PENDING	docs/knowledgeos/reviews/synthesis/book/part-4-implications/04-02-ai-agents-under-epistemic-governance/evidence-map.md
1579	-	-	PENDING_GLOBAL_RECLASS	PENDING_GLOBAL_RECLASS	PENDING	PENDING	docs/knowledgeos/reviews/synthesis/book/part-4-implications/04-02-ai-agents-under-epistemic-governance/claims.md
1580	-	-	PENDING_GLOBAL_RECLASS	PENDING_GLOBAL_RECLASS	PENDING	PENDING	docs/knowledgeos/reviews/synthesis/book/part-4-implications/04-02-ai-agents-under-epistemic-governance/unresolved.md
1581	-	-	PENDING_GLOBAL_RECLASS	PENDING_GLOBAL_RECLASS	PENDING	PENDING	docs/knowledgeos/reviews/synthesis/book/part-4-implications/04-03-parallel-lanes-and-future-intake/chapter.md
1582	-	-	PENDING_GLOBAL_RECLASS	PENDING_GLOBAL_RECLASS	PENDING	PENDING	docs/knowledgeos/reviews/synthesis/book/part-4-implications/04-03-parallel-lanes-and-future-intake/evidence-map.md
1583	-	-	PENDING_GLOBAL_RECLASS	PENDING_GLOBAL_RECLASS	PENDING	PENDING	docs/knowledgeos/reviews/synthesis/book/part-4-implications/04-03-parallel-lanes-and-future-intake/claims.md
1584	-	-	PENDING_GLOBAL_RECLASS	PENDING_GLOBAL_RECLASS	PENDING	PENDING	docs/knowledgeos/reviews/synthesis/book/part-4-implications/04-03-parallel-lanes-and-future-intake/unresolved.md
1585	-	-	PENDING_GLOBAL_RECLASS	PENDING_GLOBAL_RECLASS	PENDING	PENDING	docs/knowledgeos/reviews/synthesis/book/part-4-implications/04-04-what-remains-open/chapter.md
1586	-	-	PENDING_GLOBAL_RECLASS	PENDING_GLOBAL_RECLASS	PENDING	PENDING	docs/knowledgeos/reviews/synthesis/book/part-4-implications/04-04-what-remains-open/evidence-map.md
1587	-	-	PENDING_GLOBAL_RECLASS	PENDING_GLOBAL_RECLASS	PENDING	PENDING	docs/knowledgeos/reviews/synthesis/book/part-4-implications/04-04-what-remains-open/claims.md
1588	-	-	PENDING_GLOBAL_RECLASS	PENDING_GLOBAL_RECLASS	PENDING	PENDING	docs/knowledgeos/reviews/synthesis/book/part-4-implications/04-04-what-remains-open/unresolved.md
1589	-	-	PENDING_GLOBAL_RECLASS	PENDING_GLOBAL_RECLASS	PENDING	PENDING	docs/knowledgeos/reviews/synthesis/book/part-4-implications/04-05-how-to-read-this-books-evidence/chapter.md
1590	-	-	PENDING_GLOBAL_RECLASS	PENDING_GLOBAL_RECLASS	PENDING	PENDING	docs/knowledgeos/reviews/synthesis/book/part-4-implications/04-05-how-to-read-this-books-evidence/evidence-map.md
1591	-	-	PENDING_GLOBAL_RECLASS	PENDING_GLOBAL_RECLASS	PENDING	PENDING	docs/knowledgeos/reviews/synthesis/book/part-4-implications/04-05-how-to-read-this-books-evidence/claims.md
1592	-	-	PENDING_GLOBAL_RECLASS	PENDING_GLOBAL_RECLASS	PENDING	PENDING	docs/knowledgeos/reviews/synthesis/book/part-4-implications/04-05-how-to-read-this-books-evidence/unresolved.md
1593	-	-	PENDING_GLOBAL_RECLASS	PENDING_GLOBAL_RECLASS	PENDING	PENDING	docs/knowledgeos/reviews/synthesis/book/provenance-index.md
1594	-	-	PENDING_GLOBAL_RECLASS	PENDING_GLOBAL_RECLASS	PENDING	PENDING	docs/knowledgeos/reviews/synthesis/analysis/book-review-acceptance-packet.md
1595	-	-	PENDING_GLOBAL_RECLASS	PENDING_GLOBAL_RECLASS	PENDING	PENDING	docs/knowledgeos/reviews/synthesis/analysis/book-independent-review.md
1596	-	-	PENDING_GLOBAL_RECLASS	PENDING_GLOBAL_RECLASS	PENDING	PENDING	docs/knowledgeos/reviews/synthesis/book/part-1-discovery/01-02-the-constitutional-turn/chapter.md
1597	-	-	PENDING_GLOBAL_RECLASS	PENDING_GLOBAL_RECLASS	PENDING	PENDING	docs/knowledgeos/reviews/synthesis/book/part-1-discovery/01-02-the-constitutional-turn/evidence-map.md
1598	-	-	PENDING_GLOBAL_RECLASS	PENDING_GLOBAL_RECLASS	PENDING	PENDING	docs/knowledgeos/reviews/synthesis/book/part-1-discovery/01-02-the-constitutional-turn/claims.md
1599	-	-	PENDING_GLOBAL_RECLASS	PENDING_GLOBAL_RECLASS	PENDING	PENDING	docs/knowledgeos/reviews/synthesis/book/part-3-architecture/03-10-the-invariants/claims.md
1600	-	-	PENDING_GLOBAL_RECLASS	PENDING_GLOBAL_RECLASS	PENDING	PENDING	docs/knowledgeos/reviews/synthesis/book/part-2-reconstruction/02-03-falsification-under-authority/chapter.md
1601	-	-	PENDING_GLOBAL_RECLASS	PENDING_GLOBAL_RECLASS	PENDING	PENDING	docs/knowledgeos/reviews/synthesis/book/part-2-reconstruction/02-03-falsification-under-authority/claims.md
1602	-	-	PENDING_GLOBAL_RECLASS	PENDING_GLOBAL_RECLASS	PENDING	PENDING	docs/knowledgeos/reviews/synthesis/book/part-2-reconstruction/02-01-archaeology-before-architecture/chapter.md
1603	-	-	PENDING_GLOBAL_RECLASS	PENDING_GLOBAL_RECLASS	PENDING	PENDING	docs/knowledgeos/reviews/synthesis/book/part-2-reconstruction/02-01-archaeology-before-architecture/claims.md
1604	-	-	PENDING_GLOBAL_RECLASS	PENDING_GLOBAL_RECLASS	PENDING	PENDING	docs/knowledgeos/reviews/synthesis/book/part-3-architecture/03-10-the-invariants/chapter.md
1605	-	-	PENDING_GLOBAL_RECLASS	PENDING_GLOBAL_RECLASS	PENDING	PENDING	docs/knowledgeos/reviews/synthesis/analysis/book-acceptance-packet.md
1606	-	-	PENDING_GLOBAL_RECLASS	PENDING_GLOBAL_RECLASS	PENDING	PENDING	docs/knowledgeos/reviews/synthesis/book/00-book-index.md
1607	-	-	PENDING_GLOBAL_RECLASS	PENDING_GLOBAL_RECLASS	PENDING	PENDING	docs/knowledgeos/reviews/synthesis/README.md
1608	-	-	PENDING_GLOBAL_RECLASS	PENDING_GLOBAL_RECLASS	PENDING	PENDING	docs/knowledgeos/reviews/synthesis/analysis/book-depth-assessment.md
1609	-	-	PENDING_GLOBAL_RECLASS	PENDING_GLOBAL_RECLASS	PENDING	PENDING	docs/knowledgeos/reviews/synthesis/analysis/book-edition-2-plan.md
1610	-	-	PENDING_GLOBAL_RECLASS	PENDING_GLOBAL_RECLASS	PENDING	PENDING	docs/knowledgeos/reviews/synthesis/book-edition-2/part-3-architecture/03-01-the-five-layers/evidence-map.md
1611	-	-	PENDING_GLOBAL_RECLASS	PENDING_GLOBAL_RECLASS	PENDING	PENDING	docs/knowledgeos/reviews/synthesis/book-edition-2/part-3-architecture/03-01-the-five-layers/unresolved.md
1612	-	-	PENDING_GLOBAL_RECLASS	PENDING_GLOBAL_RECLASS	PENDING	PENDING	docs/knowledgeos/reviews/synthesis/book-edition-2/part-3-architecture/03-02-the-knower-and-the-frame/evidence-map.md
1613	-	-	PENDING_GLOBAL_RECLASS	PENDING_GLOBAL_RECLASS	PENDING	PENDING	docs/knowledgeos/reviews/kernel/session2/S2-F024-review-of-s1-f009-the-equilibrium-criterion-is-a-schema-not-a-criterion.md
1614	-	-	PENDING_GLOBAL_RECLASS	PENDING_GLOBAL_RECLASS	PENDING	PENDING	docs/knowledgeos/reviews/kernel/session2/S2-R-F002-review-of-s1-f002-ubiquitous-language-instability.md
1615	-	-	PENDING_GLOBAL_RECLASS	PENDING_GLOBAL_RECLASS	PENDING	PENDING	docs/knowledgeos/reviews/kernel/session2/S2-R-F003-review-of-s1-f003-kernel-member-candidates-diverge.md
1616	-	-	PENDING_GLOBAL_RECLASS	PENDING_GLOBAL_RECLASS	PENDING	PENDING	docs/knowledgeos/reviews/kernel/session2/S2-R-F004-review-of-s1-f004-no-established-kernel-category-determinism.md
1617	-	-	PENDING_GLOBAL_RECLASS	PENDING_GLOBAL_RECLASS	PENDING	PENDING	docs/knowledgeos/reviews/kernel/session2/S2-R-F005-review-of-s1-f005-mathematics-describes-kernel-protects.md
1618	-	-	PENDING_GLOBAL_RECLASS	PENDING_GLOBAL_RECLASS	PENDING	PENDING	docs/knowledgeos/reviews/kernel/session2/S2-R-F010-review-of-s1-f010-admission-as-first-transition-and-withdrawn.md
1619	-	-	PENDING_GLOBAL_RECLASS	PENDING_GLOBAL_RECLASS	PENDING	PENDING	docs/knowledgeos/reviews/synthesis/book-edition-2/part-3-architecture/03-05-evidence-and-its-algebra/evidence-map.md
1620	-	-	PENDING_GLOBAL_RECLASS	PENDING_GLOBAL_RECLASS	PENDING	PENDING	docs/knowledgeos/reviews/kernel/session2/S2-R-F011-review-of-s1-f011-transformation-boundary-and-sixteen-exclusions.md
1621	-	-	PENDING_GLOBAL_RECLASS	PENDING_GLOBAL_RECLASS	PENDING	PENDING	docs/knowledgeos/reviews/kernel/session2/S2-R-F012-review-of-s1-f012-epistemic-accountability-core.md
1622	-	-	PENDING_GLOBAL_RECLASS	PENDING_GLOBAL_RECLASS	PENDING	PENDING	docs/knowledgeos/reviews/synthesis/book-edition-2/part-3-architecture/03-04-zero-the-gap-that-drives-inquiry/evidence-map.md
1623	-	-	PENDING_GLOBAL_RECLASS	PENDING_GLOBAL_RECLASS	PENDING	PENDING	docs/knowledgeos/reviews/kernel/session2/S2-R-F013-review-of-s1-f013-eightfold-unresolved-and-the-classification-blocker.md
1624	-	-	PENDING_GLOBAL_RECLASS	PENDING_GLOBAL_RECLASS	PENDING	PENDING	docs/knowledgeos/reviews/synthesis/book-edition-2/part-3-architecture/03-03-knowledge-and-the-world/evidence-map.md
1625	-	-	PENDING_GLOBAL_RECLASS	PENDING_GLOBAL_RECLASS	PENDING	PENDING	docs/knowledgeos/reviews/synthesis/book-edition-2/part-3-architecture/03-03-knowledge-and-the-world/unresolved.md
1626	-	-	PENDING_GLOBAL_RECLASS	PENDING_GLOBAL_RECLASS	PENDING	PENDING	docs/knowledgeos/reviews/kernel/session2/S2-R-F014-review-of-s1-f014-states-as-projections-and-six-contradictions.md
1627	-	-	PENDING_GLOBAL_RECLASS	PENDING_GLOBAL_RECLASS	PENDING	PENDING	docs/knowledgeos/reviews/kernel/session2/S2-R-F015-review-of-s1-f015-twelve-questions-and-content-mutability.md
1628	-	-	PENDING_GLOBAL_RECLASS	PENDING_GLOBAL_RECLASS	PENDING	PENDING	docs/knowledgeos/reviews/kernel/session2/S2-R-F016-review-of-s1-f016-aggregate-falsification-and-the-arrival-count.md
1629	-	-	PENDING_GLOBAL_RECLASS	PENDING_GLOBAL_RECLASS	PENDING	PENDING	docs/knowledgeos/reviews/kernel/session2/S2-R-F017-review-of-s1-f017-phase-consolidation.md
1630	-	-	PENDING_GLOBAL_RECLASS	PENDING_GLOBAL_RECLASS	PENDING	PENDING	docs/knowledgeos/reviews/kernel/session2/S2-R-F018-review-of-s1-f018-evidence-entity-or-value-object.md
1631	-	-	PENDING_GLOBAL_RECLASS	PENDING_GLOBAL_RECLASS	PENDING	PENDING	docs/knowledgeos/reviews/synthesis/book-edition-2/part-3-architecture/03-06-states-and-admission/evidence-map.md
1632	-	-	PENDING_GLOBAL_RECLASS	PENDING_GLOBAL_RECLASS	PENDING	PENDING	docs/knowledgeos/reviews/synthesis/book-edition-2/part-3-architecture/03-06-states-and-admission/unresolved.md
1633	-	-	PENDING_GLOBAL_RECLASS	PENDING_GLOBAL_RECLASS	PENDING	PENDING	docs/knowledgeos/reviews/kernel/session2/S2-R-F019-review-of-s1-f019-fourteen-lens-vote.md
1634	-	-	PENDING_GLOBAL_RECLASS	PENDING_GLOBAL_RECLASS	PENDING	PENDING	docs/knowledgeos/reviews/synthesis/book-edition-2/part-3-architecture/03-07-decision-authorization-action/evidence-map.md
1635	-	-	PENDING_GLOBAL_RECLASS	PENDING_GLOBAL_RECLASS	PENDING	PENDING	docs/knowledgeos/reviews/synthesis/book-edition-2/part-3-architecture/03-07-decision-authorization-action/unresolved.md
1636	-	-	PENDING_GLOBAL_RECLASS	PENDING_GLOBAL_RECLASS	PENDING	PENDING	docs/knowledgeos/reviews/kernel/session2/S2-R-F020-review-of-s1-f020-adr-three-altitudes.md
1637	-	-	PENDING_GLOBAL_RECLASS	PENDING_GLOBAL_RECLASS	PENDING	PENDING	docs/knowledgeos/reviews/kernel/session2/S2-R-F021-review-of-s1-f021-lens-layers-and-the-boring-kernel.md
1638	-	-	PENDING_GLOBAL_RECLASS	PENDING_GLOBAL_RECLASS	PENDING	PENDING	docs/knowledgeos/reviews/kernel/session2/S2-R-F022-review-of-s1-f022-lens-commission-falsification-routing.md
1639	-	-	PENDING_GLOBAL_RECLASS	PENDING_GLOBAL_RECLASS	PENDING	PENDING	docs/knowledgeos/reviews/kernel/session2/S2-R-F023-review-of-s1-f023-tarka-instrument-and-absence-typology.md
1640	-	-	PENDING_GLOBAL_RECLASS	PENDING_GLOBAL_RECLASS	PENDING	PENDING	docs/knowledgeos/reviews/synthesis/book-edition-2/part-3-architecture/03-08-the-policy-that-governs-itself/evidence-map.md
1641	-	-	PENDING_GLOBAL_RECLASS	PENDING_GLOBAL_RECLASS	PENDING	PENDING	docs/knowledgeos/reviews/synthesis/book-edition-2/part-3-architecture/03-08-the-policy-that-governs-itself/unresolved.md
1642	-	-	PENDING_GLOBAL_RECLASS	PENDING_GLOBAL_RECLASS	PENDING	PENDING	docs/knowledgeos/reviews/kernel/session2/S2-R-F024-review-of-s1-f024-book-extraction-register.md
1643	-	-	PENDING_GLOBAL_RECLASS	PENDING_GLOBAL_RECLASS	PENDING	PENDING	docs/knowledgeos/reviews/kernel/session2/S2-R-F025-review-of-s1-f025-anti-reasoner-constraint.md
1644	-	-	PENDING_GLOBAL_RECLASS	PENDING_GLOBAL_RECLASS	PENDING	PENDING	docs/knowledgeos/reviews/kernel/session2/S2-R-F026-review-of-s1-f026-phase-closure.md
1645	-	-	PENDING_GLOBAL_RECLASS	PENDING_GLOBAL_RECLASS	PENDING	PENDING	docs/knowledgeos/reviews/kernel/session2/S2-R-F027-review-of-s1-f027-inference-licensing-constraints.md
1646	-	-	PENDING_GLOBAL_RECLASS	PENDING_GLOBAL_RECLASS	PENDING	PENDING	docs/knowledgeos/reviews/kernel/session2/S2-R-F028-review-of-s1-f028-governance-artifact-and-a-provenance-loop.md
1647	-	-	PENDING_GLOBAL_RECLASS	PENDING_GLOBAL_RECLASS	PENDING	PENDING	docs/knowledgeos/reviews/synthesis/book-edition-2/production-log.md
1648	-	-	PENDING_GLOBAL_RECLASS	PENDING_GLOBAL_RECLASS	PENDING	PENDING	docs/knowledgeos/reviews/kernel/session2/S2-R-F029-review-of-s1-f029-abstention-and-evidence-roles.md
1649	-	-	PENDING_GLOBAL_RECLASS	PENDING_GLOBAL_RECLASS	PENDING	PENDING	docs/knowledgeos/reviews/kernel/session2/S2-R-F030-review-of-s1-f030-evidence-acquisition.md
1650	-	-	PENDING_GLOBAL_RECLASS	PENDING_GLOBAL_RECLASS	PENDING	PENDING	docs/knowledgeos/reviews/kernel/session2/S2-R-F031-review-of-s1-f031-ziran-identity-challenge.md
1651	-	-	PENDING_GLOBAL_RECLASS	PENDING_GLOBAL_RECLASS	PENDING	PENDING	docs/knowledgeos/reviews/synthesis/book-edition-2/part-3-architecture/03-01-the-five-layers/chapter.md
1652	-	-	PENDING_GLOBAL_RECLASS	PENDING_GLOBAL_RECLASS	PENDING	PENDING	docs/knowledgeos/reviews/synthesis/book-edition-2/part-3-architecture/03-03-knowledge-and-the-world/chapter.md
1653	-	-	PENDING_GLOBAL_RECLASS	PENDING_GLOBAL_RECLASS	PENDING	PENDING	docs/knowledgeos/reviews/synthesis/book-edition-2/part-3-architecture/03-07-decision-authorization-action/chapter.md
1654	-	-	PENDING_GLOBAL_RECLASS	PENDING_GLOBAL_RECLASS	PENDING	PENDING	docs/knowledgeos/reviews/synthesis/book-edition-2/part-3-architecture/03-04-zero-the-gap-that-drives-inquiry/chapter.md
1655	-	-	PENDING_GLOBAL_RECLASS	PENDING_GLOBAL_RECLASS	PENDING	PENDING	docs/knowledgeos/reviews/synthesis/book-edition-2/part-3-architecture/03-08-the-policy-that-governs-itself/chapter.md
1656	-	-	PENDING_GLOBAL_RECLASS	PENDING_GLOBAL_RECLASS	PENDING	PENDING	docs/knowledgeos/reviews/synthesis/book-edition-2/part-3-architecture/03-02-the-knower-and-the-frame/unresolved.md
1657	-	-	PENDING_GLOBAL_RECLASS	PENDING_GLOBAL_RECLASS	PENDING	PENDING	docs/knowledgeos/reviews/synthesis/book-edition-2/part-3-architecture/03-04-zero-the-gap-that-drives-inquiry/unresolved.md
1658	-	-	PENDING_GLOBAL_RECLASS	PENDING_GLOBAL_RECLASS	PENDING	PENDING	docs/knowledgeos/reviews/synthesis/book-edition-2/part-3-architecture/03-05-evidence-and-its-algebra/unresolved.md
1659	-	-	PENDING_GLOBAL_RECLASS	PENDING_GLOBAL_RECLASS	PENDING	PENDING	docs/knowledgeos/reviews/synthesis/book-edition-2/part-3-architecture/03-05-evidence-and-its-algebra/chapter.md
1660	-	-	PENDING_GLOBAL_RECLASS	PENDING_GLOBAL_RECLASS	PENDING	PENDING	docs/knowledgeos/reviews/synthesis/book-edition-2/part-3-architecture/03-01-the-five-layers/claims.md
1661	-	-	PENDING_GLOBAL_RECLASS	PENDING_GLOBAL_RECLASS	PENDING	PENDING	docs/knowledgeos/reviews/synthesis/book-edition-2/part-3-architecture/03-03-knowledge-and-the-world/claims.md
1662	-	-	PENDING_GLOBAL_RECLASS	PENDING_GLOBAL_RECLASS	PENDING	PENDING	docs/knowledgeos/reviews/synthesis/book-edition-2/part-3-architecture/03-04-zero-the-gap-that-drives-inquiry/claims.md
1663	-	-	PENDING_GLOBAL_RECLASS	PENDING_GLOBAL_RECLASS	PENDING	PENDING	docs/knowledgeos/reviews/synthesis/book-edition-2/part-3-architecture/03-05-evidence-and-its-algebra/claims.md
1664	-	-	PENDING_GLOBAL_RECLASS	PENDING_GLOBAL_RECLASS	PENDING	PENDING	docs/knowledgeos/reviews/synthesis/book-edition-2/part-3-architecture/03-06-states-and-admission/claims.md
1665	-	-	PENDING_GLOBAL_RECLASS	PENDING_GLOBAL_RECLASS	PENDING	PENDING	docs/knowledgeos/reviews/synthesis/book-edition-2/part-3-architecture/03-07-decision-authorization-action/claims.md
1666	-	-	PENDING_GLOBAL_RECLASS	PENDING_GLOBAL_RECLASS	PENDING	PENDING	docs/knowledgeos/reviews/synthesis/book-edition-2/part-3-architecture/03-08-the-policy-that-governs-itself/claims.md
1667	-	-	PENDING_GLOBAL_RECLASS	PENDING_GLOBAL_RECLASS	PENDING	PENDING	docs/knowledgeos/reviews/kernel/session2/S2-R-F032-review-of-s1-f032-formal-regimes-and-no-single-score.md
1668	-	-	PENDING_GLOBAL_RECLASS	PENDING_GLOBAL_RECLASS	PENDING	PENDING	docs/knowledgeos/reviews/kernel/session2/S2-R-F033-review-of-s1-f033-eir-and-the-cost-argument.md
1669	-	-	PENDING_GLOBAL_RECLASS	PENDING_GLOBAL_RECLASS	PENDING	PENDING	docs/knowledgeos/reviews/kernel/session2/S2-R-F034-review-of-s1-f034-sufficient-state.md
1670	-	-	PENDING_GLOBAL_RECLASS	PENDING_GLOBAL_RECLASS	PENDING	PENDING	docs/knowledgeos/reviews/kernel/session2/S2-X-cross-track-observation-register.md
1671	-	-	PENDING_GLOBAL_RECLASS	PENDING_GLOBAL_RECLASS	PENDING	PENDING	docs/knowledgeos/reviews/kernel/session2/S2-R-F001-review-of-s1-f001-authority-temporal-semantics-gap.md
1672	-	-	PENDING_GLOBAL_RECLASS	PENDING_GLOBAL_RECLASS	PENDING	PENDING	docs/knowledgeos/reviews/kernel/session2/S2-R-F035-review-of-s1-f035-counterfactual-robustness-and-route.md
1673	-	-	PENDING_GLOBAL_RECLASS	PENDING_GLOBAL_RECLASS	PENDING	PENDING	docs/knowledgeos/reviews/kernel/session2/S2-R-F036-review-of-s1-f036-minimum-preservation-unit.md
1674	-	-	PENDING_GLOBAL_RECLASS	PENDING_GLOBAL_RECLASS	PENDING	PENDING	docs/knowledgeos/reviews/kernel/session2/S2-R-F037-review-of-s1-f037-modelling-prohibitions.md
1675	-	-	PENDING_GLOBAL_RECLASS	PENDING_GLOBAL_RECLASS	PENDING	PENDING	docs/knowledgeos/reviews/synthesis/analysis/mathematical-tests/exp01_recheck.py
1676	-	-	PENDING_GLOBAL_RECLASS	PENDING_GLOBAL_RECLASS	PENDING	PENDING	docs/knowledgeos/reviews/synthesis/analysis/mathematical-tests/exp01_recheck_output.txt
1677	-	-	PENDING_GLOBAL_RECLASS	PENDING_GLOBAL_RECLASS	PENDING	PENDING	docs/knowledgeos/reviews/synthesis/analysis/mathematical-tests/zero_reference.py
1678	-	-	PENDING_GLOBAL_RECLASS	PENDING_GLOBAL_RECLASS	PENDING	PENDING	docs/knowledgeos/reviews/synthesis/analysis/mathematical-tests/ladder_dc_reference.py
1679	-	-	PENDING_GLOBAL_RECLASS	PENDING_GLOBAL_RECLASS	PENDING	PENDING	docs/knowledgeos/reviews/synthesis/analysis/mathematical-tests/zero_reference_output.txt
1680	-	-	PENDING_GLOBAL_RECLASS	PENDING_GLOBAL_RECLASS	PENDING	PENDING	docs/knowledgeos/reviews/synthesis/analysis/mathematical-tests/ladder_dc_reference_output.txt
1681	-	-	PENDING_GLOBAL_RECLASS	PENDING_GLOBAL_RECLASS	PENDING	PENDING	docs/knowledgeos/reviews/kernel/session2/S2-R-F038-review-of-s1-f038-substrate-and-measure.md
1682	-	-	PENDING_GLOBAL_RECLASS	PENDING_GLOBAL_RECLASS	PENDING	PENDING	docs/knowledgeos/reviews/kernel/session2/S2-R-F039-review-of-s1-f039-preserve-not-perform.md
1683	-	-	PENDING_GLOBAL_RECLASS	PENDING_GLOBAL_RECLASS	PENDING	PENDING	docs/knowledgeos/reviews/kernel/session2/S2-R-F040-review-of-s1-f040-measure-theory-cascade.md
1684	-	-	PENDING_GLOBAL_RECLASS	PENDING_GLOBAL_RECLASS	PENDING	PENDING	docs/knowledgeos/reviews/kernel/session2/S2-00-register-index-and-review-framework.md
1685	-	-	PENDING_GLOBAL_RECLASS	PENDING_GLOBAL_RECLASS	PENDING	PENDING	docs/knowledgeos/reviews/synthesis/analysis/mathematical-verification-report.md
1686	-	-	PENDING_GLOBAL_RECLASS	PENDING_GLOBAL_RECLASS	PENDING	PENDING	docs/knowledgeos/reviews/kernel/session2/S2-R-COVERAGE-audit-of-s1-coverage-report.md
1687	-	-	PENDING_GLOBAL_RECLASS	PENDING_GLOBAL_RECLASS	PENDING	PENDING	docs/knowledgeos/reviews/synthesis/analysis/findings-disposition-report.md
1688	-	-	PENDING_GLOBAL_RECLASS	PENDING_GLOBAL_RECLASS	PENDING	PENDING	docs/knowledgeos/reviews/kernel/session2/S2-FINAL-KERNEL-REVIEW.md
1689	-	-	PENDING_GLOBAL_RECLASS	PENDING_GLOBAL_RECLASS	PENDING	PENDING	docs/knowledgeos/reviews/kernel/session2/S2-01-review-state-ledger.md
1690	-	-	PENDING_GLOBAL_RECLASS	PENDING_GLOBAL_RECLASS	PENDING	PENDING	docs/knowledgeos/reviews/synthesis/analysis/gn-48-findings-disposition.md
1691	-	-	PENDING_GLOBAL_RECLASS	PENDING_GLOBAL_RECLASS	PENDING	PENDING	docs/knowledgeos/reviews/synthesis/book-edition-2/part-3-architecture/03-09-three-kernels/chapter.md
1692	-	-	PENDING_GLOBAL_RECLASS	PENDING_GLOBAL_RECLASS	PENDING	PENDING	docs/knowledgeos/reviews/synthesis/book-edition-2/part-3-architecture/03-09-three-kernels/evidence-map.md
1693	-	-	PENDING_GLOBAL_RECLASS	PENDING_GLOBAL_RECLASS	PENDING	PENDING	docs/knowledgeos/reviews/synthesis/book-edition-2/part-3-architecture/03-09-three-kernels/unresolved.md
1694	-	-	PENDING_GLOBAL_RECLASS	PENDING_GLOBAL_RECLASS	PENDING	PENDING	docs/knowledgeos/reviews/synthesis/book-edition-2/part-3-architecture/03-09-three-kernels/claims.md
1695	-	-	PENDING_GLOBAL_RECLASS	PENDING_GLOBAL_RECLASS	PENDING	PENDING	docs/knowledgeos/reviews/synthesis/book-edition-2/part-3-architecture/03-10-the-invariants/evidence-map.md
1696	-	-	PENDING_GLOBAL_RECLASS	PENDING_GLOBAL_RECLASS	PENDING	PENDING	docs/knowledgeos/reviews/synthesis/book-edition-2/part-3-architecture/03-10-the-invariants/unresolved.md
1697	-	-	PENDING_GLOBAL_RECLASS	PENDING_GLOBAL_RECLASS	PENDING	PENDING	docs/knowledgeos/reviews/synthesis/book-edition-2/00-edition-2-index.md
1698	-	-	PENDING_GLOBAL_RECLASS	PENDING_GLOBAL_RECLASS	PENDING	PENDING	docs/knowledgeos/reviews/synthesis/book-edition-2/part-3-architecture/03-10-the-invariants/claims.md
1699	-	-	PENDING_GLOBAL_RECLASS	PENDING_GLOBAL_RECLASS	PENDING	PENDING	docs/knowledgeos/reviews/synthesis/2026-08-23-KOS-OPERATING-MODEL-001-AMENDMENT-001-OBSERVATION-O-5-process-identity-continuity.md
1700	-	-	PENDING_GLOBAL_RECLASS	PENDING_GLOBAL_RECLASS	PENDING	PENDING	docs/knowledgeos/reviews/synthesis/analysis/part-3-gate-report.md
1701	-	-	PENDING_GLOBAL_RECLASS	PENDING_GLOBAL_RECLASS	PENDING	PENDING	docs/knowledgeos/reviews/synthesis/book-edition-2/part-3-architecture/03-02-the-knower-and-the-frame/chapter.md
1702	-	-	PENDING_GLOBAL_RECLASS	PENDING_GLOBAL_RECLASS	PENDING	PENDING	docs/knowledgeos/reviews/synthesis/book-edition-2/part-3-architecture/03-06-states-and-admission/chapter.md
1703	-	-	PENDING_GLOBAL_RECLASS	PENDING_GLOBAL_RECLASS	PENDING	PENDING	docs/knowledgeos/reviews/synthesis/book-edition-2/part-3-architecture/03-10-the-invariants/chapter.md
1704	-	-	PENDING_GLOBAL_RECLASS	PENDING_GLOBAL_RECLASS	PENDING	PENDING	docs/knowledgeos/reviews/synthesis/book-edition-2/part-3-architecture/03-02-the-knower-and-the-frame/claims.md
1705	-	-	PENDING_GLOBAL_RECLASS	PENDING_GLOBAL_RECLASS	PENDING	PENDING	docs/knowledgeos/reviews/synthesis/book-edition-2/part-2-reconstruction/02-01-archaeology-before-architecture/unresolved.md
1706	-	-	PENDING_GLOBAL_RECLASS	PENDING_GLOBAL_RECLASS	PENDING	PENDING	docs/knowledgeos/reviews/synthesis/book-edition-2/part-2-reconstruction/02-02-grades-and-the-final-rule/unresolved.md
1707	-	-	PENDING_GLOBAL_RECLASS	PENDING_GLOBAL_RECLASS	PENDING	PENDING	docs/knowledgeos/reviews/synthesis/book-edition-2/part-2-reconstruction/02-03-falsification-under-authority/unresolved.md
1708	-	-	PENDING_GLOBAL_RECLASS	PENDING_GLOBAL_RECLASS	PENDING	PENDING	docs/knowledgeos/reviews/synthesis/book-edition-2/part-2-reconstruction/02-03-falsification-under-authority/audit-three-lens.md
1709	-	-	PENDING_GLOBAL_RECLASS	PENDING_GLOBAL_RECLASS	PENDING	PENDING	docs/knowledgeos/reviews/synthesis/book-architecture/BA-ED2-amendment.md
1710	-	-	PENDING_GLOBAL_RECLASS	PENDING_GLOBAL_RECLASS	PENDING	PENDING	docs/knowledgeos/reviews/synthesis/book-edition-2/part-2-reconstruction/02-04-conformance-and-the-living-repository/evidence-map.md
1711	-	-	PENDING_GLOBAL_RECLASS	PENDING_GLOBAL_RECLASS	PENDING	PENDING	docs/knowledgeos/reviews/synthesis/book-edition-2/part-2-reconstruction/02-04-conformance-and-the-living-repository/unresolved.md
1712	-	-	PENDING_GLOBAL_RECLASS	PENDING_GLOBAL_RECLASS	PENDING	PENDING	docs/knowledgeos/reviews/synthesis/book-edition-2/part-2-reconstruction/02-04-conformance-and-the-living-repository/audit-three-lens.md
1713	-	-	PENDING_GLOBAL_RECLASS	PENDING_GLOBAL_RECLASS	PENDING	PENDING	docs/knowledgeos/reviews/synthesis/book-edition-2/part-2-reconstruction/02-04-conformance-and-the-living-repository/chapter.md
1714	-	-	PENDING_GLOBAL_RECLASS	PENDING_GLOBAL_RECLASS	PENDING	PENDING	docs/knowledgeos/reviews/synthesis/analysis/part-2-gate-report.md
1715	-	-	PENDING_GLOBAL_RECLASS	PENDING_GLOBAL_RECLASS	PENDING	PENDING	docs/knowledgeos/reviews/synthesis/book-edition-2/part-2-reconstruction/02-01-archaeology-before-architecture/chapter.md
1716	-	-	PENDING_GLOBAL_RECLASS	PENDING_GLOBAL_RECLASS	PENDING	PENDING	docs/knowledgeos/reviews/synthesis/book-edition-2/part-2-reconstruction/02-04-conformance-and-the-living-repository/claims.md
1717	-	-	PENDING_GLOBAL_RECLASS	PENDING_GLOBAL_RECLASS	PENDING	PENDING	docs/knowledgeos/reviews/synthesis/book-edition-2/part-2-reconstruction/02-02-grades-and-the-final-rule/evidence-map.md
1718	-	-	PENDING_GLOBAL_RECLASS	PENDING_GLOBAL_RECLASS	PENDING	PENDING	docs/knowledgeos/reviews/synthesis/book-edition-2/part-2-reconstruction/02-03-falsification-under-authority/evidence-map.md
1719	-	-	PENDING_GLOBAL_RECLASS	PENDING_GLOBAL_RECLASS	PENDING	PENDING	docs/knowledgeos/reviews/synthesis/book-edition-2/example-continuity-ledger.md
1720	-	-	PENDING_GLOBAL_RECLASS	PENDING_GLOBAL_RECLASS	PENDING	PENDING	docs/knowledgeos/reviews/synthesis/book-edition-2/part-2-reconstruction/02-01-archaeology-before-architecture/evidence-map.md
1721	-	-	PENDING_GLOBAL_RECLASS	PENDING_GLOBAL_RECLASS	PENDING	PENDING	docs/knowledgeos/reviews/synthesis/analysis/part-2-correction-matrix.md
1722	-	-	PENDING_GLOBAL_RECLASS	PENDING_GLOBAL_RECLASS	PENDING	PENDING	docs/knowledgeos/brainstorming/verification/prompts/Yes.md
1723	-	-	PENDING_GLOBAL_RECLASS	PENDING_GLOBAL_RECLASS	PENDING	PENDING	docs/knowledgeos/brainstorming/verification/prompts/# KNOWLEDGEOS THEORY VERIFICATION PROGRA
1724	-	-	PENDING_GLOBAL_RECLASS	PENDING_GLOBAL_RECLASS	PENDING	PENDING	docs/knowledgeos/brainstorming/verification/V0-theory-corpus-map.md
1725	-	-	PENDING_GLOBAL_RECLASS	PENDING_GLOBAL_RECLASS	PENDING	PENDING	docs/knowledgeos/brainstorming/verification/spec/A3-definition-register.md
1726	-	-	PENDING_GLOBAL_RECLASS	PENDING_GLOBAL_RECLASS	PENDING	PENDING	docs/knowledgeos/brainstorming/verification/spec/A2-assumption-register.md
1727	-	-	PENDING_GLOBAL_RECLASS	PENDING_GLOBAL_RECLASS	PENDING	PENDING	docs/knowledgeos/brainstorming/verification/spec/A6-statistical-register.md
1728	-	-	PENDING_GLOBAL_RECLASS	PENDING_GLOBAL_RECLASS	PENDING	PENDING	docs/knowledgeos/brainstorming/verification/prompts/# KNOWLEDGEOS VERIFY SESSION
1729	-	-	PENDING_GLOBAL_RECLASS	PENDING_GLOBAL_RECLASS	PENDING	PENDING	docs/knowledgeos/brainstorming/verification/spec/A3W-state-transition-register.md
1730	-	-	PENDING_GLOBAL_RECLASS	PENDING_GLOBAL_RECLASS	PENDING	PENDING	docs/knowledgeos/brainstorming/verification/prompts/20260829_1453_prompt
1731	-	-	PENDING_GLOBAL_RECLASS	PENDING_GLOBAL_RECLASS	PENDING	PENDING	docs/knowledgeos/brainstorming/verification/spec/A3X-algebra-invariant-register.md
1732	-	-	PENDING_GLOBAL_RECLASS	PENDING_GLOBAL_RECLASS	PENDING	PENDING	docs/knowledgeos/brainstorming/verification/prompts/20260829_1459_prompt.md
1733	-	-	PENDING_GLOBAL_RECLASS	PENDING_GLOBAL_RECLASS	PENDING	PENDING	docs/knowledgeos/brainstorming/verification/spec/A1-theory-inventory.md
1734	-	-	PENDING_GLOBAL_RECLASS	PENDING_GLOBAL_RECLASS	PENDING	PENDING	docs/knowledgeos/brainstorming/verification/spec/K0-mathematical-kernel-candidate.md
1735	-	-	PENDING_GLOBAL_RECLASS	PENDING_GLOBAL_RECLASS	PENDING	PENDING	docs/knowledgeos/brainstorming/verification/V2-dependency-graph.md
1736	-	-	PENDING_GLOBAL_RECLASS	PENDING_GLOBAL_RECLASS	PENDING	PENDING	docs/knowledgeos/brainstorming/verification/V3-verification-priority-matrix.md
1737	-	-	PENDING_GLOBAL_RECLASS	PENDING_GLOBAL_RECLASS	PENDING	PENDING	docs/knowledgeos/brainstorming/verification/reports/CHECKPOINT-1-3-supervisory-report.md
1738	-	-	PENDING_GLOBAL_RECLASS	PENDING_GLOBAL_RECLASS	PENDING	PENDING	docs/knowledgeos/brainstorming/verification/findings/TV-F-001-monotonicity-scope.md
1739	-	-	PENDING_GLOBAL_RECLASS	PENDING_GLOBAL_RECLASS	PENDING	PENDING	docs/knowledgeos/brainstorming/verification/findings/TV-F-002-004-wave1-recheck-findings.md
1740	-	-	PENDING_GLOBAL_RECLASS	PENDING_GLOBAL_RECLASS	PENDING	PENDING	docs/knowledgeos/brainstorming/verification/prompts/20260829_1514_prompt.md
1741	-	-	PENDING_GLOBAL_RECLASS	PENDING_GLOBAL_RECLASS	PENDING	PENDING	docs/knowledgeos/brainstorming/verification/spec/A4-derivation-register.md
1742	-	-	PENDING_GLOBAL_RECLASS	PENDING_GLOBAL_RECLASS	PENDING	PENDING	docs/knowledgeos/brainstorming/verification/prompts/20260829_1518_prompt.md
1743	-	-	PENDING_GLOBAL_RECLASS	PENDING_GLOBAL_RECLASS	PENDING	PENDING	docs/knowledgeos/brainstorming/verification/findings/TV-F-005-008-wave1-p1-findings.md
1744	-	-	PENDING_GLOBAL_RECLASS	PENDING_GLOBAL_RECLASS	PENDING	PENDING	docs/knowledgeos/brainstorming/verification/reports/WAVE-1-closeout.md
1745	-	-	PENDING_GLOBAL_RECLASS	PENDING_GLOBAL_RECLASS	PENDING	PENDING	docs/knowledgeos/brainstorming/verification/prompts/20260829_1521_prompt.md
1746	-	-	PENDING_GLOBAL_RECLASS	PENDING_GLOBAL_RECLASS	PENDING	PENDING	docs/knowledgeos/brainstorming/verification/findings/TV-F-009-012-wave2-missing-middle.md
1747	-	-	PENDING_GLOBAL_RECLASS	PENDING_GLOBAL_RECLASS	PENDING	PENDING	docs/knowledgeos/brainstorming/verification/reports/CHECKPOINT-A-L-v2-complete.md
1748	-	-	PENDING_GLOBAL_RECLASS	PENDING_GLOBAL_RECLASS	PENDING	PENDING	docs/knowledgeos/brainstorming/verification/prompts/20260829_1525_prompt.md
1749	-	-	PENDING_GLOBAL_RECLASS	PENDING_GLOBAL_RECLASS	PENDING	PENDING	docs/knowledgeos/brainstorming/verification/prompts/20260829_1527_prompt.md
1750	-	-	PENDING_GLOBAL_RECLASS	PENDING_GLOBAL_RECLASS	PENDING	PENDING	docs/knowledgeos/brainstorming/verification/findings/TV-F-013-015-wave3-replay-statistics-taxonomies.md
1751	-	-	PENDING_GLOBAL_RECLASS	PENDING_GLOBAL_RECLASS	PENDING	PENDING	docs/knowledgeos/brainstorming/verification/findings/TV-F-016-017-wave3-kt-adjudication-snf-audit.md
1752	-	-	PENDING_GLOBAL_RECLASS	PENDING_GLOBAL_RECLASS	PENDING	PENDING	docs/knowledgeos/brainstorming/verification/findings/TV-F-018-019-wave3-codomain-ladder.md
1753	-	-	PENDING_GLOBAL_RECLASS	PENDING_GLOBAL_RECLASS	PENDING	PENDING	docs/knowledgeos/brainstorming/verification/reports/CHECKPOINT-WAVE3.md
1754	-	-	PENDING_GLOBAL_RECLASS	PENDING_GLOBAL_RECLASS	PENDING	PENDING	docs/knowledgeos/brainstorming/verification/prompts/20260829_1549_prompt.md
1755	-	-	PENDING_GLOBAL_RECLASS	PENDING_GLOBAL_RECLASS	PENDING	PENDING	docs/knowledgeos/brainstorming/verification/spec/A5-proposition-register.md
1756	-	-	PENDING_GLOBAL_RECLASS	PENDING_GLOBAL_RECLASS	PENDING	PENDING	docs/knowledgeos/brainstorming/verification/spec/A7-computational-register.md
1757	-	-	PENDING_GLOBAL_RECLASS	PENDING_GLOBAL_RECLASS	PENDING	PENDING	docs/knowledgeos/brainstorming/verification/spec/A8-three-way-matrix.md
1758	-	-	PENDING_GLOBAL_RECLASS	PENDING_GLOBAL_RECLASS	PENDING	PENDING	docs/knowledgeos/brainstorming/verification/spec/A9-counterexample-register.md
1759	-	-	PENDING_GLOBAL_RECLASS	PENDING_GLOBAL_RECLASS	PENDING	PENDING	docs/knowledgeos/brainstorming/verification/spec/A10-book-fidelity-register.md
1760	-	-	PENDING_GLOBAL_RECLASS	PENDING_GLOBAL_RECLASS	PENDING	PENDING	docs/knowledgeos/brainstorming/verification/spec/AM-measurement-register.md
1761	-	-	PENDING_GLOBAL_RECLASS	PENDING_GLOBAL_RECLASS	PENDING	PENDING	docs/knowledgeos/brainstorming/verification/reports/CHECKPOINT-RECONSTRUCTION-COMPLETE.md
1762	-	-	PENDING_GLOBAL_RECLASS	PENDING_GLOBAL_RECLASS	PENDING	PENDING	docs/knowledgeos/brainstorming/verification/spec/00-INDEX.md
1763	-	-	PENDING_GLOBAL_RECLASS	PENDING_GLOBAL_RECLASS	PENDING	PENDING	docs/knowledgeos/brainstorming/verification/prompts/20260829_1556_prompt.md
1764	-	-	PENDING_GLOBAL_RECLASS	PENDING_GLOBAL_RECLASS	PENDING	PENDING	docs/knowledgeos/brainstorming/verification/prompts/20260829_1600_prompt.md
1765	-	-	PENDING_GLOBAL_RECLASS	PENDING_GLOBAL_RECLASS	PENDING	PENDING	docs/knowledgeos/brainstorming/verification/plan/00-END-TO-END-VERIFICATION-PLAN.md
1766	-	-	PENDING_GLOBAL_RECLASS	PENDING_GLOBAL_RECLASS	PENDING	PENDING	docs/knowledgeos/brainstorming/verification/plan/01-ubiquitous-language-verification.md
1767	-	-	PENDING_GLOBAL_RECLASS	PENDING_GLOBAL_RECLASS	PENDING	PENDING	docs/knowledgeos/brainstorming/verification/plan/02-definition-verification-register.md
1768	-	-	PENDING_GLOBAL_RECLASS	PENDING_GLOBAL_RECLASS	PENDING	PENDING	docs/knowledgeos/brainstorming/verification/plan/03-derivation-verification-plan.md
1769	-	-	PENDING_GLOBAL_RECLASS	PENDING_GLOBAL_RECLASS	PENDING	PENDING	docs/knowledgeos/brainstorming/verification/plan/04-computability-verification-plan.md
1770	-	-	PENDING_GLOBAL_RECLASS	PENDING_GLOBAL_RECLASS	PENDING	PENDING	docs/knowledgeos/brainstorming/verification/plan/05-statistical-verification-plan.md
1771	-	-	PENDING_GLOBAL_RECLASS	PENDING_GLOBAL_RECLASS	PENDING	PENDING	docs/knowledgeos/brainstorming/verification/plan/06-measurement-verification-plan.md
1772	-	-	PENDING_GLOBAL_RECLASS	PENDING_GLOBAL_RECLASS	PENDING	PENDING	docs/knowledgeos/brainstorming/verification/plan/07-experimental-evidence-register.md
1773	-	-	PENDING_GLOBAL_RECLASS	PENDING_GLOBAL_RECLASS	PENDING	PENDING	docs/knowledgeos/brainstorming/verification/plan/08-invariant-satisfiability-plan.md
1774	-	-	PENDING_GLOBAL_RECLASS	PENDING_GLOBAL_RECLASS	PENDING	PENDING	docs/knowledgeos/brainstorming/verification/prompts/20260829_1606_prompt.md
1775	-	-	PENDING_GLOBAL_RECLASS	PENDING_GLOBAL_RECLASS	PENDING	PENDING	docs/knowledgeos/brainstorming/verification/plan/09-state-phase-transition-verification.md
1776	-	-	PENDING_GLOBAL_RECLASS	PENDING_GLOBAL_RECLASS	PENDING	PENDING	docs/knowledgeos/brainstorming/verification/plan/10-ddd-verification-plan.md
1777	-	-	PENDING_GLOBAL_RECLASS	PENDING_GLOBAL_RECLASS	PENDING	PENDING	docs/knowledgeos/brainstorming/verification/plan/11-theory-to-architecture-traceability.md
1778	-	-	PENDING_GLOBAL_RECLASS	PENDING_GLOBAL_RECLASS	PENDING	PENDING	docs/knowledgeos/brainstorming/verification/reports/CHECKPOINT-PLAN-COMPLETE.md
1779	-	-	PENDING_GLOBAL_RECLASS	PENDING_GLOBAL_RECLASS	PENDING	PENDING	docs/knowledgeos/brainstorming/verification/prompts/20260829_1612_prompt.md
1780	-	-	PENDING_GLOBAL_RECLASS	PENDING_GLOBAL_RECLASS	PENDING	PENDING	docs/knowledgeos/brainstorming/verification/spec/STEP-TRACE-B7-late-steps.md
1781	-	-	PENDING_GLOBAL_RECLASS	PENDING_GLOBAL_RECLASS	PENDING	PENDING	docs/knowledgeos/brainstorming/verification/spec/STEP-TRACE-B3-20260826-q-series.md
1782	-	-	PENDING_GLOBAL_RECLASS	PENDING_GLOBAL_RECLASS	PENDING	PENDING	docs/knowledgeos/brainstorming/verification/spec/STEP-TRACE-B1-20260825.md
1783	-	-	PENDING_GLOBAL_RECLASS	PENDING_GLOBAL_RECLASS	PENDING	PENDING	docs/knowledgeos/brainstorming/verification/spec/STEP-TRACE-B2-20260826-early.md
1784	-	-	PENDING_GLOBAL_RECLASS	PENDING_GLOBAL_RECLASS	PENDING	PENDING	docs/knowledgeos/brainstorming/verification/spec/STEP-TRACE-B4-20260827.md
1785	-	-	PENDING_GLOBAL_RECLASS	PENDING_GLOBAL_RECLASS	PENDING	PENDING	docs/knowledgeos/brainstorming/verification/spec/STEP-TRACE-B6-20260828-late.md
1786	-	-	PENDING_GLOBAL_RECLASS	PENDING_GLOBAL_RECLASS	PENDING	PENDING	docs/knowledgeos/brainstorming/verification/reports/PHASE2-BATCH-REPORT-1.md
1787	-	-	PENDING_GLOBAL_RECLASS	PENDING_GLOBAL_RECLASS	PENDING	PENDING	docs/knowledgeos/brainstorming/verification/prompts/20260829_1910_prompt.md
1788	-	-	PENDING_GLOBAL_RECLASS	PENDING_GLOBAL_RECLASS	PENDING	PENDING	docs/knowledgeos/brainstorming/verification/spec/STEP-TRACE-B5-20260828-early.md
1789	-	-	PENDING_GLOBAL_RECLASS	PENDING_GLOBAL_RECLASS	PENDING	PENDING	docs/knowledgeos/brainstorming/verification/spec/STEP-TRACEABILITY-REGISTER.md
1790	-	-	PENDING_GLOBAL_RECLASS	PENDING_GLOBAL_RECLASS	PENDING	PENDING	docs/knowledgeos/brainstorming/verification/findings/TV-F-020-021-steps-001-010-source-findings.md
1791	-	-	PENDING_GLOBAL_RECLASS	PENDING_GLOBAL_RECLASS	PENDING	PENDING	docs/knowledgeos/brainstorming/verification/spec/STEP-VERIFY-001-010.md
1792	-	-	PENDING_GLOBAL_RECLASS	PENDING_GLOBAL_RECLASS	PENDING	PENDING	docs/knowledgeos/brainstorming/verification/prompts/20260829_1946_prompt.md
1793	-	-	PENDING_GLOBAL_RECLASS	PENDING_GLOBAL_RECLASS	PENDING	PENDING	docs/knowledgeos/brainstorming/verification/findings/TV-F-022-024-steps-011-025-source-findings.md
1794	-	-	PENDING_GLOBAL_RECLASS	PENDING_GLOBAL_RECLASS	PENDING	PENDING	docs/knowledgeos/brainstorming/verification/spec/STEP-VERIFY-011-025.md
1795	-	-	PENDING_GLOBAL_RECLASS	PENDING_GLOBAL_RECLASS	PENDING	PENDING	docs/knowledgeos/brainstorming/verification/prompts/20260829_1956_prompt.md
1796	-	-	PENDING_GLOBAL_RECLASS	PENDING_GLOBAL_RECLASS	PENDING	PENDING	docs/knowledgeos/brainstorming/verification/DEFINITION-VERIFICATION-REGISTER.md
1797	-	-	PENDING_GLOBAL_RECLASS	PENDING_GLOBAL_RECLASS	PENDING	PENDING	docs/knowledgeos/brainstorming/verification/spec/STEP-VERIFY-025a-025g.md
1798	-	-	PENDING_GLOBAL_RECLASS	PENDING_GLOBAL_RECLASS	PENDING	PENDING	docs/knowledgeos/brainstorming/verification/spec/STEP-VERIFY-025h-025z.md
1799	-	-	PENDING_GLOBAL_RECLASS	PENDING_GLOBAL_RECLASS	PENDING	PENDING	docs/knowledgeos/brainstorming/verification/findings/TV-F-025-028-025-series-findings.md
1800	-	-	PENDING_GLOBAL_RECLASS	PENDING_GLOBAL_RECLASS	PENDING	PENDING	docs/knowledgeos/brainstorming/verification/200-STEP-VERIFICATION-CHECKPOINT.md
1801	-	-	PENDING_GLOBAL_RECLASS	PENDING_GLOBAL_RECLASS	PENDING	PENDING	docs/knowledgeos/brainstorming/verification/spec/STEP-VERIFY-056-066.md
1802	-	-	PENDING_GLOBAL_RECLASS	PENDING_GLOBAL_RECLASS	PENDING	PENDING	docs/knowledgeos/brainstorming/verification/findings/TV-F-029-033-steps-056-066-findings.md
1803	-	-	PENDING_GLOBAL_RECLASS	PENDING_GLOBAL_RECLASS	PENDING	PENDING	docs/knowledgeos/brainstorming/verification/spec/STEP-VERIFY-041-055.md
1804	-	-	PENDING_GLOBAL_RECLASS	PENDING_GLOBAL_RECLASS	PENDING	PENDING	docs/knowledgeos/brainstorming/verification/findings/TV-F-034-039-steps-041-055-findings.md
1805	-	-	PENDING_GLOBAL_RECLASS	PENDING_GLOBAL_RECLASS	PENDING	PENDING	docs/knowledgeos/brainstorming/verification/spec/STEP-VERIFY-026-040.md
1806	-	-	PENDING_GLOBAL_RECLASS	PENDING_GLOBAL_RECLASS	PENDING	PENDING	docs/knowledgeos/brainstorming/verification/spec/STEP-VERIFY-206-207.md
1807	-	-	PENDING_GLOBAL_RECLASS	PENDING_GLOBAL_RECLASS	PENDING	PENDING	docs/knowledgeos/brainstorming/verification/prompts/20260830_0115_prompt.md
1808	-	-	PENDING_GLOBAL_RECLASS	PENDING_GLOBAL_RECLASS	PENDING	PENDING	docs/knowledgeos/brainstorming/verification/spec/STEP-VERIFY-067-082.md
1809	-	-	PENDING_GLOBAL_RECLASS	PENDING_GLOBAL_RECLASS	PENDING	PENDING	docs/knowledgeos/brainstorming/verification/spec/STEP-VERIFY-083-100.md
1810	-	-	PENDING_GLOBAL_RECLASS	PENDING_GLOBAL_RECLASS	PENDING	PENDING	docs/knowledgeos/brainstorming/verification/spec/STEP-VERIFY-101-120.md
1811	-	-	PENDING_GLOBAL_RECLASS	PENDING_GLOBAL_RECLASS	PENDING	PENDING	docs/knowledgeos/brainstorming/verification/findings/TV-F-042-055-steps-067-120-findings.md
1812	-	-	PENDING_GLOBAL_RECLASS	PENDING_GLOBAL_RECLASS	PENDING	PENDING	docs/knowledgeos/brainstorming/verification/spec/STEP-VERIFY-121-140.md
1813	-	-	PENDING_GLOBAL_RECLASS	PENDING_GLOBAL_RECLASS	PENDING	PENDING	docs/knowledgeos/brainstorming/verification/prompts/20260830_0139_prompt
1814	-	-	PENDING_GLOBAL_RECLASS	PENDING_GLOBAL_RECLASS	PENDING	PENDING	docs/knowledgeos/brainstorming/verification/spec/AC-contradiction-register.md
1815	-	-	PENDING_GLOBAL_RECLASS	PENDING_GLOBAL_RECLASS	PENDING	PENDING	docs/knowledgeos/brainstorming/verification/spec/STEP-VERIFY-141-158.md
1816	-	-	PENDING_GLOBAL_RECLASS	PENDING_GLOBAL_RECLASS	PENDING	PENDING	docs/knowledgeos/brainstorming/verification/findings/TV-F-056-061-steps-141-158-findings.md
1817	-	-	PENDING_GLOBAL_RECLASS	PENDING_GLOBAL_RECLASS	PENDING	PENDING	docs/knowledgeos/brainstorming/verification/spec/STEP-VERIFY-186-205.md
1818	-	-	PENDING_GLOBAL_RECLASS	PENDING_GLOBAL_RECLASS	PENDING	PENDING	docs/knowledgeos/brainstorming/verification/findings/TV-F-062-070-steps-186-205-findings.md
1819	-	-	PENDING_GLOBAL_RECLASS	PENDING_GLOBAL_RECLASS	PENDING	PENDING	docs/knowledgeos/brainstorming/verification/spec/STEP-VERIFY-159-185.md
1820	-	-	PENDING_GLOBAL_RECLASS	PENDING_GLOBAL_RECLASS	PENDING	PENDING	docs/knowledgeos/brainstorming/verification/findings/TV-F-071-078-steps-158-185-findings.md
1821	-	-	PENDING_GLOBAL_RECLASS	PENDING_GLOBAL_RECLASS	PENDING	PENDING	docs/knowledgeos/brainstorming/verification/PHASE-2C-CHECKPOINT-2026-08-30.md
1822	-	-	PENDING_GLOBAL_RECLASS	PENDING_GLOBAL_RECLASS	PENDING	PENDING	docs/knowledgeos/brainstorming/verification/prompts/20260830_0150_prompt.md
1823	-	-	PENDING_GLOBAL_RECLASS	PENDING_GLOBAL_RECLASS	PENDING	PENDING	docs/knowledgeos/brainstorming/verification/prompts/20260830_0157_prompt
1824	-	-	PENDING_GLOBAL_RECLASS	PENDING_GLOBAL_RECLASS	PENDING	PENDING	docs/knowledgeos/brainstorming/verification/CORPUS-INVENTORY-001-218.md
1825	-	-	PENDING_GLOBAL_RECLASS	PENDING_GLOBAL_RECLASS	PENDING	PENDING	docs/knowledgeos/brainstorming/verification/JOINT-SATISFIABILITY-REPORT.md
1826	-	-	PENDING_GLOBAL_RECLASS	PENDING_GLOBAL_RECLASS	PENDING	PENDING	docs/knowledgeos/brainstorming/verification/00-VERIFY-SESSION-CHARTER.md
1827	-	-	PENDING_GLOBAL_RECLASS	PENDING_GLOBAL_RECLASS	PENDING	PENDING	docs/knowledgeos/brainstorming/verification/spec/STEP-VERIFY-208-215.md
1828	-	-	PENDING_GLOBAL_RECLASS	PENDING_GLOBAL_RECLASS	PENDING	PENDING	docs/knowledgeos/brainstorming/verification/spec/THRESHOLD-AUDIT-subdirs-and-loose-files.md
1829	-	-	PENDING_GLOBAL_RECLASS	PENDING_GLOBAL_RECLASS	PENDING	PENDING	docs/knowledgeos/brainstorming/verification/findings/TV-F-079-088-steps-208-215-findings.md
1830	-	-	PENDING_GLOBAL_RECLASS	PENDING_GLOBAL_RECLASS	PENDING	PENDING	docs/knowledgeos/brainstorming/verification/prompts/20260830_0914_prompt.md
1831	-	-	PENDING_GLOBAL_RECLASS	PENDING_GLOBAL_RECLASS	PENDING	PENDING	docs/knowledgeos/brainstorming/verification/spec/STEP-VERIFY-216-219.md
1832	-	-	PENDING_GLOBAL_RECLASS	PENDING_GLOBAL_RECLASS	PENDING	PENDING	docs/knowledgeos/brainstorming/verification/JOINT-SATISFIABILITY-REPORT-v2-ADJUDICATED.md
1833	-	-	PENDING_GLOBAL_RECLASS	PENDING_GLOBAL_RECLASS	PENDING	PENDING	docs/knowledgeos/brainstorming/verification/spec/STEP-VERIFY-219-220-AND-CORRECTION.md
1834	-	-	PENDING_GLOBAL_RECLASS	PENDING_GLOBAL_RECLASS	PENDING	PENDING	docs/knowledgeos/brainstorming/verification/spec/STEP-VERIFY-221-222.md
1835	-	-	PENDING_GLOBAL_RECLASS	PENDING_GLOBAL_RECLASS	PENDING	PENDING	docs/knowledgeos/brainstorming/verification/spec/STEP-TO-THEORY-TRACEABILITY.md
1836	-	-	PENDING_GLOBAL_RECLASS	PENDING_GLOBAL_RECLASS	PENDING	PENDING	docs/knowledgeos/brainstorming/verification/prompts/20260830_935_prompts.md
1837	-	-	PENDING_GLOBAL_RECLASS	PENDING_GLOBAL_RECLASS	PENDING	PENDING	docs/knowledgeos/brainstorming/verification/EXECUTED-TEST-222-repairs.md
1838	-	-	PENDING_GLOBAL_RECLASS	PENDING_GLOBAL_RECLASS	PENDING	PENDING	docs/knowledgeos/brainstorming/verification/prompts/20260830_0952_prompt.md
1839	-	-	PENDING_GLOBAL_RECLASS	PENDING_GLOBAL_RECLASS	PENDING	PENDING	docs/knowledgeos/brainstorming/verification/KERNEL-AUDIT-230-232.md
1840	-	-	PENDING_GLOBAL_RECLASS	PENDING_GLOBAL_RECLASS	PENDING	PENDING	docs/knowledgeos/brainstorming/verification/KNOWLEDGE-STATE-MODEL-AUDIT-231.md
1841	-	-	PENDING_GLOBAL_RECLASS	PENDING_GLOBAL_RECLASS	PENDING	PENDING	docs/knowledgeos/brainstorming/verification/CORPUS-INVENTORY-CURRENT.md
1842	-	-	PENDING_GLOBAL_RECLASS	PENDING_GLOBAL_RECLASS	PENDING	PENDING	docs/knowledgeos/brainstorming/verification/SUPERVISORY-CHECKPOINT-221-233.md
1843	-	-	PENDING_GLOBAL_RECLASS	PENDING_GLOBAL_RECLASS	PENDING	PENDING	docs/knowledgeos/brainstorming/verification/prompts/20260830_1005_prompts.md
1844	-	-	PENDING_GLOBAL_RECLASS	PENDING_GLOBAL_RECLASS	PENDING	PENDING	docs/knowledgeos/brainstorming/verification/STATE-TRANSITION-ALGEBRA-AUDIT-232.md
1845	-	-	PENDING_GLOBAL_RECLASS	PENDING_GLOBAL_RECLASS	PENDING	PENDING	docs/knowledgeos/brainstorming/verification/prompts/20260830_1012_prompts.md
1846	-	-	PENDING_GLOBAL_RECLASS	PENDING_GLOBAL_RECLASS	PENDING	PENDING	docs/knowledgeos/brainstorming/verification/PHASE-LEDGER-001-182.md
1847	-	-	PENDING_GLOBAL_RECLASS	PENDING_GLOBAL_RECLASS	PENDING	PENDING	docs/knowledgeos/brainstorming/verification/prompts/20260830_1021_prompts.md
1848	-	-	PENDING_GLOBAL_RECLASS	PENDING_GLOBAL_RECLASS	PENDING	PENDING	docs/knowledgeos/brainstorming/verification/KERNEL-RECONCILIATION-230-236.md
1849	-	-	PENDING_GLOBAL_RECLASS	PENDING_GLOBAL_RECLASS	PENDING	PENDING	docs/knowledgeos/brainstorming/verification/RECONCILIATION-GATE-VERDICT.md
1850	-	-	PENDING_GLOBAL_RECLASS	PENDING_GLOBAL_RECLASS	PENDING	PENDING	docs/knowledgeos/brainstorming/verification/FEEDBACK-LOOP-ADDENDUM-236-240.md
1851	-	-	PENDING_GLOBAL_RECLASS	PENDING_GLOBAL_RECLASS	PENDING	PENDING	docs/knowledgeos/brainstorming/verification/prompts/20260830_1037_prompts.md
1852	-	-	PENDING_GLOBAL_RECLASS	PENDING_GLOBAL_RECLASS	PENDING	PENDING	docs/knowledgeos/brainstorming/verification/THEORY-GAP-MAP-001.md
1853	-	-	PENDING_GLOBAL_RECLASS	PENDING_GLOBAL_RECLASS	PENDING	PENDING	docs/knowledgeos/brainstorming/verification/prompts/20260830_1042_prompts.md
1854	-	-	PENDING_GLOBAL_RECLASS	PENDING_GLOBAL_RECLASS	PENDING	PENDING	docs/knowledgeos/brainstorming/verification/EMPIRICAL-KERNEL-TEST.md
1855	-	-	PENDING_GLOBAL_RECLASS	PENDING_GLOBAL_RECLASS	PENDING	PENDING	docs/knowledgeos/brainstorming/verification/prompts/20260830_1055_prompts.md
1856	-	-	PENDING_GLOBAL_RECLASS	PENDING_GLOBAL_RECLASS	PENDING	PENDING	docs/knowledgeos/brainstorming/verification/BLOCKER-ANALYSIS-AND-EXECUTABLE-KERNEL.md
1857	-	-	PENDING_GLOBAL_RECLASS	PENDING_GLOBAL_RECLASS	PENDING	PENDING	docs/knowledgeos/brainstorming/verification/prompts/20260830_1058.promts.md
1858	-	-	PENDING_GLOBAL_RECLASS	PENDING_GLOBAL_RECLASS	PENDING	PENDING	docs/knowledgeos/brainstorming/verification/IDENTITY-ROUNDTRIP-AUDIT.md
1859	-	-	PENDING_GLOBAL_RECLASS	PENDING_GLOBAL_RECLASS	PENDING	PENDING	docs/knowledgeos/brainstorming/verification/prompts/20260830_1110_prompts.md
1860	-	-	PENDING_GLOBAL_RECLASS	PENDING_GLOBAL_RECLASS	PENDING	PENDING	docs/knowledgeos/brainstorming/verification/FORMAL-SYSTEM-RECONSTRUCTION-AUDIT-245-NEW.md
1861	-	-	PENDING_GLOBAL_RECLASS	PENDING_GLOBAL_RECLASS	PENDING	PENDING	docs/knowledgeos/brainstorming/verification/prompts/20260830_1112_promtps.md
1862	-	-	PENDING_GLOBAL_RECLASS	PENDING_GLOBAL_RECLASS	PENDING	PENDING	docs/knowledgeos/brainstorming/verification/KNOWLEDGEOS-THEORY-DISCOVERY-REPORT.md
1863	-	-	PENDING_GLOBAL_RECLASS	PENDING_GLOBAL_RECLASS	PENDING	PENDING	docs/knowledgeos/brainstorming/verification/DECISION-SIGMA-EPISTEMIC-STATUS.md
1864	-	-	PENDING_GLOBAL_RECLASS	PENDING_GLOBAL_RECLASS	PENDING	PENDING	docs/knowledgeos/brainstorming/verification/SELF-AUDIT-PROMPT-GAP-REGISTER.md
1865	-	-	PENDING_GLOBAL_RECLASS	PENDING_GLOBAL_RECLASS	PENDING	PENDING	docs/knowledgeos/brainstorming/verification/prompts/20260830_1828_prompts.md
1866	-	-	PENDING_GLOBAL_RECLASS	PENDING_GLOBAL_RECLASS	PENDING	PENDING	docs/knowledgeos/brainstorming/verification/KNOWLEDGE-STATE-REQUIREMENTS-AND-DERIVATION.md
1867	-	-	PENDING_GLOBAL_RECLASS	PENDING_GLOBAL_RECLASS	PENDING	PENDING	docs/knowledgeos/brainstorming/verification/KNOWLEDGEOS-THEORY-CLOSURE-REPORT.md
1868	-	-	PENDING_GLOBAL_RECLASS	PENDING_GLOBAL_RECLASS	PENDING	PENDING	docs/knowledgeos/brainstorming/verification/prompts/20260830_1852_prompts.md
1869	-	-	PENDING_GLOBAL_RECLASS	PENDING_GLOBAL_RECLASS	PENDING	PENDING	docs/knowledgeos/brainstorming/verification/P-RECONSTRUCTION-AND-DERIVATION.md
1870	-	-	PENDING_GLOBAL_RECLASS	PENDING_GLOBAL_RECLASS	PENDING	PENDING	docs/knowledgeos/brainstorming/verification/SIGMA-ADVERSARIAL-AUDIT.md
1871	-	-	PENDING_GLOBAL_RECLASS	PENDING_GLOBAL_RECLASS	PENDING	PENDING	docs/knowledgeos/brainstorming/verification/RELATION-ALGEBRA.md
1872	-	-	PENDING_GLOBAL_RECLASS	PENDING_GLOBAL_RECLASS	PENDING	PENDING	docs/knowledgeos/brainstorming/verification/KNOWLEDGE-STATE-ALGEBRA.md
1873	-	-	PENDING_GLOBAL_RECLASS	PENDING_GLOBAL_RECLASS	PENDING	PENDING	docs/knowledgeos/brainstorming/verification/TRANSFORMATION-THEORY.md
1874	-	-	PENDING_GLOBAL_RECLASS	PENDING_GLOBAL_RECLASS	PENDING	PENDING	docs/knowledgeos/brainstorming/verification/UL-CANONICAL-GLOSSARY.md
1875	-	-	PENDING_GLOBAL_RECLASS	PENDING_GLOBAL_RECLASS	PENDING	PENDING	docs/knowledgeos/brainstorming/verification/COMPUTABILITY-MATRIX.md
1876	-	-	PENDING_GLOBAL_RECLASS	PENDING_GLOBAL_RECLASS	PENDING	PENDING	docs/knowledgeos/brainstorming/verification/CLAUDE-CHATGPT-RECONCILIATION.md
1877	-	-	PENDING_GLOBAL_RECLASS	PENDING_GLOBAL_RECLASS	PENDING	PENDING	docs/knowledgeos/brainstorming/verification/THEORY-COMPLETION-GAP-REGISTER.md
1878	-	-	PENDING_GLOBAL_RECLASS	PENDING_GLOBAL_RECLASS	PENDING	PENDING	docs/knowledgeos/brainstorming/verification/prompts/20260830_1918_prompts.md
1879	-	-	PENDING_GLOBAL_RECLASS	PENDING_GLOBAL_RECLASS	PENDING	PENDING	docs/knowledgeos/brainstorming/verification/CANONICAL-THEORY-TRIANGULATION.md
1880	-	-	PENDING_GLOBAL_RECLASS	PENDING_GLOBAL_RECLASS	PENDING	PENDING	docs/knowledgeos/brainstorming/verification/ASSURANCE-RECONSTRUCTION-MATRIX.md
1881	-	-	PENDING_GLOBAL_RECLASS	PENDING_GLOBAL_RECLASS	PENDING	PENDING	docs/knowledgeos/brainstorming/verification/PROPOSITION-RECONSTRUCTION-AUDIT.md
1882	-	-	PENDING_GLOBAL_RECLASS	PENDING_GLOBAL_RECLASS	PENDING	PENDING	docs/knowledgeos/brainstorming/verification/KNOWLEDGE-STATE-CANONICAL-MODEL.md
1883	-	-	PENDING_GLOBAL_RECLASS	PENDING_GLOBAL_RECLASS	PENDING	PENDING	docs/knowledgeos/brainstorming/verification/TRANSFORMATION-CANONICAL-MODEL.md
1884	-	-	PENDING_GLOBAL_RECLASS	PENDING_GLOBAL_RECLASS	PENDING	PENDING	docs/knowledgeos/brainstorming/verification/STATE-HISTORY-SUFFICIENCY-RESULT.md
1885	-	-	PENDING_GLOBAL_RECLASS	PENDING_GLOBAL_RECLASS	PENDING	PENDING	docs/knowledgeos/brainstorming/verification/THEORY-TO-EKP-CONFORMANCE-MATRIX.md
1886	-	-	PENDING_GLOBAL_RECLASS	PENDING_GLOBAL_RECLASS	PENDING	PENDING	docs/knowledgeos/brainstorming/verification/END-TO-END-KNOWLEDGE-STATE-EXECUTION.md
1887	-	-	PENDING_GLOBAL_RECLASS	PENDING_GLOBAL_RECLASS	PENDING	PENDING	docs/knowledgeos/brainstorming/verification/FINAL-THEORY-GAP-REGISTER.md
1888	-	-	PENDING_GLOBAL_RECLASS	PENDING_GLOBAL_RECLASS	PENDING	PENDING	docs/knowledgeos/brainstorming/verification/CANONICAL-UBIQUITOUS-LANGUAGE.md
1889	-	-	PENDING_GLOBAL_RECLASS	PENDING_GLOBAL_RECLASS	PENDING	PENDING	docs/knowledgeos/brainstorming/verification/POLICY-LINEAGE-AND-ARCHAEOLOGY.md
1890	-	-	PENDING_GLOBAL_RECLASS	PENDING_GLOBAL_RECLASS	PENDING	PENDING	docs/knowledgeos/brainstorming/verification/POLICY-TYPE-RECONSTRUCTION.md
1891	-	-	PENDING_GLOBAL_RECLASS	PENDING_GLOBAL_RECLASS	PENDING	PENDING	docs/knowledgeos/brainstorming/verification/POLICY-COUNTEREXAMPLES.md
1892	-	-	PENDING_GLOBAL_RECLASS	PENDING_GLOBAL_RECLASS	PENDING	PENDING	docs/knowledgeos/brainstorming/verification/POLICY-EXECUTION-EXPERIMENT.md
1893	-	-	PENDING_GLOBAL_RECLASS	PENDING_GLOBAL_RECLASS	PENDING	PENDING	docs/knowledgeos/brainstorming/verification/POLICY-EQUALITY-AND-COMPOSITION.md
1894	-	-	PENDING_GLOBAL_RECLASS	PENDING_GLOBAL_RECLASS	PENDING	PENDING	docs/knowledgeos/brainstorming/verification/POLICY-EKP-CONFORMANCE.md
1895	-	-	PENDING_GLOBAL_RECLASS	PENDING_GLOBAL_RECLASS	PENDING	PENDING	docs/knowledgeos/brainstorming/verification/SIGMA-RECONSTRUCTION-AFTER-POLICY.md
1896	-	-	PENDING_GLOBAL_RECLASS	PENDING_GLOBAL_RECLASS	PENDING	PENDING	docs/knowledgeos/brainstorming/verification/FOUNDATIONAL-DEPENDENCY-CLOSURE.md
1897	-	-	PENDING_GLOBAL_RECLASS	PENDING_GLOBAL_RECLASS	PENDING	PENDING	docs/knowledgeos/brainstorming/verification/NEXT-FOUNDATIONAL-GAP-AUDIT.md
1898	-	-	PENDING_GLOBAL_RECLASS	PENDING_GLOBAL_RECLASS	PENDING	PENDING	docs/knowledgeos/brainstorming/verification/END-TO-END-CANONICAL-THEORY-TEST.md
1899	-	-	PENDING_GLOBAL_RECLASS	PENDING_GLOBAL_RECLASS	PENDING	PENDING	docs/knowledgeos/brainstorming/verification/prompts/20260830_1931_prompts.md
1900	-	-	PENDING_GLOBAL_RECLASS	PENDING_GLOBAL_RECLASS	PENDING	PENDING	docs/knowledgeos/brainstorming/verification/prompts/20260830_1953_prompts.md
1901	-	-	PENDING_GLOBAL_RECLASS	PENDING_GLOBAL_RECLASS	PENDING	PENDING	docs/knowledgeos/brainstorming/verification/CANONICAL-THEORY-BASELINE.md
1902	-	-	PENDING_GLOBAL_RECLASS	PENDING_GLOBAL_RECLASS	PENDING	PENDING	docs/knowledgeos/brainstorming/verification/THEORY-OBJECT-DEPENDENCY-GRAPH.md
1903	-	-	PENDING_GLOBAL_RECLASS	PENDING_GLOBAL_RECLASS	PENDING	PENDING	docs/knowledgeos/brainstorming/verification/CANONICAL-KNOWLEDGEOS-THEORY.md
1904	-	-	PENDING_GLOBAL_RECLASS	PENDING_GLOBAL_RECLASS	PENDING	PENDING	docs/knowledgeos/brainstorming/verification/THEORY-CLOSURE-AUDIT.md
1905	-	-	PENDING_GLOBAL_RECLASS	PENDING_GLOBAL_RECLASS	PENDING	PENDING	docs/knowledgeos/brainstorming/verification/gap-discovery/01-THEORY-EVOLUTION-MAP.md
1906	-	-	PENDING_GLOBAL_RECLASS	PENDING_GLOBAL_RECLASS	PENDING	PENDING	docs/knowledgeos/brainstorming/verification/gap-discovery/exec/kos_kernel.py
1907	-	-	PENDING_GLOBAL_RECLASS	PENDING_GLOBAL_RECLASS	PENDING	PENDING	docs/knowledgeos/brainstorming/verification/gap-discovery/exec/__pycache__/kos_kernel.cpython-313.pyc
1908	-	-	PENDING_GLOBAL_RECLASS	PENDING_GLOBAL_RECLASS	PENDING	PENDING	docs/knowledgeos/brainstorming/verification/gap-discovery/exec/exp_congruence.py
1909	-	-	PENDING_GLOBAL_RECLASS	PENDING_GLOBAL_RECLASS	PENDING	PENDING	docs/knowledgeos/brainstorming/verification/gap-discovery/exec/exp_measurement.py
1910	-	-	PENDING_GLOBAL_RECLASS	PENDING_GLOBAL_RECLASS	PENDING	PENDING	docs/knowledgeos/brainstorming/verification/gap-discovery/exec/exp_identity.py
1911	-	-	PENDING_GLOBAL_RECLASS	PENDING_GLOBAL_RECLASS	PENDING	PENDING	docs/knowledgeos/brainstorming/verification/gap-discovery/exec/yaml_lite.py
1912	-	-	PENDING_GLOBAL_RECLASS	PENDING_GLOBAL_RECLASS	PENDING	PENDING	docs/knowledgeos/brainstorming/verification/INDEPENDENT-CLOSURE-REVERIFICATION.md
1913	-	-	PENDING_GLOBAL_RECLASS	PENDING_GLOBAL_RECLASS	PENDING	PENDING	docs/knowledgeos/brainstorming/verification/gap-discovery/exec/__pycache__/yaml_lite.cpython-313.pyc
1914	-	-	PENDING_GLOBAL_RECLASS	PENDING_GLOBAL_RECLASS	PENDING	PENDING	docs/knowledgeos/brainstorming/verification/UNCERTAINTY-NONIDENTIFIABILITY-MISSINGNESS.md
1915	-	-	PENDING_GLOBAL_RECLASS	PENDING_GLOBAL_RECLASS	PENDING	PENDING	docs/knowledgeos/brainstorming/verification/gap-discovery/exec/exp_ekp_bridge.py
1916	-	-	PENDING_GLOBAL_RECLASS	PENDING_GLOBAL_RECLASS	PENDING	PENDING	docs/knowledgeos/brainstorming/verification/KNOWLEDGE-STATE-FINAL-AUDIT.md
1917	-	-	PENDING_GLOBAL_RECLASS	PENDING_GLOBAL_RECLASS	PENDING	PENDING	docs/knowledgeos/brainstorming/verification/gap-discovery/02-INDEPENDENT-THEORY-RECONSTRUCTION.md
1918	-	-	PENDING_GLOBAL_RECLASS	PENDING_GLOBAL_RECLASS	PENDING	PENDING	docs/knowledgeos/brainstorming/verification/THEORY-CONSTRUCTION-TEST.md
1919	-	-	PENDING_GLOBAL_RECLASS	PENDING_GLOBAL_RECLASS	PENDING	PENDING	docs/knowledgeos/brainstorming/verification/gap-discovery/exec/exp_ontology.py
1920	-	-	PENDING_GLOBAL_RECLASS	PENDING_GLOBAL_RECLASS	PENDING	PENDING	docs/knowledgeos/brainstorming/verification/DDD-UBIQUITOUS-LANGUAGE-AUDIT.md
1921	-	-	PENDING_GLOBAL_RECLASS	PENDING_GLOBAL_RECLASS	PENDING	PENDING	docs/knowledgeos/brainstorming/verification/MATHEMATICAL-COMPLETENESS-AUDIT.md
1922	-	-	PENDING_GLOBAL_RECLASS	PENDING_GLOBAL_RECLASS	PENDING	PENDING	docs/knowledgeos/brainstorming/verification/gap-discovery/03-FOUNDATIONAL-ONTOLOGY.md
1923	-	-	PENDING_GLOBAL_RECLASS	PENDING_GLOBAL_RECLASS	PENDING	PENDING	docs/knowledgeos/brainstorming/verification/THEORY-GAP-REGISTER.md
1924	-	-	PENDING_GLOBAL_RECLASS	PENDING_GLOBAL_RECLASS	PENDING	PENDING	docs/knowledgeos/brainstorming/verification/gap-discovery/04-K-GAP-ANALYSIS.md
1925	-	-	PENDING_GLOBAL_RECLASS	PENDING_GLOBAL_RECLASS	PENDING	PENDING	docs/knowledgeos/brainstorming/verification/THEORY-STATUS-VERDICT.md
1926	-	-	PENDING_GLOBAL_RECLASS	PENDING_GLOBAL_RECLASS	PENDING	PENDING	docs/knowledgeos/brainstorming/verification/witnesses/reverify_construct.py
1927	-	-	PENDING_GLOBAL_RECLASS	PENDING_GLOBAL_RECLASS	PENDING	PENDING	docs/knowledgeos/brainstorming/verification/witnesses/reverify_kaudit.py
1928	-	-	PENDING_GLOBAL_RECLASS	PENDING_GLOBAL_RECLASS	PENDING	PENDING	docs/knowledgeos/brainstorming/verification/witnesses/reverify_construct_output.txt
1929	-	-	PENDING_GLOBAL_RECLASS	PENDING_GLOBAL_RECLASS	PENDING	PENDING	docs/knowledgeos/brainstorming/verification/witnesses/reverify_kaudit_output.txt
1930	-	-	PENDING_GLOBAL_RECLASS	PENDING_GLOBAL_RECLASS	PENDING	PENDING	docs/knowledgeos/brainstorming/verification/gap-discovery/exec/exp_assertion.py
1931	-	-	PENDING_GLOBAL_RECLASS	PENDING_GLOBAL_RECLASS	PENDING	PENDING	docs/knowledgeos/reviews/synthesis/analysis/part-2-acceptance-review.md
1932	-	-	PENDING_GLOBAL_RECLASS	PENDING_GLOBAL_RECLASS	PENDING	PENDING	docs/knowledgeos/brainstorming/verification/gap-discovery/05-ASSERTION-SEMANTICS.md
1933	-	-	PENDING_GLOBAL_RECLASS	PENDING_GLOBAL_RECLASS	PENDING	PENDING	docs/knowledgeos/brainstorming/verification/gap-discovery/exec/exp_sigma.py
1934	-	-	PENDING_GLOBAL_RECLASS	PENDING_GLOBAL_RECLASS	PENDING	PENDING	docs/knowledgeos/brainstorming/verification/gap-discovery/06-SIGMA-GAP-ANALYSIS.md
1935	-	-	PENDING_GLOBAL_RECLASS	PENDING_GLOBAL_RECLASS	PENDING	PENDING	docs/knowledgeos/brainstorming/verification/gap-discovery/07-MEASUREMENT-THEORY-GAP.md
1936	-	-	PENDING_GLOBAL_RECLASS	PENDING_GLOBAL_RECLASS	PENDING	PENDING	docs/knowledgeos/brainstorming/verification/gap-discovery/08-EVIDENCE-GAP.md
1937	-	-	PENDING_GLOBAL_RECLASS	PENDING_GLOBAL_RECLASS	PENDING	PENDING	docs/knowledgeos/brainstorming/verification/gap-discovery/09-TRANSFORMATION-GAP.md
1938	-	-	PENDING_GLOBAL_RECLASS	PENDING_GLOBAL_RECLASS	PENDING	PENDING	docs/knowledgeos/brainstorming/verification/gap-discovery/10-GOVERNANCE-REFLEXIVITY-GAP.md
1939	-	-	PENDING_GLOBAL_RECLASS	PENDING_GLOBAL_RECLASS	PENDING	PENDING	docs/knowledgeos/brainstorming/verification/gap-discovery/exec/exp_provenance.py
1940	-	-	PENDING_GLOBAL_RECLASS	PENDING_GLOBAL_RECLASS	PENDING	PENDING	docs/knowledgeos/brainstorming/verification/gap-discovery/11-PROVENANCE-LINEAGE-HISTORY.md
1941	-	-	PENDING_GLOBAL_RECLASS	PENDING_GLOBAL_RECLASS	PENDING	PENDING	docs/knowledgeos/brainstorming/verification/gap-discovery/12-IDENTITY-EQUALITY-GAP.md
1942	-	-	PENDING_GLOBAL_RECLASS	PENDING_GLOBAL_RECLASS	PENDING	PENDING	docs/knowledgeos/brainstorming/verification/gap-discovery/13-IMPLEMENTATION-REALITY-CHECK.md
1943	-	-	PENDING_GLOBAL_RECLASS	PENDING_GLOBAL_RECLASS	PENDING	PENDING	docs/knowledgeos/brainstorming/verification/gap-discovery/14-FALSIFICATION-RESULTS.md
1944	-	-	PENDING_GLOBAL_RECLASS	PENDING_GLOBAL_RECLASS	PENDING	PENDING	docs/knowledgeos/reviews/synthesis/book-edition-2/part-2-reconstruction/02-02-grades-and-the-final-rule/chapter.md
1945	-	-	PENDING_GLOBAL_RECLASS	PENDING_GLOBAL_RECLASS	PENDING	PENDING	docs/knowledgeos/reviews/synthesis/book-edition-2/part-2-reconstruction/02-03-falsification-under-authority/chapter.md
1946	-	-	PENDING_GLOBAL_RECLASS	PENDING_GLOBAL_RECLASS	PENDING	PENDING	docs/knowledgeos/reviews/synthesis/book-edition-2/part-2-reconstruction/02-01-archaeology-before-architecture/claims.md
1947	-	-	PENDING_GLOBAL_RECLASS	PENDING_GLOBAL_RECLASS	PENDING	PENDING	docs/knowledgeos/reviews/synthesis/book-edition-2/part-2-reconstruction/02-02-grades-and-the-final-rule/claims.md
1948	-	-	PENDING_GLOBAL_RECLASS	PENDING_GLOBAL_RECLASS	PENDING	PENDING	docs/knowledgeos/reviews/synthesis/book-edition-2/part-2-reconstruction/02-03-falsification-under-authority/claims.md
1949	-	-	PENDING_GLOBAL_RECLASS	PENDING_GLOBAL_RECLASS	PENDING	PENDING	docs/knowledgeos/brainstorming/verification/gap-discovery/15-UBIQUITOUS-LANGUAGE-GAP.md
1950	-	-	PENDING_GLOBAL_RECLASS	PENDING_GLOBAL_RECLASS	PENDING	PENDING	docs/knowledgeos/brainstorming/verification/gap-discovery/16-MASTER-GAP-REGISTER.md
1951	-	-	PENDING_GLOBAL_RECLASS	PENDING_GLOBAL_RECLASS	PENDING	PENDING	docs/knowledgeos/reviews/synthesis/analysis/part-2-acceptance-closure.md
1952	-	-	PENDING_GLOBAL_RECLASS	PENDING_GLOBAL_RECLASS	PENDING	PENDING	docs/knowledgeos/brainstorming/verification/gap-discovery/17-INDEPENDENT-GAP-DISCOVERY-VERDICT.md
1953	-	-	PENDING_GLOBAL_RECLASS	PENDING_GLOBAL_RECLASS	PENDING	PENDING	docs/knowledgeos/brainstorming/verification/gap-discovery/exec/OUT-assertion.txt
1954	-	-	PENDING_GLOBAL_RECLASS	PENDING_GLOBAL_RECLASS	PENDING	PENDING	docs/knowledgeos/brainstorming/verification/gap-discovery/exec/OUT-congruence.txt
1955	-	-	PENDING_GLOBAL_RECLASS	PENDING_GLOBAL_RECLASS	PENDING	PENDING	docs/knowledgeos/brainstorming/verification/gap-discovery/exec/OUT-ekp-bridge.txt
1956	-	-	PENDING_GLOBAL_RECLASS	PENDING_GLOBAL_RECLASS	PENDING	PENDING	docs/knowledgeos/brainstorming/verification/gap-discovery/exec/OUT-identity.txt
1957	-	-	PENDING_GLOBAL_RECLASS	PENDING_GLOBAL_RECLASS	PENDING	PENDING	docs/knowledgeos/brainstorming/verification/gap-discovery/exec/OUT-measurement.txt
1958	-	-	PENDING_GLOBAL_RECLASS	PENDING_GLOBAL_RECLASS	PENDING	PENDING	docs/knowledgeos/brainstorming/verification/gap-discovery/exec/OUT-ontology.txt
1959	-	-	PENDING_GLOBAL_RECLASS	PENDING_GLOBAL_RECLASS	PENDING	PENDING	docs/knowledgeos/brainstorming/verification/gap-discovery/exec/OUT-provenance.txt
1960	-	-	PENDING_GLOBAL_RECLASS	PENDING_GLOBAL_RECLASS	PENDING	PENDING	docs/knowledgeos/brainstorming/verification/gap-discovery/exec/OUT-sigma.txt
1961	-	-	PENDING_GLOBAL_RECLASS	PENDING_GLOBAL_RECLASS	PENDING	PENDING	docs/knowledgeos/brainstorming/verification/independent/00-INDEPENDENT-MANDATE.md
1962	-	-	PENDING_GLOBAL_RECLASS	PENDING_GLOBAL_RECLASS	PENDING	PENDING	docs/knowledgeos/brainstorming/verification/independent/01-CORPUS-INVENTORY.md
1963	-	-	PENDING_GLOBAL_RECLASS	PENDING_GLOBAL_RECLASS	PENDING	PENDING	docs/knowledgeos/brainstorming/verification/gap-discovery/exec/README.md
1964	-	-	PENDING_GLOBAL_RECLASS	PENDING_GLOBAL_RECLASS	PENDING	PENDING	docs/knowledgeos/brainstorming/verification/independent/02-THEORY-RECONSTRUCTION.md
1965	-	-	PENDING_GLOBAL_RECLASS	PENDING_GLOBAL_RECLASS	PENDING	PENDING	docs/knowledgeos/brainstorming/verification/independent/03-DEPENDENCY-GRAPH.md
1966	-	-	PENDING_GLOBAL_RECLASS	PENDING_GLOBAL_RECLASS	PENDING	PENDING	docs/knowledgeos/brainstorming/verification/independent/04-PRIMITIVE-CLOSURE-AUDIT.md
1967	-	-	PENDING_GLOBAL_RECLASS	PENDING_GLOBAL_RECLASS	PENDING	PENDING	docs/knowledgeos/brainstorming/verification/independent/05-K-ATTACK.md
1968	-	-	PENDING_GLOBAL_RECLASS	PENDING_GLOBAL_RECLASS	PENDING	PENDING	docs/knowledgeos/brainstorming/verification/independent/06-ASSERTION-ATTACK.md
1969	-	-	PENDING_GLOBAL_RECLASS	PENDING_GLOBAL_RECLASS	PENDING	PENDING	docs/knowledgeos/brainstorming/verification/independent/07-SIGMA-GAMMA-ATTACK.md
1970	-	-	PENDING_GLOBAL_RECLASS	PENDING_GLOBAL_RECLASS	PENDING	PENDING	docs/knowledgeos/brainstorming/verification/independent/08-POLICY-ATTACK.md
1971	-	-	PENDING_GLOBAL_RECLASS	PENDING_GLOBAL_RECLASS	PENDING	PENDING	docs/knowledgeos/brainstorming/verification/independent/09-PROVENANCE-LINEAGE-ATTACK.md
1972	-	-	PENDING_GLOBAL_RECLASS	PENDING_GLOBAL_RECLASS	PENDING	PENDING	docs/knowledgeos/brainstorming/verification/independent/10-MISSINGNESS-UNCERTAINTY.md
1973	-	-	PENDING_GLOBAL_RECLASS	PENDING_GLOBAL_RECLASS	PENDING	PENDING	docs/knowledgeos/brainstorming/verification/independent/11-CONTRADICTION-REGISTRY.md
1974	-	-	PENDING_GLOBAL_RECLASS	PENDING_GLOBAL_RECLASS	PENDING	PENDING	docs/knowledgeos/brainstorming/verification/independent/12-EXECUTION-RESULTS.md
1975	-	-	PENDING_GLOBAL_RECLASS	PENDING_GLOBAL_RECLASS	PENDING	PENDING	docs/knowledgeos/brainstorming/verification/independent/13-GAP-MATRIX.md
1976	-	-	PENDING_GLOBAL_RECLASS	PENDING_GLOBAL_RECLASS	PENDING	PENDING	docs/knowledgeos/brainstorming/verification/independent/14-INDEPENDENT-VERDICT.md
1977	-	-	PENDING_GLOBAL_RECLASS	PENDING_GLOBAL_RECLASS	PENDING	PENDING	docs/knowledgeos/reviews/synthesis/analysis/BOOK-READINESS-AUDIT.md
1978	-	-	PENDING_GLOBAL_RECLASS	PENDING_GLOBAL_RECLASS	PENDING	PENDING	docs/knowledgeos/brainstorming/verification/independent/witnesses/attack.py
1979	-	-	PENDING_GLOBAL_RECLASS	PENDING_GLOBAL_RECLASS	PENDING	PENDING	docs/knowledgeos/brainstorming/verification/independent/witnesses/ledger.py
1980	-	-	PENDING_GLOBAL_RECLASS	PENDING_GLOBAL_RECLASS	PENDING	PENDING	docs/knowledgeos/brainstorming/verification/independent/witnesses/attack_output.txt
1981	-	-	PENDING_GLOBAL_RECLASS	PENDING_GLOBAL_RECLASS	PENDING	PENDING	docs/knowledgeos/reviews/synthesis/analysis/THEORY-TO-BOOK-SYNCHRONIZATION-GATE.md
1982	-	-	PENDING_GLOBAL_RECLASS	PENDING_GLOBAL_RECLASS	PENDING	PENDING	docs/knowledgeos/reviews/synthesis/analysis/BOOK-THEORY-IMPACT-MATRIX.md
1983	-	-	PENDING_GLOBAL_RECLASS	PENDING_GLOBAL_RECLASS	PENDING	PENDING	docs/knowledgeos/brainstorming/verification/gap-discovery/second-order/exec/so_model.py
1984	-	-	PENDING_GLOBAL_RECLASS	PENDING_GLOBAL_RECLASS	PENDING	PENDING	docs/knowledgeos/brainstorming/verification/gap-discovery/second-order/exec/__pycache__/so_model.cpython-313.pyc
1985	-	-	PENDING_GLOBAL_RECLASS	PENDING_GLOBAL_RECLASS	PENDING	PENDING	docs/knowledgeos/brainstorming/verification/gap-discovery/second-order/exec/so_exp01_congruence_matrix.py
1986	-	-	PENDING_GLOBAL_RECLASS	PENDING_GLOBAL_RECLASS	PENDING	PENDING	docs/knowledgeos/brainstorming/verification/gap-discovery/second-order/exec/so_exp02_invariant_expressibility.py
1987	-	-	PENDING_GLOBAL_RECLASS	PENDING_GLOBAL_RECLASS	PENDING	PENDING	docs/knowledgeos/brainstorming/verification/gap-discovery/second-order/exec/so_exp03_adversarial_operations.py
1988	-	-	PENDING_GLOBAL_RECLASS	PENDING_GLOBAL_RECLASS	PENDING	PENDING	docs/knowledgeos/brainstorming/verification/gap-discovery/second-order/exec/__pycache__/so_exp01_congruence_matrix.cpython-313.pyc
1989	-	-	PENDING_GLOBAL_RECLASS	PENDING_GLOBAL_RECLASS	PENDING	PENDING	docs/knowledgeos/brainstorming/verification/gap-discovery/second-order/exec/so_exp04_mandated_invariants.py
1990	-	-	PENDING_GLOBAL_RECLASS	PENDING_GLOBAL_RECLASS	PENDING	PENDING	docs/knowledgeos/brainstorming/verification/gap-discovery/second-order/exec/so_exp05_sigma_from_272.py
1991	-	-	PENDING_GLOBAL_RECLASS	PENDING_GLOBAL_RECLASS	PENDING	PENDING	docs/knowledgeos/brainstorming/verification/gap-discovery/second-order/01-OPERATION-UNIVERSE-ANALYSIS.md
1992	-	-	PENDING_GLOBAL_RECLASS	PENDING_GLOBAL_RECLASS	PENDING	PENDING	docs/knowledgeos/brainstorming/verification/gap-discovery/second-order/02-AUTHORITY-BOUNDARY-ANALYSIS.md
1993	-	-	PENDING_GLOBAL_RECLASS	PENDING_GLOBAL_RECLASS	PENDING	PENDING	docs/knowledgeos/brainstorming/verification/gap-discovery/second-order/03-DETERMINATION-SCOPE-ANALYSIS.md
1994	-	-	PENDING_GLOBAL_RECLASS	PENDING_GLOBAL_RECLASS	PENDING	PENDING	docs/knowledgeos/brainstorming/verification/gap-discovery/second-order/04-GAP-RECLASSIFICATION.md
1995	-	-	PENDING_GLOBAL_RECLASS	PENDING_GLOBAL_RECLASS	PENDING	PENDING	docs/knowledgeos/brainstorming/verification/gap-discovery/second-order/exec/so_exp06_closure.py
1996	-	-	PENDING_GLOBAL_RECLASS	PENDING_GLOBAL_RECLASS	PENDING	PENDING	docs/knowledgeos/brainstorming/verification/gap-discovery/second-order/05-CANONICAL-DEPENDENCY-CLOSURE.md
1997	-	-	PENDING_GLOBAL_RECLASS	PENDING_GLOBAL_RECLASS	PENDING	PENDING	docs/knowledgeos/brainstorming/verification/gap-discovery/second-order/06-NORMATIVE-DECISION-REGISTER.md
1998	-	-	PENDING_GLOBAL_RECLASS	PENDING_GLOBAL_RECLASS	PENDING	PENDING	docs/knowledgeos/brainstorming/verification/gap-discovery/second-order/07-SECOND-ORDER-VERDICT.md
1999	-	-	PENDING_GLOBAL_RECLASS	PENDING_GLOBAL_RECLASS	PENDING	PENDING	docs/knowledgeos/brainstorming/verification/gap-discovery/second-order/exec/README.md
2000	-	-	PENDING_GLOBAL_RECLASS	PENDING_GLOBAL_RECLASS	PENDING	PENDING	docs/knowledgeos/brainstorming/verification/gap-discovery/second-order/exec/OUT-01_congruence_matrix.txt
2001	-	-	PENDING_GLOBAL_RECLASS	PENDING_GLOBAL_RECLASS	PENDING	PENDING	docs/knowledgeos/brainstorming/verification/gap-discovery/second-order/exec/OUT-02_invariant_expressibility.txt
2002	-	-	PENDING_GLOBAL_RECLASS	PENDING_GLOBAL_RECLASS	PENDING	PENDING	docs/knowledgeos/brainstorming/verification/gap-discovery/second-order/exec/OUT-03_adversarial_operations.txt
2003	-	-	PENDING_GLOBAL_RECLASS	PENDING_GLOBAL_RECLASS	PENDING	PENDING	docs/knowledgeos/brainstorming/verification/gap-discovery/second-order/exec/OUT-04_mandated_invariants.txt
2004	-	-	PENDING_GLOBAL_RECLASS	PENDING_GLOBAL_RECLASS	PENDING	PENDING	docs/knowledgeos/brainstorming/verification/gap-discovery/second-order/exec/OUT-05_sigma_from_272.txt
2005	-	-	PENDING_GLOBAL_RECLASS	PENDING_GLOBAL_RECLASS	PENDING	PENDING	docs/knowledgeos/brainstorming/verification/gap-discovery/second-order/exec/OUT-06_closure.txt
2006	-	-	PENDING_GLOBAL_RECLASS	PENDING_GLOBAL_RECLASS	PENDING	PENDING	docs/knowledgeos/brainstorming/verification/gap-discovery/second-order/00-ERRATA-TO-FIRST-ORDER.md
2007	-	-	PENDING_GLOBAL_RECLASS	PENDING_GLOBAL_RECLASS	PENDING	PENDING	docs/knowledgeos/brainstorming/verification/canonical-construction/exec/oderive.py
2008	-	-	PENDING_GLOBAL_RECLASS	PENDING_GLOBAL_RECLASS	PENDING	PENDING	docs/knowledgeos/brainstorming/verification/canonical-construction/exec/bandtest.py
2009	-	-	PENDING_GLOBAL_RECLASS	PENDING_GLOBAL_RECLASS	PENDING	PENDING	docs/knowledgeos/brainstorming/verification/canonical-construction/exec/OUT-oderive.txt
2010	-	-	PENDING_GLOBAL_RECLASS	PENDING_GLOBAL_RECLASS	PENDING	PENDING	docs/knowledgeos/brainstorming/verification/canonical-construction/exec/OUT-bandtest.txt
2011	-	-	PENDING_GLOBAL_RECLASS	PENDING_GLOBAL_RECLASS	PENDING	PENDING	docs/knowledgeos/brainstorming/verification/canonical-construction/00-CONSTRUCTION-SCOPE.md
2012	-	-	PENDING_GLOBAL_RECLASS	PENDING_GLOBAL_RECLASS	PENDING	PENDING	docs/knowledgeos/brainstorming/verification/canonical-construction/02-OPERATION-UNIVERSE.md
2013	-	-	PENDING_GLOBAL_RECLASS	PENDING_GLOBAL_RECLASS	PENDING	PENDING	docs/knowledgeos/brainstorming/verification/canonical-construction/03-CANONICAL-K.md
2014	-	-	PENDING_GLOBAL_RECLASS	PENDING_GLOBAL_RECLASS	PENDING	PENDING	docs/knowledgeos/brainstorming/verification/canonical-construction/01-GAP-RECLASSIFICATION.md
2015	-	-	PENDING_GLOBAL_RECLASS	PENDING_GLOBAL_RECLASS	PENDING	PENDING	docs/knowledgeos/brainstorming/verification/canonical-construction/19-HUMAN-DECISION-REGISTER.md
2016	-	-	PENDING_GLOBAL_RECLASS	PENDING_GLOBAL_RECLASS	PENDING	PENDING	docs/knowledgeos/brainstorming/verification/canonical-construction/BLOCKED-MANIFEST.md
2017	-	-	PENDING_GLOBAL_RECLASS	PENDING_GLOBAL_RECLASS	PENDING	PENDING	docs/knowledgeos/brainstorming/verification/canonical-construction/21-THEORY-STATUS-VERDICT.md
2018	-	-	PENDING_GLOBAL_RECLASS	PENDING_GLOBAL_RECLASS	PENDING	PENDING	docs/knowledgeos/brainstorming/verification/gap-discovery/step-272/exec/premise_audit.py
2019	-	-	PENDING_GLOBAL_RECLASS	PENDING_GLOBAL_RECLASS	PENDING	PENDING	docs/knowledgeos/brainstorming/verification/gap-discovery/step-272/04-ARCHITECT-ASSESSMENT-OF-THE-MANDATE.md
2020	-	-	PENDING_GLOBAL_RECLASS	PENDING_GLOBAL_RECLASS	PENDING	PENDING	docs/knowledgeos/brainstorming/verification/gap-discovery/step-272/01-STEP-272-PREMISE-AUDIT.md
2021	-	-	PENDING_GLOBAL_RECLASS	PENDING_GLOBAL_RECLASS	PENDING	PENDING	docs/knowledgeos/brainstorming/verification/gap-discovery/step-272/02-GAP-FULFILMENT-UPDATE.md
2022	-	-	PENDING_GLOBAL_RECLASS	PENDING_GLOBAL_RECLASS	PENDING	PENDING	docs/knowledgeos/brainstorming/verification/gap-discovery/step-272/03-DECISION-BRIEF.md
2023	-	-	PENDING_GLOBAL_RECLASS	PENDING_GLOBAL_RECLASS	PENDING	PENDING	docs/knowledgeos/brainstorming/verification/gap-discovery/second-order/REVIEWER-DOSSIER.md
2024	-	-	PENDING_GLOBAL_RECLASS	PENDING_GLOBAL_RECLASS	PENDING	PENDING	docs/knowledgeos/brainstorming/verification/gap-discovery/INDEX.md
2025	-	-	PENDING_GLOBAL_RECLASS	PENDING_GLOBAL_RECLASS	PENDING	PENDING	docs/knowledgeos/brainstorming/verification/gap-discovery/step-272/exec/sigma0_check.py
2026	-	-	PENDING_GLOBAL_RECLASS	PENDING_GLOBAL_RECLASS	PENDING	PENDING	docs/knowledgeos/brainstorming/verification/gap-discovery/step-272/exec/falsify_sigma0.py
2027	-	-	PENDING_GLOBAL_RECLASS	PENDING_GLOBAL_RECLASS	PENDING	PENDING	docs/knowledgeos/brainstorming/verification/gap-discovery/step-272/exec/resolve_275_vs_272b.py
2028	-	-	PENDING_GLOBAL_RECLASS	PENDING_GLOBAL_RECLASS	PENDING	PENDING	docs/knowledgeos/brainstorming/verification/gap-discovery/step-272/07-SIGMA-VS-STRENGTH-RESOLUTION.md
2029	-	-	PENDING_GLOBAL_RECLASS	PENDING_GLOBAL_RECLASS	PENDING	PENDING	docs/knowledgeos/brainstorming/verification/gap-discovery/step-272/05-ADDENDUM-STEP-272A.md
2030	-	-	PENDING_GLOBAL_RECLASS	PENDING_GLOBAL_RECLASS	PENDING	PENDING	docs/knowledgeos/brainstorming/verification/gap-discovery/step-272/06-STEP-272B-REVIEW.md
2031	-	-	PENDING_GLOBAL_RECLASS	PENDING_GLOBAL_RECLASS	PENDING	PENDING	docs/knowledgeos/brainstorming/verification/gap-discovery/00-CORPUS-INVENTORY.md
2032	-	-	PENDING_GLOBAL_RECLASS	PENDING_GLOBAL_RECLASS	PENDING	PENDING	docs/knowledgeos/brainstorming/verification/gap-discovery/step-272/exec/OUT-falsify_sigma0.txt
2033	-	-	PENDING_GLOBAL_RECLASS	PENDING_GLOBAL_RECLASS	PENDING	PENDING	docs/knowledgeos/brainstorming/verification/gap-discovery/step-272/exec/OUT-resolve_275_vs_272b.txt
2034	-	-	PENDING_GLOBAL_RECLASS	PENDING_GLOBAL_RECLASS	PENDING	PENDING	docs/knowledgeos/brainstorming/verification/gap-discovery/step-272/exec/OUT-sigma0_check.txt
2035	-	-	PENDING_GLOBAL_RECLASS	PENDING_GLOBAL_RECLASS	PENDING	PENDING	docs/knowledgeos/brainstorming/verification/gap-discovery/step-272/08-GAP-UPDATE-STEPS-272-279.md
2036	-	-	PENDING_GLOBAL_RECLASS	PENDING_GLOBAL_RECLASS	PENDING	PENDING	docs/knowledgeos/brainstorming/verification/gap-discovery/step-272/exec/OUT-premise_audit.txt
2037	-	-	PENDING_GLOBAL_RECLASS	PENDING_GLOBAL_RECLASS	PENDING	PENDING	docs/knowledgeos/brainstorming/verification/step-280/exec/kos279.py
2038	-	-	PENDING_GLOBAL_RECLASS	PENDING_GLOBAL_RECLASS	PENDING	PENDING	docs/knowledgeos/brainstorming/verification/step-280/exec/__pycache__/kos279.cpython-313.pyc
2039	-	-	PENDING_GLOBAL_RECLASS	PENDING_GLOBAL_RECLASS	PENDING	PENDING	docs/knowledgeos/brainstorming/verification/step-280/exec/corpus.py
2040	-	-	PENDING_GLOBAL_RECLASS	PENDING_GLOBAL_RECLASS	PENDING	PENDING	docs/knowledgeos/brainstorming/verification/step-280/exec/__pycache__/corpus.cpython-313.pyc
2041	-	-	PENDING_GLOBAL_RECLASS	PENDING_GLOBAL_RECLASS	PENDING	PENDING	docs/knowledgeos/brainstorming/verification/step-280/exec/run_e_tests.py
2042	-	-	PENDING_GLOBAL_RECLASS	PENDING_GLOBAL_RECLASS	PENDING	PENDING	docs/knowledgeos/brainstorming/verification/step-280/exec/run_f_tests.py
2043	-	-	PENDING_GLOBAL_RECLASS	PENDING_GLOBAL_RECLASS	PENDING	PENDING	docs/knowledgeos/brainstorming/verification/step-280/exec/run_real_and_stats.py
2044	-	-	PENDING_GLOBAL_RECLASS	PENDING_GLOBAL_RECLASS	PENDING	PENDING	docs/knowledgeos/brainstorming/verification/step-280/exec/OUT-E-EXECUTION.txt
2045	-	-	PENDING_GLOBAL_RECLASS	PENDING_GLOBAL_RECLASS	PENDING	PENDING	docs/knowledgeos/brainstorming/verification/step-280/exec/OUT-F-EXECUTION.txt
2046	-	-	PENDING_GLOBAL_RECLASS	PENDING_GLOBAL_RECLASS	PENDING	PENDING	docs/knowledgeos/brainstorming/verification/step-280/exec/OUT-REAL-AND-STATS.txt
2047	-	-	PENDING_GLOBAL_RECLASS	PENDING_GLOBAL_RECLASS	PENDING	PENDING	docs/knowledgeos/brainstorming/verification/step-280/exec/OUT-CORPUS.txt
2048	-	-	PENDING_GLOBAL_RECLASS	PENDING_GLOBAL_RECLASS	PENDING	PENDING	docs/knowledgeos/brainstorming/verification/step-280/exec/OUT-TIMESTAMP.txt
2049	-	-	PENDING_GLOBAL_RECLASS	PENDING_GLOBAL_RECLASS	PENDING	PENDING	docs/knowledgeos/brainstorming/verification/step-280/09-EMPIRICAL-CLOSURE-VERDICT.md
2050	-	-	PENDING_GLOBAL_RECLASS	PENDING_GLOBAL_RECLASS	PENDING	PENDING	docs/knowledgeos/brainstorming/verification/step-280/10-STEP-280-COMPLETE-REPORT.md
2051	-	-	PENDING_GLOBAL_RECLASS	PENDING_GLOBAL_RECLASS	PENDING	PENDING	docs/knowledgeos/brainstorming/verification/step-280/01-STEP-280-EXECUTION-PLAN.md
2052	-	-	PENDING_GLOBAL_RECLASS	PENDING_GLOBAL_RECLASS	PENDING	PENDING	docs/knowledgeos/brainstorming/verification/step-280/02-TEST-CASE-SPECIFICATIONS.md
2053	-	-	PENDING_GLOBAL_RECLASS	PENDING_GLOBAL_RECLASS	PENDING	PENDING	docs/knowledgeos/brainstorming/verification/step-280/03-END-TO-END-TEST-RESULTS.md
2054	-	-	PENDING_GLOBAL_RECLASS	PENDING_GLOBAL_RECLASS	PENDING	PENDING	docs/knowledgeos/brainstorming/verification/step-280/04-FALSIFICATION-TEST-RESULTS.md
2055	-	-	PENDING_GLOBAL_RECLASS	PENDING_GLOBAL_RECLASS	PENDING	PENDING	docs/knowledgeos/brainstorming/verification/step-280/05-REPLAY-TEST-RESULTS.md
2056	-	-	PENDING_GLOBAL_RECLASS	PENDING_GLOBAL_RECLASS	PENDING	PENDING	docs/knowledgeos/brainstorming/verification/step-280/06-EMPIRICAL-EVIDENCE-REGISTER.md
2057	-	-	PENDING_GLOBAL_RECLASS	PENDING_GLOBAL_RECLASS	PENDING	PENDING	docs/knowledgeos/brainstorming/verification/step-280/07-REPRODUCIBILITY-REPORT.md
2058	-	-	PENDING_GLOBAL_RECLASS	PENDING_GLOBAL_RECLASS	PENDING	PENDING	docs/knowledgeos/brainstorming/verification/step-280/08-GAP-REGISTER-UPDATE.md
2059	-	-	PENDING_GLOBAL_RECLASS	PENDING_GLOBAL_RECLASS	PENDING	PENDING	docs/knowledgeos/brainstorming/verification/consolidation/exec/sigma.py
2060	-	-	PENDING_GLOBAL_RECLASS	PENDING_GLOBAL_RECLASS	PENDING	PENDING	docs/knowledgeos/brainstorming/verification/consolidation/exec/OUT-sigma.txt
2061	-	-	PENDING_GLOBAL_RECLASS	PENDING_GLOBAL_RECLASS	PENDING	PENDING	docs/knowledgeos/brainstorming/verification/consolidation/00-FRONTIER-FREEZE.md
2062	-	-	PENDING_GLOBAL_RECLASS	PENDING_GLOBAL_RECLASS	PENDING	PENDING	docs/knowledgeos/brainstorming/verification/consolidation/01-D0-AUTHORITY-STATUS.md
2063	-	-	PENDING_GLOBAL_RECLASS	PENDING_GLOBAL_RECLASS	PENDING	PENDING	docs/knowledgeos/brainstorming/verification/consolidation/02-272-RECONCILIATION.md
2064	-	-	PENDING_GLOBAL_RECLASS	PENDING_GLOBAL_RECLASS	PENDING	PENDING	docs/knowledgeos/brainstorming/verification/consolidation/03-SIGMA-STATUS.md
2065	-	-	PENDING_GLOBAL_RECLASS	PENDING_GLOBAL_RECLASS	PENDING	PENDING	docs/knowledgeos/brainstorming/verification/consolidation/04-MISSINGNESS-STATUS.md
2066	-	-	PENDING_GLOBAL_RECLASS	PENDING_GLOBAL_RECLASS	PENDING	PENDING	docs/knowledgeos/brainstorming/verification/consolidation/05-DETERMINATION-STATUS.md
2067	-	-	PENDING_GLOBAL_RECLASS	PENDING_GLOBAL_RECLASS	PENDING	PENDING	docs/knowledgeos/brainstorming/verification/consolidation/06-AUTHORITY-ACT-ANALYSIS.md
2068	-	-	PENDING_GLOBAL_RECLASS	PENDING_GLOBAL_RECLASS	PENDING	PENDING	docs/knowledgeos/brainstorming/verification/consolidation/07-RECONCILED-CLOSURE-REGISTER.md
2069	-	-	PENDING_GLOBAL_RECLASS	PENDING_GLOBAL_RECLASS	PENDING	PENDING	docs/knowledgeos/brainstorming/verification/consolidation/08-HUMAN-DECISION-DOSSIER.md
2070	-	-	PENDING_GLOBAL_RECLASS	PENDING_GLOBAL_RECLASS	PENDING	PENDING	docs/knowledgeos/brainstorming/verification/consolidation/09-NEXT-CONSTRUCTION-GATE.md
2071	-	-	PENDING_GLOBAL_RECLASS	PENDING_GLOBAL_RECLASS	PENDING	PENDING	docs/knowledgeos/brainstorming/verification/gap-discovery/step-272/09-GAP-UPDATE-STEPS-280-281.md
2072	-	-	PENDING_GLOBAL_RECLASS	PENDING_GLOBAL_RECLASS	PENDING	PENDING	docs/knowledgeos/brainstorming/verification/step-281/exec/kos279.py
2073	-	-	PENDING_GLOBAL_RECLASS	PENDING_GLOBAL_RECLASS	PENDING	PENDING	docs/knowledgeos/brainstorming/verification/step-281/exec/repairs.py
2074	-	-	PENDING_GLOBAL_RECLASS	PENDING_GLOBAL_RECLASS	PENDING	PENDING	docs/knowledgeos/brainstorming/verification/step-281/exec/test_repair_selection.py
2075	-	-	PENDING_GLOBAL_RECLASS	PENDING_GLOBAL_RECLASS	PENDING	PENDING	docs/knowledgeos/brainstorming/verification/step-281/exec/__pycache__/repairs.cpython-313.pyc
2076	-	-	PENDING_GLOBAL_RECLASS	PENDING_GLOBAL_RECLASS	PENDING	PENDING	docs/knowledgeos/brainstorming/verification/step-281/exec/OUT-REPAIR-SELECTION.txt
2077	-	-	PENDING_GLOBAL_RECLASS	PENDING_GLOBAL_RECLASS	PENDING	PENDING	docs/knowledgeos/brainstorming/verification/step-281/exec/test_distinguishability.py
2078	-	-	PENDING_GLOBAL_RECLASS	PENDING_GLOBAL_RECLASS	PENDING	PENDING	docs/knowledgeos/brainstorming/verification/step-281/exec/OUT-DISTINGUISHABILITY.txt
2079	-	-	PENDING_GLOBAL_RECLASS	PENDING_GLOBAL_RECLASS	PENDING	PENDING	docs/knowledgeos/brainstorming/verification/step-281/exec/test_invariant_preservation.py
2080	-	-	PENDING_GLOBAL_RECLASS	PENDING_GLOBAL_RECLASS	PENDING	PENDING	docs/knowledgeos/brainstorming/verification/step-281/exec/OUT-INVARIANTS.txt
2081	-	-	PENDING_GLOBAL_RECLASS	PENDING_GLOBAL_RECLASS	PENDING	PENDING	docs/knowledgeos/brainstorming/verification/step-281/exec/test_e4_rerun.py
2082	-	-	PENDING_GLOBAL_RECLASS	PENDING_GLOBAL_RECLASS	PENDING	PENDING	docs/knowledgeos/brainstorming/verification/step-281/exec/OUT-E4-RERUN.txt
2083	-	-	PENDING_GLOBAL_RECLASS	PENDING_GLOBAL_RECLASS	PENDING	PENDING	docs/knowledgeos/brainstorming/verification/step-281/exec/test_affected_falsification.py
2084	-	-	PENDING_GLOBAL_RECLASS	PENDING_GLOBAL_RECLASS	PENDING	PENDING	docs/knowledgeos/brainstorming/verification/step-281/exec/__pycache__/kos279.cpython-313.pyc
2085	-	-	PENDING_GLOBAL_RECLASS	PENDING_GLOBAL_RECLASS	PENDING	PENDING	docs/knowledgeos/brainstorming/verification/step-281/exec/OUT-AFFECTED-TESTS.txt
2086	-	-	PENDING_GLOBAL_RECLASS	PENDING_GLOBAL_RECLASS	PENDING	PENDING	docs/knowledgeos/brainstorming/verification/step-281/exec/OUT-TIMESTAMP.txt
2087	-	-	PENDING_GLOBAL_RECLASS	PENDING_GLOBAL_RECLASS	PENDING	PENDING	docs/knowledgeos/brainstorming/verification/step-281/exec/test_minimality.py
2088	-	-	PENDING_GLOBAL_RECLASS	PENDING_GLOBAL_RECLASS	PENDING	PENDING	docs/knowledgeos/brainstorming/verification/step-281/exec/OUT-MINIMALITY.txt
2089	-	-	PENDING_GLOBAL_RECLASS	PENDING_GLOBAL_RECLASS	PENDING	PENDING	docs/knowledgeos/brainstorming/verification/step-281/01-REPAIR-SELECTION.md
2090	-	-	PENDING_GLOBAL_RECLASS	PENDING_GLOBAL_RECLASS	PENDING	PENDING	docs/knowledgeos/brainstorming/verification/step-281/02-DISTINGUISHABILITY-PROOF.md
2091	-	-	PENDING_GLOBAL_RECLASS	PENDING_GLOBAL_RECLASS	PENDING	PENDING	docs/knowledgeos/brainstorming/verification/step-281/03-MINIMALITY-PROOF.md
2092	-	-	PENDING_GLOBAL_RECLASS	PENDING_GLOBAL_RECLASS	PENDING	PENDING	docs/knowledgeos/brainstorming/verification/step-281/04-INVARIANT-PRESERVATION-PROOF.md
2093	-	-	PENDING_GLOBAL_RECLASS	PENDING_GLOBAL_RECLASS	PENDING	PENDING	docs/knowledgeos/brainstorming/verification/step-281/05-E4-RERUN-RESULTS.md
2094	-	-	PENDING_GLOBAL_RECLASS	PENDING_GLOBAL_RECLASS	PENDING	PENDING	docs/knowledgeos/brainstorming/verification/step-281/06-AFFECTED-TESTS-RERUN-RESULTS.md
2095	-	-	PENDING_GLOBAL_RECLASS	PENDING_GLOBAL_RECLASS	PENDING	PENDING	docs/knowledgeos/brainstorming/verification/step-281/07-GAP-REGISTER-UPDATE.md
2096	-	-	PENDING_GLOBAL_RECLASS	PENDING_GLOBAL_RECLASS	PENDING	PENDING	docs/knowledgeos/brainstorming/verification/step-281/08-INTERNAL-CLOSURE-VERDICT.md
2097	-	-	PENDING_GLOBAL_RECLASS	PENDING_GLOBAL_RECLASS	PENDING	PENDING	docs/knowledgeos/brainstorming/verification/step-281/09-STEP-281-COMPLETE-REPORT.md
2098	-	-	PENDING_GLOBAL_RECLASS	PENDING_GLOBAL_RECLASS	PENDING	PENDING	docs/knowledgeos/brainstorming/verification/gap-discovery/step-272/10-GAP-UPDATE-STEPS-281-282.md
2099	-	-	PENDING_GLOBAL_RECLASS	PENDING_GLOBAL_RECLASS	PENDING	PENDING	docs/knowledgeos/brainstorming/verification/gap-discovery/00A-CORPUS-FILE-INDEX.md
2100	-	-	PENDING_GLOBAL_RECLASS	PENDING_GLOBAL_RECLASS	PENDING	PENDING	docs/knowledgeos/brainstorming/verification/step-282/exec/kos279.py
2101	-	-	PENDING_GLOBAL_RECLASS	PENDING_GLOBAL_RECLASS	PENDING	PENDING	docs/knowledgeos/brainstorming/verification/step-282/exec/repairs.py
2102	-	-	PENDING_GLOBAL_RECLASS	PENDING_GLOBAL_RECLASS	PENDING	PENDING	docs/knowledgeos/brainstorming/verification/step-282/exec/f21_probability_necessity.py
2103	-	-	PENDING_GLOBAL_RECLASS	PENDING_GLOBAL_RECLASS	PENDING	PENDING	docs/knowledgeos/brainstorming/verification/step-282/exec/OUT-F21.txt
2104	-	-	PENDING_GLOBAL_RECLASS	PENDING_GLOBAL_RECLASS	PENDING	PENDING	docs/knowledgeos/brainstorming/verification/step-282/exec/kosfix.py
2105	-	-	PENDING_GLOBAL_RECLASS	PENDING_GLOBAL_RECLASS	PENDING	PENDING	docs/knowledgeos/brainstorming/verification/step-282/exec/f15_nonidentifiability.py
2106	-	-	PENDING_GLOBAL_RECLASS	PENDING_GLOBAL_RECLASS	PENDING	PENDING	docs/knowledgeos/brainstorming/verification/step-282/exec/__pycache__/kosfix.cpython-313.pyc
2107	-	-	PENDING_GLOBAL_RECLASS	PENDING_GLOBAL_RECLASS	PENDING	PENDING	docs/knowledgeos/brainstorming/verification/step-282/exec/OUT-F15.txt
2108	-	-	PENDING_GLOBAL_RECLASS	PENDING_GLOBAL_RECLASS	PENDING	PENDING	docs/knowledgeos/brainstorming/verification/step-282/exec/f17_f18_qt.py
2109	-	-	PENDING_GLOBAL_RECLASS	PENDING_GLOBAL_RECLASS	PENDING	PENDING	docs/knowledgeos/brainstorming/verification/step-282/exec/OUT-F17-F18.txt
2110	-	-	PENDING_GLOBAL_RECLASS	PENDING_GLOBAL_RECLASS	PENDING	PENDING	docs/knowledgeos/brainstorming/verification/step-282/exec/f16_f19_f20.py
2111	-	-	PENDING_GLOBAL_RECLASS	PENDING_GLOBAL_RECLASS	PENDING	PENDING	docs/knowledgeos/brainstorming/verification/step-282/exec/__pycache__/kos279.cpython-313.pyc
2112	-	-	PENDING_GLOBAL_RECLASS	PENDING_GLOBAL_RECLASS	PENDING	PENDING	docs/knowledgeos/brainstorming/verification/step-282/exec/OUT-F16-F19-F20.txt
2113	-	-	PENDING_GLOBAL_RECLASS	PENDING_GLOBAL_RECLASS	PENDING	PENDING	docs/knowledgeos/brainstorming/verification/gap-discovery/step-272/exec/sufficiency.py
2114	-	-	PENDING_GLOBAL_RECLASS	PENDING_GLOBAL_RECLASS	PENDING	PENDING	docs/knowledgeos/brainstorming/verification/gap-discovery/step-272/exec/OUT-sufficiency.txt
2115	-	-	PENDING_GLOBAL_RECLASS	PENDING_GLOBAL_RECLASS	PENDING	PENDING	docs/knowledgeos/brainstorming/verification/step-282/exec/f14_and_contradictions.py
2116	-	-	PENDING_GLOBAL_RECLASS	PENDING_GLOBAL_RECLASS	PENDING	PENDING	docs/knowledgeos/brainstorming/verification/step-282/exec/__pycache__/repairs.cpython-313.pyc
2117	-	-	PENDING_GLOBAL_RECLASS	PENDING_GLOBAL_RECLASS	PENDING	PENDING	docs/knowledgeos/brainstorming/verification/step-282/exec/OUT-F14-CONTRADICTIONS.txt
2118	-	-	PENDING_GLOBAL_RECLASS	PENDING_GLOBAL_RECLASS	PENDING	PENDING	docs/knowledgeos/brainstorming/verification/step-282/exec/OUT-TIMESTAMP.txt
2119	-	-	PENDING_GLOBAL_RECLASS	PENDING_GLOBAL_RECLASS	PENDING	PENDING	docs/knowledgeos/brainstorming/verification/gap-discovery/step-272/11-E20-RECLASSIFICATION.md
2120	-	-	PENDING_GLOBAL_RECLASS	PENDING_GLOBAL_RECLASS	PENDING	PENDING	docs/knowledgeos/brainstorming/verification/step-282/01-THEORY-CRITICALITY-REGISTER.md
2121	-	-	PENDING_GLOBAL_RECLASS	PENDING_GLOBAL_RECLASS	PENDING	PENDING	docs/knowledgeos/brainstorming/verification/gap-discovery/step-272/12-SUFFICIENCY-DEFINITION.md
2122	-	-	PENDING_GLOBAL_RECLASS	PENDING_GLOBAL_RECLASS	PENDING	PENDING	docs/knowledgeos/brainstorming/verification/step-281/OUT-E4-RERUN.json
2123	-	-	PENDING_GLOBAL_RECLASS	PENDING_GLOBAL_RECLASS	PENDING	PENDING	docs/knowledgeos/brainstorming/verification/gap-discovery/step-272/README.md
2124	-	-	PENDING_GLOBAL_RECLASS	PENDING_GLOBAL_RECLASS	PENDING	PENDING	docs/knowledgeos/brainstorming/verification/step-282/03-THEORY-SCOPE-DECLARATION.md
2125	-	-	PENDING_GLOBAL_RECLASS	PENDING_GLOBAL_RECLASS	PENDING	PENDING	docs/knowledgeos/brainstorming/verification/step-282/04-T3-PROBABILITY-NECESSITY-RESULT.md
2126	-	-	PENDING_GLOBAL_RECLASS	PENDING_GLOBAL_RECLASS	PENDING	PENDING	docs/knowledgeos/brainstorming/verification/step-282/05-T4-NONIDENTIFIABILITY-RESULT.md
2127	-	-	PENDING_GLOBAL_RECLASS	PENDING_GLOBAL_RECLASS	PENDING	PENDING	docs/knowledgeos/brainstorming/verification/step-282/06-QT-REPLAY-SERIALIZATION-RESULT.md
2128	-	-	PENDING_GLOBAL_RECLASS	PENDING_GLOBAL_RECLASS	PENDING	PENDING	docs/knowledgeos/brainstorming/verification/step-282/07-POLICY-KNOWLEDGE-SEPARATION-RESULT.md
2129	-	-	PENDING_GLOBAL_RECLASS	PENDING_GLOBAL_RECLASS	PENDING	PENDING	docs/knowledgeos/brainstorming/verification/step-282/08-DEPENDENCY-CYCLE-RESULT.md
2130	-	-	PENDING_GLOBAL_RECLASS	PENDING_GLOBAL_RECLASS	PENDING	PENDING	docs/knowledgeos/brainstorming/verification/step-282/09-CLOSURE-DIMENSION-MATRIX.md
2131	-	-	PENDING_GLOBAL_RECLASS	PENDING_GLOBAL_RECLASS	PENDING	PENDING	docs/knowledgeos/brainstorming/verification/step-282/10-STEP-282-FALSIFICATION-RESULTS.md
2132	-	-	PENDING_GLOBAL_RECLASS	PENDING_GLOBAL_RECLASS	PENDING	PENDING	docs/knowledgeos/brainstorming/verification/consolidation/10-REVIEW-AGAINST-STEPS-280-282.md
2133	-	-	PENDING_GLOBAL_RECLASS	PENDING_GLOBAL_RECLASS	PENDING	PENDING	docs/knowledgeos/brainstorming/verification/step-282/11-STEP-282-HUMAN-DECISION-REGISTER.md
2134	-	-	PENDING_GLOBAL_RECLASS	PENDING_GLOBAL_RECLASS	PENDING	PENDING	docs/knowledgeos/brainstorming/verification/step-282/12-STEP-282-SUPERVISORY-VERDICT.md
2135	-	-	PENDING_GLOBAL_RECLASS	PENDING_GLOBAL_RECLASS	PENDING	PENDING	docs/knowledgeos/brainstorming/verification/step-280/exec/kosmodel.py
2136	-	-	PENDING_GLOBAL_RECLASS	PENDING_GLOBAL_RECLASS	PENDING	PENDING	docs/knowledgeos/brainstorming/verification/step-281/exec/kosmodel.py
2137	-	-	PENDING_GLOBAL_RECLASS	PENDING_GLOBAL_RECLASS	PENDING	PENDING	docs/knowledgeos/brainstorming/verification/step-282/exec/kosmodel.py
2138	-	-	PENDING_GLOBAL_RECLASS	PENDING_GLOBAL_RECLASS	PENDING	PENDING	docs/knowledgeos/brainstorming/verification/step-280/exec/__pycache__/kosmodel.cpython-313.pyc
2139	-	-	PENDING_GLOBAL_RECLASS	PENDING_GLOBAL_RECLASS	PENDING	PENDING	docs/knowledgeos/brainstorming/verification/step-280/exec/OUT-E-RESULTS.json
2140	-	-	PENDING_GLOBAL_RECLASS	PENDING_GLOBAL_RECLASS	PENDING	PENDING	docs/knowledgeos/brainstorming/verification/step-280/exec/OUT-F-RESULTS.json
2141	-	-	PENDING_GLOBAL_RECLASS	PENDING_GLOBAL_RECLASS	PENDING	PENDING	docs/knowledgeos/brainstorming/verification/step-281/exec/__pycache__/kosmodel.cpython-313.pyc
2142	-	-	PENDING_GLOBAL_RECLASS	PENDING_GLOBAL_RECLASS	PENDING	PENDING	docs/knowledgeos/brainstorming/verification/step-281/exec/OUT-E4-RERUN.json
2143	-	-	PENDING_GLOBAL_RECLASS	PENDING_GLOBAL_RECLASS	PENDING	PENDING	docs/knowledgeos/brainstorming/verification/step-282/exec/__pycache__/kosmodel.cpython-313.pyc
2144	-	-	PENDING_GLOBAL_RECLASS	PENDING_GLOBAL_RECLASS	PENDING	PENDING	docs/knowledgeos/brainstorming/verification/step-282/13-C-NEW-CLOSURE-RECORD.md
2145	-	-	PENDING_GLOBAL_RECLASS	PENDING_GLOBAL_RECLASS	PENDING	PENDING	docs/knowledgeos/brainstorming/verification/step-282/02-RESIDUAL-GAP-CLASSIFICATION.md
2146	-	-	PENDING_GLOBAL_RECLASS	PENDING_GLOBAL_RECLASS	PENDING	PENDING	docs/knowledgeos/brainstorming/verification/handoff/01-CORPUS-SNAPSHOT-FREEZE.md
2147	-	-	PENDING_GLOBAL_RECLASS	PENDING_GLOBAL_RECLASS	PENDING	PENDING	docs/knowledgeos/brainstorming/verification/handoff/02-O-CORE-AUTHORITATIVE-DETERMINATION.md
2148	-	-	PENDING_GLOBAL_RECLASS	PENDING_GLOBAL_RECLASS	PENDING	PENDING	docs/knowledgeos/brainstorming/verification/handoff/03-RECONCILIATION-272A-272B-273-275.md
2149	-	-	PENDING_GLOBAL_RECLASS	PENDING_GLOBAL_RECLASS	PENDING	PENDING	docs/knowledgeos/brainstorming/verification/handoff/04-GOVERNANCE-COLLISION-REGISTER.md
2150	-	-	PENDING_GLOBAL_RECLASS	PENDING_GLOBAL_RECLASS	PENDING	PENDING	docs/knowledgeos/brainstorming/verification/handoff/05-CANONICAL-CONSTRUCT-REGISTRY.md
2151	-	-	PENDING_GLOBAL_RECLASS	PENDING_GLOBAL_RECLASS	PENDING	PENDING	docs/knowledgeos/brainstorming/verification/handoff/06-HANDOFF-VERDICT.md
2152	-	-	PENDING_GLOBAL_RECLASS	PENDING_GLOBAL_RECLASS	PENDING	PENDING	docs/knowledgeos/reviews/synthesis/prompts/20260831_0050_prompts.md
2153	-	-	PENDING_GLOBAL_RECLASS	PENDING_GLOBAL_RECLASS	PENDING	PENDING	docs/knowledgeos/reviews/synthesis/analysis/theory-sync/evidence-computational-empirical.md
2154	-	-	PENDING_GLOBAL_RECLASS	PENDING_GLOBAL_RECLASS	PENDING	PENDING	docs/knowledgeos/reviews/synthesis/analysis/theory-sync/evidence-definitions-formal.md
2155	-	-	PENDING_GLOBAL_RECLASS	PENDING_GLOBAL_RECLASS	PENDING	PENDING	docs/knowledgeos/reviews/synthesis/analysis/THEORY-TO-BOOK-CANONICAL-STATE.md
2156	-	-	PENDING_GLOBAL_RECLASS	PENDING_GLOBAL_RECLASS	PENDING	PENDING	docs/knowledgeos/brainstorming/verification/prompts/20260831_0105_prompts.md
2157	-	-	PENDING_GLOBAL_RECLASS	PENDING_GLOBAL_RECLASS	PENDING	PENDING	docs/knowledgeos/reviews/synthesis/prompts/20260831_0106_prompts.md
2158	-	-	PENDING_GLOBAL_RECLASS	PENDING_GLOBAL_RECLASS	PENDING	PENDING	docs/knowledgeos/brainstorming/verification/consolidation/11-REVIEW-AGAINST-STEPS-283-284.md
2159	-	-	PENDING_GLOBAL_RECLASS	PENDING_GLOBAL_RECLASS	PENDING	PENDING	docs/knowledgeos/reviews/synthesis/analysis/book-structure-crosswalk-proposal.md
2160	-	-	PENDING_GLOBAL_RECLASS	PENDING_GLOBAL_RECLASS	PENDING	PENDING	docs/knowledgeos/reviews/synthesis/prompts/20260831_0144_prompts.md
2161	-	-	PENDING_GLOBAL_RECLASS	PENDING_GLOBAL_RECLASS	PENDING	PENDING	docs/knowledgeos/reviews/synthesis/analysis/book-implementation-source-map.md
2162	-	-	PENDING_GLOBAL_RECLASS	PENDING_GLOBAL_RECLASS	PENDING	PENDING	docs/knowledgeos/reviews/synthesis/prompts/20260831_0145_prompts.md
2163	-	-	PENDING_GLOBAL_RECLASS	PENDING_GLOBAL_RECLASS	PENDING	PENDING	docs/knowledgeos/reviews/synthesis/analysis/canonical-implementation-contract-template.md
2164	-	-	PENDING_GLOBAL_RECLASS	PENDING_GLOBAL_RECLASS	PENDING	PENDING	docs/knowledgeos/reviews/synthesis/analysis/OPERATION-CONTRACT-GAP.md
2165	-	-	PENDING_GLOBAL_RECLASS	PENDING_GLOBAL_RECLASS	PENDING	PENDING	docs/knowledgeos/reviews/synthesis/analysis/TRANSFORMATION-CONTRACT-GAP.md
2166	-	-	PENDING_GLOBAL_RECLASS	PENDING_GLOBAL_RECLASS	PENDING	PENDING	docs/knowledgeos/reviews/synthesis/analysis/DRAFT-HPA-RULING-operation-registry.md
2167	-	-	PENDING_GLOBAL_RECLASS	PENDING_GLOBAL_RECLASS	PENDING	PENDING	docs/knowledgeos/reviews/synthesis/analysis/COMMISSION-operation-registry-derivation.md
2168	-	-	PENDING_GLOBAL_RECLASS	PENDING_GLOBAL_RECLASS	PENDING	PENDING	docs/knowledgeos/reviews/synthesis/analysis/CANONICAL-IMPLEMENTATION-GAP.md
2169	-	-	PENDING_GLOBAL_RECLASS	PENDING_GLOBAL_RECLASS	PENDING	PENDING	docs/knowledgeos/reviews/synthesis/commission-operation-registry/exec/circularity.py
2170	-	-	PENDING_GLOBAL_RECLASS	PENDING_GLOBAL_RECLASS	PENDING	PENDING	docs/knowledgeos/reviews/synthesis/commission-operation-registry/exec/inventory.py
2171	-	-	PENDING_GLOBAL_RECLASS	PENDING_GLOBAL_RECLASS	PENDING	PENDING	docs/knowledgeos/reviews/synthesis/commission-operation-registry/exec/consistency.py
2172	-	-	PENDING_GLOBAL_RECLASS	PENDING_GLOBAL_RECLASS	PENDING	PENDING	docs/knowledgeos/reviews/synthesis/OUT-consistency.txt
2173	-	-	PENDING_GLOBAL_RECLASS	PENDING_GLOBAL_RECLASS	PENDING	PENDING	docs/knowledgeos/reviews/synthesis/commission-operation-registry/exec/mintest.py
2174	-	-	PENDING_GLOBAL_RECLASS	PENDING_GLOBAL_RECLASS	PENDING	PENDING	docs/knowledgeos/reviews/synthesis/commission-operation-registry/MINIMALITY-RESULT.md
2175	-	-	PENDING_GLOBAL_RECLASS	PENDING_GLOBAL_RECLASS	PENDING	PENDING	docs/knowledgeos/reviews/synthesis/commission-operation-registry/exec/rm.py
2176	-	-	PENDING_GLOBAL_RECLASS	PENDING_GLOBAL_RECLASS	PENDING	PENDING	docs/knowledgeos/reviews/synthesis/commission-operation-registry/exec/__pycache__/rm.cpython-313.pyc
2177	-	-	PENDING_GLOBAL_RECLASS	PENDING_GLOBAL_RECLASS	PENDING	PENDING	docs/knowledgeos/reviews/synthesis/commission-operation-registry/exec/__pycache__/inventory.cpython-313.pyc
2178	-	-	PENDING_GLOBAL_RECLASS	PENDING_GLOBAL_RECLASS	PENDING	PENDING	docs/knowledgeos/reviews/synthesis/commission-operation-registry/OPERATION-REGISTRY-DERIVATION.md
2179	-	-	PENDING_GLOBAL_RECLASS	PENDING_GLOBAL_RECLASS	PENDING	PENDING	docs/knowledgeos/reviews/synthesis/commission-operation-registry/exec/OUT-inventory.txt
2180	-	-	PENDING_GLOBAL_RECLASS	PENDING_GLOBAL_RECLASS	PENDING	PENDING	docs/knowledgeos/reviews/synthesis/commission-operation-registry/exec/OUT-circularity.txt
2181	-	-	PENDING_GLOBAL_RECLASS	PENDING_GLOBAL_RECLASS	PENDING	PENDING	docs/knowledgeos/reviews/synthesis/commission-operation-registry/exec/__pycache__/mintest.cpython-313.pyc
2182	-	-	PENDING_GLOBAL_RECLASS	PENDING_GLOBAL_RECLASS	PENDING	PENDING	docs/knowledgeos/reviews/synthesis/commission-operation-registry/exec/OUT-consistency.txt
2183	-	-	PENDING_GLOBAL_RECLASS	PENDING_GLOBAL_RECLASS	PENDING	PENDING	docs/knowledgeos/reviews/synthesis/commission-operation-registry/exec/OUT-mintest.txt
2184	-	-	PENDING_GLOBAL_RECLASS	PENDING_GLOBAL_RECLASS	PENDING	PENDING	docs/knowledgeos/reviews/synthesis/commission-operation-registry/OPERATION-CONTRACTS.md
2185	-	-	PENDING_GLOBAL_RECLASS	PENDING_GLOBAL_RECLASS	PENDING	PENDING	docs/knowledgeos/reviews/synthesis/analysis/IMPLEMENTATION-READINESS-MATRIX.md
2186	-	-	PENDING_GLOBAL_RECLASS	PENDING_GLOBAL_RECLASS	PENDING	PENDING	docs/knowledgeos/reviews/synthesis/prompts/20260831_1505_prompt_isntructions.md
2187	-	-	PENDING_GLOBAL_RECLASS	PENDING_GLOBAL_RECLASS	PENDING	PENDING	docs/knowledgeos/reviews/synthesis/prompts/Confirmed first, since you flagged it: t
2188	-	-	PENDING_GLOBAL_RECLASS	PENDING_GLOBAL_RECLASS	PENDING	PENDING	docs/knowledgeos/reviews/synthesis/commission-operation-registry/OPERATION-REGISTRY-INDEPENDENT-REVIEW.md
2189	-	-	PENDING_GLOBAL_RECLASS	PENDING_GLOBAL_RECLASS	PENDING	PENDING	docs/knowledgeos/reviews/synthesis/commission-operation-registry/OPERATION-REGISTRY-DECISION-PACKAGE.md
2190	-	-	PENDING_GLOBAL_RECLASS	PENDING_GLOBAL_RECLASS	PENDING	PENDING	docs/knowledgeos/reviews/synthesis/prompts/202060831_1518_prompts.md
2191	-	-	PENDING_GLOBAL_RECLASS	PENDING_GLOBAL_RECLASS	PENDING	PENDING	docs/knowledgeos/reviews/synthesis/commission-operation-registry/06-FALSIFICATION-VERDICT.md
2192	-	-	PENDING_GLOBAL_RECLASS	PENDING_GLOBAL_RECLASS	PENDING	PENDING	docs/knowledgeos/reviews/synthesis/prompts/20260831_1523_prompts.md
2193	-	-	PENDING_GLOBAL_RECLASS	PENDING_GLOBAL_RECLASS	PENDING	PENDING	docs/knowledgeos/reviews/synthesis/commission-operation-registry/step-284/02-REJECT-P1-STATUS.md
2194	-	-	PENDING_GLOBAL_RECLASS	PENDING_GLOBAL_RECLASS	PENDING	PENDING	docs/knowledgeos/reviews/synthesis/commission-operation-registry/step-284/03-A6-ARTICLE83-BOUNDARY.md
2195	-	-	PENDING_GLOBAL_RECLASS	PENDING_GLOBAL_RECLASS	PENDING	PENDING	docs/knowledgeos/reviews/synthesis/prompts/20260831_1547_prompt.md
2196	-	-	PENDING_GLOBAL_RECLASS	PENDING_GLOBAL_RECLASS	PENDING	PENDING	docs/knowledgeos/reviews/synthesis/commission-operation-registry/step-284/01-P11-OPERATION-UNIVERSE-STATUS.md
2197	-	-	PENDING_GLOBAL_RECLASS	PENDING_GLOBAL_RECLASS	PENDING	PENDING	docs/knowledgeos/reviews/synthesis/commission-operation-registry/step-285/01-THEORY-CHAIN-MATRIX.md
2198	-	-	PENDING_GLOBAL_RECLASS	PENDING_GLOBAL_RECLASS	PENDING	PENDING	docs/knowledgeos/brainstorming/verification/gap-discovery/readiness/exec/verify_readiness_claims.py
2199	-	-	PENDING_GLOBAL_RECLASS	PENDING_GLOBAL_RECLASS	PENDING	PENDING	docs/knowledgeos/brainstorming/verification/gap-discovery/readiness/exec/OUT-verify_readiness_claims.txt
2200	-	-	PENDING_GLOBAL_RECLASS	PENDING_GLOBAL_RECLASS	PENDING	PENDING	docs/knowledgeos/reviews/synthesis/commission-operation-registry/step-285/02-THEORY-DEPENDENCY-GRAPH.md
2201	-	-	PENDING_GLOBAL_RECLASS	PENDING_GLOBAL_RECLASS	PENDING	PENDING	docs/knowledgeos/reviews/synthesis/commission-operation-registry/step-285/03-CANONICAL-BOUNDARY-MAP.md
2202	-	-	PENDING_GLOBAL_RECLASS	PENDING_GLOBAL_RECLASS	PENDING	PENDING	docs/knowledgeos/brainstorming/verification/gap-discovery/readiness/00-EVIDENCE-BASE-AND-DUPLICATION-NOTICE.md
2203	-	-	PENDING_GLOBAL_RECLASS	PENDING_GLOBAL_RECLASS	PENDING	PENDING	docs/knowledgeos/reviews/synthesis/commission-operation-registry/step-285/04-IMPLEMENTATION-BLOCKER-REGISTER.md
2204	-	-	PENDING_GLOBAL_RECLASS	PENDING_GLOBAL_RECLASS	PENDING	PENDING	docs/knowledgeos/reviews/synthesis/commission-operation-registry/step-285/05-THEORY-TO-BOOK-MAP.md
2205	-	-	PENDING_GLOBAL_RECLASS	PENDING_GLOBAL_RECLASS	PENDING	PENDING	docs/knowledgeos/brainstorming/verification/gap-discovery/readiness/01-IMPLEMENTATION-READINESS-MASTER-MATRIX.md
2206	-	-	PENDING_GLOBAL_RECLASS	PENDING_GLOBAL_RECLASS	PENDING	PENDING	docs/knowledgeos/reviews/synthesis/commission-operation-registry/step-285/06-STEP-285-VERDICT.md
2207	-	-	PENDING_GLOBAL_RECLASS	PENDING_GLOBAL_RECLASS	PENDING	PENDING	docs/knowledgeos/brainstorming/verification/gap-discovery/readiness/02-DERIVATION-DEFINITION-ARCHITECTURE-GAP-MAP.md
2208	-	-	PENDING_GLOBAL_RECLASS	PENDING_GLOBAL_RECLASS	PENDING	PENDING	docs/knowledgeos/reviews/synthesis/analysis/architecture-findings.md
2209	-	-	PENDING_GLOBAL_RECLASS	PENDING_GLOBAL_RECLASS	PENDING	PENDING	docs/knowledgeos/reviews/synthesis/analysis/governance-notes.md
2210	-	-	PENDING_GLOBAL_RECLASS	PENDING_GLOBAL_RECLASS	PENDING	PENDING	docs/knowledgeos/brainstorming/verification/gap-discovery/readiness/03-OPERATION-TRANSFORMATION-READINESS.md
2211	-	-	PENDING_GLOBAL_RECLASS	PENDING_GLOBAL_RECLASS	PENDING	PENDING	docs/knowledgeos/brainstorming/verification/gap-discovery/readiness/exec/minimum_implementable.py
2212	-	-	PENDING_GLOBAL_RECLASS	PENDING_GLOBAL_RECLASS	PENDING	PENDING	docs/knowledgeos/brainstorming/verification/gap-discovery/readiness/exec/OUT-minimum_implementable.txt
2213	-	-	PENDING_GLOBAL_RECLASS	PENDING_GLOBAL_RECLASS	PENDING	PENDING	docs/knowledgeos/brainstorming/verification/gap-discovery/readiness/04-KNOWLEDGEOS-DEPENDENCY-GRAPH.md
2214	-	-	PENDING_GLOBAL_RECLASS	PENDING_GLOBAL_RECLASS	PENDING	PENDING	docs/knowledgeos/brainstorming/verification/gap-discovery/readiness/05-BOOK-READINESS-MATRIX.md
2215	-	-	PENDING_GLOBAL_RECLASS	PENDING_GLOBAL_RECLASS	PENDING	PENDING	docs/knowledgeos/brainstorming/verification/gap-discovery/readiness/06-CRITICAL-PATH-TO-IMPLEMENTATION.md
2216	-	-	PENDING_GLOBAL_RECLASS	PENDING_GLOBAL_RECLASS	PENDING	PENDING	docs/knowledgeos/brainstorming/verification/gap-discovery/readiness/07-MINIMUM-IMPLEMENTABLE-KNOWLEDGEOS.md
2217	-	-	PENDING_GLOBAL_RECLASS	PENDING_GLOBAL_RECLASS	PENDING	PENDING	docs/knowledgeos/brainstorming/verification/gap-discovery/readiness/08-GAP-ANALYSIS-VERDICT.md
2218	-	-	PENDING_GLOBAL_RECLASS	PENDING_GLOBAL_RECLASS	PENDING	PENDING	docs/knowledgeos/reviews/synthesis/analysis/editorial-sync/06-EDITORIAL-BLOCKER-REGISTER.md
2219	-	-	PENDING_GLOBAL_RECLASS	PENDING_GLOBAL_RECLASS	PENDING	PENDING	docs/knowledgeos/reviews/synthesis/analysis/editorial-sync/07-CHAPTERS-WRITABLE-NOW.md
2220	-	-	PENDING_GLOBAL_RECLASS	PENDING_GLOBAL_RECLASS	PENDING	PENDING	docs/knowledgeos/reviews/synthesis/analysis/editorial-sync/08-CHAPTERS-AWAITING-DECISIONS.md
2221	-	-	PENDING_GLOBAL_RECLASS	PENDING_GLOBAL_RECLASS	PENDING	PENDING	docs/knowledgeos/reviews/synthesis/prompts/20260831_1624_prompt_BOOK SESSION — BOUNDED CONTINUATION.md
2222	-	-	PENDING_GLOBAL_RECLASS	PENDING_GLOBAL_RECLASS	PENDING	PENDING	docs/knowledgeos/brainstorming/verification/gap-discovery/readiness/09-GAP-UPDATE-STEPS-282-285-AND-EXTERNAL-RESEARCH.md
2223	-	-	PENDING_GLOBAL_RECLASS	PENDING_GLOBAL_RECLASS	PENDING	PENDING	docs/knowledgeos/brainstorming/verification/gap-discovery/readiness/readiness-summary.json
2224	-	-	PENDING_GLOBAL_RECLASS	PENDING_GLOBAL_RECLASS	PENDING	PENDING	docs/knowledgeos/brainstorming/verification/gap-discovery/readiness/README.md
2225	-	-	PENDING_GLOBAL_RECLASS	PENDING_GLOBAL_RECLASS	PENDING	PENDING	docs/knowledgeos/brainstorming/phase_measure_theory/20260831-181552_step_286_gita-mapping-terms-to-knowledgeos-invalid-date-corrected.md
2226	-	-	PENDING_GLOBAL_RECLASS	PENDING_GLOBAL_RECLASS	PENDING	PENDING	docs/knowledgeos/brainstorming/phase_measure_theory/20260831-195114_step_288_short-confirmation-of-equality-gap-position.md
2227	-	-	PENDING_GLOBAL_RECLASS	PENDING_GLOBAL_RECLASS	PENDING	PENDING	docs/knowledgeos/brainstorming/phase_measure_theory/knowledgeos_kernel/20260831-201143_step_286_gita-kos-translation-register-working-notes.md
2228	-	-	PENDING_GLOBAL_RECLASS	PENDING_GLOBAL_RECLASS	PENDING	PENDING	docs/knowledgeos/brainstorming/phase_measure_theory/knowledgeos_kernel/prompts/20260831-201424_step_287_reviewer-drafts-step-287-invariants-research-and-falsification-mandate.md
2229	-	-	PENDING_GLOBAL_RECLASS	PENDING_GLOBAL_RECLASS	PENDING	PENDING	docs/knowledgeos/brainstorming/phase_measure_theory/20260831-202101_step_287_reviewer-step-287-invariants-research-only-derivability-audit-triplicate.md
2230	-	-	PENDING_GLOBAL_RECLASS	PENDING_GLOBAL_RECLASS	PENDING	PENDING	docs/knowledgeos/brainstorming/phase_measure_theory/knowledgeos_kernel/20260831-202404_step_286_cavell-must-we-mean-what-we-say-lenses-for-knowledgeos-kernel.md
2231	-	-	PENDING_GLOBAL_RECLASS	PENDING_GLOBAL_RECLASS	PENDING	PENDING	docs/knowledgeos/brainstorming/phase_measure_theory/knowledgeos_kernel/prompts/20260831-202424_step_287_reviewer-step-287-invariants-as-research-only-derivability-audit-not-normative.md
2232	-	-	PENDING_GLOBAL_RECLASS	PENDING_GLOBAL_RECLASS	PENDING	PENDING	docs/knowledgeos/brainstorming/phase_measure_theory/knowledgeos_kernel/prompts/20260831-215513_step_288_refined-step-288-equality-decision-procedure-closure-programme-mandate.md
2233	-	-	PENDING_GLOBAL_RECLASS	PENDING_GLOBAL_RECLASS	PENDING	PENDING	docs/knowledgeos/brainstorming/phase_measure_theory/knowledgeos_kernel/prompts/20260831-221900_step_287_reviewer-step-287-invariants-research-only-derivability-audit-duplicate.md
2234	-	-	PENDING_GLOBAL_RECLASS	PENDING_GLOBAL_RECLASS	PENDING	PENDING	docs/knowledgeos/brainstorming/phase_measure_theory/knowledgeos_kernel/prompts/20260831-222300_step_288_reviewer-b-step-288-equality-reconciliation-execution-mandate-post-287-baseline.md
2235	-	-	PENDING_GLOBAL_RECLASS	PENDING_GLOBAL_RECLASS	PENDING	PENDING	docs/knowledgeos/brainstorming/phase_measure_theory/knowledgeos_kernel/prompts/20260831-224400_step_289_reviewer-b-dependency-graph-bootstrap-boundary-and-derivation-governance-separation-mandate.md
2236	-	-	PENDING_GLOBAL_RECLASS	PENDING_GLOBAL_RECLASS	PENDING	PENDING	docs/knowledgeos/brainstorming/phase_measure_theory/knowledgeos_kernel/prompts/20260831-225400_step_289_reviewer-b-step-289-operations-mandate-superseded-by-2303-tightening.md
2237	-	-	PENDING_GLOBAL_RECLASS	PENDING_GLOBAL_RECLASS	PENDING	PENDING	docs/knowledgeos/brainstorming/phase_measure_theory/knowledgeos_kernel/prompts/20260831-230100_step_290_reviewer-accepts-289-and-drafts-step-290-n1-equality-observational-adjudication-mandate.md
2238	-	-	PENDING_GLOBAL_RECLASS	PENDING_GLOBAL_RECLASS	PENDING	PENDING	docs/knowledgeos/brainstorming/phase_measure_theory/knowledgeos_kernel/prompts/20260831-230300_step_289_reviewer-b-step-289-operations-and-transformation-semantics-tightened-mandate.md
2239	-	-	PENDING_GLOBAL_RECLASS	PENDING_GLOBAL_RECLASS	PENDING	PENDING	docs/knowledgeos/brainstorming/phase_measure_theory/knowledgeos_kernel/prompts/20260831-231700_step_291_reviewer-b-omega-tau-closure-audit-and-n4-earliest-act-verification-mandate.md
2240	-	-	PENDING_GLOBAL_RECLASS	PENDING_GLOBAL_RECLASS	PENDING	PENDING	docs/knowledgeos/brainstorming/phase_measure_theory/knowledgeos_kernel/prompts/20260831-233128_step_290_reviewer-approves-290-with-one-architectural-caution.md
2241	-	-	PENDING_GLOBAL_RECLASS	PENDING_GLOBAL_RECLASS	PENDING	PENDING	docs/knowledgeos/brainstorming/phase_measure_theory/knowledgeos_kernel/prompts/20260831-233234_step_290_reviewer-b-accepts-290-as-correction-of-the-288-289-equality-thread.md
2242	-	-	PENDING_GLOBAL_RECLASS	PENDING_GLOBAL_RECLASS	PENDING	PENDING	docs/knowledgeos/brainstorming/phase_measure_theory/knowledgeos_kernel/prompts/20260831-233945_step_286_hpa-gita-chapter-05-karma-yoga-action-attribution-decomposition-hypothesis.md
2243	-	-	PENDING_GLOBAL_RECLASS	PENDING_GLOBAL_RECLASS	PENDING	PENDING	docs/knowledgeos/brainstorming/phase_measure_theory/knowledgeos_kernel/prompts/20260831-234034_step_286_hpa-gita-chapter-05-karma-yoga-duplicate.md
2244	-	-	PENDING_GLOBAL_RECLASS	PENDING_GLOBAL_RECLASS	PENDING	PENDING	docs/knowledgeos/brainstorming/phase_measure_theory/knowledgeos_kernel/prompts/20260831-234046_step_291_reviewer-do-not-freeze-291-status-logic-and-overstatement-corrections.md
2245	-	-	PENDING_GLOBAL_RECLASS	PENDING_GLOBAL_RECLASS	PENDING	PENDING	docs/knowledgeos/brainstorming/phase_measure_theory/knowledgeos_kernel/prompts/20260831-234334_step_286_hpa-gita-chapter-05-atma-as-bounded-knower-locus-not-knowledge.md
2246	-	-	PENDING_GLOBAL_RECLASS	PENDING_GLOBAL_RECLASS	PENDING	PENDING	docs/knowledgeos/brainstorming/phase_measure_theory/knowledgeos_kernel/prompts/20260831-234601_step_286_hpa-gita-chapter-06-dhyana-yoga-epistemic-regulation-and-recovery-hypotheses.md
2247	-	-	PENDING_GLOBAL_RECLASS	PENDING_GLOBAL_RECLASS	PENDING	PENDING	docs/knowledgeos/brainstorming/phase_measure_theory/knowledgeos_kernel/prompts/20260901-000039_step_286_hpa-gita-chapter-06-dhyana-yoga-duplicate.md
2248	-	-	PENDING_GLOBAL_RECLASS	PENDING_GLOBAL_RECLASS	PENDING	PENDING	docs/knowledgeos/brainstorming/phase_measure_theory/knowledgeos_kernel/prompts/20260901-000332_step_286_hpa-gita-chapter-06-theory-of-epistemic-regulation-stabilization-progression.md
2249	-	-	PENDING_GLOBAL_RECLASS	PENDING_GLOBAL_RECLASS	PENDING	PENDING	docs/knowledgeos/brainstorming/phase_measure_theory/knowledgeos_kernel/prompts/20260901-001017_step_286_hpa-gita-chapter-06-kernel-as-mind-like-functional-analogy-not-identity.md
2250	-	-	PENDING_GLOBAL_RECLASS	PENDING_GLOBAL_RECLASS	PENDING	PENDING	docs/knowledgeos/brainstorming/phase_measure_theory/knowledgeos_kernel/prompts/20260901-001122_step_286_hpa-gita-chapter-06-kernel-as-mind-like-analogy-duplicate.md
2251	-	-	PENDING_GLOBAL_RECLASS	PENDING_GLOBAL_RECLASS	PENDING	PENDING	docs/knowledgeos/brainstorming/phase_measure_theory/knowledgeos_kernel/prompts/20260901-002536_step_286_hpa-gita-chapter-07-knowledge-of-the-absolute-vocabulary-too-simplistic.md
2252	-	-	PENDING_GLOBAL_RECLASS	PENDING_GLOBAL_RECLASS	PENDING	PENDING	docs/knowledgeos/brainstorming/phase_measure_theory/knowledgeos_kernel/prompts/20260901-002927_step_286_hpa-gita-chapters-06-07-combined-lens-not-architectural-specification.md
2253	-	-	PENDING_GLOBAL_RECLASS	PENDING_GLOBAL_RECLASS	PENDING	PENDING	docs/knowledgeos/brainstorming/phase_measure_theory/knowledgeos_kernel/prompts/20260901-002955_step_286_hpa-gita-chapter-06-stronger-interpretation-for-knowledgeos.md
2254	-	-	PENDING_GLOBAL_RECLASS	PENDING_GLOBAL_RECLASS	PENDING	PENDING	docs/knowledgeos/brainstorming/phase_measure_theory/knowledgeos_kernel/prompts/20260901-004205_step_286_hpa-gita-chapter-09-new-lens-with-chapters-06-07.md
2255	-	-	PENDING_GLOBAL_RECLASS	PENDING_GLOBAL_RECLASS	PENDING	PENDING	docs/knowledgeos/brainstorming/phase_measure_theory/knowledgeos_kernel/prompts/20260901-004408_step_286_hpa-gita-chapter-08-attaining-the-supreme-structural-not-term-mapping.md
2256	-	-	PENDING_GLOBAL_RECLASS	PENDING_GLOBAL_RECLASS	PENDING	PENDING	docs/knowledgeos/brainstorming/phase_measure_theory/knowledgeos_kernel/prompts/20260901-004546_step_286_hpa-knowledge-state-is-time-indexed-evolving-not-constant.md
2257	-	-	PENDING_GLOBAL_RECLASS	PENDING_GLOBAL_RECLASS	PENDING	PENDING	docs/knowledgeos/brainstorming/phase_measure_theory/knowledgeos_kernel/prompts/20260901-004810_step_286_hpa-knowledge-state-time-indexed-duplicate.md
2258	-	-	PENDING_GLOBAL_RECLASS	PENDING_GLOBAL_RECLASS	PENDING	PENDING	docs/knowledgeos/brainstorming/phase_measure_theory/knowledgeos_kernel/prompts/20260901-004958_step_286_hpa-gita-chapter-03-locus-with-ch02-foundation-and-ch04-continuation.md
2259	-	-	PENDING_GLOBAL_RECLASS	PENDING_GLOBAL_RECLASS	PENDING	PENDING	docs/knowledgeos/brainstorming/phase_measure_theory/knowledgeos_kernel/prompts/20260901-005211_step_286_hpa-gita-chapter-03-locus-duplicate.md
2260	-	-	PENDING_GLOBAL_RECLASS	PENDING_GLOBAL_RECLASS	PENDING	PENDING	docs/knowledgeos/brainstorming/phase_measure_theory/knowledgeos_kernel/prompts/20260901-005349_step_286_define-kernel-from-evidence-maths-and-ddd-with-gita-as-lens-only.md
2261	-	-	PENDING_GLOBAL_RECLASS	PENDING_GLOBAL_RECLASS	PENDING	PENDING	docs/knowledgeos/brainstorming/phase_measure_theory/knowledgeos_kernel/prompts/20260901-005458_step_286_hpa-gita-as-philosophical-lens-only-stronger-knowledgeos-hypothesis.md
2262	-	-	PENDING_GLOBAL_RECLASS	PENDING_GLOBAL_RECLASS	PENDING	PENDING	docs/knowledgeos/brainstorming/phase_measure_theory/knowledgeos_kernel/prompts/20260901-005729_step_286_hpa-gita-chapter-11-hypotheses-for-knowledgeos-and-especially-the-kernel.md
2263	-	-	PENDING_GLOBAL_RECLASS	PENDING_GLOBAL_RECLASS	PENDING	PENDING	docs/knowledgeos/brainstorming/phase_measure_theory/knowledgeos_kernel/prompts/20260901-010022_step_286_hpa-gita-chapter-12-bhakti-yoga-distinguished-from-chapter-11.md
2264	-	-	PENDING_GLOBAL_RECLASS	PENDING_GLOBAL_RECLASS	PENDING	PENDING	docs/knowledgeos/brainstorming/phase_measure_theory/knowledgeos_kernel/prompts/20260901-010224_step_286_hpa-yoga-as-a-family-of-mathematical-simulations-analytical-lens.md
2265	-	-	PENDING_GLOBAL_RECLASS	PENDING_GLOBAL_RECLASS	PENDING	PENDING	docs/knowledgeos/brainstorming/phase_measure_theory/knowledgeos_kernel/prompts/20260901-010553_step_286_purification-as-multi-dimensional-qualification-not-more-knowledge.md
2266	-	-	PENDING_GLOBAL_RECLASS	PENDING_GLOBAL_RECLASS	PENDING	PENDING	docs/knowledgeos/brainstorming/phase_measure_theory/knowledgeos_kernel/prompts/20260901-010705_step_286_sentence-as-candidate-representation-not-equal-to-dimension.md
2267	-	-	PENDING_GLOBAL_RECLASS	PENDING_GLOBAL_RECLASS	PENDING	PENDING	docs/knowledgeos/brainstorming/phase_measure_theory/knowledgeos_kernel/prompts/20260901-010904_step_286_sentence-vs-dimension-chapter-13-duplicate.md
2268	-	-	PENDING_GLOBAL_RECLASS	PENDING_GLOBAL_RECLASS	PENDING	PENDING	docs/knowledgeos/brainstorming/phase_measure_theory/knowledgeos_kernel/prompts/20260901-011315_step_286_hpa-gita-chapter-14-three-modes-read.md
2269	-	-	PENDING_GLOBAL_RECLASS	PENDING_GLOBAL_RECLASS	PENDING	PENDING	docs/knowledgeos/brainstorming/phase_measure_theory/knowledgeos_kernel/prompts/20260901-011421_step_286_hpa-gita-chapters-13-plus-14-composed.md
2270	-	-	PENDING_GLOBAL_RECLASS	PENDING_GLOBAL_RECLASS	PENDING	PENDING	docs/knowledgeos/brainstorming/phase_measure_theory/knowledgeos_kernel/prompts/20260901-011622_step_286_hpa-gita-chapters-13-plus-14-composed-variant.md
2271	-	-	PENDING_GLOBAL_RECLASS	PENDING_GLOBAL_RECLASS	PENDING	PENDING	docs/knowledgeos/brainstorming/phase_measure_theory/knowledgeos_kernel/prompts/20260901-011731_step_286_hpa-gita-adding-chapter-11-changes-the-model.md
2272	-	-	PENDING_GLOBAL_RECLASS	PENDING_GLOBAL_RECLASS	PENDING	PENDING	docs/knowledgeos/brainstorming/phase_measure_theory/knowledgeos_kernel/prompts/20260901-011919_step_286_hpa-gita-adding-chapter-10-to-the-composition.md
2273	-	-	PENDING_GLOBAL_RECLASS	PENDING_GLOBAL_RECLASS	PENDING	PENDING	docs/knowledgeos/brainstorming/phase_measure_theory/knowledgeos_kernel/prompts/20260901-012249_step_286_hpa-gita-chapter-15-highly-useful-for-knowledgeos.md
2274	-	-	PENDING_GLOBAL_RECLASS	PENDING_GLOBAL_RECLASS	PENDING	PENDING	docs/knowledgeos/brainstorming/phase_measure_theory/knowledgeos_kernel/prompts/20260901-012438_step_286_hpa-gita-adding-chapter-15-materially-strengthens.md
2275	-	-	PENDING_GLOBAL_RECLASS	PENDING_GLOBAL_RECLASS	PENDING	PENDING	docs/knowledgeos/brainstorming/phase_measure_theory/knowledgeos_kernel/prompts/20260901-012726_step_286_gita-chapters-10-15-as-hypothesis-generating-lens-for-formal-kernel-reconstruction.md
2276	-	-	PENDING_GLOBAL_RECLASS	PENDING_GLOBAL_RECLASS	PENDING	PENDING	docs/knowledgeos/brainstorming/phase_measure_theory/knowledgeos_kernel/prompts/20260901-012831_step_286_gita-chapters-10-15-kernel-reconstruction-duplicate.md
2277	-	-	PENDING_GLOBAL_RECLASS	PENDING_GLOBAL_RECLASS	PENDING	PENDING	docs/knowledgeos/brainstorming/phase_measure_theory/knowledgeos_kernel/prompts/20260901-013054_step_286_hpa-gita-chapter-16-divine-vs-demoniac-qualities-for-the-formal-kernel.md
2278	-	-	PENDING_GLOBAL_RECLASS	PENDING_GLOBAL_RECLASS	PENDING	PENDING	docs/knowledgeos/brainstorming/phase_measure_theory/knowledgeos_kernel/prompts/20260901-013244_step_286_hpa-gita-chapter-16-composed-kernel-internal-quality-control-behaviour.md
2279	-	-	PENDING_GLOBAL_RECLASS	PENDING_GLOBAL_RECLASS	PENDING	PENDING	docs/knowledgeos/brainstorming/phase_measure_theory/knowledgeos_kernel/prompts/20260901-013804_step_286_refine-the-model-before-adding-chapters-buddhi-zero-qualify-purification.md
2280	-	-	PENDING_GLOBAL_RECLASS	PENDING_GLOBAL_RECLASS	PENDING	PENDING	docs/knowledgeos/brainstorming/phase_measure_theory/knowledgeos_kernel/prompts/20260901-014043_step_286_refine-the-model-before-adding-chapters-duplicate.md
2281	-	-	PENDING_GLOBAL_RECLASS	PENDING_GLOBAL_RECLASS	PENDING	PENDING	docs/knowledgeos/brainstorming/phase_measure_theory/knowledgeos_kernel/prompts/20260901-014309_step_286_hpa-gita-chapter-17-reread-with-the-chapters-06-16-model.md
2282	-	-	PENDING_GLOBAL_RECLASS	PENDING_GLOBAL_RECLASS	PENDING	PENDING	docs/knowledgeos/brainstorming/phase_measure_theory/knowledgeos_kernel/prompts/20260901-014348_step_286_guna-as-a-mode-state-model-not-gita-metaphysics.md
2283	-	-	PENDING_GLOBAL_RECLASS	PENDING_GLOBAL_RECLASS	PENDING	PENDING	docs/knowledgeos/brainstorming/phase_measure_theory/knowledgeos_kernel/prompts/20260901-014632_step_286_gita-chapter-18-as-the-final-chapter-read-against-the-built-model.md
2284	-	-	PENDING_GLOBAL_RECLASS	PENDING_GLOBAL_RECLASS	PENDING	PENDING	docs/knowledgeos/brainstorming/phase_measure_theory/knowledgeos_kernel/prompts/20260901-014910_step_286_gita-chapter-05-reread-clarifies-implicit-kernel-mechanisms.md
2285	-	-	PENDING_GLOBAL_RECLASS	PENDING_GLOBAL_RECLASS	PENDING	PENDING	docs/knowledgeos/brainstorming/phase_measure_theory/knowledgeos_kernel/prompts/20260901-015335_step_286_kernel-simulation-across-epistemic-situations-coherence-test.md
2286	-	-	PENDING_GLOBAL_RECLASS	PENDING_GLOBAL_RECLASS	PENDING	PENDING	docs/knowledgeos/brainstorming/phase_measure_theory/knowledgeos_kernel/prompts/20260901-015547_step_286_hpa-gita-chapter-04-transformation-doubt-resolution-knowledge-to-action.md
2287	-	-	PENDING_GLOBAL_RECLASS	PENDING_GLOBAL_RECLASS	PENDING	PENDING	docs/knowledgeos/brainstorming/phase_measure_theory/knowledgeos_kernel/prompts/20260901-015751_step_286_hpa-gita-chapter-03-karma-yoga-mechanisms-for-constructing-and-simulating-the-kernel.md
2288	-	-	PENDING_GLOBAL_RECLASS	PENDING_GLOBAL_RECLASS	PENDING	PENDING	docs/knowledgeos/brainstorming/phase_measure_theory/knowledgeos_kernel/prompts/20260901-020054_step_286_hpa-gita-chapter-02-read-against-the-accumulated-model.md
2289	-	-	PENDING_GLOBAL_RECLASS	PENDING_GLOBAL_RECLASS	PENDING	PENDING	docs/knowledgeos/brainstorming/phase_measure_theory/knowledgeos_kernel/prompts/20260901-020435_step_286_hpa-gita-chapter-02-refinement-not-merely-another-feature.md
2290	-	-	PENDING_GLOBAL_RECLASS	PENDING_GLOBAL_RECLASS	PENDING	PENDING	docs/knowledgeos/brainstorming/phase_measure_theory/knowledgeos_kernel/prompts/20260901-020447_step_286_hpa-gita-chapter-02-as-a-kernel-level-refinement.md
2291	-	-	PENDING_GLOBAL_RECLASS	PENDING_GLOBAL_RECLASS	PENDING	PENDING	docs/knowledgeos/brainstorming/phase_measure_theory/knowledgeos_kernel/prompts/20260901-020820_step_286_hpa-gita-chapter-01-kernel-pathological-state-and-failure-modes.md
2292	-	-	PENDING_GLOBAL_RECLASS	PENDING_GLOBAL_RECLASS	PENDING	PENDING	docs/knowledgeos/brainstorming/phase_measure_theory/knowledgeos_kernel/prompts/20260901-021003_step_286_hpa-gita-chapter-01-as-the-opening-pathological-state-of-the-kernel.md
2293	-	-	PENDING_GLOBAL_RECLASS	PENDING_GLOBAL_RECLASS	PENDING	PENDING	docs/knowledgeos/brainstorming/phase_measure_theory/knowledgeos_kernel/prompts/20260901-021321_step_286_gita-lens-model-of-knowledgeos-synthesis-of-chapters-01-18.md
2294	-	-	PENDING_GLOBAL_RECLASS	PENDING_GLOBAL_RECLASS	PENDING	PENDING	docs/knowledgeos/brainstorming/phase_measure_theory/knowledgeos_kernel/prompts/20260901-021752_step_286_all-18-chapters-as-one-corpus-formal-kernel-model-under-285-287-discipline.md
2295	-	-	PENDING_GLOBAL_RECLASS	PENDING_GLOBAL_RECLASS	PENDING	PENDING	docs/knowledgeos/brainstorming/phase_measure_theory/knowledgeos_kernel/prompts/20260901-021906_step_286_kernel-state-stays-at-the-eight-ratified-primitives-gita-as-lens-only.md
2296	-	-	PENDING_GLOBAL_RECLASS	PENDING_GLOBAL_RECLASS	PENDING	PENDING	docs/knowledgeos/brainstorming/phase_measure_theory/knowledgeos_kernel/prompts/20260901-022150_step_286_kernel-state-at-eight-primitives-duplicate.md
2297	-	-	PENDING_GLOBAL_RECLASS	PENDING_GLOBAL_RECLASS	PENDING	PENDING	docs/knowledgeos/brainstorming/phase_measure_theory/knowledgeos_kernel/prompts/20260901-022227_step_286_eight-primitives-are-a-state-vocabulary-not-eight-equal-fields.md
2298	-	-	PENDING_GLOBAL_RECLASS	PENDING_GLOBAL_RECLASS	PENDING	PENDING	docs/knowledgeos/brainstorming/phase_measure_theory/knowledgeos_kernel/prompts/20260901-022425_step_286_operators-must-be-well-typed-and-invariant-preserving-not-analogy-driven.md
2299	-	-	PENDING_GLOBAL_RECLASS	PENDING_GLOBAL_RECLASS	PENDING	PENDING	docs/knowledgeos/brainstorming/phase_measure_theory/knowledgeos_kernel/prompts/20260901-022709_step_286_knowledge-space-vs-knowledge-state-vs-kernel-transformation.md
2300	-	-	PENDING_GLOBAL_RECLASS	PENDING_GLOBAL_RECLASS	PENDING	PENDING	docs/knowledgeos/brainstorming/phase_measure_theory/knowledgeos_kernel/prompts/20260901-023023_step_286_stop-adding-philosophy-start-systematic-operator-discovery.md
2301	-	-	PENDING_GLOBAL_RECLASS	PENDING_GLOBAL_RECLASS	PENDING	PENDING	docs/knowledgeos/brainstorming/phase_measure_theory/knowledgeos_kernel/prompts/20260901-023201_step_286_rewrite-the-model-it-jumps-to-a-kernel-before-steps-287-290-permit.md
2302	-	-	PENDING_GLOBAL_RECLASS	PENDING_GLOBAL_RECLASS	PENDING	PENDING	docs/knowledgeos/brainstorming/phase_measure_theory/knowledgeos_kernel/prompts/20260901-023405_step_286_refinement-separate-established-from-gita-derived-against-steps-287-290.md
2303	-	-	PENDING_GLOBAL_RECLASS	PENDING_GLOBAL_RECLASS	PENDING	PENDING	docs/knowledgeos/brainstorming/phase_measure_theory/ChatGPT Image 1. Sept. 2026, 02_37_26.png
2304	-	-	PENDING_GLOBAL_RECLASS	PENDING_GLOBAL_RECLASS	PENDING	PENDING	docs/knowledgeos/brainstorming/phase_measure_theory/knowledgeos_kernel/prompts/20260901-024047_step_286_c4-views-for-the-refined-knowledgeos-model-kernel-as-a-c2-container.md
2305	-	-	PENDING_GLOBAL_RECLASS	PENDING_GLOBAL_RECLASS	PENDING	PENDING	docs/knowledgeos/brainstorming/phase_measure_theory/knowledgeos_kernel/prompts/20260901-024209_step_286_continue-into-the-operations-programme-with-the-289-290-boundary.md
2306	-	-	PENDING_GLOBAL_RECLASS	PENDING_GLOBAL_RECLASS	PENDING	PENDING	docs/knowledgeos/brainstorming/phase_measure_theory/knowledgeos_kernel/prompts/20260901-024558_step_286_reconstruct-the-complete-gita-model-then-resolve-missing-concepts.md
2307	-	-	PENDING_GLOBAL_RECLASS	PENDING_GLOBAL_RECLASS	PENDING	PENDING	docs/knowledgeos/brainstorming/phase_measure_theory/knowledgeos_kernel/prompts/20260901-024659_step_286_hpa-direction-assessment-revised-gita-model-observation-first-breakthrough.md
2308	-	-	PENDING_GLOBAL_RECLASS	PENDING_GLOBAL_RECLASS	PENDING	PENDING	docs/knowledgeos/brainstorming/phase_measure_theory/knowledgeos_kernel/prompts/20260901-024940_step_286_reviewer-does-not-approve-the-hpa-assessment-overreach-and-sequencing-contradiction.md
2309	-	-	PENDING_GLOBAL_RECLASS	PENDING_GLOBAL_RECLASS	PENDING	PENDING	docs/knowledgeos/brainstorming/phase_measure_theory/knowledgeos_kernel/prompts/20260901-025223_step_286_change-the-mathematical-foundation-subset-model-cannot-express-dimension-change.md
2310	-	-	PENDING_GLOBAL_RECLASS	PENDING_GLOBAL_RECLASS	PENDING	PENDING	docs/knowledgeos/brainstorming/phase_measure_theory/knowledgeos_kernel/prompts/20260901-025251_step_290_proposed-as-operation-semantics-research-step-collides-with-n1-adjudication.md
2311	-	-	PENDING_GLOBAL_RECLASS	PENDING_GLOBAL_RECLASS	PENDING	PENDING	docs/knowledgeos/brainstorming/phase_measure_theory/knowledgeos_kernel/prompts/20260901-025500_step_286_change-the-mathematical-foundation-duplicate.md
2312	-	-	PENDING_GLOBAL_RECLASS	PENDING_GLOBAL_RECLASS	PENDING	PENDING	docs/knowledgeos/brainstorming/phase_measure_theory/knowledgeos_kernel/prompts/20260901-025542_step_286_controlled-mathematical-and-ddd-refinement-mandate-for-the-evolving-dimensional-model.md
2313	-	-	PENDING_GLOBAL_RECLASS	PENDING_GLOBAL_RECLASS	PENDING	PENDING	docs/knowledgeos/brainstorming/phase_measure_theory/knowledgeos_kernel/prompts/20260901-025719_step_286_controlled-refinement-mandate-duplicate.md
2314	-	-	PENDING_GLOBAL_RECLASS	PENDING_GLOBAL_RECLASS	PENDING	PENDING	docs/knowledgeos/brainstorming/phase_measure_theory/20260901_0927_mathematical_theory_gita_inspired_knowelge-os-model.md
2315	-	-	PENDING_GLOBAL_RECLASS	PENDING_GLOBAL_RECLASS	PENDING	PENDING	docs/knowledgeos/brainstorming/phase_measure_theory/knowledgeos_kernel/prompts/20260901-093906_step_286_topological-lens-for-knowledge-structure-connection-separation.md
2316	-	-	PENDING_GLOBAL_RECLASS	PENDING_GLOBAL_RECLASS	PENDING	PENDING	docs/knowledgeos/brainstorming/phase_measure_theory/knowledgeos_kernel/prompts/20260901-094230_step_286_undefined-concepts-under-the-topological-infinite-dimensional-statistical-ddd-direction.md
2317	-	-	PENDING_GLOBAL_RECLASS	PENDING_GLOBAL_RECLASS	PENDING	PENDING	docs/knowledgeos/brainstorming/phase_measure_theory/knowledgeos_kernel/prompts/20260901-094759_step_286_a-plausible-path-to-a-theoretical-breakthrough-carefully-defined.md
2318	-	-	PENDING_GLOBAL_RECLASS	PENDING_GLOBAL_RECLASS	PENDING	PENDING	docs/knowledgeos/brainstorming/phase_measure_theory/knowledgeos_kernel/prompts/20260901-095800_step_286_working-hypothesis-knowledge-space-inside-a-probability-space.md
2319	-	-	PENDING_GLOBAL_RECLASS	PENDING_GLOBAL_RECLASS	PENDING	PENDING	docs/knowledgeos/brainstorming/phase_measure_theory/knowledgeos_kernel/prompts/20260901-111523_step_286_independent-research-line-appears-to-have-arrived-at-the-same-result.md
2320	-	-	PENDING_GLOBAL_RECLASS	PENDING_GLOBAL_RECLASS	PENDING	PENDING	docs/knowledgeos/brainstorming/files_to_read_one_by_one.log
