seq	status	primary	maturity	importance	path	lineage
0001	DONE	OUT_OF_SCOPE_ROOT_COMPLETED_ADJACENT	developing	high	docs/knowledgeos/2026-08-02-knowledgeos-architecture-baseline.md	c1
0002	DONE	OUT_OF_SCOPE_ROOT_COMPLETED_ADJACENT	developing	high	docs/knowledgeos/KnowledgeOS_Architecture_Validation_Matrix.md	c1
0003	DONE	OUT_OF_SCOPE_ROOT_COMPLETED_ADJACENT	developing	high	docs/knowledgeos/KnowledgeOS_Architecture_Synthesis_Matrix.md	c1
0004	DONE	OUT_OF_SCOPE_ROOT_COMPLETED_ADJACENT	developing	medium	docs/knowledgeos/KnowledgeOS_Architecture_Health_Dashboard.md	c1
0005	DONE	OUT_OF_SCOPE_ROOT_COMPLETED_ADJACENT	developing	high	docs/knowledgeos/KnowledgeOS_Architecture_Fitness_Assessment.md	c1
0006	DONE	OUT_OF_SCOPE_ROOT_COMPLETED_ADJACENT	developing	medium	docs/knowledgeos/KnowledgeOS_ARB_Decision_Docket.md	c1
0007	DONE	OUT_OF_SCOPE_ROOT_COMPLETED_ADJACENT	hypothetical	low	docs/knowledgeos/AI_Workflow_Observation_Log.md	n/a
0008	DONE	OUT_OF_SCOPE_ROOT_COMPLETED_ADJACENT	developing	high	docs/knowledgeos/2026-08-02-mvk-bootstrap-validation-report.md	c1
0009	DONE	OUT_OF_SCOPE_ROOT_COMPLETED_ADJACENT	developing	high	docs/knowledgeos/2026-08-02-knowledgeos-strategic-domain-discovery.md	c1
0010	DONE	OUT_OF_SCOPE_ROOT_COMPLETED_ADJACENT	developing	high	docs/knowledgeos/2026-08-02-knowledgeos-strategic-boundary-consolidation.md	c1
0011	DONE	OUT_OF_SCOPE_ROOT_COMPLETED_ADJACENT	developing	high	docs/knowledgeos/2026-08-02-knowledgeos-product-boundary-discovery.md	c1
0012	DONE	OUT_OF_SCOPE_ROOT_COMPLETED_ADJACENT	developing	medium	docs/knowledgeos/2026-08-02-knowledgeos-architecture-consolidation.md	c1
0013	DONE	OUT_OF_SCOPE_ROOT_COMPLETED_ADJACENT	developing	high	docs/knowledgeos/KnowledgeOS_Meta_Model.md	c1
0014	DONE	OUT_OF_SCOPE_ROOT_COMPLETED_ADJACENT	developing	high	docs/knowledgeos/KnowledgeOS_Lifecycle_Gap_Analysis.md	c1
0015	DONE	OUT_OF_SCOPE_ROOT_COMPLETED_ADJACENT	developing	high	docs/knowledgeos/KnowledgeOS_Independent_Review_Phase_B.md	c1
0016	DONE	OUT_OF_SCOPE_ROOT_COMPLETED_ADJACENT	developing	medium	docs/knowledgeos/KnowledgeOS_Governed_Retrieval_Positioning_Validation.md	c1
0017	DONE	OUT_OF_SCOPE_ROOT_COMPLETED_ADJACENT	developing	medium	docs/knowledgeos/KnowledgeOS_External_Positioning_Comparison_Matrix.md	c1
0018	DONE	OUT_OF_SCOPE_ROOT_COMPLETED_ADJACENT	established	critical	docs/knowledgeos/KnowledgeOS_Engineering_Progression_Model.md	c1
0019	DONE	OUT_OF_SCOPE_ROOT_COMPLETED_ADJACENT	developing	high	docs/knowledgeos/KnowledgeOS_Engineering_Knowledge_Landscape.md	c1
0020	DONE	OUT_OF_SCOPE_ROOT_COMPLETED_ADJACENT	developing	high	docs/knowledgeos/KnowledgeOS_Engineering_Knowledge_Domain_Model.md	c1
0021	DONE	OUT_OF_SCOPE_ROOT_COMPLETED_ADJACENT	developing	low	docs/knowledgeos/KnowledgeOS_Engineering_Improvement_Cycle.md	c1
0022	DONE	OUT_OF_SCOPE_ROOT_COMPLETED_ADJACENT	developing	low	docs/knowledgeos/KnowledgeOS_Engineering_Decision_Model_Validation.md	c1
0023	DONE	OUT_OF_SCOPE_ROOT_COMPLETED_ADJACENT	developing	medium	docs/knowledgeos/KnowledgeOS_Engineering_Decision_Model_Discovery.md	c1
0024	DONE	OUT_OF_SCOPE_ROOT_COMPLETED_ADJACENT	established	high	docs/knowledgeos/KnowledgeOS_Domain_Model_Falsification_Report.md	c1
0025	DONE	OUT_OF_SCOPE_ROOT_COMPLETED_ADJACENT	developing	low	docs/knowledgeos/KnowledgeOS_Deferred_Architecture_Register.md	c1
0026	DONE	OUT_OF_SCOPE_ROOT_COMPLETED_ADJACENT	developing	medium	docs/knowledgeos/KnowledgeOS_Relationship_Validation_Matrix.md	c1
0027	DONE	OUT_OF_SCOPE_ROOT_COMPLETED_ADJACENT	developing	high	docs/knowledgeos/KnowledgeOS_Relationship_Ontology.md	c1
0028	DONE	OUT_OF_SCOPE_ROOT_COMPLETED_ADJACENT	hypothetical	low	docs/knowledgeos/KnowledgeOS_Recommendation_Lifecycle_Discovery.md	c1
0029	DONE	OUT_OF_SCOPE_ROOT_COMPLETED_ADJACENT	developing	low	docs/knowledgeos/KnowledgeOS_Platform_Discovery_Coverage_Map.md	c1
0030	DONE	OUT_OF_SCOPE_ROOT_COMPLETED_ADJACENT	developing	medium	docs/knowledgeos/KnowledgeOS_Platform_Capability_Model.md	c1
0031	DONE	OUT_OF_SCOPE_ROOT_COMPLETED_ADJACENT	developing	low	docs/knowledgeos/KnowledgeOS_Phase_B_Evidence_Reconciliation.md	c1
0032	DONE	OUT_OF_SCOPE_ROOT_COMPLETED_ADJACENT	developing	low	docs/knowledgeos/KnowledgeOS_Operational_Validation_Report.md	c1
0033	DONE	OUT_OF_SCOPE_ROOT_COMPLETED_ADJACENT	established	high	docs/knowledgeos/KnowledgeOS_Operational_Knowledge_Principles.md	c1
0034	DONE	OUT_OF_SCOPE_ROOT_COMPLETED_ADJACENT	developing	medium	docs/knowledgeos/KnowledgeOS_Operational_Evidence_Register.md	c1
0035	DONE	OUT_OF_SCOPE_ROOT_COMPLETED_ADJACENT	developing	high	docs/knowledgeos/KnowledgeOS_Ontology_Discovery.md	c1
0036	DONE	OUT_OF_SCOPE_ROOT_COMPLETED_ADJACENT	established	high	docs/knowledgeos/KnowledgeOS_Ontology_Cross_Product_Validation.md	c1
0037	DONE	OUT_OF_SCOPE_ROOT_COMPLETED_ADJACENT	established	high	docs/knowledgeos/KnowledgeOS_Ontology_Architecture_Classification.md	c1
0038	DONE	OUT_OF_SCOPE_ROOT_COMPLETED_ADJACENT	established	critical	docs/knowledgeos/KnowledgeOS_Mission_Discovery.md	c1
0039	DONE	OUT_OF_SCOPE_ROOT_COMPLETED_ADJACENT	established	high	docs/knowledgeos/KnowledgeOS_Meta_Model_Discovery.md	c1
0040	EXCLUDED	OUT_OF_SCOPE_ROOT	-	-	docs/knowledgeos/README.md	-
0041	EXCLUDED	OUT_OF_SCOPE_ROOT	-	-	docs/knowledgeos/OKF_KnowledgeOS_Architecture_Synthesis.md	-
0042	EXCLUDED	OUT_OF_SCOPE_ROOT	-	-	docs/knowledgeos/KnowledgeOS_Vision_Mission_Clarification.md	-
0043	EXCLUDED	OUT_OF_SCOPE_ROOT	-	-	docs/knowledgeos/KnowledgeOS_Viewpoint_Ownership_Discovery.md	-
0044	EXCLUDED	OUT_OF_SCOPE_ROOT	-	-	docs/knowledgeos/KnowledgeOS_Strategic_Architecture_Discovery.md	-
0045	EXCLUDED	OUT_OF_SCOPE_ROOT	-	-	docs/knowledgeos/KnowledgeOS_Semantic_Architecture_Reconciliation.md	-
0046	EXCLUDED	OUT_OF_SCOPE_ROOT	-	-	docs/knowledgeos/KnowledgeOS_Research_Backlog.md	-
0047	DONE	engineering_knowledgeos	developing	medium	docs/knowledgeos/brainstorming/20260819-104748-ai-engineering-lifecycle-five-responsibilities-governance.md	PRIMARY
0048	DONE	engineering_knowledgeos	developing	medium	docs/knowledgeos/brainstorming/_misc/20260821-150830-diagram.png	PRIMARY
0049	DONE	engineering_knowledgeos	developing	high	docs/knowledgeos/brainstorming/20260816-204714-track2-eks-semantic-discovery.md	PRIMARY
0050	DONE	engineering_knowledgeos	developing	medium	docs/knowledgeos/brainstorming/20260817-145153-ai-engineering-platform-6-role-model.md	PRIMARY
0051	DONE	engineering_knowledgeos	developing	low	docs/knowledgeos/brainstorming/20260818-213516-lcom4-multi-language-binding.md	PRIMARY
0052	DONE	meta_research	established	high	docs/knowledgeos/brainstorming/20260819-092449-research-on-role-separation.md	PRIMARY
0053	DONE	engineering_knowledgeos	undefined	low	docs/knowledgeos/brainstorming/20260819-104802-delegation-map-domain-owners.md	PRIMARY
0054	DONE	engineering_knowledgeos	undefined	low	docs/knowledgeos/brainstorming/20260819-104804-voting-election-outcome-refinement.md	PRIMARY
0055	DONE	engineering_knowledgeos	developing	low	docs/knowledgeos/brainstorming/20260819-104823-four-session-role-model-refinement.md	PRIMARY
0056	DONE	not_applicable_product_content	undefined	low	docs/knowledgeos/brainstorming/20260819-104830-election-only-mode-readiness.md	PRIMARY
0057	DONE	engineering_knowledgeos	developing	high	docs/knowledgeos/brainstorming/20260819-204018-kos-product-architecture-v2.md	PRIMARY
0058	DONE	engineering_knowledgeos	developing	medium	docs/knowledgeos/brainstorming/20260819-204431-kos-ddd-architecture-review-v3.md	PRIMARY
0059	DONE	engineering_knowledgeos	developing	low	docs/knowledgeos/brainstorming/20260819-205541-kos-ddd-architecture-v3-duplicate.md	PRIMARY
0060	DONE	meta_research	developing	high	docs/knowledgeos/brainstorming/20260819-205757-ddd-correction-verification-verdict.md	PRIMARY
0061	DONE	engineering_knowledgeos	developing	medium	docs/knowledgeos/brainstorming/20260819-220806-kos-3-0-state-durability-ddd-boundary.md	PRIMARY
0062	DONE	engineering_knowledgeos	developing	low	docs/knowledgeos/brainstorming/20260819-220924-spring-di-principle-for-kos.md	PRIMARY
0063	DONE	engineering_knowledgeos	developing	medium	docs/knowledgeos/brainstorming/20260820-115444-poa-vs-ddd-decision-hierarchy.md	PRIMARY
0064	DONE	engineering_knowledgeos	developing	low	docs/knowledgeos/brainstorming/20260820-123902-kos-design-patterns.md	PRIMARY
0065	DONE	engineering_knowledgeos	developing	low	docs/knowledgeos/brainstorming/20260820-231930-event-driven-architecture-refinement.md	PRIMARY
0066	DONE	engineering_knowledgeos	developing	high	docs/knowledgeos/brainstorming/20260821-120633-kos-state-durability-assurance-integration.md	PRIMARY
0067	DONE	engineering_knowledgeos	developing	high	docs/knowledgeos/brainstorming/20260821-120810-kos-governance-role-cost-optimization.md	PRIMARY
0068	DONE	engineering_knowledgeos	developing	low	docs/knowledgeos/brainstorming/20260821-121929-business-translator-capability.md	PRIMARY
0069	DONE	engineering_knowledgeos	developing	medium	docs/knowledgeos/brainstorming/20260821-142748-event-driven-domain-loop-positioning.md	PRIMARY
0070	DONE	engineering_knowledgeos	developing	low	docs/knowledgeos/brainstorming/_misc/20260819-221159-digitalization-robot-vision.md	PRIMARY
0071	DONE	engineering_knowledgeos	developing	high	docs/knowledgeos/brainstorming/_misc/20260819-224159-linux-analogy-kernel-os-model.md	PRIMARY
0072	DONE	engineering_knowledgeos	developing	low	docs/knowledgeos/brainstorming/_misc/20260819-225329-ip-protection-secrecy-strategy.md	PRIMARY
0073	DONE	engineering_knowledgeos	developing	low	docs/knowledgeos/brainstorming/_misc/20260819-225332-kos-ipo-stock-market-variant.md	PRIMARY
0074	DONE	engineering_knowledgeos	developing	low	docs/knowledgeos/brainstorming/_misc/20260819-225858-kos-ipo-stock-market-path.md	PRIMARY
0075	DONE	engineering_knowledgeos	developing	high	docs/knowledgeos/brainstorming/20260821-2032-how-to-change-eks-into-knowledgeos-kernel.md	PRIMARY
0076	DONE	engineering_knowledgeos	developing	high	docs/knowledgeos/brainstorming/20260821-2033-what-eks-is-today.md	PRIMARY
0077	DONE	engineering_knowledgeos	developing	high	docs/knowledgeos/brainstorming/20260801-1231-eks-current-architecture-baseline.md	PRIMARY
0078	DONE	engineering_knowledgeos	developing	medium	docs/knowledgeos/brainstorming/20260821-2108-how-to-integrate-current-eks-into-knowledgeos-kernel.md	PRIMARY
0079	DONE	engineering_knowledgeos	developing	critical	docs/knowledgeos/brainstorming/20260821-2325-complex-numbers-in-knowledgeos-modeling-tool.md	PRIMARY
0080	DONE	cross_model	developing	critical	docs/knowledgeos/brainstorming/20260821-2351-independent-external-research-review-organizational-knowledge-systems.md	PRIMARY
0081	DONE	engineering_knowledgeos	developing	critical	docs/knowledgeos/brainstorming/_misc/20260821-2353-deepseek-investigation-eks-pks-aip-current-architecture.md	PRIMARY
0082	DONE	mathematics	developing	critical	docs/knowledgeos/brainstorming/20260822-0021-mathematical-models-for-knowledgeos-where-mathematics-belongs.md	PRIMARY
0083	DONE	cross_model	developing	critical	docs/knowledgeos/brainstorming/20260822-0113-research-review-expression-meaning-invariance.md	PRIMARY
0084	DONE	meta_research	developing	critical	docs/knowledgeos/brainstorming/20260822-0121-knowledgeos-zero-concept-research-extraction-prompt.md	PRIMARY
0085	DONE	meta_research	developing	critical	docs/knowledgeos/brainstorming/20260822-0123-knowledgeos-consolidation-review-kernel-boundary-filter.md	PRIMARY
0086	DONE	cross_model	developing	critical	docs/knowledgeos/brainstorming/20260822-0135-knowledgeos-conceptual-foundation-relationship-invariant-preservation.md	PRIMARY
0087	DONE	cross_model	developing	critical	docs/knowledgeos/brainstorming/20260822-0146-knowledgeos-epistemic-pipeline-veda-vedanta-analysis.md	PRIMARY
0088	DONE	mathematics	developing	critical	docs/knowledgeos/brainstorming/20260822-0159-epistemic-operating-system-research-foundations.md	PRIMARY
0089	DONE	cross_model	developing	critical	docs/knowledgeos/brainstorming/20260822-0200-knowledgeos-vs-epistemic-os-layer-separation-review.md	PRIMARY
0090	DONE	cross_model	developing	critical	docs/knowledgeos/brainstorming/20260822-0203-truth-seeking-machine-knowledgeos-core-question-refinement.md	PRIMARY
0091	DONE	cross_model	developing	critical	docs/knowledgeos/brainstorming/20260822-0207-knowledgeos-character-definition-strategic-synthesis.md	PRIMARY
0092	DONE	gita	developing	critical	docs/knowledgeos/brainstorming/20260822-0218-tarka-shastra-nyaya-epistemology-research-extraction.md	PRIMARY
0093	DONE	cross_model	developing	high	docs/knowledgeos/brainstorming/20260822-0222-knowledgeos-reasoning-character-after-tarka-analysis.md	PRIMARY
0094	DONE	gita	developing	critical	docs/knowledgeos/brainstorming/20260822-0225-knowledgeos-extraction-navya-nyaya-relations-context.md	PRIMARY
0095	DONE	gita	developing	high	docs/knowledgeos/brainstorming/20260822-0232-knowledgeos-extraction-tarka-nyaya-reasoning-lifecycle.md	PRIMARY
0096	DONE	gita	developing	critical	docs/knowledgeos/brainstorming/20260822-0234-knowledgeos-vyapti-inference-warranting-relation-layer.md	PRIMARY
0097	DONE	gita	developing	high	docs/knowledgeos/brainstorming/20260822-0239-knowledgeos-pramana-registry-nyaya-sutra-extraction.md	PRIMARY
0098	DONE	gita	developing	high	docs/knowledgeos/brainstorming/20260822-0241-knowledgeos-semantic-kernel-matilal-word-and-world.md	PRIMARY
0099	DONE	gita	developing	critical	docs/knowledgeos/brainstorming/20260822-0243-knowledgeos-hetvabhasa-reasoning-anti-corruption-layer.md	PRIMARY
0100	DONE	gita	developing	high	docs/knowledgeos/brainstorming/20260822-0249-knowledgeos-tarka-sangraha-ontology-pramana-reasoning.md	PRIMARY
0101	DONE	gita	developing	medium	docs/knowledgeos/brainstorming/20260822-0252-knowledgeos-keith-indian-logic-atomism-ontology-epistemology.md	PRIMARY
0102	DONE	cross_model	developing	medium	docs/knowledgeos/brainstorming/20260822-0254-knowledgeos-chakra-architecture-transformation-pipeline.md	PRIMARY
0103	DONE	gita	developing	critical	docs/knowledgeos/brainstorming/20260822-0257-knowledgeos-cognitive-epistemology-architecture-yoga-sutra.md	PRIMARY
0104	DONE	gita	developing	critical	docs/knowledgeos/brainstorming/20260822-0258-knowledgeos-abhava-absence-structured-knowledge-lens.md	PRIMARY
0105	DONE	cross_model	developing	critical	docs/knowledgeos/brainstorming/20260822-0302-knowledgeos-final-character-synthesis.md	PRIMARY
0106	DONE	meta_research	developing	high	docs/knowledgeos/brainstorming/20260822-0915-knowledgeos-p4-constitutional-invariant-map-launch-prompt.md	PRIMARY
0107	DONE	gita	developing	low	docs/knowledgeos/brainstorming/20260822-101651-sakta-tantra-woodroffe-lens-extraction-duplicate.md	PRIMARY
0108	DONE	gita	developing	critical	docs/knowledgeos/brainstorming/20260822-101729-kashmiri-shaivism-prakasa-vimarsa-lens.md	PRIMARY
0109	DONE	gita	developing	low	docs/knowledgeos/brainstorming/20260822-101842-sakta-tantra-woodroffe-lens-extraction.md	PRIMARY
0110	DONE	gita	developing	high	docs/knowledgeos/brainstorming/20260822-103624-aip-s5-review-lane-instruction-vedic-zero-lens.md	PRIMARY
0111	DONE	cross_model	developing	critical	docs/knowledgeos/brainstorming/20260822-105719-quranic-epistemology-lens-al-haqq-isnad.md	PRIMARY
0112	DONE	cross_model	developing	high	docs/knowledgeos/brainstorming/20260822-105921-negative-epistemology-what-knowledgeos-is-not.md	PRIMARY
0113	DONE	cross_model	developing	high	docs/knowledgeos/brainstorming/20260822-110210-biblical-explanation-architecture-lens.md	PRIMARY
0114	DONE	gita	developing	critical	docs/knowledgeos/brainstorming/20260822-110850-moksha-lens-state-transformation-of-knower.md	PRIMARY
0115	DONE	gita	developing	medium	docs/knowledgeos/brainstorming/20260822-111434-shiva-shakti-unity-through-manifestation-convergence.md	PRIMARY
0116	DONE	cross_model	developing	medium	docs/knowledgeos/brainstorming/20260822-111626-leonardo-contextual-completeness-lens.md	PRIMARY
0117	DONE	gita	developing	high	docs/knowledgeos/brainstorming/20260822-112442-bala-ganesha-wisdom-engine-lens.md	PRIMARY
0118	DONE	cross_model	developing	medium	docs/knowledgeos/brainstorming/20260822-112804-knowledgeos-consolidation-review-character-synthesis.md	PRIMARY
0119	DONE	gita	developing	medium	docs/knowledgeos/brainstorming/20260822-113910-ganesha-wisdom-integration-layer-review.md	PRIMARY
0120	DONE	cross_model	developing	high	docs/knowledgeos/brainstorming/20260822-114551-wisdom-transformation-epistemic-humility-research-extraction.md	PRIMARY
0121	DONE	gita	developing	low	docs/knowledgeos/brainstorming/20260822-114753-ganesha-wisdom-architecture-core-components.md	PRIMARY
0122	DONE	mathematics	developing	critical	docs/knowledgeos/brainstorming/20260822-115144-godel-truth-provability-boundary-lens.md	PRIMARY
0123	DONE	mathematics	developing	high	docs/knowledgeos/brainstorming/20260822-115830-godel-numbering-knowledge-identity-numbers-reflection.md	PRIMARY
0124	DONE	mathematics	developing	high	docs/knowledgeos/brainstorming/20260822-120635-math-music-hofstadter-fourier-harmonics-of-meaning.md	PRIMARY
0125	DONE	mathematics	developing	medium	docs/knowledgeos/brainstorming/20260822-120638-knowledgeos-math-music-lens-extraction-harmonic-knowledge.md	PRIMARY
0126	DONE	mathematics	developing	critical	docs/knowledgeos/brainstorming/20260822-122523-godel-not-architecture-formal-justification-boundaries.md	PRIMARY
0127	DONE	gita	developing	high	docs/knowledgeos/brainstorming/20260822-122537-logic-in-classical-indian-philosophy-review-nyaya-trirupa.md	PRIMARY
0128	DONE	gita	foundational	medium	docs/knowledgeos/brainstorming/20260822-122927-logic-in-classical-indian-philosophy-sep-source.md	PRIMARY
0129	DONE	c1	developing	medium	docs/knowledgeos/brainstorming/20260822-122930-escher-invariant-transformation-lens.md	PRIMARY
0130	DONE	gita	developing	high	docs/knowledgeos/brainstorming/20260822-125015-vedic-sanskrit-grammar-v2-word-order-semantic-normal-form.md	PRIMARY
0131	DONE	gita	developing	medium	docs/knowledgeos/brainstorming/20260822-125831-sanskrit-inspired-semantic-language-artha-research-extraction.md	PRIMARY
0132	DONE	gita	stable	low	docs/knowledgeos/brainstorming/20260822-124229-sanskrit-grammar-v1-dhatu-transformation-lens.md	PRIMARY
0133	DONE	c1	stable	low	docs/knowledgeos/brainstorming/20260822-135214-po-arb-acceptance-decision-support-option-1-recommendation.md	PRIMARY
0134	DONE	c1	developing	high	docs/knowledgeos/brainstorming/20260822-140426-research-phase-closure-ddd-refinement-review-prompt.md	PRIMARY
0135	DONE	c1	developing	high	docs/knowledgeos/brainstorming/20260822-140622-paninian-grammar-compiler-architecture-parallel.md	PRIMARY
0136	DONE	c1	developing	high	docs/knowledgeos/brainstorming/20260822-140939-knowledgeos-semantic-compiler-architecture-research-extraction.md	PRIMARY
0137	DONE	c1	developing	critical	docs/knowledgeos/brainstorming/20260822-141513-semantic-compiler-cpu-prototype-benchmark-first-run.md	PRIMARY
0138	DONE	c1	developing	high	docs/knowledgeos/brainstorming/20260822-143217-benchmark-verification-reinterpreted-knowledgeos-v1-1-layers.md	PRIMARY
0139	DONE	c1	developing	high	docs/knowledgeos/brainstorming/20260822-143421-semantic-compiler-kernel-boundary-refinement-kos-ev.md	PRIMARY
0140	DONE	c1	developing	medium	docs/knowledgeos/brainstorming/20260822-143844-next-steps-architecture-first-then-semantic-compiler-experiment.md	PRIMARY
0141	DONE	m	developing	critical	docs/knowledgeos/brainstorming/20260822-154923-snf-measurement-framework-mathematical-review.md	PRIMARY
0142	DONE	m	developing	critical	docs/knowledgeos/brainstorming/kernel/20260822-161933-snf-formula-research-review-and-measurement-framework.md	PRIMARY
0143	DONE	c1	developing	high	docs/knowledgeos/brainstorming/20260823-103255-candidate-set-architecture-ah6-interpretation-execution-separation.md	PRIMARY
0144	DONE	c1	developing	critical	docs/knowledgeos/brainstorming/20260823-103606-kernel-eight-capacities-k1-k8-and-minimum-kernel.md	PRIMARY
0145	DONE	c1	developing	high	docs/knowledgeos/brainstorming/20260823-104148-constitutional-knowledge-engine-six-pillars-and-state-machine.md	PRIMARY
0146	DONE	c1	developing	medium	docs/knowledgeos/brainstorming/20260823-104251-constitutional-dsl-intent-vocabulary-and-evidence-weighting-model.md	PRIMARY
0147	DONE	c1	developing	critical	docs/knowledgeos/brainstorming/20260823-105200-ddd-interrogation-intent-vs-command-and-evidence-weighting-red-flag.md	PRIMARY
0148	DONE	c1	developing	critical	docs/knowledgeos/brainstorming/kernel/20260823-110248-kernel-ddd-critical-review-god-object-conflations.md	PRIMARY
0149	DONE	c1	stable	low	docs/knowledgeos/brainstorming/kernel/20260823-110305-f1-f5-closes-domain-discovery-gap-duplicate.md	PRIMARY
0150	DONE	c1	developing	critical	docs/knowledgeos/brainstorming/kernel/20260823-110950-kernel-domain-level-brainstorming-admission-hypotheses.md	PRIMARY
0151	DONE	c1	developing	high	docs/knowledgeos/brainstorming/kernel/20260823-111647-epistemic-lifecycle-domain-discovery-admission-as-first-transition.md	PRIMARY
0152	DONE	c1	developing	high	docs/knowledgeos/brainstorming/kernel/20260823-112155-perplexity-kernel-domain-responsibility-brainstorming.md	PRIMARY
0153	DONE	c1	developing	critical	docs/knowledgeos/brainstorming/kernel/20260823-112855-kimi-kernel-epistemic-accountability-core-ganesha-shiva-shakti.md	PRIMARY
0154	DONE	c1	developing	critical	docs/knowledgeos/brainstorming/kernel/20260823-113410-perplexity-smallest-consistency-boundary-investigation.md	PRIMARY
0155	DONE	c1	developing	critical	docs/knowledgeos/brainstorming/kernel/20260823-113645-deepseek-consistency-boundary-domain-discovery.md	PRIMARY
0156	DONE	c1	developing	critical	docs/knowledgeos/brainstorming/kernel/20260823-114358-deepseek-kernel-twelve-fundamental-questions.md	PRIMARY
0157	DONE	c1	developing	critical	docs/knowledgeos/brainstorming/kernel/20260823-114530-aggregate-hypothesis-falsification-atomicity-vs-relatedness.md	PRIMARY
0158	DONE	c1	developing	high	docs/knowledgeos/brainstorming/kernel/20260823-123619-kernel-domain-discovery-twelve-questions-across-all-lenses.md	PRIMARY
0159	DONE	c1	developing	high	docs/knowledgeos/brainstorming/kernel/20260823-123630-kernel-brainstorming-phase-consolidated-summary.md	PRIMARY
0160	DONE	c1	developing	medium	docs/knowledgeos/brainstorming/20260823_1239_working_state.md	PRIMARY
0161	DONE	gita	developing	critical	docs/knowledgeos/brainstorming/20260823-205735-knowledgeos-lens-system-twenty-six-lenses-consolidated.md	PRIMARY
0162	DONE	m	developing	high	docs/knowledgeos/brainstorming/20260823-210001-topological-lens-boundaries-connectedness-and-failure-modes.md	PRIMARY
0163	DONE	c1	developing	critical	docs/knowledgeos/brainstorming/00_INDEX.md	PRIMARY
0164	DONE	c1	developing	medium	docs/knowledgeos/brainstorming/kernel/20260823-225038-knowledgeos-kernel-multi-lens-domain-discovery.md	PRIMARY
0165	DONE	gita	developing	high	docs/knowledgeos/brainstorming/kernel/20260823-225443-lens-system-read-through-ddd-separation-of-concerns.md	PRIMARY
0166	PENDING	-	-	-	docs/knowledgeos/brainstorming/kernel/20260823-230117-chinese-philosophical-lenses-value-assessment-for-kernel-finding.md	-
0167	PENDING	-	-	-	docs/knowledgeos/brainstorming/kernel/20260823-232146-adr-kos-kernel-001-kernel-scope-and-boundary-proposal.md	-
0168	PENDING	-	-	-	docs/knowledgeos/brainstorming/kernel/20260823-232815-kimi-adversarial-stress-test-compared-with-deepseek-and-perplexity.md	-
0169	PENDING	-	-	-	docs/knowledgeos/brainstorming/kernel/20260823-233040-research-commission-chinese-philosophical-lenses-for-knowledge-kernel.md	-
0170	PENDING	-	-	-	docs/knowledgeos/brainstorming/kernel/20260823-234750-tarka-sangraha-nyaya-lens-nine-attack-families-for-kernel.md	-
0171	PENDING	-	-	-	docs/knowledgeos/brainstorming/kernel/20260823-235306-williamson-knowledge-and-its-limits-extraction.md	-
0172	PENDING	-	-	-	docs/knowledgeos/brainstorming/kernel/20260823-235825-audi-epistemology-three-kinds-of-grounding-extraction.md	-
0173	PENDING	-	-	-	docs/knowledgeos/brainstorming/kernel/20260824-000400-shieber-external-epistemic-lens-knowledge-is-not-one-thing.md	-
0174	PENDING	-	-	-	docs/knowledgeos/brainstorming/kernel/20260824-001005-critical-thinking-source-inquiry-and-question-primitive.md	-
0175	PENDING	-	-	-	docs/knowledgeos/brainstorming/kernel/20260824-001108-knowledge-kernel-philosophical-lenses-integration-chinese-tarka-audi.md	-
0176	PENDING	-	-	-	docs/knowledgeos/brainstorming/kernel/20260824-001634-decision-power-model-aims-information-evaluation-decision.md	-
0177	PENDING	-	-	-	docs/knowledgeos/brainstorming/kernel/20260824-002008-nyaya-sutra-lenses-critical-extraction.md	-
0178	PENDING	-	-	-	docs/knowledgeos/brainstorming/kernel/20260824-002503-quine-word-and-object-stress-test-of-multi-lens-method.md	-
0179	PENDING	-	-	-	docs/knowledgeos/brainstorming/kernel/20260824-002740-tractatus-logico-philosophicus-lenses-for-kernel.md	-
0180	PENDING	-	-	-	docs/knowledgeos/brainstorming/kernel/20260824-003307-managing-memory-for-ai-agents-agent-memory-is-not-knowledgeos.md	-
0181	PENDING	-	-	-	docs/knowledgeos/brainstorming/kernel/20260824-004125-managing-memory-for-ai-agents-agent-memory-is-not-knowledgeos-duplicate.md	-
0182	PENDING	-	-	-	docs/knowledgeos/brainstorming/kernel/20260824-004343-review-of-deepseek-tractatus-extraction-entity-claim-status-distinction.md	-
0183	PENDING	-	-	-	docs/knowledgeos/brainstorming/kernel/20260824-005129-inquiry-and-question-layer-refinement.md	-
0184	PENDING	-	-	-	docs/knowledgeos/brainstorming/kernel/20260824-005427-cavell-must-we-mean-what-we-say-knowing-versus-acknowledging.md	-
0185	PENDING	-	-	-	docs/knowledgeos/brainstorming/kernel/20260824-005813-davidson-lens-interpretation-must-not-become-admission-reaktion-2.md	-
0186	PENDING	-	-	-	docs/knowledgeos/brainstorming/kernel/20260824-005850-davidson-lens-truth-interpretation-and-epistemic-accountability.md	-
0187	PENDING	-	-	-	docs/knowledgeos/brainstorming/kernel/20260824-010352-brainstorming-phase-closure-recommendation-and-synthesis-dossier.md	-
0188	PENDING	-	-	-	docs/knowledgeos/brainstorming/kernel/20260824-010419-knowledgeos-multi-lens-brainstorming-synthesis-dossier.md	-
0189	PENDING	-	-	-	docs/knowledgeos/brainstorming/kernel/20260824-010504-knowledgeos-multi-lens-brainstorming-synthesis-dossier.docx	-
0190	PENDING	-	-	-	docs/knowledgeos/brainstorming/kernel/20260824-010537-knowledgeos-multi-lens-brainstorming-synthesis-dossier-duplicate.md	-
0191	PENDING	-	-	-	docs/knowledgeos/brainstorming/kernel/20260824-010840-research-extraction-agent-prompt-for-book-knowledge-extraction.md	-
0192	PENDING	-	-	-	docs/knowledgeos/brainstorming/20260824-011536-quine-review-assessment-eight-findings-for-kernel-work.md	-
0193	PENDING	-	-	-	docs/knowledgeos/brainstorming/kernel/20260824-013116-logitica-extraction-preserve-reasoning-structure-not-solutions.md	-
0194	PENDING	-	-	-	docs/knowledgeos/brainstorming/kernel/20260824-013721-philosophy-of-complex-systems-situated-model-mediated-knowledge.md	-
0195	PENDING	-	-	-	docs/knowledgeos/brainstorming/kernel/20260824-014614-chalmers-conscious-mind-conceptual-distinction-before-functional-modeling.md	-
0196	PENDING	-	-	-	docs/knowledgeos/brainstorming/kernel/20260824-020611-wave-1-kernel-extent-versus-contents-adjudication-status.md	-
0197	PENDING	-	-	-	docs/knowledgeos/brainstorming/kernel/20260824-020936-chalmers-conscious-mind-research-extraction-protocol-rerun.md	-
0198	PENDING	-	-	-	docs/knowledgeos/brainstorming/kernel/20260824-021011-chalmers-conscious-mind-research-extraction-protocol-rerun-duplicate.md	-
0199	PENDING	-	-	-	docs/knowledgeos/brainstorming/kernel/20260824-021526-williamson-modal-logic-as-metaphysics-extraction.md	-
0200	PENDING	-	-	-	docs/knowledgeos/brainstorming/kernel/20260824-022039-research-direction-formal-model-before-technical-scenario-testing.md	-
0201	PENDING	-	-	-	docs/knowledgeos/brainstorming/kernel/20260824-023136-nyaya-vaisesika-indian-logic-and-atomism-extraction.md	-
0202	PENDING	-	-	-	docs/knowledgeos/brainstorming/kernel/20260824-024119-architecture-patterns-with-python-technical-pattern-set-extraction.md	-
0203	PENDING	-	-	-	docs/knowledgeos/brainstorming/kernel/20260824-024726-rag-as-controlled-knowledge-access-layer-not-knowledge-model.md	-
0204	PENDING	-	-	-	docs/knowledgeos/brainstorming/kernel/20260824-025232-human-ai-collaboration-layer-outside-the-kernel.md	-
0205	PENDING	-	-	-	docs/knowledgeos/brainstorming/kernel/20260824-030300-freedman-statistical-models-no-inference-without-explicit-basis.md	-
0206	PENDING	-	-	-	docs/knowledgeos/brainstorming/kernel/20260824-032208-pattern-recognition-twelve-knowledgeos-statistical-techniques.md	-
0207	PENDING	-	-	-	docs/knowledgeos/brainstorming/kernel/20260824-032219-eks-current-architecture-baseline-reconstruction.md	-
0208	PENDING	-	-	-	docs/knowledgeos/brainstorming/kernel/20260824-032635-causal-inference-what-if-association-versus-intervention.md	-
0209	PENDING	-	-	-	docs/knowledgeos/brainstorming/kernel/20260824-032927-causal-inference-through-zero-ddd-and-wisdom-lenses.md	-
0210	PENDING	-	-	-	docs/knowledgeos/brainstorming/kernel/20260824-033419-book-of-evidence-evidence-acquisition-is-its-own-domain.md	-
0211	PENDING	-	-	-	docs/knowledgeos/brainstorming/kernel/20260824-033614-zero-and-chinese-lenses-on-minimum-structure-before-evidence.md	-
0212	PENDING	-	-	-	docs/knowledgeos/brainstorming/kernel/20260824-094406-chivers-everything-is-predictable-uncertainty-and-belief-revision.md	-
0213	PENDING	-	-	-	docs/knowledgeos/brainstorming/kernel/20260824-094545-seven-pillars-of-statistical-wisdom-lenses-for-kernel.md	-
0214	PENDING	-	-	-	docs/knowledgeos/brainstorming/kernel/20260824-094638-daoist-ziran-challenge-to-the-kernel-identity-invariant.md	-
0215	PENDING	-	-	-	docs/knowledgeos/brainstorming/kernel/20260824-111102-stigler-seven-pillars-observations-into-defensible-knowledge.md	-
0216	PENDING	-	-	-	docs/knowledgeos/brainstorming/kernel/20260824-111317-knowledgeos-epistemic-architecture-synthesis-ddd-consolidation.md	-
0217	PENDING	-	-	-	docs/knowledgeos/brainstorming/kernel/20260824-111611-knowledgeos-epistemic-architecture-synthesis-ddd-consolidation-duplicate.md	-
0218	PENDING	-	-	-	docs/knowledgeos/brainstorming/kernel/20260824-111730-knowledge-aggregate-too-large-correction-and-synthesis-handover.md	-
0219	PENDING	-	-	-	docs/knowledgeos/brainstorming/kernel/20260824-112051-knowledge-kernel-architecture-integrative-summary-seven-works.md	-
0220	PENDING	-	-	-	docs/knowledgeos/brainstorming/kernel/20260824-113404-knowledge-kernel-architecture-integrative-summary-seven-works-duplicate.md	-
0221	PENDING	-	-	-	docs/knowledgeos/brainstorming/kernel/20260824-115021-ammerman-singer-belief-knowledge-and-truth-anthology-extraction.md	-
0222	PENDING	-	-	-	docs/knowledgeos/brainstorming/kernel/20260824-120203-shieber-theories-of-knowledge-what-must-stay-outside-the-kernel.md	-
0223	PENDING	-	-	-	docs/knowledgeos/brainstorming/kernel/20260824-121835-rescorla-bayesian-models-of-the-mind-pluggable-reasoning-mechanisms.md	-
0224	PENDING	-	-	-	docs/knowledgeos/brainstorming/kernel/20260824-122855-mathematical-modelling-typed-mathematical-epistemic-model.md	-
0225	PENDING	-	-	-	docs/knowledgeos/brainstorming/kernel/20260824-124529-hidden-semi-markov-models-hidden-epistemic-state-layer.md	-
0226	PENDING	-	-	-	docs/knowledgeos/brainstorming/kernel/20260824-131125-hybrid-evidence-gated-temporal-inference-architecture.md	-
0227	PENDING	-	-	-	docs/knowledgeos/brainstorming/kernel/20260824-135335-kernel-as-ai-efficiency-adaptive-inference-use-case.md	-
0228	PENDING	-	-	-	docs/knowledgeos/brainstorming/kernel/20260824-140348-statistical-learning-first-pass-ddd-assessment-of-reasoning-patterns.md	-
0229	PENDING	-	-	-	docs/knowledgeos/brainstorming/kernel/20260824-140628-zero-and-leonardo-lenses-on-the-adaptive-inference-kernel.md	-
0230	PENDING	-	-	-	docs/knowledgeos/brainstorming/kernel/20260824-141231-bishop-prml-adaptive-inference-fabric-beyond-hmm-hsmm-hybrid.md	-
0231	PENDING	-	-	-	docs/knowledgeos/brainstorming/kernel/20260824-141924-elements-of-statistical-learning-source-versus-interpretation.md	-
0232	PENDING	-	-	-	docs/knowledgeos/brainstorming/kernel/20260824-142630-session-handover-package-for-book-extraction-and-ddd-analysis.md	-
0233	PENDING	-	-	-	docs/knowledgeos/brainstorming/kernel/20260824-142848-astrom-stochastic-control-theory-initial-assessment.md	-
0234	PENDING	-	-	-	docs/knowledgeos/brainstorming/kernel/20260824-145220-ten-statistical-capability-families-for-knowledge-state-assessment.md	-
0235	PENDING	-	-	-	docs/knowledgeos/brainstorming/20260824-145631-topological-extraction-of-astrom-stochastic-control-theory-duplicate.md	-
0236	PENDING	-	-	-	docs/knowledgeos/brainstorming/kernel/20260824-151311-topological-extraction-of-astrom-stochastic-control-theory.md	-
0237	PENDING	-	-	-	docs/knowledgeos/brainstorming/kernel/20260824-151337-sankshipt-ganit-shabdkosh-multi-lens-extraction-knowledge-ontology.md	-
0238	PENDING	-	-	-	docs/knowledgeos/brainstorming/kernel/20260824-151951-sanskrit-paninian-lens-as-semantic-instrument-not-fifth-arb-lens.md	-
0239	PENDING	-	-	-	docs/knowledgeos/brainstorming/kernel/20260824-152254-swar-gyan-orthographic-decomposition-pipeline-for-dhatu-extraction.md	-
0240	PENDING	-	-	-	docs/knowledgeos/brainstorming/kernel/20260824-152415-zero-lens-definition-structure-recoverable-from-source-alone.md	-
0241	PENDING	-	-	-	docs/knowledgeos/brainstorming/kernel/20260824-152751-solution-mindset-decomposition-of-problem-solving-operations.md	-
0242	PENDING	-	-	-	docs/knowledgeos/brainstorming/kernel/20260824-152955-statistical-learning-as-quantitative-companion-to-solution-mindset.md	-
0243	PENDING	-	-	-	docs/knowledgeos/brainstorming/kernel/20260824-153124-prml-probabilistic-representation-of-hidden-structure.md	-
0244	PENDING	-	-	-	docs/knowledgeos/brainstorming/kernel/20260824-154254-inverse-approach-define-not-knowledge-and-infer-residual-structure.md	-
0245	PENDING	-	-	-	docs/knowledgeos/brainstorming/kernel/20260824-154256-fraser-hidden-markov-models-and-dynamical-systems-extraction.md	-
0246	PENDING	-	-	-	docs/knowledgeos/brainstorming/kernel/20260824-155130-fraser-hidden-markov-models-and-dynamical-systems-extraction-duplicate.md	-
0247	PENDING	-	-	-	docs/knowledgeos/brainstorming/kernel/20260824-160023-knowledge-as-measurable-construct-not-true-information.md	-
0248	PENDING	-	-	-	docs/knowledgeos/brainstorming/kernel/20260824-160339-knowledge-as-measurable-construct-not-true-information-duplicate.md	-
0249	PENDING	-	-	-	docs/knowledgeos/brainstorming/kernel/20260824-160637-knowledge-as-a-continuously-changing-body-of-facts.md	-
0250	PENDING	-	-	-	docs/knowledgeos/brainstorming/kernel/20260824-160645-knowledge-as-a-continuously-changing-body-of-facts-duplicate.md	-
0251	PENDING	-	-	-	docs/knowledgeos/brainstorming/kernel/20260824-160927-paul-elder-elements-of-thought-as-knowledge-state-extraction.md	-
0252	PENDING	-	-	-	docs/knowledgeos/brainstorming/kernel/20260824-161931-consciousness-model-refined-multi-lens-not-a-vertical-stack.md	-
0253	PENDING	-	-	-	docs/knowledgeos/brainstorming/kernel/20260824-162039-consciousness-architecture-as-analogy-for-knowledge-layers.md	-
0254	PENDING	-	-	-	docs/knowledgeos/brainstorming/kernel/20260824-163046-godel-escher-bach-extraction-knowledge-emerges-between-levels.md	-
0255	PENDING	-	-	-	docs/knowledgeos/brainstorming/kernel/20260824-163920-nasadiya-sukta-and-geb-convergence-on-pre-differentiated-levels.md	-
0256	PENDING	-	-	-	docs/knowledgeos/brainstorming/kernel/20260824-163922-source-article-concept-of-time-in-vedas-and-quantum-physics.md	-
0257	PENDING	-	-	-	docs/knowledgeos/brainstorming/kernel/20260824-164328-pramana-as-epistemic-acquisition-layer-and-claim-provenance.md	-
0258	PENDING	-	-	-	docs/knowledgeos/brainstorming/kernel/20260824-164447-scientific-attitude-four-properties-as-knowledge-candidate-rules.md	-
0259	PENDING	-	-	-	docs/knowledgeos/brainstorming/kernel/20260824-164653-catuskoti-logic-lens-truth-need-not-be-binary.md	-
0260	PENDING	-	-	-	docs/knowledgeos/brainstorming/kernel/20260824-164746-cosmology-article-worlds-perspectives-processes-and-transitions.md	-
0261	PENDING	-	-	-	docs/knowledgeos/brainstorming/kernel/20260824-164817-cosmological-world-model-lens-for-knowledge-claims.md	-
0262	PENDING	-	-	-	docs/knowledgeos/brainstorming/kernel/20260824-165411-eschatology-lens-terminal-state-and-transformation-model.md	-
0263	PENDING	-	-	-	docs/knowledgeos/brainstorming/kernel/20260824-165635-catuskoti-four-valued-epistemic-status-logic-layer-tightening.md	-
0264	PENDING	-	-	-	docs/knowledgeos/brainstorming/kernel/20260824-171203-tractatus-centenary-edition-reality-to-knowledge-claim-chain.md	-
0265	PENDING	-	-	-	docs/knowledgeos/brainstorming/kernel/20260825-101801-shannon-weaver-information-is-not-meaning-is-not-knowledge.md	-
0266	PENDING	-	-	-	docs/knowledgeos/brainstorming/kernel/20260825-103542-principal-architect-review-bounded-dynamic-knowledge-model.md	-
0267	PENDING	-	-	-	docs/knowledgeos/brainstorming/kernel/20260825-110525-plantuml-model-knowledge-space-language-questions-and-evaluation.md	-
0268	PENDING	-	-	-	docs/knowledgeos/brainstorming/kernel/20260825-111545-what-are-we-actually-building-when-we-say-knowledgeos.md	-
0269	PENDING	-	-	-	docs/knowledgeos/brainstorming/kernel/20260825-113243-preservation-unit-versus-consistency-boundary-do-not-freeze-assertion-aggregate.md	-
0270	PENDING	-	-	-	docs/knowledgeos/brainstorming/kernel/20260825-113718-merricks-objects-and-persons-useful-concept-is-not-fundamental-object.md	-
0271	PENDING	-	-	-	docs/knowledgeos/brainstorming/kernel/20260825-113938-ontological-reduction-and-non-redundancy-model-research-direction.md	-
0272	PENDING	-	-	-	docs/knowledgeos/brainstorming/kernel/20260825-114640-merricks-truth-and-ontology-truthmaker-thesis-rejected.md	-
0273	PENDING	-	-	-	docs/knowledgeos/brainstorming/kernel/20260825-115235-mcginn-logical-properties-assessment-as-parallel-analytical-tool.md	-
0274	PENDING	-	-	-	docs/knowledgeos/brainstorming/kernel/20260825-115604-oconnor-persons-and-causes-agency-and-causal-powers.md	-
0275	PENDING	-	-	-	docs/knowledgeos/brainstorming/kernel/20260825-115932-information-theory-as-a-lens-for-knowledgeos.md	-
0276	PENDING	-	-	-	docs/knowledgeos/brainstorming/kernel/20260825-120122-mcginn-logical-properties-as-structural-primitives-of-knowledge-space.md	-
0277	PENDING	-	-	-	docs/knowledgeos/brainstorming/kernel/20260825-120319-information-theory-extracting-the-knowledge-space-architecture.md	-
0278	PENDING	-	-	-	docs/knowledgeos/brainstorming/kernel/20260825-120514-zero-lens-on-mcginn-the-kernel-is-not-knowledge.md	-
0279	PENDING	-	-	-	docs/knowledgeos/brainstorming/kernel/20260825-121403-recommended-next-research-set-before-freezing-knowledge-space-kernel.md	-
0280	PENDING	-	-	-	docs/knowledgeos/brainstorming/kernel/20260825-122752-floridi-philosophy-of-information-levels-of-abstraction-extraction.md	-
0281	PENDING	-	-	-	docs/knowledgeos/brainstorming/kernel/20260825-124325-dretske-knowledge-and-the-flow-of-information-initial-reading.md	-
0282	PENDING	-	-	-	docs/knowledgeos/brainstorming/kernel/20260825-125708-fagin-halpern-reasoning-about-knowledge-formal-knowledge-space-model.md	-
0283	PENDING	-	-	-	docs/knowledgeos/brainstorming/kernel/20260825-130339-critical-review-of-fagin-halpern-terminal-scrollback-partial.md	-
0284	PENDING	-	-	-	docs/knowledgeos/brainstorming/kernel/20260825-130514-critical-review-of-fagin-halpern-extraction-and-research-direction.md	-
0285	PENDING	-	-	-	docs/knowledgeos/brainstorming/kernel/20260825-130932-fagin-regime-not-kernel-acceptance-of-critique.md	-
0286	PENDING	-	-	-	docs/knowledgeos/brainstorming/kernel/20260825-132329-fagin-chapters-verified-ascribed-versus-computable-knowledge.md	-
0287	PENDING	-	-	-	docs/knowledgeos/brainstorming/kernel/20260825-133456-gardenfors-knowledge-in-flux-epistemic-state-as-primary-model.md	-
0288	PENDING	-	-	-	docs/knowledgeos/brainstorming/kernel/20260825-135642-evolving-knowledge-space-imagination-additions-not-yet-architecture.md	-
0289	PENDING	-	-	-	docs/knowledgeos/brainstorming/kernel/20260825-140251-per-agent-projection-divergence-without-divergent-reality.md	-
0290	PENDING	-	-	-	docs/knowledgeos/brainstorming/kernel/20260825-145918-per-agent-projection-divergence-without-divergent-reality-duplicate.md	-
0291	PENDING	-	-	-	docs/knowledgeos/brainstorming/kernel/20260825-145948-shannon-weaver-information-is-not-meaning-is-not-knowledge-duplicate.md	-
0292	PENDING	-	-	-	docs/knowledgeos/brainstorming/kernel/20260825-150010-consciousness-architecture-as-analogy-for-knowledge-layers-duplicate.md	-
0293	PENDING	-	-	-	docs/knowledgeos/brainstorming/kernel/20260825-155035-searle-construction-of-social-reality-institutional-layer.md	-
0294	PENDING	-	-	-	docs/knowledgeos/brainstorming/kernel/20260825-155510-knowledge-as-capacity-distinguished-from-information.md	-
0295	EXCLUDED	EXCLUDED_CORPUS	-	-	docs/knowledgeos/brainstorming/corpus/original/.gitkeep	-
0296	EXCLUDED	EXCLUDED_SYNTHESIS	-	-	docs/knowledgeos/brainstorming/synthesis/identity/.gitkeep	-
0297	EXCLUDED	EXCLUDED_SYNTHESIS	-	-	docs/knowledgeos/brainstorming/synthesis/epistemic-state/.gitkeep	-
0298	EXCLUDED	EXCLUDED_SYNTHESIS	-	-	docs/knowledgeos/brainstorming/synthesis/evidence/.gitkeep	-
0299	EXCLUDED	EXCLUDED_SYNTHESIS	-	-	docs/knowledgeos/brainstorming/synthesis/boundary/.gitkeep	-
0300	EXCLUDED	EXCLUDED_FALSIFICATION	-	-	docs/knowledgeos/brainstorming/falsification/candidates/.gitkeep	-
0301	EXCLUDED	EXCLUDED_FALSIFICATION	-	-	docs/knowledgeos/brainstorming/falsification/attacks/.gitkeep	-
0302	EXCLUDED	EXCLUDED_FALSIFICATION	-	-	docs/knowledgeos/brainstorming/falsification/results/.gitkeep	-
0303	EXCLUDED	EXCLUDED_CORPUS	-	-	docs/knowledgeos/brainstorming/kernel/corpus/original/.gitkeep	-
0304	PENDING	-	-	-	docs/knowledgeos/brainstorming/kernel/synthesis/identity/.gitkeep	-
0305	PENDING	-	-	-	docs/knowledgeos/brainstorming/kernel/synthesis/epistemic-state/.gitkeep	-
0306	PENDING	-	-	-	docs/knowledgeos/brainstorming/kernel/synthesis/evidence/.gitkeep	-
0307	PENDING	-	-	-	docs/knowledgeos/brainstorming/kernel/synthesis/boundary/.gitkeep	-
0308	PENDING	-	-	-	docs/knowledgeos/brainstorming/kernel/falsification/candidates/.gitkeep	-
0309	PENDING	-	-	-	docs/knowledgeos/brainstorming/kernel/falsification/attacks/.gitkeep	-
0310	PENDING	-	-	-	docs/knowledgeos/brainstorming/kernel/falsification/results/.gitkeep	-
0311	PENDING	-	-	-	docs/knowledgeos/brainstorming/kernel/classification/dependency-map.md	-
0312	EXCLUDED	EXCLUDED_CLASSIFICATION	-	-	docs/knowledgeos/brainstorming/classification/README.md	-
0313	EXCLUDED	EXCLUDED_CORPUS	-	-	docs/knowledgeos/brainstorming/corpus/README.md	-
0314	EXCLUDED	EXCLUDED_SYNTHESIS	-	-	docs/knowledgeos/brainstorming/synthesis/README.md	-
0315	EXCLUDED	EXCLUDED_FALSIFICATION	-	-	docs/knowledgeos/brainstorming/falsification/README.md	-
0316	PENDING	-	-	-	docs/knowledgeos/brainstorming/kernel/classification/README.md	-
0317	PENDING	-	-	-	docs/knowledgeos/brainstorming/kernel/corpus/README.md	-
0318	PENDING	-	-	-	docs/knowledgeos/brainstorming/kernel/synthesis/README.md	-
0319	PENDING	-	-	-	docs/knowledgeos/brainstorming/kernel/falsification/README.md	-
0320	PENDING	-	-	-	docs/knowledgeos/brainstorming/kernel/20260825-162824-williamson-knowledge-as-primitive-stop-reductive-modelling.md	-
0321	PENDING	-	-	-	docs/knowledgeos/brainstorming/kernel/20260825-163936-brandom-making-it-explicit-inferential-commitment-layer.md	-
0322	PENDING	-	-	-	docs/knowledgeos/brainstorming/kernel/20260825-171008-gelfond-kahl-knowledge-representation-bounded-agent-test.md	-
0323	PENDING	-	-	-	docs/knowledgeos/brainstorming/kernel/20260825-171853-c15-reframed-knowledge-at-a-time-in-evolving-knowledge-space.md	-
0324	PENDING	-	-	-	docs/knowledgeos/brainstorming/kernel/20260825-172121-knowledge-element-versus-state-and-what-can-be-quantified.md	-
0325	PENDING	-	-	-	docs/knowledgeos/brainstorming/kernel/20260825-180730-brachman-levesque-infinite-belief-finite-representation.md	-
0326	PENDING	-	-	-	docs/knowledgeos/brainstorming/kernel/20260825-180828-knowledge-as-discriminate-select-decide-capability.md	-
0327	PENDING	-	-	-	docs/knowledgeos/brainstorming/kernel/20260825-181038-knowledge-measure-theory-v0-1-projection-as-measure.md	-
0328	PENDING	-	-	-	docs/knowledgeos/brainstorming/kernel/20260825-181719-challenge-to-knowledge-measure-theory-projection-is-not-a-measure.md	-
0329	PENDING	-	-	-	docs/knowledgeos/brainstorming/kernel/classification/cluster-map.md	-
0330	EXCLUDED	EXCLUDED_CLASSIFICATION	-	-	docs/knowledgeos/brainstorming/classification/corpus-index.md	-
0331	PENDING	-	-	-	docs/knowledgeos/brainstorming/kernel/20260825-183652-critique-of-knowledge-measurement-theory-v0-2.md	-
0332	PENDING	-	-	-	docs/knowledgeos/brainstorming/kernel/20260825-184234-roberts-measurement-theory-meaningfulness-and-scale-types.md	-
0333	PENDING	-	-	-	docs/knowledgeos/brainstorming/kernel/20260825-184332-aggoun-elliott-measure-theory-and-filtering-verification.md	-
0334	PENDING	-	-	-	docs/knowledgeos/brainstorming/kernel/20260825-184616-knowledge-is-not-conditional-expectation-correction.md	-
0335	PENDING	-	-	-	docs/knowledgeos/brainstorming/kernel/20260825-184755-six-category-errors-in-the-mathematical-synthesis.md	-
0336	EXCLUDED	EXCLUDED_SYNTHESIS	-	-	docs/knowledgeos/brainstorming/synthesis/KNOWLEDGE-CONCEPT-EXTRACTION-001.md	-
0337	PENDING	-	-	-	docs/knowledgeos/brainstorming/kernel/20260825-190319-rejection-of-complete-mathematical-framework-claim.md	-
0338	PENDING	-	-	-	docs/knowledgeos/brainstorming/kernel/refinement_phase/20260825-190639_much-better-than-the-previous-version.md	-
0339	EXCLUDED	EXCLUDED_SYNTHESIS	-	-	docs/knowledgeos/brainstorming/synthesis/KNOWLEDGE-RECONSTRUCTION-LEDGER.md	-
0340	PENDING	-	-	-	docs/knowledgeos/brainstorming/kernel/20260825-192351-relational-logical-structure-as-core-mathematics-as-regimes.md	-
0341	PENDING	-	-	-	docs/knowledgeos/brainstorming/kernel/refinement_phase/20260825-192549_this-is-exactly-the-behaviour-we-want.md	-
0342	PENDING	-	-	-	docs/knowledgeos/brainstorming/kernel/00_CENSUS.md	-
0343	PENDING	-	-	-	docs/knowledgeos/brainstorming/kernel/20260825-192931-critical-analysis-of-the-senior-mathematical-judgment.md	-
0344	PENDING	-	-	-	docs/knowledgeos/brainstorming/kernel/20260825-192948-relational-logical-structure-as-core-mathematics-as-regimes-duplicate.md	-
0345	PENDING	-	-	-	docs/knowledgeos/brainstorming/kernel/classification/contradiction-map.md	-
0346	EXCLUDED	EXCLUDED_SYNTHESIS	-	-	docs/knowledgeos/brainstorming/synthesis/EXTRACTION-LEDGER.md	-
0347	PENDING	-	-	-	docs/knowledgeos/brainstorming/phase_measure_theory/20260825-204244_where-to-concentrate-measure-theory-vs-knowledgeos-definition.md	-
0348	PENDING	-	-	-	docs/knowledgeos/brainstorming/phase_measure_theory/20260825-210750_phase-1-redefinition-what-phase-1-should-accomplish.md	-
0349	PENDING	-	-	-	docs/knowledgeos/brainstorming/phase_measure_theory/20260825-211612_where-to-concentrate-measure-theory-vs-knowledgeos-definition-expanded.md	-
0350	PENDING	-	-	-	docs/knowledgeos/brainstorming/phase_measure_theory/20260825-214434_independent-research-programme-knowledgeos-as-brain-of-a-computer.md	-
0351	PENDING	-	-	-	docs/knowledgeos/brainstorming/phase_measure_theory/20260825-214833_knowledge-is-probably-not-the-kernel-object.md	-
0352	PENDING	-	-	-	docs/knowledgeos/brainstorming/phase_measure_theory/20260825-215434_knowledge-is-probably-not-the-kernel-object-duplicate.md	-
0353	PENDING	-	-	-	docs/knowledgeos/brainstorming/phase_measure_theory/20260825-215831_refusal-research-hypothesis-must-not-become-frozen-kernel-contract.md	-
0354	PENDING	-	-	-	docs/knowledgeos/brainstorming/phase_measure_theory/20260825-220537_correctness-and-completeness-are-different.md	-
0355	PENDING	-	-	-	docs/knowledgeos/brainstorming/phase_measure_theory/20260825-220941_the-tuple-is-reasonable-but-not-yet-proven.md	-
0356	PENDING	-	-	-	docs/knowledgeos/brainstorming/phase_measure_theory/20260825-221301_next-research-direction-after-measure-theory.md	-
0357	PENDING	-	-	-	docs/knowledgeos/brainstorming/phase_measure_theory/20260825-222327_doignon-falmagne-knowledge-spaces-source-identified.md	-
0358	PENDING	-	-	-	docs/knowledgeos/brainstorming/phase_measure_theory/20260825-222915_session-1-not-executing-continuously-process-observation.md	-
0359	PENDING	-	-	-	docs/knowledgeos/brainstorming/phase_measure_theory/20260825-224434_how-can-an-acquired-knowledge-state-be-represented-mathematically.md	-
0360	PENDING	-	-	-	docs/knowledgeos/brainstorming/phase_measure_theory/20260825-224907_research-extraction-knowledge-spaces-doignon-falmagne.md	-
0361	PENDING	-	-	-	docs/knowledgeos/brainstorming/phase_measure_theory/20260825-225609_knowledge-is-not-merely-an-entity.md	-
0362	PENDING	-	-	-	docs/knowledgeos/brainstorming/phase_measure_theory/20260825-225949_knowledge-is-temporally-situated-and-potentially-evolving.md	-
0363	PENDING	-	-	-	docs/knowledgeos/brainstorming/phase_measure_theory/20260825-230151_what-should-the-knowledgeos-kernel-contain.md	-
0364	PENDING	-	-	-	docs/knowledgeos/brainstorming/phase_measure_theory/20260825-231022_probability-becomes-more-fundamental.md	-
0365	PENDING	-	-	-	docs/knowledgeos/brainstorming/phase_measure_theory/20260825-231629_model-clarification-round.md	-
0366	PENDING	-	-	-	docs/knowledgeos/brainstorming/phase_measure_theory/20260825-233107_knowledge-qualification-problem-research-framework.md	-
0367	PENDING	-	-	-	docs/knowledgeos/brainstorming/phase_measure_theory/20260825-233112_evidence-connects-observation-to-facts.md	-
0368	PENDING	-	-	-	docs/knowledgeos/brainstorming/phase_measure_theory/20260825-233525_justification-comes-from-predetermined-facts-and-rules.md	-
0369	PENDING	-	-	-	docs/knowledgeos/brainstorming/phase_measure_theory/20260825-233821_logical-lens-round.md	-
0370	PENDING	-	-	-	docs/knowledgeos/brainstorming/phase_measure_theory/20260825-233950_use-all-lenses-in-a-more-disciplined-mathematical-way.md	-
0371	PENDING	-	-	-	docs/knowledgeos/brainstorming/phase_measure_theory/20260825-234405_extraction-retrieves-material-determination-establishes-warrant.md	-
0372	PENDING	-	-	-	docs/knowledgeos/brainstorming/phase_measure_theory/20260825-234546_refinement-of-the-model.md	-
0373	PENDING	-	-	-	docs/knowledgeos/brainstorming/phase_measure_theory/20260825-234727_better-formulation-of-the-position.md	-
0374	PENDING	-	-	-	docs/knowledgeos/brainstorming/phase_measure_theory/20260825-235105_important-correction-to-the-framework.md	-
0375	PENDING	-	-	-	docs/knowledgeos/brainstorming/phase_measure_theory/20260825-235738_correction-to-the-synthesis-conclusion.md	-
0376	PENDING	-	-	-	docs/knowledgeos/brainstorming/phase_measure_theory/20260825-235754_conditional-evidence-problem-research-synthesis.md	-
0377	PENDING	-	-	-	docs/knowledgeos/brainstorming/phase_measure_theory/20260825-235804_kernel-problem-minimum-substrate-for-conditional-determination.md	-
0378	PENDING	-	-	-	docs/knowledgeos/brainstorming/phase_measure_theory/20260825-235855_determination-is-the-missing-mathematical-object.md	-
0379	PENDING	-	-	-	docs/knowledgeos/brainstorming/phase_measure_theory/20260825-235913_kernel-problem-minimum-substrate-for-conditional-determination-duplicate.md	-
0380	PENDING	-	-	-	docs/knowledgeos/brainstorming/phase_measure_theory/20260826-000209_conditional-evidence-and-reasoning-combine-v1.md	-
0381	PENDING	-	-	-	docs/knowledgeos/brainstorming/phase_measure_theory/20260826-000339_conditional-evidence-and-reasoning-combine-v2-expanded.md	-
0382	PENDING	-	-	-	docs/knowledgeos/brainstorming/phase_measure_theory/20260826-000501_business-example-of-the-conditional-problem.md	-
0383	PENDING	-	-	-	docs/knowledgeos/brainstorming/phase_measure_theory/20260826-000839_major-clarification-of-the-model.md	-
0384	PENDING	-	-	-	docs/knowledgeos/brainstorming/phase_measure_theory/20260826-001111_new-important-distinction-introduced.md	-
0385	PENDING	-	-	-	docs/knowledgeos/brainstorming/phase_measure_theory/20260826-001150_every-information-clarification.md	-
0386	PENDING	-	-	-	docs/knowledgeos/brainstorming/phase_measure_theory/20260826-001700_example-exposes-flaw-in-the-previous-model.md	-
0387	PENDING	-	-	-	docs/knowledgeos/brainstorming/phase_measure_theory/20260826-002116_example-exposes-flaw-in-the-previous-model-duplicate.md	-
0388	PENDING	-	-	-	docs/knowledgeos/brainstorming/phase_measure_theory/20260826-002517_example-exposes-flaw-in-the-previous-model-duplicate-2-ideal-state.md	-
0389	PENDING	-	-	-	docs/knowledgeos/brainstorming/phase_measure_theory/20260826-002828_very-important-refinement-of-the-model.md	-
0390	PENDING	-	-	-	docs/knowledgeos/brainstorming/phase_measure_theory/20260826-002857_the-key-distinction.md	-
0391	PENDING	-	-	-	docs/knowledgeos/brainstorming/phase_measure_theory/20260826-003242_where-we-started-model-challenge.md	-
0392	PENDING	-	-	-	docs/knowledgeos/brainstorming/phase_measure_theory/20260826-004057_dimensions-facts-and-values-model-challenge-expanded.md	-
0393	PENDING	-	-	-	docs/knowledgeos/brainstorming/phase_measure_theory/20260826-004302_important-correction-to-the-model.md	-
0394	PENDING	-	-	-	docs/knowledgeos/brainstorming/phase_measure_theory/20260826-005108_important-correction-to-the-model-duplicate.md	-
0395	PENDING	-	-	-	docs/knowledgeos/brainstorming/phase_measure_theory/20260826-015913_conceptual-problems-solved-but-not-all.md	-
0396	PENDING	-	-	-	docs/knowledgeos/brainstorming/phase_measure_theory/20260826-102307_important-correction-to-the-model-extended-full-thread.md	-
0397	PENDING	-	-	-	docs/knowledgeos/brainstorming/phase_measure_theory/20260826-102337_most-important-correction-review-of-research-summary.md	-
0398	PENDING	-	-	-	docs/knowledgeos/brainstorming/phase_measure_theory/20260826-102412_second-research-synthesis-fits-earlier-position.md	-
0399	PENDING	-	-	-	docs/knowledgeos/brainstorming/phase_measure_theory/20260826-102458_close-to-what-you-have-been-describing.md	-
0400	PENDING	-	-	-	docs/knowledgeos/brainstorming/phase_measure_theory/20260826-103245_promising-direction-analysing-your-sentence.md	-
0401	PENDING	-	-	-	docs/knowledgeos/brainstorming/phase_measure_theory/20260826-103249_sanskrit-grammar-lens-can-help-significantly.md	-
0402	PENDING	-	-	-	docs/knowledgeos/brainstorming/phase_measure_theory/20260826-103508_a-dimension-is-an-aspect-along-which-a-state-is-characterized.md	-
0403	PENDING	-	-	-	docs/knowledgeos/brainstorming/phase_measure_theory/20260826-103946_state-of-knowledge-depends-on-its-known-dimensions.md	-
0404	PENDING	-	-	-	docs/knowledgeos/brainstorming/phase_measure_theory/20260826-104002_state-of-knowledge-depends-on-its-known-dimensions-duplicate.md	-
0405	PENDING	-	-	-	docs/knowledgeos/brainstorming/phase_measure_theory/20260826-105126_zero-lens-what-is-absent-undefined-unrepresented-assumed-away.md	-
0406	PENDING	-	-	-	docs/knowledgeos/brainstorming/phase_measure_theory/20260826-105229_research-synthesis-zero-lens-infinite-knowledge-space-mithya.md	-
0407	PENDING	-	-	-	docs/knowledgeos/brainstorming/phase_measure_theory/20260826-105641_zero-lens-analysis-of-ashtavakra-gita.md	-
0408	PENDING	-	-	-	docs/knowledgeos/brainstorming/phase_measure_theory/20260826-105717_research-synthesis-quine-word-and-object-multi-lens.md	-
0409	PENDING	-	-	-	docs/knowledgeos/brainstorming/phase_measure_theory/20260826-111026_metaphor-change-for-the-model.md	-
0410	PENDING	-	-	-	docs/knowledgeos/brainstorming/phase_measure_theory/20260826-111721_research-synthesis-upanishads-as-lens-on-infinite-knowledge-space.md	-
0411	PENDING	-	-	-	docs/knowledgeos/brainstorming/phase_measure_theory/20260826-112128_zero-lens-as-foundational-epistemic-and-architectural-lens.md	-
0412	PENDING	-	-	-	docs/knowledgeos/brainstorming/phase_measure_theory/20260826-112545_zero-lens-as-foundational-epistemic-and-architectural-lens-duplicate.md	-
0413	PENDING	-	-	-	docs/knowledgeos/brainstorming/phase_measure_theory/20260826-113213_lord-lens-infinite-knowledge-space.md	-
0414	PENDING	-	-	-	docs/knowledgeos/brainstorming/phase_measure_theory/20260826-114050_ganapati-atharvashirsha-reading.md	-
0415	PENDING	-	-	-	docs/knowledgeos/brainstorming/phase_measure_theory/20260826-114101_lord-lens-infinite-knowledge-space-and-knowledge-as-element.md	-
0416	PENDING	-	-	-	docs/knowledgeos/brainstorming/phase_measure_theory/20260826-114249_lord-lens-infinite-knowledge-space-revised-and-deepened.md	-
0417	PENDING	-	-	-	docs/knowledgeos/brainstorming/phase_measure_theory/20260826-114611_research-synthesis-universe-according-to-the-vedas-lord-and-zero-lens.md	-
0418	PENDING	-	-	-	docs/knowledgeos/brainstorming/phase_measure_theory/20260826-114948_ganapati-atharvashirsha-synthesis-review.md	-
0419	PENDING	-	-	-	docs/knowledgeos/brainstorming/phase_measure_theory/20260826-115711_what-exactly-is-the-ideal-state.md	-
0420	PENDING	-	-	-	docs/knowledgeos/brainstorming/phase_measure_theory/20260826-115757_research-synthesis-24-undefined-questions-path-forward.md	-
0421	PENDING	-	-	-	docs/knowledgeos/brainstorming/phase_measure_theory/20260826-121829_strategic-analysis-bhagavad-gita-as-lens-for-research-questions.md	-
0422	PENDING	-	-	-	docs/knowledgeos/brainstorming/phase_measure_theory/20260826-121909_lord-lens-infinite-knowledge-space-and-knowledge-as-element-duplicate.md	-
0423	PENDING	-	-	-	docs/knowledgeos/brainstorming/phase_measure_theory/20260826-122156_most-important-discovery-of-the-round.md	-
0424	PENDING	-	-	-	docs/knowledgeos/brainstorming/phase_measure_theory/20260826-122435_remaining-undefined-things-in-the-model.md	-
0425	PENDING	-	-	-	docs/knowledgeos/brainstorming/phase_measure_theory/20260826-123719_cleaner-formulation-for-knowledgeos.md	-
0426	PENDING	-	-	-	docs/knowledgeos/brainstorming/phase_measure_theory/20260826-134120_using-the-gita-differently-from-an-ordinary-research-source.md	-
0427	PENDING	-	-	-	docs/knowledgeos/brainstorming/phase_measure_theory/20260826-135515_gita-chapter-1-as-first-observation.md	-
0428	PENDING	-	-	-	docs/knowledgeos/brainstorming/phase_measure_theory/20260826-135525_gita-chapter-1-as-first-observation-variant.md	-
0429	PENDING	-	-	-	docs/knowledgeos/brainstorming/phase_measure_theory/20260826-135936_strongest-architectural-mapping-so-far-chapter-01.md	-
0430	PENDING	-	-	-	docs/knowledgeos/brainstorming/phase_measure_theory/20260826-140137_two-epistemic-layers-as-strong-architecture.md	-
0431	PENDING	-	-	-	docs/knowledgeos/brainstorming/phase_measure_theory/20260826-142856_validating-and-formalizing-the-principles.md	-
0432	PENDING	-	-	-	docs/knowledgeos/brainstorming/phase_measure_theory/20260826-143046_validating-and-formalizing-the-principles-duplicate.md	-
0433	PENDING	-	-	-	docs/knowledgeos/brainstorming/phase_measure_theory/20260826-143231_refining-the-krishna-lens.md	-
0434	PENDING	-	-	-	docs/knowledgeos/brainstorming/phase_measure_theory/20260826-143500_masterful-synthesis-lord-lens-omega.md	-
0435	PENDING	-	-	-	docs/knowledgeos/brainstorming/phase_measure_theory/20260826-144017_gita-chapter-2-reading.md	-
0436	PENDING	-	-	-	docs/knowledgeos/brainstorming/phase_measure_theory/20260826-151225_rigorous-analysis-of-the-sanjaya-layer.md	-
0437	PENDING	-	-	-	docs/knowledgeos/brainstorming/phase_measure_theory/20260826-151244_second-correction-sarathi-does-not-own-the-frame.md	-
0438	PENDING	-	-	-	docs/knowledgeos/brainstorming/phase_measure_theory/20260826-151534_right-architectural-interpretation-now.md	-
0439	PENDING	-	-	-	docs/knowledgeos/brainstorming/phase_measure_theory/20260826-152140_zero-reveals-relevant-is-still-undefined.md	-
0440	PENDING	-	-	-	docs/knowledgeos/brainstorming/phase_measure_theory/20260826-155127_zero-findings-formal-summary.md	-
0441	PENDING	-	-	-	docs/knowledgeos/brainstorming/phase_measure_theory/20260826-155403_krishna-lens.md	-
0442	PENDING	-	-	-	docs/knowledgeos/brainstorming/phase_measure_theory/20260826-155520_krishna-lens-duplicate.md	-
0443	PENDING	-	-	-	docs/knowledgeos/brainstorming/phase_measure_theory/20260826-160024_the-human-knower-cleaner-formulation.md	-
0444	PENDING	-	-	-	docs/knowledgeos/brainstorming/phase_measure_theory/20260826-160322_core-architecture-lord-krishna-knowledgeos-human-knower.md	-
0445	PENDING	-	-	-	docs/knowledgeos/brainstorming/phase_measure_theory/20260826-160657_what-we-have-solved-and-what-remains.md	-
0446	PENDING	-	-	-	docs/knowledgeos/brainstorming/phase_measure_theory/20260826-161035_start-with-the-underlying-reality.md	-
0447	PENDING	-	-	-	docs/knowledgeos/brainstorming/phase_measure_theory/20260826-161309_knowledgeos-a-mathematical-architecture-for-epistemic-systems.md	-
0448	PENDING	-	-	-	docs/knowledgeos/brainstorming/phase_measure_theory/20260826-161551_knowledgeos-a-mathematical-architecture-for-epistemic-systems-duplicate.md	-
0449	PENDING	-	-	-	docs/knowledgeos/brainstorming/phase_measure_theory/20260826-162358_proposed-order-of-investigation.md	-
0450	PENDING	-	-	-	docs/knowledgeos/brainstorming/phase_measure_theory/20260826-162527_phase-1-what-is-being-observed.md	-
0451	PENDING	-	-	-	docs/knowledgeos/brainstorming/phase_measure_theory/20260826-163610_arjuna-as-observer-a-knowledgeos-analysis.md	-
0452	PENDING	-	-	-	docs/knowledgeos/brainstorming/phase_measure_theory/20260826-163735_the-investigation-is-progressive.md	-
0453	PENDING	-	-	-	docs/knowledgeos/brainstorming/phase_measure_theory/20260826-164123_what-zero-does-does-zero-belong-to-knowledgeos.md	-
0454	PENDING	-	-	-	docs/knowledgeos/brainstorming/phase_measure_theory/20260826-165743_question-2-what-is-a-dimension.md	-
0455	PENDING	-	-	-	docs/knowledgeos/brainstorming/phase_measure_theory/20260826-170313_observer-asks-knowledgeos-reconstructs-the-dimensions.md	-
0456	PENDING	-	-	-	docs/knowledgeos/brainstorming/phase_measure_theory/20260826-170948_why-a-c-type-parser-is-useful.md	-
0457	PENDING	-	-	-	docs/knowledgeos/brainstorming/phase_measure_theory/20260826-171411_mathematical-redefinition-dimension-discovery-and-natural-language-parsing.md	-
0458	PENDING	-	-	-	docs/knowledgeos/brainstorming/phase_measure_theory/20260826-171508_why-parsing-belongs-inside-knowledgeos.md	-
0459	PENDING	-	-	-	docs/knowledgeos/brainstorming/phase_measure_theory/20260826-171848_architectural-ownership-of-semantic-reconstruction.md	-
0460	PENDING	-	-	-	docs/knowledgeos/brainstorming/phase_measure_theory/20260826-172247_mathematical-review-of-the-knowledgeos-model.md	-
0461	PENDING	-	-	-	docs/knowledgeos/brainstorming/phase_measure_theory/20260826-172732_the-knowledgeos-knowledge-atom.md	-
0462	PENDING	-	-	-	docs/knowledgeos/brainstorming/phase_measure_theory/20260826-172933_question-4-evidence-and-epistemic-state-transition.md	-
0463	PENDING	-	-	-	docs/knowledgeos/brainstorming/phase_measure_theory/20260826-173048_question-5-comparing-and-challenging-assertions.md	-
0464	PENDING	-	-	-	docs/knowledgeos/brainstorming/phase_measure_theory/20260826-173211_question-5-comparing-and-challenging-assertions-v2.md	-
0465	PENDING	-	-	-	docs/knowledgeos/brainstorming/phase_measure_theory/20260826-173318_question-4a-what-exactly-is-an-epistemic-state.md	-
0466	PENDING	-	-	-	docs/knowledgeos/brainstorming/phase_measure_theory/20260826-173337_review-comparison-should-compare-propositions-first.md	-
0467	PENDING	-	-	-	docs/knowledgeos/brainstorming/phase_measure_theory/20260826-173435_question-5-updating-and-preserving-assertions.md	-
0468	PENDING	-	-	-	docs/knowledgeos/brainstorming/phase_measure_theory/20260826-173537_review-an-update-does-not-necessarily-create-a-new-assertion.md	-
0469	PENDING	-	-	-	docs/knowledgeos/brainstorming/phase_measure_theory/20260826-173853_question-6-what-is-a-knowledge-state.md	-
0470	PENDING	-	-	-	docs/knowledgeos/brainstorming/phase_measure_theory/20260826-174215_knowledgeos-the-complete-mathematical-model.md	-
0471	PENDING	-	-	-	docs/knowledgeos/brainstorming/phase_measure_theory/20260826-174810_question-7-what-is-knowledge-itself.md	-
0472	PENDING	-	-	-	docs/knowledgeos/brainstorming/phase_measure_theory/20260826-175140_question-8-what-makes-a-knowledge-state-coherent.md	-
0473	PENDING	-	-	-	docs/knowledgeos/brainstorming/phase_measure_theory/20260826-175149_verdict-on-the-preceding-question.md	-
0474	PENDING	-	-	-	docs/knowledgeos/brainstorming/phase_measure_theory/20260826-175458_question-9-what-is-a-conflict-and-how-is-it-resolved.md	-
0475	PENDING	-	-	-	docs/knowledgeos/brainstorming/phase_measure_theory/20260826-175731_question-10-what-is-a-gap-and-how-does-it-differ-from-a-conflict.md	-
0476	PENDING	-	-	-	docs/knowledgeos/brainstorming/phase_measure_theory/20260826-180258_question-11-what-is-the-ideal-state.md	-
0477	PENDING	-	-	-	docs/knowledgeos/brainstorming/phase_measure_theory/20260826-180537_question-12-how-do-we-measure-distance-to-the-ideal-state.md	-
0478	PENDING	-	-	-	docs/knowledgeos/brainstorming/phase_measure_theory/20260826-181048_question-12a-measuring-distance-current-to-corresponding-ideal.md	-
0479	PENDING	-	-	-	docs/knowledgeos/brainstorming/phase_measure_theory/20260826-181441_question-13-formal-structure-of-the-knowledge-state.md	-
0480	PENDING	-	-	-	docs/knowledgeos/brainstorming/phase_measure_theory/20260826-182409_question-14-the-knowledgeos-type-system-complete-formal-definition.md	-
0481	PENDING	-	-	-	docs/knowledgeos/brainstorming/phase_measure_theory/20260826-183128_question-15-state-transition-how-kt-becomes-kt-plus-1.md	-
0482	PENDING	-	-	-	docs/knowledgeos/brainstorming/phase_measure_theory/20260826-183636_question-16-epistemic-logic-observation-evidence-inference-contradiction.md	-
0483	PENDING	-	-	-	docs/knowledgeos/brainstorming/phase_measure_theory/20260826-184000_question-17-how-zero-lord-and-sarathi-interact-with-the-transition-system.md	-
0484	PENDING	-	-	-	docs/knowledgeos/brainstorming/phase_measure_theory/20260826-184327_question-18-how-does-the-ideal-state-evolve-and-who-controls-it.md	-
0485	PENDING	-	-	-	docs/knowledgeos/brainstorming/phase_measure_theory/20260826-184707_question-19-distance-measuring-the-difference-between-states.md	-
0486	PENDING	-	-	-	docs/knowledgeos/brainstorming/phase_measure_theory/20260826-184858_question-20-the-complete-system-state-and-how-it-evolves.md	-
0487	PENDING	-	-	-	docs/knowledgeos/brainstorming/phase_measure_theory/20260826-184944_question-19-representing-and-measuring-discrepancy-filed-as-q21.md	-
0488	PENDING	-	-	-	docs/knowledgeos/brainstorming/phase_measure_theory/20260826-185100_question-19-what-is-a-discrepancy-between-current-and-ideal-filed-as-q21.md	-
0489	PENDING	-	-	-	docs/knowledgeos/brainstorming/phase_measure_theory/20260826-185440_question-22-how-do-we-prioritize-which-deficiencies-to-address-first.md	-
0490	PENDING	-	-	-	docs/knowledgeos/brainstorming/phase_measure_theory/20260826-185636_question-23-when-to-stop-investigating-and-present-a-decision.md	-
0491	PENDING	-	-	-	docs/knowledgeos/brainstorming/phase_measure_theory/20260826-185755_question-24-presenting-the-decision-ready-state-to-the-knower.md	-
0492	PENDING	-	-	-	docs/knowledgeos/brainstorming/phase_measure_theory/20260826-221512_reality-observation-representation-and-knowledge-missing-distinction.md	-
0493	PENDING	-	-	-	docs/knowledgeos/brainstorming/phase_measure_theory/20260826-223053_what-we-are-actually-validating.md	-
0494	PENDING	-	-	-	docs/knowledgeos/brainstorming/phase_measure_theory/20260826-231807_correction-chapter-3-is-not-primarily-an-epistemic-chapter.md	-
0495	PENDING	-	-	-	docs/knowledgeos/brainstorming/phase_measure_theory/20260826-232221_correction-chapter-3-is-not-primarily-an-epistemic-chapter-duplicate.md	-
0496	PENDING	-	-	-	docs/knowledgeos/brainstorming/phase_measure_theory/20260827-081318_what-chapter-3-strongly-supports.md	-
0497	PENDING	-	-	-	docs/knowledgeos/brainstorming/phase_measure_theory/20260827-082029_knowledgeos-becomes-an-epistemic-operating-system.md	-
0498	PENDING	-	-	-	docs/knowledgeos/brainstorming/phase_measure_theory/20260827-082901_ai-today-vs-knowledgeos.md	-
0499	PENDING	-	-	-	docs/knowledgeos/brainstorming/phase_measure_theory/20260827-083550_where-does-a-chatgpt-like-llm-get-its-information.md	-
0500	PENDING	-	-	-	docs/knowledgeos/brainstorming/phase_measure_theory/20260827-085131_atman-in-the-conceptual-model.md	-
0501	PENDING	-	-	-	docs/knowledgeos/brainstorming/phase_measure_theory/20260827-085756_atman-within-our-knowledgeos-theory.md	-
0502	PENDING	-	-	-	docs/knowledgeos/brainstorming/phase_measure_theory/20260827-090130_atman-within-our-knowledgeos-theory-duplicate.md	-
0503	PENDING	-	-	-	docs/knowledgeos/brainstorming/phase_measure_theory/20260827-090258_atma-and-kernel-are-the-same-underlying-idea.md	-
0504	PENDING	-	-	-	docs/knowledgeos/brainstorming/phase_measure_theory/20260827-090350_atma-can-be-the-knowledgeos-kernel.md	-
0505	PENDING	-	-	-	docs/knowledgeos/brainstorming/phase_measure_theory/20260827-090518_human-knower-a-tma.md	-
0506	PENDING	-	-	-	docs/knowledgeos/brainstorming/phase_measure_theory/20260827-091335_where-we-started.md	-
0507	PENDING	-	-	-	docs/knowledgeos/brainstorming/phase_measure_theory/20260827-092106_computational-realizability-verification.md	-
0508	PENDING	-	-	-	docs/knowledgeos/brainstorming/phase_measure_theory/20260827-093824_then-the-picture-is-this.md	-
0509	PENDING	-	-	-	docs/knowledgeos/brainstorming/phase_measure_theory/20260827-093837_your-idea.md	-
0510	PENDING	-	-	-	docs/knowledgeos/brainstorming/phase_measure_theory/20260827-093910_my-overall-assessment.md	-
0511	PENDING	-	-	-	docs/knowledgeos/brainstorming/phase_measure_theory/20260827-094000_question-16-epistemic-logic-file-contains-question-20-21-material.md	-
0512	PENDING	-	-	-	docs/knowledgeos/brainstorming/kernel/20260827-094057_cavell-must-we-mean-what-we-say-lenses.md	-
0513	PENDING	-	-	-	docs/knowledgeos/brainstorming/kernel/20260827-094108_question-5-updating-and-preserving-assertions.md	-
0514	PENDING	-	-	-	docs/knowledgeos/brainstorming/phase_measure_theory/20260827-094200_book-identification.md	-
0515	PENDING	-	-	-	docs/knowledgeos/brainstorming/phase_measure_theory/20260827-094244_then-your-model-becomes.md	-
0516	PENDING	-	-	-	docs/knowledgeos/brainstorming/phase_measure_theory/20260827-094259_where-we-are-now.md	-
0517	PENDING	-	-	-	docs/knowledgeos/brainstorming/phase_measure_theory/20260827-094318_correction-don-t-map-chakra-knowledge-layer.md	-
0518	PENDING	-	-	-	docs/knowledgeos/brainstorming/phase_measure_theory/20260827-094345_the-key-idea-consciousness-is-not-represented-as-a-database.md	-
0519	PENDING	-	-	-	docs/knowledgeos/brainstorming/phase_measure_theory/20260827-094409_the-elements-of-statistical-learning-zero-leonardo.md	-
0520	PENDING	-	-	-	docs/knowledgeos/brainstorming/phase_measure_theory/20260827-094428_knowledgeos-research-extraction-logitica.md	-
0521	PENDING	-	-	-	docs/knowledgeos/brainstorming/phase_measure_theory/20260827-112659_computational-realizability-verification-duplicate.md	-
0522	PENDING	-	-	-	docs/knowledgeos/brainstorming/phase_measure_theory/20260827-113303_knowledgeos-does-not-have-one-input.md	-
0523	PENDING	-	-	-	docs/knowledgeos/brainstorming/phase_measure_theory/20260827-113310_knowledgeos-does-not-have-one-input-duplicate.md	-
0524	PENDING	-	-	-	docs/knowledgeos/brainstorming/phase_measure_theory/20260827-113443_knowledgeos-does-not-have-one-input-duplicate-2.md	-
0525	PENDING	-	-	-	docs/knowledgeos/brainstorming/phase_measure_theory/20260827-113816_where-we-actually-stand.md	-
0526	PENDING	-	-	-	docs/knowledgeos/brainstorming/phase_measure_theory/20260827-114304_phase-1-close-the-epistemic-primitives.md	-
0527	PENDING	-	-	-	docs/knowledgeos/brainstorming/phase_measure_theory/20260827-124619_closure-01-observation-role-senior-mathematician-ddd-architect.md	-
0528	PENDING	-	-	-	docs/knowledgeos/brainstorming/phase_measure_theory/20260827-125403_why-i-prefer-option-3.md	-
0529	PENDING	-	-	-	docs/knowledgeos/brainstorming/phase_measure_theory/20260827-125515_the-core-insight-three-distinct-information-pathways.md	-
0530	PENDING	-	-	-	docs/knowledgeos/brainstorming/phase_measure_theory/20260827-125608_closure-01-observation-working-model.md	-
0531	PENDING	-	-	-	docs/knowledgeos/brainstorming/phase_measure_theory/20260827-130026_closure-02-interpretation.md	-
0532	PENDING	-	-	-	docs/knowledgeos/brainstorming/phase_measure_theory/20260827-130226_closure-03-epistemic-admission.md	-
0533	PENDING	-	-	-	docs/knowledgeos/brainstorming/phase_measure_theory/20260827-131702_closure-04-evidence.md	-
0534	PENDING	-	-	-	docs/knowledgeos/brainstorming/phase_measure_theory/20260827-133340_closure-03-evidence.md	-
0535	PENDING	-	-	-	docs/knowledgeos/brainstorming/phase_measure_theory/20260827-133711_closure-04a-mathematical-laws-of-evidence-assessment.md	-
0536	PENDING	-	-	-	docs/knowledgeos/brainstorming/phase_measure_theory/20260827-134245_evidence-algebra-step-01-define-the-universe.md	-
0537	PENDING	-	-	-	docs/knowledgeos/brainstorming/phase_measure_theory/20260827-134357_closure-04b-candidate-evidence-algebras.md	-
0538	PENDING	-	-	-	docs/knowledgeos/brainstorming/phase_measure_theory/20260827-134514_next-experiment-four-evidence-algebras.md	-
0539	PENDING	-	-	-	docs/knowledgeos/brainstorming/phase_measure_theory/20260827-135038_experimental-verdict.md	-
0540	PENDING	-	-	-	docs/knowledgeos/brainstorming/phase_measure_theory/20260827-140232_evidence-identity-equivalence-and-dependency-calculus.md	-
0541	PENDING	-	-	-	docs/knowledgeos/brainstorming/phase_measure_theory/20260827-140653_step-001-operational-independence.md	-
0542	PENDING	-	-	-	docs/knowledgeos/brainstorming/phase_measure_theory/20260827-140705_evidence-identity-equivalence-and-dependency-calculus-duplicate.md	-
0543	PENDING	-	-	-	docs/knowledgeos/brainstorming/phase_measure_theory/20260827-140919_step-002-what-does-it-mean-for-two-evidence-items-to-be-the-same.md	-
0544	PENDING	-	-	-	docs/knowledgeos/brainstorming/phase_measure_theory/20260827-141118_step-003-evidence-assessment-algebra.md	-
0545	PENDING	-	-	-	docs/knowledgeos/brainstorming/phase_measure_theory/20260827-142250_step-004-the-evidence-aggregation-axioms.md	-
0546	PENDING	-	-	-	docs/knowledgeos/brainstorming/phase_measure_theory/20260827-142333_step-005-what-is-the-mathematical-object-being-aggregated.md	-
0547	PENDING	-	-	-	docs/knowledgeos/brainstorming/phase_measure_theory/20260827-142514_step-006-information-gain-and-value-of-evidence.md	-
0548	PENDING	-	-	-	docs/knowledgeos/brainstorming/phase_measure_theory/20260827-142709_step-007-how-does-new-evidence-change-the-knowledge-state.md	-
0549	PENDING	-	-	-	docs/knowledgeos/brainstorming/phase_measure_theory/20260827-151920_step-008-epistemic-acceptance-and-commitment.md	-
0550	PENDING	-	-	-	docs/knowledgeos/brainstorming/phase_measure_theory/20260827-152002_step-009-contradiction-paraconsistency-and-belief-revision.md	-
0551	PENDING	-	-	-	docs/knowledgeos/brainstorming/phase_measure_theory/20260827-152413_step-011-uncertainty-propagation-and-derived-knowledge.md	-
0552	PENDING	-	-	-	docs/knowledgeos/brainstorming/phase_measure_theory/20260827-153436_step-012-identity-entity-resolution-and-semantic-equivalence.md	-
0553	PENDING	-	-	-	docs/knowledgeos/brainstorming/phase_measure_theory/20260827-153702_step-013-sufficiency-completeness-and-readiness-for-purpose.md	-
0554	PENDING	-	-	-	docs/knowledgeos/brainstorming/phase_measure_theory/20260827-153750_step-010-inference-and-derivation.md	-
0555	PENDING	-	-	-	docs/knowledgeos/brainstorming/phase_measure_theory/20260827-154223_step-013-sufficiency-completeness-and-readiness-for-purpose-duplicate.md	-
0556	PENDING	-	-	-	docs/knowledgeos/brainstorming/phase_measure_theory/20260827-155259_step-014-causality-dependency-and-counterfactual-reasoning.md	-
0557	PENDING	-	-	-	docs/knowledgeos/brainstorming/phase_measure_theory/20260827-155652_step-015-decision-theory-and-action-selection.md	-
0558	PENDING	-	-	-	docs/knowledgeos/brainstorming/phase_measure_theory/20260827-160001_step-016-temporal-knowledge-events-state-evolution-and-knowledge-versioning.md	-
0559	PENDING	-	-	-	docs/knowledgeos/brainstorming/phase_measure_theory/20260827-160217_step-016-temporal-knowledge-events-state-evolution-and-knowledge-versioning-duplicate.md	-
0560	PENDING	-	-	-	docs/knowledgeos/brainstorming/phase_measure_theory/20260827-160410_step-017-ontology-concepts-semantics-and-domain-models.md	-
0561	PENDING	-	-	-	docs/knowledgeos/brainstorming/phase_measure_theory/20260827-160659_step-018-rules-inference-logic-constraints-and-the-reasoning-engine.md	-
0562	PENDING	-	-	-	docs/knowledgeos/brainstorming/phase_measure_theory/20260827-160922_step-019-authority-trust-evidence-weighting-source-reliability-and-knowledge-commitment.md	-
0563	PENDING	-	-	-	docs/knowledgeos/brainstorming/phase_measure_theory/20260827-161157_step-020-uncertainty-probability-ambiguity-incompleteness-conflict-and-confidence.md	-
0564	PENDING	-	-	-	docs/knowledgeos/brainstorming/phase_measure_theory/20260827-161423_step-021-goals-intentions-decisions-actions-utility-risk-constraints-and-outcomes.md	-
0565	PENDING	-	-	-	docs/knowledgeos/brainstorming/phase_measure_theory/20260827-161800_step-022-identity-lineage-provenance-causality-and-traceability.md	-
0566	PENDING	-	-	-	docs/knowledgeos/brainstorming/phase_measure_theory/20260827-162331_step-024-formal-composition-consistency-invariants-and-closure-of-the-knowledgeos-model.md	-
0567	PENDING	-	-	-	docs/knowledgeos/brainstorming/phase_measure_theory/20260827-162545_step-023-epistemic-sufficiency-readiness-completeness-and-the-knowledge-boundary.md	-
0568	PENDING	-	-	-	docs/knowledgeos/brainstorming/phase_measure_theory/20260827-162652_step-025-executable-knowledgeos-reference-model-and-adversarial-simulation.md	-
0569	PENDING	-	-	-	docs/knowledgeos/brainstorming/phase_measure_theory/20260827-162919_step-026-further-steps-freeze-the-conceptual-construction.md	-
0570	PENDING	-	-	-	docs/knowledgeos/brainstorming/phase_measure_theory/20260827-181041_knowledgeos-historical-experimental-knowledge-extraction.md	-
0571	PENDING	-	-	-	docs/knowledgeos/brainstorming/phase_measure_theory/20260827-181126_freeze-the-conceptual-construction-temporarily.md	-
0572	PENDING	-	-	-	docs/knowledgeos/brainstorming/phase_measure_theory/20260827-181325_step-025a-1-minimal-formal-state-and-type-system.md	-
0573	PENDING	-	-	-	docs/knowledgeos/brainstorming/phase_measure_theory/20260827-181510_step-025a-2-evidence-to-assessment-to-assertion.md	-
0574	PENDING	-	-	-	docs/knowledgeos/brainstorming/phase_measure_theory/20260827-181716_step-025a-3-knowledge-state-revision-conflict-temporal-validity-and-retraction.md	-
0575	PENDING	-	-	-	docs/knowledgeos/brainstorming/phase_measure_theory/20260827-181825_step-025a-4-executable-knowledge-state-model.md	-
0576	PENDING	-	-	-	docs/knowledgeos/brainstorming/phase_measure_theory/20260827-182235_step-025a-5-property-based-falsification-of-the-knowledge-state.md	-
0577	PENDING	-	-	-	docs/knowledgeos/brainstorming/phase_measure_theory/20260827-182411_step-025b-adversarial-end-to-end-knowledgeos-simulation.md	-
0578	PENDING	-	-	-	docs/knowledgeos/brainstorming/phase_measure_theory/20260827-182534_step-025c-evidence-aggregation-algebra.md	-
0579	PENDING	-	-	-	docs/knowledgeos/brainstorming/phase_measure_theory/20260827-182708_step-025c-1-compare-candidate-evidence-algebras.md	-
0580	PENDING	-	-	-	docs/knowledgeos/brainstorming/phase_measure_theory/20260827-182835_step-025c-2-independent-evidence-combination.md	-
0581	PENDING	-	-	-	docs/knowledgeos/brainstorming/phase_measure_theory/20260827-182955_step-025c-3-evidence-dependence-and-information-value.md	-
0582	PENDING	-	-	-	docs/knowledgeos/brainstorming/phase_measure_theory/20260827-183142_step-025d-formal-zero-algebra.md	-
0583	PENDING	-	-	-	docs/knowledgeos/brainstorming/phase_measure_theory/20260827-183320_step-025e-formal-epistemic-contract-algebra.md	-
0584	PENDING	-	-	-	docs/knowledgeos/brainstorming/phase_measure_theory/20260827-183529_step-025f-governance-conflict-algebra.md	-
0585	PENDING	-	-	-	docs/knowledgeos/brainstorming/phase_measure_theory/20260827-183746_step-025g-formal-lord-algebra-choosing-the-next-action.md	-
0586	PENDING	-	-	-	docs/knowledgeos/brainstorming/phase_measure_theory/20260828-092308_step-025h-formal-sa-rathi-algebra-decision-utility-risk-and-authorization.md	-
0587	PENDING	-	-	-	docs/knowledgeos/brainstorming/phase_measure_theory/20260828-093700_step-025i-knowledge-identity-algebra.md	-
0588	PENDING	-	-	-	docs/knowledgeos/brainstorming/phase_measure_theory/20260828-093812_step-025j-semantic-equivalence-refinement-contradiction-and-knowledge-merge.md	-
0589	PENDING	-	-	-	docs/knowledgeos/brainstorming/phase_measure_theory/20260828-093925_step-025k-knowledge-state-algebra-and-closure.md	-
0590	PENDING	-	-	-	docs/knowledgeos/brainstorming/phase_measure_theory/20260828-094013_step-025l-distributed-knowledge-merge-convergence-and-consistency.md	-
0591	PENDING	-	-	-	docs/knowledgeos/brainstorming/phase_measure_theory/20260828-094115_step-025m-epistemic-error-refutation-retraction-correction-and-revision.md	-
0592	PENDING	-	-	-	docs/knowledgeos/brainstorming/phase_measure_theory/20260828-094210_step-025n-evidence-aggregation-algebra.md	-
0593	PENDING	-	-	-	docs/knowledgeos/brainstorming/phase_measure_theory/20260828-094256_step-025o-truth-validity-belief-knowledge-and-epistemic-status.md	-
0594	PENDING	-	-	-	docs/knowledgeos/brainstorming/phase_measure_theory/20260828-094407_step-025p-causality-counterfactuals-interventions-and-root-cause-knowledge.md	-
0595	PENDING	-	-	-	docs/knowledgeos/brainstorming/phase_measure_theory/20260828-100603_step-025q-models-hypotheses-prediction-model-selection-and-scientific-revision.md	-
0596	PENDING	-	-	-	docs/knowledgeos/brainstorming/phase_measure_theory/20260828-100659_step-025r-decision-theory-utility-risk-value-of-information-and-rational-action.md	-
0597	PENDING	-	-	-	docs/knowledgeos/brainstorming/phase_measure_theory/20260828-100737_step-025s-identity-entity-resolution-same-as-distinct-from-and-knowledge-atma.md	-
0598	PENDING	-	-	-	docs/knowledgeos/brainstorming/phase_measure_theory/20260828-100823_step-025t-formal-inference-derivation-rules-proof-constraints-and-verifiable-reasoning.md	-
0599	PENDING	-	-	-	docs/knowledgeos/brainstorming/phase_measure_theory/20260828-100905_step-025u-multi-agent-knowledge-conflict-resolution-consensus-trust-and-distributed-epistemics.md	-
0600	PENDING	-	-	-	docs/knowledgeos/brainstorming/phase_measure_theory/20260828-101022_step-025v-semantics-ontology-bounded-contexts-meaning-alignment-and-semantic-interoperability.md	-
0601	PENDING	-	-	-	docs/knowledgeos/brainstorming/phase_measure_theory/20260828-101108_step-025w-temporal-consistency-bitemporal-knowledge-version-alignment-and-snapshot-semantics.md	-
0602	PENDING	-	-	-	docs/knowledgeos/brainstorming/phase_measure_theory/20260828-101153_step-025x-distributed-epistemics-consistency-models-event-ordering-causality-and-knowledge-conver.md	-
0603	PENDING	-	-	-	docs/knowledgeos/brainstorming/phase_measure_theory/20260828-101241_step-025y-evidence-integrity-cryptographic-provenance-authenticity-tamper-detection-and-chain-of.md	-
0604	PENDING	-	-	-	docs/knowledgeos/brainstorming/phase_measure_theory/20260828-101325_step-025z-action-intervention-control-risk-and-feedback.md	-
0605	PENDING	-	-	-	docs/knowledgeos/brainstorming/phase_measure_theory/20260828-101406_step-026-model-boundary-abstraction-observability-identifiability-and-epistemic-blind-spots.md	-
0606	PENDING	-	-	-	docs/knowledgeos/brainstorming/phase_measure_theory/20260828-101458_step-027-uncertainty-calculus-probability-confidence-belief-and-evidence-weight.md	-
0607	PENDING	-	-	-	docs/knowledgeos/brainstorming/phase_measure_theory/20260828-101530_step-028-epistemic-conflict-belief-revision-multiple-authorities-and-contradiction.md	-
0608	PENDING	-	-	-	docs/knowledgeos/brainstorming/phase_measure_theory/20260828-101614_step-029-knowledge-consistency-constraints-invariants-satisfiability-and-dependency.md	-
0609	PENDING	-	-	-	docs/knowledgeos/brainstorming/phase_measure_theory/20260828-102009_step-030-epistemic-calibration-reality-alignment-validation-ground-truth-and-model-drift.md	-
0610	PENDING	-	-	-	docs/knowledgeos/brainstorming/phase_measure_theory/20260828-102145_step-030-analysis-preliminary-verdict.md	-
0611	PENDING	-	-	-	docs/knowledgeos/brainstorming/phase_measure_theory/20260828-102251_step-031-mathematical-formalization-and-consistency-audit-of-knowledgeos.md	-
0612	PENDING	-	-	-	docs/knowledgeos/brainstorming/phase_measure_theory/20260828-102341_step-032-epistemic-algebra-type-closure-composition-laws-and-state-transition-semantics.md	-
0613	PENDING	-	-	-	docs/knowledgeos/brainstorming/phase_measure_theory/20260828-102424_step-033-uncertainty-propagation-dependence-correlation-error-propagation-and-epistemic-risk.md	-
0614	PENDING	-	-	-	docs/knowledgeos/brainstorming/phase_measure_theory/20260828-102459_step-034-information-acquisition-value-of-information-active-learning-and-the-next-best-epistemic.md	-
0615	PENDING	-	-	-	docs/knowledgeos/brainstorming/phase_measure_theory/20260828-102539_step-035-epistemic-resource-allocation-attention-scheduling-knowledge-triage-and-portfolio-optimi.md	-
0616	PENDING	-	-	-	docs/knowledgeos/brainstorming/phase_measure_theory/20260828-102624_step-036-epistemic-calibration-reliability-meta-validation-and-knowledge-system-health.md	-
0617	PENDING	-	-	-	docs/knowledgeos/brainstorming/phase_measure_theory/20260828-102747_step-037-adversarial-epistemology-epistemic-integrity-trust-manipulation-and-strategic-behavior.md	-
0618	PENDING	-	-	-	docs/knowledgeos/brainstorming/phase_measure_theory/20260828-102917_step-038-identity-entity-resolution-equivalence-reference-integrity-and-the-mathematics-of-same.md	-
0619	PENDING	-	-	-	docs/knowledgeos/brainstorming/phase_measure_theory/20260828-102953_step-039-bounded-context-translation-semantic-mapping-conceptual-alignment-and-knowledge-interope.md	-
0620	PENDING	-	-	-	docs/knowledgeos/brainstorming/phase_measure_theory/20260828-103049_step-040-cross-context-consistency-contradiction-reconciliation-and-epistemic-authority.md	-
0621	PENDING	-	-	-	docs/knowledgeos/brainstorming/phase_measure_theory/20260828-103343_step-001-40-review-where-we-are-now.md	-
0622	PENDING	-	-	-	docs/knowledgeos/brainstorming/phase_measure_theory/20260828-103429_step-041-epistemic-sufficiency-decision-preconditions-and-assurance-composition.md	-
0623	PENDING	-	-	-	docs/knowledgeos/brainstorming/phase_measure_theory/20260828-103509_step-042-assurance-composition-invariants-safety-gates-and-formal-decision-contracts.md	-
0624	PENDING	-	-	-	docs/knowledgeos/brainstorming/phase_measure_theory/20260828-103559_step-043-causal-reasoning-intervention-counterfactuals-and-learning-from-outcomes.md	-
0625	PENDING	-	-	-	docs/knowledgeos/brainstorming/phase_measure_theory/20260828-103643_step-044-dynamic-causal-systems-feedback-loops-cascades-stability-and-second-order-effects.md	-
0626	PENDING	-	-	-	docs/knowledgeos/brainstorming/phase_measure_theory/20260828-103723_step-045-adaptive-learning-model-revision-concept-drift-and-knowledge-evolution.md	-
0627	PENDING	-	-	-	docs/knowledgeos/brainstorming/phase_measure_theory/20260828-103922_step-046-learning-stability-self-correction-feedback-safety-and-epistemic-control.md	-
0628	PENDING	-	-	-	docs/knowledgeos/brainstorming/phase_measure_theory/20260828-104043_step-047-epistemic-control-self-correction-feedback-safety-and-prevention-of-knowledgeos-self-dec.md	-
0629	PENDING	-	-	-	docs/knowledgeos/brainstorming/phase_measure_theory/20260828-104102_step-048-global-invariants-compositional-verification-and-the-formal-correctness-contract.md	-
0630	PENDING	-	-	-	docs/knowledgeos/brainstorming/phase_measure_theory/20260828-104146_step-049-formal-model-reduction-consistency-checking-primitive-identification-and-computability.md	-
0631	PENDING	-	-	-	docs/knowledgeos/brainstorming/phase_measure_theory/20260828-113416_step-050-formal-consistency-audit-attempting-to-break-the-knowledgeos-model.md	-
0632	PENDING	-	-	-	docs/knowledgeos/brainstorming/phase_measure_theory/20260828-113444_step-051-executable-reference-model.md	-
0633	PENDING	-	-	-	docs/knowledgeos/brainstorming/phase_measure_theory/20260828-113550_step-052-mathematical-kernel-to-ddd-bounded-context-mapping.md	-
0634	PENDING	-	-	-	docs/knowledgeos/brainstorming/phase_measure_theory/20260828-113622_step-052-mathematical-kernel-to-ddd-bounded-context-mapping-duplicate.md	-
0635	PENDING	-	-	-	docs/knowledgeos/brainstorming/phase_measure_theory/20260828-113646_step-053-context-contract-algebra.md	-
0636	PENDING	-	-	-	docs/knowledgeos/brainstorming/phase_measure_theory/20260828-113723_step-054-mathematical-types-to-ddd-domain-types-to-executable-contracts.md	-
0637	PENDING	-	-	-	docs/knowledgeos/brainstorming/phase_measure_theory/20260828-113800_step-055-reference-implementation-specification.md	-
0638	PENDING	-	-	-	docs/knowledgeos/brainstorming/phase_measure_theory/20260828-113826_step-056-build-and-execute-the-knowledgeos-reference-machine.md	-
0639	PENDING	-	-	-	docs/knowledgeos/brainstorming/phase_measure_theory/20260828-113901_step-057-liveness-and-progress-calculus.md	-
0640	PENDING	-	-	-	docs/knowledgeos/brainstorming/phase_measure_theory/20260828-113932_step-058-compositional-correctness.md	-
0641	PENDING	-	-	-	docs/knowledgeos/brainstorming/phase_measure_theory/20260828-114004_step-059-concurrency-and-interleaving-calculus.md	-
0642	PENDING	-	-	-	docs/knowledgeos/brainstorming/phase_measure_theory/20260828-114040_step-060-epistemic-algebra-and-knowledge-state-ordering.md	-
0643	PENDING	-	-	-	docs/knowledgeos/brainstorming/phase_measure_theory/20260828-114401_step-061-information-gain-uncertainty-and-epistemic-quality.md	-
0644	PENDING	-	-	-	docs/knowledgeos/brainstorming/phase_measure_theory/20260828-114426_step-046-learning-stability-self-correction-feedback-safety-and-epistemic-control-duplicate.md	-
0645	PENDING	-	-	-	docs/knowledgeos/brainstorming/phase_measure_theory/20260828-114457_step-062-decision-theory-and-the-knowledge-to-action-boundary.md	-
0646	PENDING	-	-	-	docs/knowledgeos/brainstorming/phase_measure_theory/20260828-114528_step-063-causal-reasoning-and-intervention.md	-
0647	PENDING	-	-	-	docs/knowledgeos/brainstorming/phase_measure_theory/20260828-114659_step-064-model-uncertainty-distribution-shift-and-self-validation.md	-
0648	PENDING	-	-	-	docs/knowledgeos/brainstorming/phase_measure_theory/20260828-115002_step-066-partial-observability-and-the-epistemic-boundary.md	-
0649	PENDING	-	-	-	docs/knowledgeos/brainstorming/phase_measure_theory/20260828-115054_step-065-multi-agent-epistemic-independence-and-error-propagation.md	-
0650	PENDING	-	-	-	docs/knowledgeos/brainstorming/phase_measure_theory/20260828-120419_step-067-the-epistemic-type-system.md	-
0651	PENDING	-	-	-	docs/knowledgeos/brainstorming/phase_measure_theory/20260828-120450_step-067-the-epistemic-type-system-duplicate.md	-
0652	PENDING	-	-	-	docs/knowledgeos/brainstorming/phase_measure_theory/20260828-120509_step-068-contradiction-paraconsistency-and-knowledge-revision.md	-
0653	PENDING	-	-	-	docs/knowledgeos/brainstorming/phase_measure_theory/20260828-120543_step-069-computability-state-space-and-executable-knowledge.md	-
0654	PENDING	-	-	-	docs/knowledgeos/brainstorming/phase_measure_theory/20260828-120623_step-070-the-minimal-knowledgeos-kernel.md	-
0655	PENDING	-	-	-	docs/knowledgeos/brainstorming/phase_measure_theory/20260828-120653_step-071-compositional-correctness-of-knowledgeos.md	-
0656	PENDING	-	-	-	docs/knowledgeos/brainstorming/phase_measure_theory/20260828-120724_step-072-epistemic-consistency-under-concurrency.md	-
0657	PENDING	-	-	-	docs/knowledgeos/brainstorming/phase_measure_theory/20260828-120900_step-073-identity-trust-and-cryptographic-provenance.md	-
0658	PENDING	-	-	-	docs/knowledgeos/brainstorming/phase_measure_theory/20260828-120906_step-074-causal-knowledge-from-correlation-to-intervention.md	-
0659	PENDING	-	-	-	docs/knowledgeos/brainstorming/phase_measure_theory/20260828-120938_step-075-decision-theory-under-uncertainty.md	-
0660	PENDING	-	-	-	docs/knowledgeos/brainstorming/phase_measure_theory/20260828-121008_step-076-multi-objective-decisions-and-governance-of-values.md	-
0661	PENDING	-	-	-	docs/knowledgeos/brainstorming/phase_measure_theory/20260828-121039_step-077-governance-of-the-decision-model.md	-
0662	PENDING	-	-	-	docs/knowledgeos/brainstorming/phase_measure_theory/20260828-121113_step-078-organizational-agency-and-the-multi-agent-boundary.md	-
0663	PENDING	-	-	-	docs/knowledgeos/brainstorming/phase_measure_theory/20260828-121150_step-079-emergence-systemic-risk-and-collective-correctness.md	-
0664	PENDING	-	-	-	docs/knowledgeos/brainstorming/phase_measure_theory/20260828-121233_step-080-organizational-control-and-feedback.md	-
0665	PENDING	-	-	-	docs/knowledgeos/brainstorming/phase_measure_theory/20260828-121311_step-080-organizational-control-and-feedback-duplicate.md	-
0666	PENDING	-	-	-	docs/knowledgeos/brainstorming/phase_measure_theory/20260828-121328_step-081-observability-and-identifiability.md	-
0667	PENDING	-	-	-	docs/knowledgeos/brainstorming/phase_measure_theory/20260828-121413_step-082-uncertainty-propagation.md	-
0668	PENDING	-	-	-	docs/knowledgeos/brainstorming/phase_measure_theory/20260828-121447_step-083-temporal-reasoning-and-time-dependent-truth.md	-
0669	PENDING	-	-	-	docs/knowledgeos/brainstorming/phase_measure_theory/20260828-121516_step-084-counterfactual-reasoning.md	-
0670	PENDING	-	-	-	docs/knowledgeos/brainstorming/phase_measure_theory/20260828-121630_step-085-strategic-behavior-and-game-theory.md	-
0671	PENDING	-	-	-	docs/knowledgeos/brainstorming/phase_measure_theory/20260828-121717_step-086-mechanism-design-and-institutional-equilibrium.md	-
0672	PENDING	-	-	-	docs/knowledgeos/brainstorming/phase_measure_theory/20260828-121755_step-087-collective-choice-preference-aggregation-and-legitimate-decision.md	-
0673	PENDING	-	-	-	docs/knowledgeos/brainstorming/phase_measure_theory/20260828-121847_step-088-information-theory-information-sufficiency-and-safe-knowledge-compression.md	-
0674	PENDING	-	-	-	docs/knowledgeos/brainstorming/phase_measure_theory/20260828-121923_step-089-computability-decidability-and-the-limits-of-knowledgeos.md	-
0675	PENDING	-	-	-	docs/knowledgeos/brainstorming/phase_measure_theory/20260828-122002_step-090-complexity-scalability-and-computational-economics.md	-
0676	PENDING	-	-	-	docs/knowledgeos/brainstorming/phase_measure_theory/20260828-122043_step-091-formal-specification-and-refinement.md	-
0677	PENDING	-	-	-	docs/knowledgeos/brainstorming/phase_measure_theory/20260828-122128_step-092-concurrency-distributed-state-and-invariant-preservation.md	-
0678	PENDING	-	-	-	docs/knowledgeos/brainstorming/phase_measure_theory/20260828-122208_step-093-reliability-fault-tolerance-and-recovery.md	-
0679	PENDING	-	-	-	docs/knowledgeos/brainstorming/phase_measure_theory/20260828-122245_step-094-security-adversarial-behavior-and-trust.md	-
0680	PENDING	-	-	-	docs/knowledgeos/brainstorming/phase_measure_theory/20260828-122408_step-095-privacy-information-boundaries-and-controlled-knowledge.md	-
0681	PENDING	-	-	-	docs/knowledgeos/brainstorming/phase_measure_theory/20260828-122444_step-096-learning-adaptation-and-model-evolution.md	-
0682	PENDING	-	-	-	docs/knowledgeos/brainstorming/phase_measure_theory/20260828-122523_step-097-human-ai-organizations-responsibility-and-collective-intelligence.md	-
0683	PENDING	-	-	-	docs/knowledgeos/brainstorming/phase_measure_theory/20260828-122620_step-098-economics-resource-constraints-and-optimization.md	-
0684	PENDING	-	-	-	docs/knowledgeos/brainstorming/phase_measure_theory/20260828-122654_step-099-observability-runtime-measurement-and-empirical-assurance.md	-
0685	PENDING	-	-	-	docs/knowledgeos/brainstorming/phase_measure_theory/20260828-122730_step-100-architecture-closure-test.md	-
0686	PENDING	-	-	-	docs/knowledgeos/brainstorming/phase_measure_theory/20260828-122800_step-101-architecture-to-reality-conformance.md	-
0687	PENDING	-	-	-	docs/knowledgeos/brainstorming/phase_measure_theory/20260828-122915_step-102-knowledgeos-architectural-inventory.md	-
0688	PENDING	-	-	-	docs/knowledgeos/brainstorming/phase_measure_theory/20260828-122954_step-103-semantic-model-conformance.md	-
0689	PENDING	-	-	-	docs/knowledgeos/brainstorming/phase_measure_theory/20260828-123048_step-104-governance-conformance.md	-
0690	PENDING	-	-	-	docs/knowledgeos/brainstorming/phase_measure_theory/20260828-123122_step-105-agent-architecture-conformance.md	-
0691	PENDING	-	-	-	docs/knowledgeos/brainstorming/phase_measure_theory/20260828-123216_step-106-runtime-architecture-conformance.md	-
0692	PENDING	-	-	-	docs/knowledgeos/brainstorming/phase_measure_theory/20260828-123314_step-107-architecture-drift-analysis.md	-
0693	PENDING	-	-	-	docs/knowledgeos/brainstorming/phase_measure_theory/20260828-123356_step-108-knowledgeos-conformance-matrix.md	-
0694	PENDING	-	-	-	docs/knowledgeos/brainstorming/phase_measure_theory/20260828-123438_step-109-evidence-based-repository-reconstruction.md	-
0695	PENDING	-	-	-	docs/knowledgeos/brainstorming/phase_measure_theory/20260828-123520_step-110-knowledgeos-system-boundary-reconstruction.md	-
0696	PENDING	-	-	-	docs/knowledgeos/brainstorming/phase_measure_theory/20260828-123552_step-111-actual-knowledgeos-component-inventory.md	-
0697	PENDING	-	-	-	docs/knowledgeos/brainstorming/phase_measure_theory/20260828-123645_step-112-semantic-ownership-reconstruction.md	-
0698	PENDING	-	-	-	docs/knowledgeos/brainstorming/phase_measure_theory/20260828-123718_step-113-knowledgeos-semantic-core-reconstruction.md	-
0699	PENDING	-	-	-	docs/knowledgeos/brainstorming/phase_measure_theory/20260828-124104_step-114-semantic-core-evidence-test.md	-
0700	PENDING	-	-	-	docs/knowledgeos/brainstorming/phase_measure_theory/20260828-124203_step-115-semantic-graph-reconstruction.md	-
0701	PENDING	-	-	-	docs/knowledgeos/brainstorming/phase_measure_theory/20260828-124238_step-116-actual-knowledgeos-graph-extraction.md	-
0702	PENDING	-	-	-	docs/knowledgeos/brainstorming/phase_measure_theory/20260828-124321_step-117-knowledgeos-traceability-experiment.md	-
0703	PENDING	-	-	-	docs/knowledgeos/brainstorming/phase_measure_theory/20260828-124359_step-118-governance-to-engineering-closure-test.md	-
0704	PENDING	-	-	-	docs/knowledgeos/brainstorming/phase_measure_theory/20260828-124431_step-119-knowledgeos-control-loop-evidence-test.md	-
0705	PENDING	-	-	-	docs/knowledgeos/brainstorming/phase_measure_theory/20260828-124510_step-120-knowledgeos-constitutional-invariants.md	-
0706	PENDING	-	-	-	docs/knowledgeos/brainstorming/phase_measure_theory/20260828-124552_step-121-constitution-to-implementation-conformance-test.md	-
0707	PENDING	-	-	-	docs/knowledgeos/brainstorming/phase_measure_theory/20260828-124629_step-122-knowledgeos-evidence-execution-protocol.md	-
0708	PENDING	-	-	-	docs/knowledgeos/brainstorming/phase_measure_theory/20260828-124716_step-123-self-verification-of-knowledgeos.md	-
0709	PENDING	-	-	-	docs/knowledgeos/brainstorming/phase_measure_theory/20260828-124814_step-124-knowledgeos-self-verification-vs-self-governance.md	-
0710	PENDING	-	-	-	docs/knowledgeos/brainstorming/phase_measure_theory/20260828-124910_step-125-knowledgeos-operating-model.md	-
0711	PENDING	-	-	-	docs/knowledgeos/brainstorming/phase_measure_theory/20260828-125024_step-126-knowledgeos-information-model.md	-
0712	PENDING	-	-	-	docs/knowledgeos/brainstorming/phase_measure_theory/20260828-125128_step-127-knowledgeos-domain-bounded-context-test.md	-
0713	PENDING	-	-	-	docs/knowledgeos/brainstorming/phase_measure_theory/20260828-125203_step-127-knowledgeos-domain-bounded-context-test.md	-
0714	PENDING	-	-	-	docs/knowledgeos/brainstorming/phase_measure_theory/20260828-125255_step-128-knowledgeos-context-map-and-dependency-direction.md	-
0715	PENDING	-	-	-	docs/knowledgeos/brainstorming/phase_measure_theory/20260828-125345_step-129-knowledgeos-architecture-fitness-model.md	-
0716	PENDING	-	-	-	docs/knowledgeos/brainstorming/phase_measure_theory/20260828-125449_step-130-the-knowledgeos-assurance-graph.md	-
0717	PENDING	-	-	-	docs/knowledgeos/brainstorming/phase_measure_theory/20260828-125526_step-131-from-assurance-graph-to-knowledgeos-logical-architecture.md	-
0718	PENDING	-	-	-	docs/knowledgeos/brainstorming/phase_measure_theory/20260828-125554_step-132-current-state-reconstruction.md	-
0719	PENDING	-	-	-	docs/knowledgeos/brainstorming/phase_measure_theory/20260828-125624_step-133-repository-artifact-archaeology.md	-
0720	PENDING	-	-	-	docs/knowledgeos/brainstorming/phase_measure_theory/20260828-125635_step-133-repository-artifact-archaeology-duplicate.md	-
0721	PENDING	-	-	-	docs/knowledgeos/brainstorming/phase_measure_theory/20260828-125701_step-134-actual-repository-reconstruction.md	-
0722	PENDING	-	-	-	docs/knowledgeos/brainstorming/phase_measure_theory/20260828-125726_step-135-semantic-ownership-matrix.md	-
0723	PENDING	-	-	-	docs/knowledgeos/brainstorming/phase_measure_theory/20260828-125802_step-136-bounded-context-boundary-tests.md	-
0724	PENDING	-	-	-	docs/knowledgeos/brainstorming/phase_measure_theory/20260828-125843_step-137-the-knowledgeos-domain-model.md	-
0725	PENDING	-	-	-	docs/knowledgeos/brainstorming/phase_measure_theory/20260828-125937_step-138-aggregates-commands-and-domain-events.md	-
0726	PENDING	-	-	-	docs/knowledgeos/brainstorming/phase_measure_theory/20260828-130007_step-139-knowledgeos-context-map-and-integration-contracts.md	-
0727	PENDING	-	-	-	docs/knowledgeos/brainstorming/phase_measure_theory/20260828-130050_step-140-knowledgeos-logical-component-architecture.md	-
0728	PENDING	-	-	-	docs/knowledgeos/brainstorming/phase_measure_theory/20260828-130122_step-141-deployment-and-runtime-architecture.md	-
0729	PENDING	-	-	-	docs/knowledgeos/brainstorming/phase_measure_theory/20260828-130217_step-142-current-state-runtime-archaeology.md	-
0730	PENDING	-	-	-	docs/knowledgeos/brainstorming/phase_measure_theory/20260828-130247_step-143-current-to-target-architecture-delta.md	-
0731	PENDING	-	-	-	docs/knowledgeos/brainstorming/phase_measure_theory/20260828-130340_step-144-knowledgeos-evolution-roadmap.md	-
0732	PENDING	-	-	-	docs/knowledgeos/brainstorming/phase_measure_theory/20260828-130748_step-145-golden-trace-specification.md	-
0733	PENDING	-	-	-	docs/knowledgeos/brainstorming/phase_measure_theory/20260828-130841_step-146-golden-trace-to-implementable-domain-model.md	-
0734	PENDING	-	-	-	docs/knowledgeos/brainstorming/phase_measure_theory/20260828-130912_step-147-domain-events-and-integration-contracts.md	-
0735	PENDING	-	-	-	docs/knowledgeos/brainstorming/phase_measure_theory/20260828-130939_step-148-knowledgeos-api-and-contract-architecture.md	-
0736	PENDING	-	-	-	docs/knowledgeos/brainstorming/phase_measure_theory/20260828-131018_step-156a-chapter-4-validation-of-knowledgeos.md	-
0737	PENDING	-	-	-	docs/knowledgeos/brainstorming/phase_measure_theory/20260828-131204_step-149-persistence-and-data-architecture.md	-
0738	PENDING	-	-	-	docs/knowledgeos/brainstorming/phase_measure_theory/20260828-131303_step-150-knowledgeos-runtime-architecture.md	-
0739	PENDING	-	-	-	docs/knowledgeos/brainstorming/phase_measure_theory/20260828-131421_step-151-knowledgeos-vertical-slice-v0-1.md	-
0740	PENDING	-	-	-	docs/knowledgeos/brainstorming/phase_measure_theory/20260828-131532_step-152-knowledgeos-implementation-architecture-constitution-v1-0.md	-
0741	PENDING	-	-	-	docs/knowledgeos/brainstorming/phase_measure_theory/20260828-131618_step-153-knowledgeos-architecture-registry.md	-
0742	PENDING	-	-	-	docs/knowledgeos/brainstorming/phase_measure_theory/20260828-131705_step-154-knowledgeos-self-assurance-engine.md	-
0743	PENDING	-	-	-	docs/knowledgeos/brainstorming/phase_measure_theory/20260828-131736_step-155-knowledgeos-governance-runtime.md	-
0744	PENDING	-	-	-	docs/knowledgeos/brainstorming/phase_measure_theory/20260828-133736_step-156-knowledgeos-operating-model.md	-
0745	PENDING	-	-	-	docs/knowledgeos/brainstorming/phase_measure_theory/20260828-134443_step-155a-knowledgeos-epistemic-and-provenance-kernel-review.md	-
0746	PENDING	-	-	-	docs/knowledgeos/brainstorming/phase_measure_theory/20260828-134457_step-150-knowledgeos-runtime-architecture-duplicate.md	-
0747	PENDING	-	-	-	docs/knowledgeos/brainstorming/phase_measure_theory/20260828-134500_step-144-knowledgeos-evolution-roadmap-duplicate.md	-
0748	PENDING	-	-	-	docs/knowledgeos/brainstorming/phase_measure_theory/20260828-134504_step-129-knowledgeos-architecture-fitness-model-duplicate.md	-
0749	PENDING	-	-	-	docs/knowledgeos/brainstorming/phase_measure_theory/20260828-135017_step-155a-knowledgeos-epistemic-and-provenance-kernel-review-duplicate.md	-
0750	PENDING	-	-	-	docs/knowledgeos/brainstorming/phase_measure_theory/20260828-135032_step-156-knowledgeos-operating-model-revision.md	-
0751	PENDING	-	-	-	docs/knowledgeos/brainstorming/phase_measure_theory/20260828-135255_step-157-knowledgeos-domain-model-and-bounded-context-validation.md	-
0752	PENDING	-	-	-	docs/knowledgeos/brainstorming/phase_measure_theory/20260828-135842_step-158-preparation-gita-chapter-4-characters-and-their-roles.md	-
0753	PENDING	-	-	-	docs/knowledgeos/brainstorming/phase_measure_theory/20260828-140338_gita-chapter-4-what-to-do-versus-what-not-to-do-distinction.md	-
0754	PENDING	-	-	-	docs/knowledgeos/brainstorming/phase_measure_theory/how_to_combine/20260828-140743_two-missing-distinctions-in-the-chapter-4-analysis-duplicate.md	-
0755	PENDING	-	-	-	docs/knowledgeos/brainstorming/phase_measure_theory/how_to_combine/20260828-141333_master-prompt-reconstruct-evolution-of-thought-before-flattening-into-topics.md	-
0756	PENDING	-	-	-	docs/knowledgeos/brainstorming/phase_measure_theory/how_to_combine/20260828-142652_step_combine_combine-prompt-1.md	-
0757	PENDING	-	-	-	docs/knowledgeos/brainstorming/phase_measure_theory/how_to_combine/20260828-144815_step_combine_combine-prompt-2.md	-
0758	PENDING	-	-	-	docs/knowledgeos/brainstorming/phase_measure_theory/how_to_combine/20260828-145246_step_combine_combine-prompt-3.md	-
0759	PENDING	-	-	-	docs/knowledgeos/brainstorming/phase_measure_theory/how_to_combine/20260828-150140_step_combine_combine-prompt-4.md	-
0760	PENDING	-	-	-	docs/knowledgeos/brainstorming/phase_measure_theory/how_to_combine/20260828-151722_step_combine_combine-prompt-5.md	-
0761	PENDING	-	-	-	docs/knowledgeos/brainstorming/phase_measure_theory/how_to_combine/20260828-160329_how-to-combine-issue-the-next-instruction.md	-
0762	PENDING	-	-	-	docs/knowledgeos/brainstorming/phase_measure_theory/external_research/20260828-225100_step_286_external-research-readme.md	-
0763	PENDING	-	-	-	docs/knowledgeos/brainstorming/phase_measure_theory/external_research/20260828-225107_c4-architecture-diagrams-system-context-to-component.md	-
0764	PENDING	-	-	-	docs/knowledgeos/brainstorming/phase_measure_theory/external_research/20260828-225129_hpa-ruling-gn-31.md	-
0765	PENDING	-	-	-	docs/knowledgeos/brainstorming/phase_measure_theory/external_research/20260828-225522_distribution-theory-in-knowledgeos.md	-
0766	PENDING	-	-	-	docs/knowledgeos/brainstorming/phase_measure_theory/external_research/20260828-225632_methodological-discipline-second-order-reflection.md	-
0767	PENDING	-	-	-	docs/knowledgeos/brainstorming/phase_measure_theory/external_research/20260828-225646_three-distinct-information-pathways.md	-
0768	PENDING	-	-	-	docs/knowledgeos/brainstorming/phase_measure_theory/external_research/20260828-225752_what-we-can-directly-use-practical-assessment.md	-
0769	PENDING	-	-	-	docs/knowledgeos/brainstorming/phase_measure_theory/how_to_combine/20260828-230119_step_combine_remaining-todos.md	-
0770	PENDING	-	-	-	docs/knowledgeos/brainstorming/phase_measure_theory/how_to_combine/20260828-230300_how-to-combine-good-idea-with-a-qualification.md	-
0771	PENDING	-	-	-	docs/knowledgeos/brainstorming/phase_measure_theory/how_to_combine/20260828-233241_step_combine_combine-prompt-6.md	-
0772	PENDING	-	-	-	docs/knowledgeos/brainstorming/phase_measure_theory/external_research/gita_chapter4/20260828-235231_step_286_knowledgeos-mathematical-derivation-from-gita-chapter-4.md	-
0773	PENDING	-	-	-	docs/knowledgeos/brainstorming/phase_measure_theory/external_research/gita_chapter4/20260828-235853_step_286_gita-chapter-04-additional-contributions.md	-
0774	PENDING	-	-	-	docs/knowledgeos/brainstorming/phase_measure_theory/external_research/gita_chapter4/20260829-000019_step_286_agree-with-corrective-ruling-on-chapter-04.md	-
0775	PENDING	-	-	-	docs/knowledgeos/brainstorming/phase_measure_theory/external_research/gita_chapter4/20260829-001332_step_286_the-more-interesting-reading-of-chapter-04.md	-
0776	PENDING	-	-	-	docs/knowledgeos/brainstorming/phase_measure_theory/external_research/gita_chapter4/20260829-001713_step_286_gita-chapters-01-to-04-source-extract.md	-
0777	PENDING	-	-	-	docs/knowledgeos/brainstorming/phase_measure_theory/external_research/gita_chapter4/20260829-001745_step_286_hpa-response-gita-chapters-1-4-philosophical-contributions.md	-
0778	PENDING	-	-	-	docs/knowledgeos/brainstorming/phase_measure_theory/how_to_combine/20260829-002041_step_combine_halfway-point-progress-review.md	-
0779	PENDING	-	-	-	docs/knowledgeos/brainstorming/phase_measure_theory/20260829-003330_step_155-156_recovery-of-earlier-step-155-156-material-sarathi-formulation.md	-
0780	PENDING	-	-	-	docs/knowledgeos/brainstorming/phase_measure_theory/external_research/gita_chapter4/20260829-003716_step_286_short-confirmation-gita-chapter-4-derivation.md	-
0781	PENDING	-	-	-	docs/knowledgeos/brainstorming/phase_measure_theory/20260829-010612_step_158_knowledgeos-architecture-conformance-audit.md	-
0782	PENDING	-	-	-	docs/knowledgeos/brainstorming/phase_measure_theory/20260829-011045_step_158_knowledgeos-architecture-conformance-audit-duplicate.md	-
0783	PENDING	-	-	-	docs/knowledgeos/brainstorming/phase_measure_theory/20260829-011128_step_159_knowledgeos-architecture-baseline.md	-
0784	PENDING	-	-	-	docs/knowledgeos/brainstorming/phase_measure_theory/20260829-011213_step_160_current-state-evidence-mapping.md	-
0785	PENDING	-	-	-	docs/knowledgeos/brainstorming/phase_measure_theory/20260829-011309_step_161_semantic-contract-reconstruction.md	-
0786	PENDING	-	-	-	docs/knowledgeos/brainstorming/phase_measure_theory/20260829-011356_step_159_knowledgeos-architecture-baseline-duplicate.md	-
0787	PENDING	-	-	-	docs/knowledgeos/brainstorming/phase_measure_theory/20260829-011552_step_162_invariant-and-boundary-derivation.md	-
0788	PENDING	-	-	-	docs/knowledgeos/brainstorming/phase_measure_theory/20260829-011730_step_163_context-map-and-translation-boundaries.md	-
0789	PENDING	-	-	-	docs/knowledgeos/brainstorming/phase_measure_theory/20260829-012048_step_164_domain-events-and-legitimate-state-transitions.md	-
0790	PENDING	-	-	-	docs/knowledgeos/brainstorming/phase_measure_theory/20260829-012222_step_165_aggregate-and-consistency-boundary-derivation.md	-
0791	PENDING	-	-	-	docs/knowledgeos/brainstorming/phase_measure_theory/20260829-012701_step_166_process-managers-sagas-and-long-running-consistency.md	-
0792	PENDING	-	-	-	docs/knowledgeos/brainstorming/phase_measure_theory/20260829-012838_step_167_formal-verification-obligations.md	-
0793	PENDING	-	-	-	docs/knowledgeos/brainstorming/phase_measure_theory/20260829-013134_step_168_the-verification-lattice.md	-
0794	PENDING	-	-	-	docs/knowledgeos/brainstorming/phase_measure_theory/20260829-013327_step_169_falsification-of-the-knowledgeos-architecture.md	-
0795	PENDING	-	-	-	docs/knowledgeos/brainstorming/phase_measure_theory/20260829-013526_step_170_the-end-to-end-knowledgeos-proof-chain.md	-
0796	PENDING	-	-	-	docs/knowledgeos/brainstorming/phase_measure_theory/20260829-013701_step_171_the-authority-responsibility-evidence-matrix.md	-
0797	PENDING	-	-	-	docs/knowledgeos/brainstorming/phase_measure_theory/20260829-013920_step_172_separation-of-duties-falsification-experiment.md	-
0798	PENDING	-	-	-	docs/knowledgeos/brainstorming/phase_measure_theory/20260829-014058_step_173_the-bounded-context-discovery-experiment.md	-
0799	PENDING	-	-	-	docs/knowledgeos/brainstorming/phase_measure_theory/20260829-014253_step_174_context-map-and-domain-contract-experiment.md	-
0800	PENDING	-	-	-	docs/knowledgeos/brainstorming/phase_measure_theory/20260829-014420_step_175_the-state-does-not-know-its-past-experiment.md	-
0801	PENDING	-	-	-	docs/knowledgeos/brainstorming/phase_measure_theory/20260829-014546_step_176_the-who-knows-experiment.md	-
0802	PENDING	-	-	-	docs/knowledgeos/brainstorming/phase_measure_theory/20260829-014710_step_177_the-knowledge-is-not-truth-experiment.md	-
0803	PENDING	-	-	-	docs/knowledgeos/brainstorming/phase_measure_theory/20260829-014843_step_178_the-what-should-we-do-experiment.md	-
0804	PENDING	-	-	-	docs/knowledgeos/brainstorming/phase_measure_theory/20260829-015001_step_179_the-who-is-allowed-to-say-what-experiment.md	-
0805	PENDING	-	-	-	docs/knowledgeos/brainstorming/phase_measure_theory/20260829-015147_step_180_the-can-the-system-know-that-it-does-not-know-experiment.md	-
0806	PENDING	-	-	-	docs/knowledgeos/brainstorming/phase_measure_theory/20260829-015345_step_181_the-what-if-two-truths-disagree-experiment.md	-
0807	PENDING	-	-	-	docs/knowledgeos/brainstorming/phase_measure_theory/20260829-015501_step_182_the-who-owns-the-truth-experiment.md	-
0808	PENDING	-	-	-	docs/knowledgeos/brainstorming/phase_measure_theory/20260829-015928_step_183-pre_architecture-and-gita-alignment-review-of-steps-1-182.md	-
0809	PENDING	-	-	-	docs/knowledgeos/brainstorming/phase_measure_theory/20260829-020210_step_183_the-reconstruction-experiment.md	-
0810	PENDING	-	-	-	docs/knowledgeos/brainstorming/phase_measure_theory/20260829-020345_step_184_the-epistemic-gap-experiment.md	-
0811	PENDING	-	-	-	docs/knowledgeos/brainstorming/phase_measure_theory/20260829-020511_step_185_change-correction-refinement-or-recontextualization.md	-
0812	PENDING	-	-	-	docs/knowledgeos/brainstorming/phase_measure_theory/20260829-021046_step_186-pre_mathematical-architecture-of-knowledgeos.md	-
0813	PENDING	-	-	-	docs/knowledgeos/brainstorming/phase_measure_theory/20260829-021226_step_186_mathematical-validation-of-the-knowledge-state-model.md	-
0814	PENDING	-	-	-	docs/knowledgeos/brainstorming/phase_measure_theory/20260829-081618_step_187_authority-as-a-mathematical-relation.md	-
0815	PENDING	-	-	-	docs/knowledgeos/brainstorming/phase_measure_theory/20260829-082439_step_188_the-hindsight-contamination-test.md	-
0816	PENDING	-	-	-	docs/knowledgeos/brainstorming/phase_measure_theory/20260829-083044_step_189_the-formal-epistemic-state-machine.md	-
0817	PENDING	-	-	-	docs/knowledgeos/brainstorming/phase_measure_theory/20260829-084105_step_190_ddd-aggregate-invariant-test.md	-
0818	PENDING	-	-	-	docs/knowledgeos/brainstorming/phase_measure_theory/20260829-090129_step_191_semantic-transition-vs-technical-mutation.md	-
0819	PENDING	-	-	-	docs/knowledgeos/brainstorming/phase_measure_theory/20260829-090618_step_192_the-boundary-of-truth.md	-
0820	PENDING	-	-	-	docs/knowledgeos/brainstorming/phase_measure_theory/20260829-090816_step_193_the-temporal-epistemic-consistency-test.md	-
0821	PENDING	-	-	-	docs/knowledgeos/brainstorming/phase_measure_theory/20260829-091044_step_194_the-causal-boundary.md	-
0822	PENDING	-	-	-	docs/knowledgeos/brainstorming/phase_measure_theory/20260829-104418_step_195_the-identity-continuity-model.md	-
0823	PENDING	-	-	-	docs/knowledgeos/brainstorming/phase_measure_theory/20260829-105816_step_196_the-authority-responsibility-model.md	-
0824	PENDING	-	-	-	docs/knowledgeos/brainstorming/phase_measure_theory/20260829-105916_step_197_invariants-conservation-and-the-formal-transition-system.md	-
0825	PENDING	-	-	-	docs/knowledgeos/brainstorming/phase_measure_theory/20260829-110056_step_198_composition-from-valid-transitions-to-valid-processes.md	-
0826	PENDING	-	-	-	docs/knowledgeos/brainstorming/phase_measure_theory/20260829-110229_step_199_uncertainty-probability-ambiguity-and-the-unknown.md	-
0827	PENDING	-	-	-	docs/knowledgeos/brainstorming/phase_measure_theory/20260829-110411_step_200_coherence-test-of-the-formal-knowledgeos-architecture.md	-
0828	PENDING	-	-	-	docs/knowledgeos/brainstorming/phase_measure_theory/20260829-110712_step_201_refinement-review-program.md	-
0829	PENDING	-	-	-	docs/knowledgeos/brainstorming/phase_measure_theory/20260829-110912_step_201_knowledgeos-canonical-vocabulary-freeze-v0-1.md	-
0830	PENDING	-	-	-	docs/knowledgeos/brainstorming/phase_measure_theory/20260829-111045_step_202_formal-relation-matrix-from-vocabulary-to-architecture.md	-
0831	PENDING	-	-	-	docs/knowledgeos/brainstorming/phase_measure_theory/20260829-111227_step_203_state-space-decomposition.md	-
0832	PENDING	-	-	-	docs/knowledgeos/brainstorming/phase_measure_theory/20260829-114405_step_204_transition-algebra-and-invariant-preservation.md	-
0833	PENDING	-	-	-	docs/knowledgeos/brainstorming/phase_measure_theory/20260829-114533_step_205_aggregate-derivation.md	-
0834	PENDING	-	-	-	docs/knowledgeos/brainstorming/phase_measure_theory/20260830-011029_step_206_bounded-context-derivation.md	-
0835	PENDING	-	-	-	docs/knowledgeos/brainstorming/phase_measure_theory/20260830-011110_step_207_context-contracts.md	-
0836	PENDING	-	-	-	docs/knowledgeos/brainstorming/phase_measure_theory/20260830-011729_step_209_invariant-algebra.md	-
0837	PENDING	-	-	-	docs/knowledgeos/brainstorming/phase_measure_theory/20260830-011829_step_208_semantic-contract-algebra.md	-
0838	PENDING	-	-	-	docs/knowledgeos/brainstorming/phase_measure_theory/20260830-012034_step_210_invariant-verification-matrix.md	-
0839	PENDING	-	-	-	docs/knowledgeos/brainstorming/phase_measure_theory/20260830-012320_step_211_architecture-assurance-graph.md	-
0840	PENDING	-	-	-	docs/knowledgeos/brainstorming/phase_measure_theory/20260830-012424_step_212_architecture-gap-discovery.md	-
0841	PENDING	-	-	-	docs/knowledgeos/brainstorming/phase_measure_theory/20260830-012547_step_213_evidence-first-reconstruction.md	-
0842	PENDING	-	-	-	docs/knowledgeos/brainstorming/phase_measure_theory/20260830-014030_step_214_build-the-evidence-ledger.md	-
0843	PENDING	-	-	-	docs/knowledgeos/brainstorming/phase_measure_theory/20260830-014143_step_215_reconstruct-steps-1-182.md	-
0844	PENDING	-	-	-	docs/knowledgeos/brainstorming/phase_measure_theory/20260830-014501_step_216_freeze-the-method-before-we-reconstruct.md	-
0845	PENDING	-	-	-	docs/knowledgeos/brainstorming/phase_measure_theory/20260830-015113_step_218_build-the-evidence-ledger-before-further-theory.md	-
0846	PENDING	-	-	-	docs/knowledgeos/brainstorming/phase_measure_theory/20260830-091728_step_219_evidence-audit-establish-the-ground-truth.md	-
0847	PENDING	-	-	-	docs/knowledgeos/brainstorming/phase_measure_theory/20260830-091849_step_220_concept-genealogy-find-the-origins-of-the-architecture.md	-
0848	PENDING	-	-	-	docs/knowledgeos/brainstorming/phase_measure_theory/20260830-092132_step_221_build-the-concept-genealogy-map.md	-
0849	PENDING	-	-	-	docs/knowledgeos/brainstorming/phase_measure_theory/20260830-092248_step_222_falsification-pass-try-to-break-the-candidate-architecture.md	-
0850	PENDING	-	-	-	docs/knowledgeos/brainstorming/phase_measure_theory/20260830-092422_step_223_historical-falsification-audit-extraction-protocol.md	-
0851	PENDING	-	-	-	docs/knowledgeos/brainstorming/phase_measure_theory/20260830-092512_step_224_historical-baseline-freeze-what-existed-at-step-182.md	-
0852	PENDING	-	-	-	docs/knowledgeos/brainstorming/phase_measure_theory/20260830-092757_step_225_establish-the-historical-baseline-a-h.md	-
0853	PENDING	-	-	-	docs/knowledgeos/brainstorming/phase_measure_theory/20260830-093751_step_226_reconstruct-the-architecture-timeline.md	-
0854	PENDING	-	-	-	docs/knowledgeos/brainstorming/phase_measure_theory/20260830-093904_step_227_identify-the-architectural-phase-transitions.md	-
0855	PENDING	-	-	-	docs/knowledgeos/brainstorming/phase_measure_theory/20260830-094439_step_228_falsification-matrix-for-the-candidate-architecture.md	-
0856	PENDING	-	-	-	docs/knowledgeos/brainstorming/phase_measure_theory/20260830-094507_step_230_derive-the-minimal-architectural-kernel-of-knowledgeos.md	-
0857	PENDING	-	-	-	docs/knowledgeos/brainstorming/phase_measure_theory/20260830-094626_step_231_define-the-mathematical-space-of-knowledge.md	-
0858	PENDING	-	-	-	docs/knowledgeos/brainstorming/phase_measure_theory/20260830-095110_step_232_the-knowledge-state-algebra.md	-
0859	PENDING	-	-	-	docs/knowledgeos/brainstorming/phase_measure_theory/20260830-095129_step_233_empirical-validation-of-the-mathematical-kernel-against-knowledgeos.md	-
0860	PENDING	-	-	-	docs/knowledgeos/brainstorming/phase_measure_theory/20260830-100912_step_234_canonical-alignment-audit-framework.md	-
0861	PENDING	-	-	-	docs/knowledgeos/brainstorming/phase_measure_theory/20260830-100915_step_235_phase-reconstruction-of-steps-1-182.md	-
0862	PENDING	-	-	-	docs/knowledgeos/brainstorming/phase_measure_theory/20260830-101301_step_236_first-evidence-based-finding-we-have-a-problem-with-the-existing-reconstruction.md	-
0863	PENDING	-	-	-	docs/knowledgeos/brainstorming/phase_measure_theory/20260830-101859_step_237_phase-1-archaeology-evidence-based-reconstruction.md	-
0864	PENDING	-	-	-	docs/knowledgeos/brainstorming/phase_measure_theory/20260830-102251_step_238_regime-comparison-matrix.md	-
0865	PENDING	-	-	-	docs/knowledgeos/brainstorming/phase_measure_theory/20260830-102425_step_239_kernel-genealogy-and-claim-registry.md	-
0866	PENDING	-	-	-	docs/knowledgeos/brainstorming/phase_measure_theory/20260830-102547_step_240_contradiction-registry-the-mathematical-model-has-not-yet-stabilized.md	-
0867	PENDING	-	-	-	docs/knowledgeos/brainstorming/phase_measure_theory/20260830-103825_step_241_dependency-graph-of-the-knowledgeos-theory.md	-
0868	PENDING	-	-	-	docs/knowledgeos/brainstorming/phase_measure_theory/20260830-104201_step_241_dependency-graph-of-the-knowledgeos-theory-numbering-correction.md	-
0869	PENDING	-	-	-	docs/knowledgeos/brainstorming/phase_measure_theory/20260830-104321_step_242_kernel-candidate-reconstruction-and-formal-comparison.md	-
0870	PENDING	-	-	-	docs/knowledgeos/brainstorming/phase_measure_theory/20260830-105650_step_243_formal-reduction-and-layer-correspondence-test.md	-
0871	PENDING	-	-	-	docs/knowledgeos/brainstorming/phase_measure_theory/20260830-110018_step_244_next-mandate-from-kernel-discussion-to-formal-construction.md	-
0872	PENDING	-	-	-	docs/knowledgeos/brainstorming/phase_measure_theory/20260830-110509_step_245_constructing-an-actual-knowledge-state-k-0.md	-
0873	PENDING	-	-	-	docs/knowledgeos/brainstorming/phase_measure_theory/20260830-110559_step_245_constructing-an-actual-knowledge-state-k-0-duplicate.md	-
0874	PENDING	-	-	-	docs/knowledgeos/brainstorming/phase_measure_theory/20260830-111107_step_246_identity-equality-contradiction-and-uncertainty-stress-test.md	-
0875	PENDING	-	-	-	docs/knowledgeos/brainstorming/phase_measure_theory/20260830-182415_step_248_transformation-congruence-and-state-sufficiency-test.md	-
0876	PENDING	-	-	-	docs/knowledgeos/brainstorming/phase_measure_theory/20260830-182521_step_247_state-vs-history-sufficiency-test.md	-
0877	PENDING	-	-	-	docs/knowledgeos/brainstorming/phase_measure_theory/20260830-182534_step_248_transformation-congruence-and-state-sufficiency-test-duplicate.md	-
0878	PENDING	-	-	-	docs/knowledgeos/brainstorming/phase_measure_theory/20260830-183519_step_250_corpus-derived-transformation-ontology.md	-
0879	PENDING	-	-	-	docs/knowledgeos/brainstorming/phase_measure_theory/20260830-183548_step_249_transformation-algebra-reconstruction.md	-
0880	PENDING	-	-	-	docs/knowledgeos/brainstorming/phase_measure_theory/20260830-183629_step_251_full-historical-genealogy-and-reconciliation-of-the-transition-model.md	-
0881	PENDING	-	-	-	docs/knowledgeos/brainstorming/phase_measure_theory/20260830-184148_step_252_ddd-ubiquitous-language-and-semantic-boundary-audit.md	-
0882	PENDING	-	-	-	docs/knowledgeos/brainstorming/phase_measure_theory/20260830-184830_step_253_primitive-object-and-type-system-audit.md	-
0883	PENDING	-	-	-	docs/knowledgeos/brainstorming/phase_measure_theory/20260830-185450_step_254_formal-minimality-and-reconstruction-tests.md	-
0884	PENDING	-	-	-	docs/knowledgeos/brainstorming/phase_measure_theory/20260830-185734_step_255_state-history-congruence-and-counterexample-catalogue.md	-
0885	PENDING	-	-	-	docs/knowledgeos/brainstorming/phase_measure_theory/20260830-185954_step_256_formal-operation-signature-registry.md	-
0886	PENDING	-	-	-	docs/knowledgeos/brainstorming/phase_measure_theory/20260830-190222_step_257_formalization-of-the-four-discriminating-operations.md	-
0887	PENDING	-	-	-	docs/knowledgeos/brainstorming/phase_measure_theory/20260830-190941_step_258_identity-equality-and-knowledge-state-equivalence.md	-
0888	PENDING	-	-	-	docs/knowledgeos/brainstorming/phase_measure_theory/20260830-191956_step_260_minimality-of-the-knowledge-state.md	-
0889	PENDING	-	-	-	docs/knowledgeos/brainstorming/phase_measure_theory/20260830-192058_step_259_congruence-matrix.md	-
0890	PENDING	-	-	-	docs/knowledgeos/brainstorming/phase_measure_theory/20260830-192425_step_261_equality-and-identity.md	-
0891	PENDING	-	-	-	docs/knowledgeos/brainstorming/phase_measure_theory/20260830-192707_step_262_proposition-assertion-type.md	-
0892	PENDING	-	-	-	docs/knowledgeos/brainstorming/phase_measure_theory/20260830-192926_step_263_entity-dimension-value-type-system.md	-
0893	PENDING	-	-	-	docs/knowledgeos/brainstorming/phase_measure_theory/20260830-193536_step_264_value-space-and-measurement-semantics.md	-
0894	PENDING	-	-	-	docs/knowledgeos/brainstorming/phase_measure_theory/20260830-194332_step_265_provenance-placement.md	-
0895	PENDING	-	-	-	docs/knowledgeos/brainstorming/phase_measure_theory/20260830-195450_step_266_computability-audit.md	-
0896	PENDING	-	-	-	docs/knowledgeos/brainstorming/phase_measure_theory/20260830-195900_step_267_empirical-bridge-to-knowledgeos.md	-
0897	PENDING	-	-	-	docs/knowledgeos/brainstorming/phase_measure_theory/20260830-200907_step_269_policy-semantics-and-the-final-formal-blocker.md	-
0898	PENDING	-	-	-	docs/knowledgeos/brainstorming/phase_measure_theory/20260830-202840_step_270_adversarial-policy-evidence-assessment-closure-audit.md	-
0899	PENDING	-	-	-	docs/knowledgeos/brainstorming/phase_measure_theory/20260830-202934_step_269_policy-semantics-and-the-final-formal-blocker-duplicate.md	-
0900	PENDING	-	-	-	docs/knowledgeos/brainstorming/phase_measure_theory/20260830-204917_step_271_policy-semantic-minimality-and-assessment-boundary.md	-
0901	PENDING	-	-	-	docs/knowledgeos/brainstorming/phase_measure_theory/20260830-214317_step_274_knowledge-state-algebra-and-closure.md	-
0902	PENDING	-	-	-	docs/knowledgeos/brainstorming/phase_measure_theory/20260830-214401_step_273_knowledge-state-sufficiency-and-minimality.md	-
0903	PENDING	-	-	-	docs/knowledgeos/brainstorming/phase_measure_theory/20260830-214639_step_275_epistemic-state-reconstruction-and-dimension-separation.md	-
0904	PENDING	-	-	-	docs/knowledgeos/brainstorming/phase_measure_theory/20260830-215434_step_276_foundational-gap-reconciliation-and-closure-audit.md	-
0905	PENDING	-	-	-	docs/knowledgeos/brainstorming/phase_measure_theory/20260830-215443_step_276_foundational-gap-reconciliation-and-closure-audit-variant.md	-
0906	PENDING	-	-	-	docs/knowledgeos/brainstorming/phase_measure_theory/20260830-215918_step_276_foundational-gap-reconciliation-and-closure-audit-final.md	-
0907	PENDING	-	-	-	docs/knowledgeos/brainstorming/phase_measure_theory/20260830-220134_step_277_transformation-inventory-and-o-core-closure.md	-
0908	PENDING	-	-	-	docs/knowledgeos/brainstorming/phase_measure_theory/20260830-221415_step_278_policy-authority-integration-and-executable-semantics.md	-
0909	PENDING	-	-	-	docs/knowledgeos/brainstorming/phase_measure_theory/20260830-221629_step_278_policy-authority-integration-and-executable-semantics-v2.md	-
0910	PENDING	-	-	-	docs/knowledgeos/brainstorming/phase_measure_theory/20260830-222159_step_278_policy-authority-integration-temporal-semantics-and-governance-closure-final.md	-
0911	PENDING	-	-	-	docs/knowledgeos/brainstorming/phase_measure_theory/20260830-224242_step_272a_core-operation-universe-derivation.md	-
0912	PENDING	-	-	-	docs/knowledgeos/brainstorming/phase_measure_theory/20260830-225058_step_272b_minimum-epistemic-status-structure-derivation.md	-
0913	PENDING	-	-	-	docs/knowledgeos/brainstorming/phase_measure_theory/20260830-230412_step_279_policy-and-authority-executable-implementation.md	-
0914	PENDING	-	-	-	docs/knowledgeos/brainstorming/phase_measure_theory/20260830-230729_step_279_policy-and-authority-executable-implementation-revised.md	-
0915	PENDING	-	-	-	docs/knowledgeos/brainstorming/phase_measure_theory/20260830-231637_step_280_end-to-end-empirical-closure-test.md	-
0916	PENDING	-	-	-	docs/knowledgeos/brainstorming/phase_measure_theory/20260830-231840_step_280_end-to-end-empirical-closure-test-extended.md	-
0917	PENDING	-	-	-	docs/knowledgeos/brainstorming/phase_measure_theory/20260830-233940_step_281_supervisory-commission-missingness-revision-and-gap-closure-verification.md	-
0918	PENDING	-	-	-	docs/knowledgeos/brainstorming/phase_measure_theory/20260830-234402_step_281_correction-and-missing-part.md	-
0919	PENDING	-	-	-	docs/knowledgeos/brainstorming/phase_measure_theory/20260831-000627_step_282_theory-closure-decision-and-readiness-determination.md	-
0920	PENDING	-	-	-	docs/knowledgeos/brainstorming/phase_measure_theory/20260831-001049_step_282_required-completion-and-correction-part.md	-
0921	PENDING	-	-	-	docs/knowledgeos/brainstorming/phase_measure_theory/20260831-001525_step_282_supervisory-review-of-original-step-282.md	-
0922	PENDING	-	-	-	docs/knowledgeos/brainstorming/phase_measure_theory/20260831-001754_step_282_hpa-ruling-theory-criticality-and-residual-gap-classification.md	-
0923	PENDING	-	-	-	docs/knowledgeos/brainstorming/phase_measure_theory/20260831-001927_step_282_claude-execution-prompt-residual-gap-closure-gate.md	-
0924	PENDING	-	-	-	docs/knowledgeos/brainstorming/phase_measure_theory/20260831-002939_review-what-we-have-actually-built-so-far.md	-
0925	PENDING	-	-	-	docs/knowledgeos/brainstorming/phase_measure_theory/20260831-003737_step_282_theory-closure-decision.md	-
0926	PENDING	-	-	-	docs/knowledgeos/brainstorming/phase_measure_theory/20260831-005646_step_283_governance-ratification-and-authority-recording.md	-
0927	PENDING	-	-	-	docs/knowledgeos/brainstorming/phase_measure_theory/20260831-005956_step_283_missing-part-governance-decision-protocol-authority-provenance-and-closure-criteria.md	-
0928	PENDING	-	-	-	docs/knowledgeos/brainstorming/phase_measure_theory/20260831-010447_step_284_revised-post-step-283-roadmap-duplicate.md	-
0929	PENDING	-	-	-	docs/knowledgeos/brainstorming/phase_measure_theory/20260831-011436_step_284_revised-post-step-283-roadmap.md	-
0930	PENDING	-	-	-	docs/knowledgeos/brainstorming/phase_measure_theory/external_research/20260831-013900_hpa-supervisory-review-philosophical-inspiration-refined-and-corrected.md	-
0931	PENDING	-	-	-	docs/knowledgeos/brainstorming/phase_measure_theory/20260827-114638_my-recommendation.md	-
0932	PENDING	-	-	-	docs/knowledgeos/brainstorming/phase_measure_theory/external_research/20260831-141551_hpa-supervisory-review-integration-of-chapter-5-interpretation-with-sarath.md	-
0933	PENDING	-	-	-	docs/knowledgeos/brainstorming/phase_measure_theory/external_research/20260831-141812_hpa-supervisory-review-chapter-4-integration-with-knowledgeos-theory.md	-
0934	PENDING	-	-	-	docs/knowledgeos/brainstorming/phase_measure_theory/external_research/20260831-142130_step_25i_knowledge-atma-algebra-identity-continuity-and-transformation.md	-
0935	PENDING	-	-	-	docs/knowledgeos/brainstorming/phase_measure_theory/external_research/20260831-143035_hpa-analysis-gita-chapter-06-philosophical-contributions-to-knowledgeos.md	-
0936	PENDING	-	-	-	docs/knowledgeos/brainstorming/phase_measure_theory/external_research/20260831-143038_hpa-senior-review-gita-chapter-6-knowledgeos-as-epistemic-discipline.md	-
0937	PENDING	-	-	-	docs/knowledgeos/brainstorming/phase_measure_theory/external_research/20260831-143235_step_25j_complete-knowledgeos-transition-system.md	-
0938	PENDING	-	-	-	docs/knowledgeos/brainstorming/phase_measure_theory/external_research/20260831-151551_knowledgeos-complete-flowchart.md	-
0939	PENDING	-	-	-	docs/knowledgeos/brainstorming/phase_measure_theory/external_research/20260831-151606_knowledgeos-complete-pseudo-algorithm.md	-
0940	PENDING	-	-	-	docs/knowledgeos/brainstorming/phase_measure_theory/external_research/20260831-152721_hpa-response-distribution-theory-and-fourier-analysis-in-knowledgeos.md	-
0941	PENDING	-	-	-	docs/knowledgeos/brainstorming/phase_measure_theory/external_research/20260831-153146_step_284_missings-of-architecture.md	-
0942	PENDING	-	-	-	docs/knowledgeos/brainstorming/phase_measure_theory/external_research/20260831-153736_hpa-comprehensive-synthesis-missing-architecture-and-theory-of-knowledgeos.md	-
0943	PENDING	-	-	-	docs/knowledgeos/brainstorming/phase_measure_theory/external_research/20260831-154147_hpa-analysis-gita-chapter-07-philosophical-contributions-to-knowledgeos.md	-
0944	PENDING	-	-	-	docs/knowledgeos/brainstorming/phase_measure_theory/20260831-155137_step_284_assessment-of-current-state.md	-
0945	PENDING	-	-	-	docs/knowledgeos/brainstorming/phase_measure_theory/external_research/20260831-161009_hpa-analysis-transformation-theory-in-the-bhagavad-gita.md	-
0946	PENDING	-	-	-	docs/knowledgeos/brainstorming/phase_measure_theory/external_research/20260831-161028_hpa-analysis-gita-chapter-08-philosophical-contributions-to-knowledgeos.md	-
0947	PENDING	-	-	-	docs/knowledgeos/brainstorming/phase_measure_theory/external_research/20260831-161041_hpa-final-ruling-knowledgeos-programme-transition-and-new-roadmap.md	-
0948	PENDING	-	-	-	docs/knowledgeos/brainstorming/phase_measure_theory/external_research/20260831-164308_knowledgeos-complete-knowledge-transfer-document.md	-
0949	PENDING	-	-	-	docs/knowledgeos/brainstorming/phase_measure_theory/20260831-164357_hpa-comprehensive-review-of-implementation-readiness-master-matrix.md	-
0950	PENDING	-	-	-	docs/knowledgeos/brainstorming/phase_measure_theory/external_research/20260831-164704_hpa-complete-gita-knowledgeos-term-correspondence.md	-
0951	PENDING	-	-	-	docs/knowledgeos/brainstorming/phase_measure_theory/external_research/20260831-165001_hpa-analysis-transformation-theory-in-the-bhagavad-gita-duplicate.md	-
0952	PENDING	-	-	-	docs/knowledgeos/brainstorming/phase_measure_theory/external_research/20260831-165053_hpa-analysis-gita-chapter-08-philosophical-contributions-duplicate.md	-
0953	PENDING	-	-	-	docs/knowledgeos/brainstorming/phase_measure_theory/external_research/20260831-165319_hpa-analysis-gita-chapter-09-royal-knowledge-and-the-transformation-of-all.md	-
0954	PENDING	-	-	-	docs/knowledgeos/brainstorming/phase_measure_theory/external_research/20260831-165523_hpa-analysis-gita-chapter-10-the-complete-ontology-of-transformation.md	-
0955	PENDING	-	-	-	docs/knowledgeos/brainstorming/phase_measure_theory/external_research/20260831-165824_hpa-analysis-gita-chapter-11-the-cosmic-form-and-the-ultimate-transformatio.md	-
0956	PENDING	-	-	-	docs/knowledgeos/brainstorming/phase_measure_theory/external_research/20260831-170040_hpa-analysis-gita-chapter-12-bhakti-yoga-and-the-final-synthesis-of-knowled.md	-
0957	PENDING	-	-	-	docs/knowledgeos/brainstorming/phase_measure_theory/external_research/20260831-170234_hpa-analysis-gita-chapter-13-the-field-and-the-knower-of-the-field.md	-
0958	PENDING	-	-	-	docs/knowledgeos/brainstorming/phase_measure_theory/external_research/20260831-170403_hpa-analysis-gita-chapter-14-the-three-modes-of-material-nature-and-their-t.md	-
0959	PENDING	-	-	-	docs/knowledgeos/brainstorming/phase_measure_theory/external_research/20260831-170546_hpa-analysis-gita-chapter-15-the-complete-theory-of-knowledge-identity-and.md	-
0960	PENDING	-	-	-	docs/knowledgeos/brainstorming/phase_measure_theory/external_research/20260831-171736_hpa-analysis-gita-chapter-16-philosophical-contributions-to-knowledgeos.md	-
0961	PENDING	-	-	-	docs/knowledgeos/brainstorming/phase_measure_theory/external_research/20260831-171849_hpa-analysis-gita-chapter-17-philosophical-contributions-to-knowledgeos.md	-
0962	PENDING	-	-	-	docs/knowledgeos/brainstorming/phase_measure_theory/external_research/20260831-172006_hpa-analysis-gita-chapter-18-philosophical-contributions-to-knowledgeos.md	-
0963	PENDING	-	-	-	docs/knowledgeos/brainstorming/phase_measure_theory/external_research/20260831-172125_hpa-analysis-gita-chapter-01-philosophical-contributions-to-knowledgeos.md	-
0964	PENDING	-	-	-	docs/knowledgeos/brainstorming/phase_measure_theory/external_research/20260831-172247_hpa-analysis-gita-chapter-02-philosophical-contributions-to-knowledgeos.md	-
0965	PENDING	-	-	-	docs/knowledgeos/brainstorming/phase_measure_theory/external_research/20260831-172407_hpa-analysis-gita-chapter-03-application-to-knowledgeos-theory.md	-
0966	PENDING	-	-	-	docs/knowledgeos/brainstorming/phase_measure_theory/external_research/20260831-172517_hpa-analysis-gita-chapter-04-application-to-knowledgeos-theory.md	-
0967	PENDING	-	-	-	docs/knowledgeos/brainstorming/phase_measure_theory/external_research/20260831-172642_hpa-analysis-gita-chapter-05-application-to-knowledgeos-theory.md	-
0968	PENDING	-	-	-	docs/knowledgeos/brainstorming/phase_measure_theory/20260831-172744_review-overall-verdict.md	-
0969	PENDING	-	-	-	docs/knowledgeos/brainstorming/phase_measure_theory/20260831-173224_step_285_canonical-state-reconciliation.md	-
0970	PENDING	-	-	-	docs/knowledgeos/brainstorming/phase_measure_theory/external_research/20260831-142000_step_285_gita-informed-reading-canonical-state-research.md	-
0971	PENDING	-	-	-	docs/knowledgeos/brainstorming/phase_measure_theory/external_research/20260831-175438_step_286_knowledgeos-complete-gita-integration-synthesis.md	-
0972	PENDING	-	-	-	docs/knowledgeos/brainstorming/phase_measure_theory/knowledgeos_kernel/20260831-180039_step_285_canonical-state-reconciliation-gita-informed-lens.md	-
0973	PENDING	-	-	-	docs/knowledgeos/brainstorming/phase_measure_theory/knowledgeos_kernel/20260831-182217_step_286_draft-gita-hypothesis-programme-dictionary-as-input-layer.md	-
0974	PENDING	-	-	-	docs/knowledgeos/brainstorming/phase_measure_theory/knowledgeos_kernel/research/exec/t285_reconcile.py	-
0975	PENDING	-	-	-	docs/knowledgeos/brainstorming/phase_measure_theory/knowledgeos_kernel/research/D285-8-GITA-RESEARCH-APPENDIX.md	-
0976	PENDING	-	-	-	docs/knowledgeos/brainstorming/phase_measure_theory/knowledgeos_kernel/research/R1-SOURCE-EVIDENCE-REGISTER.md	-
0977	PENDING	-	-	-	docs/knowledgeos/brainstorming/phase_measure_theory/knowledgeos_kernel/research/exec/OUT-t285.txt	-
0978	PENDING	-	-	-	docs/knowledgeos/brainstorming/phase_measure_theory/knowledgeos_kernel/20260831-183219_step_286_revised-gita-knowledgeos-hypothesis-research-programme.md	-
0979	PENDING	-	-	-	docs/knowledgeos/brainstorming/phase_measure_theory/knowledgeos_kernel/research/01-GAP-UPDATE-FROM-REVISED-286.md	-
0980	PENDING	-	-	-	docs/knowledgeos/brainstorming/phase_measure_theory/knowledgeos_kernel/research/R4-FALSIFICATION-INDEPENDENCE-REPORT.md	-
0981	PENDING	-	-	-	docs/knowledgeos/brainstorming/phase_measure_theory/knowledgeos_kernel/prompts/20260831-184644_step_285_hpa-supervisory-review-d285-5-accepted-and-d285x-template-mandate.md	-
0982	PENDING	-	-	-	docs/knowledgeos/brainstorming/phase_measure_theory/knowledgeos_kernel/research/exec/t285_equality.py	-
0983	PENDING	-	-	-	docs/knowledgeos/brainstorming/phase_measure_theory/knowledgeos_kernel/research/exec/OUT-t285-equality.txt	-
0984	PENDING	-	-	-	docs/knowledgeos/brainstorming/phase_measure_theory/knowledgeos_kernel/prompts/20260831-185218_step_285_d285-research-protocol-frozen-seven-stage-typing-mandate.md	-
0985	PENDING	-	-	-	docs/knowledgeos/brainstorming/phase_measure_theory/knowledgeos_kernel/research/02-GAP-UPDATE-FROM-HPA-REVIEW-D285-5.md	-
0986	PENDING	-	-	-	docs/knowledgeos/brainstorming/phase_measure_theory/knowledgeos_kernel/research/D285-2-KNOWER-STATE-BOUNDARY.md	-
0987	PENDING	-	-	-	docs/knowledgeos/brainstorming/phase_measure_theory/knowledgeos_kernel/research/D285-4-TRANSFORMATION-TAXONOMY.md	-
0988	PENDING	-	-	-	docs/knowledgeos/brainstorming/phase_measure_theory/knowledgeos_kernel/prompts/20260831-190025_step_286_reviewer-a-senior-review-of-r1-r5-with-nine-corrections.md	-
0989	PENDING	-	-	-	docs/knowledgeos/brainstorming/phase_measure_theory/knowledgeos_kernel/prompts/20260831-190114_step_287_reviewer-b-equality-identity-semantics-observability-research-mandate.md	-
0990	PENDING	-	-	-	docs/knowledgeos/brainstorming/phase_measure_theory/knowledgeos_kernel/prompts/20260831-190336_step_286_hpa-prompt-instructions-gap-update-and-methodological-standardization.md	-
0991	PENDING	-	-	-	docs/knowledgeos/brainstorming/phase_measure_theory/knowledgeos_kernel/research/exec/e_equality.py	-
0992	PENDING	-	-	-	docs/knowledgeos/brainstorming/phase_measure_theory/knowledgeos_kernel/research/exec/OUT-e-equality.txt	-
0993	PENDING	-	-	-	docs/knowledgeos/brainstorming/phase_measure_theory/knowledgeos_kernel/research/04-GAP-UPDATE-TWO-REVIEWER-ANALYSIS.md	-
0994	PENDING	-	-	-	docs/knowledgeos/brainstorming/phase_measure_theory/knowledgeos_kernel/research/E1-E7-EQUALITY-INVESTIGATION.md	-
0995	PENDING	-	-	-	docs/knowledgeos/brainstorming/phase_measure_theory/knowledgeos_kernel/research/R3-HYPOTHESIS-REGISTER.md	-
0996	PENDING	-	-	-	docs/knowledgeos/brainstorming/phase_measure_theory/knowledgeos_kernel/research/03-D285-PROTOCOL-CONFORMANT-HYPOTHESIS-DOSSIER.md	-
0997	PENDING	-	-	-	docs/knowledgeos/brainstorming/phase_measure_theory/knowledgeos_kernel/research/R2-TRANSLATION-REGISTER.md	-
0998	PENDING	-	-	-	docs/knowledgeos/brainstorming/phase_measure_theory/knowledgeos_kernel/research/R5-RESEARCH-TO-ARCHITECTURE-REPORT.md	-
0999	PENDING	-	-	-	docs/knowledgeos/brainstorming/phase_measure_theory/knowledgeos_kernel/prompts/20260831-191402_step_285_reviewer-a-d285-package-readiness-review-with-scope-tightenings.md	-
1000	PENDING	-	-	-	docs/knowledgeos/brainstorming/phase_measure_theory/knowledgeos_kernel/prompts/20260831-191435_step_285_reviewer-b-d285-package-synthesis-layered-model-confirmed.md	-
1001	PENDING	-	-	-	docs/knowledgeos/brainstorming/phase_measure_theory/knowledgeos_kernel/prompts/20260831-194012_step_286_reviewer-b-gap-update-review-and-four-way-gap-classification.md	-
1002	PENDING	-	-	-	docs/knowledgeos/brainstorming/phase_measure_theory/knowledgeos_kernel/prompts/20260831-195256_step_288_reviewer-b-evidence-freeze-and-d288-decision-procedure-closure-mandate.md	-
1003	PENDING	-	-	-	docs/knowledgeos/brainstorming/phase_measure_theory/knowledgeos_kernel/research/05-GAP-UPDATE-TWO-REVIEWERS-FIVE-FILES.md	-
1004	PENDING	-	-	-	docs/knowledgeos/brainstorming/phase_measure_theory/knowledgeos_kernel/prompts/20260831-195744_step_288_reviewer-b-evidence-freeze-and-d288-decision-procedure-closure-mandate-duplicate.md	-
1005	PENDING	-	-	-	docs/knowledgeos/brainstorming/phase_measure_theory/knowledgeos_kernel/research/D288-SCOPE-DECISION-PROCEDURE-CLOSURE.md	-
1006	PENDING	-	-	-	docs/knowledgeos/brainstorming/phase_measure_theory/knowledgeos_kernel/research/D285-1-STATE-ONTOLOGY-MATRIX.md	-
1007	PENDING	-	-	-	docs/knowledgeos/brainstorming/phase_measure_theory/knowledgeos_kernel/research/D285-6-STATE-CANDIDATE-EVALUATION.md	-
1008	PENDING	-	-	-	docs/knowledgeos/brainstorming/phase_measure_theory/knowledgeos_kernel/research/D285-7-KERNEL-CONSEQUENCE-MATRIX.md	-
1009	PENDING	-	-	-	docs/knowledgeos/brainstorming/phase_measure_theory/knowledgeos_kernel/research/D285-5-ACTION-RESULT-TEST.md	-
1010	PENDING	-	-	-	docs/knowledgeos/brainstorming/phase_measure_theory/knowledgeos_kernel/prompts/20260831-200239_step_284_hpa-supervisory-review-status-report-analysis-and-next-steps.md	-
1011	PENDING	-	-	-	docs/knowledgeos/brainstorming/phase_measure_theory/knowledgeos_kernel/prompts/20260831-200600_step_286_gita-kos-conceptual-translation-register-v0.1.md	-
1012	PENDING	-	-	-	docs/knowledgeos/brainstorming/phase_measure_theory/knowledgeos_kernel/prompts/20260831-200801_step_285_reviewer-a-knowledgeos-kernel-research-programme-steps-285-298.md	-
1013	PENDING	-	-	-	docs/knowledgeos/brainstorming/phase_measure_theory/knowledgeos_kernel/prompts/20260831-201654_step_288_reviewer-b-evidence-freeze-d288-mandate-duplicate-2.md	-
1014	PENDING	-	-	-	docs/knowledgeos/brainstorming/phase_measure_theory/knowledgeos_kernel/prompts/20260831-201712_step_288_reviewer-b-confirms-discovery-vs-formal-gap-correction.md	-
1015	PENDING	-	-	-	docs/knowledgeos/brainstorming/phase_measure_theory/knowledgeos_kernel/research/06-GAP-UPDATE-FROM-TRANSLATION-REGISTER-AND-KERNEL-PROGRAMME.md	-
1016	PENDING	-	-	-	docs/knowledgeos/brainstorming/phase_measure_theory/knowledgeos_kernel/research/07-GK-REGISTRY-RECONCILIATION.md	-
1017	PENDING	-	-	-	docs/knowledgeos/brainstorming/phase_measure_theory/knowledgeos_kernel/prompts/20260831-203836_step_286_reviewer-sequencing-286-ontology-then-287-invariants-both-research-only.md	-
1018	PENDING	-	-	-	docs/knowledgeos/brainstorming/phase_measure_theory/knowledgeos_kernel/prompts/20260831-203928_step_288_reviewer-b-consolidated-position-one-irreducible-blocker-qualify.md	-
1019	PENDING	-	-	-	docs/knowledgeos/brainstorming/phase_measure_theory/knowledgeos_kernel/prompts/20260831-204016_step_285_hpa-supervisory-review-of-08-q-series-findings-accepted.md	-
1020	PENDING	-	-	-	docs/knowledgeos/brainstorming/phase_measure_theory/knowledgeos_kernel/research/09-GAP-UPDATE-FROM-CAVELL-AND-REVIEW-ACCEPTANCE.md	-
1021	PENDING	-	-	-	docs/knowledgeos/brainstorming/phase_measure_theory/knowledgeos_kernel/research/10-GOVERNANCE-HANDOFF-STEP-285-RATIFICATION.md	-
1022	PENDING	-	-	-	docs/knowledgeos/brainstorming/phase_measure_theory/knowledgeos_kernel/prompts/20260831-210431_step_285_reviewer-review-of-refined-step-285-accept-with-seven-corrections.md	-
1023	PENDING	-	-	-	docs/knowledgeos/brainstorming/phase_measure_theory/knowledgeos_kernel/prompts/20260831-211014_step_286_reviewer-review-of-refined-step-286-accept-with-five-corrections.md	-
1024	PENDING	-	-	-	docs/knowledgeos/brainstorming/phase_measure_theory/knowledgeos_kernel/prompts/20260831-211057_step_286_reviewer-review-of-step-286-accept-with-tightening-two-hypotheses-split.md	-
1025	PENDING	-	-	-	docs/knowledgeos/brainstorming/phase_measure_theory/knowledgeos_kernel/prompts/20260831-211125_step_285_reviewer-joint-review-of-refined-285-and-286-with-status-line-fixes.md	-
1026	PENDING	-	-	-	docs/knowledgeos/brainstorming/phase_measure_theory/knowledgeos_kernel/prompts/20260831-211415_step_287_reviewer-review-of-refined-step-287-keep-open-four-surgical-edits.md	-
1027	PENDING	-	-	-	docs/knowledgeos/brainstorming/phase_measure_theory/knowledgeos_kernel/prompts/20260831-211449_step_288_reviewer-accepts-287-as-research-diagnosis-and-drafts-step-288-mandate.md	-
1028	PENDING	-	-	-	docs/knowledgeos/brainstorming/phase_measure_theory/knowledgeos_kernel/research/REFINED-STEP-285.md	-
1029	PENDING	-	-	-	docs/knowledgeos/brainstorming/phase_measure_theory/knowledgeos_kernel/prompts/20260831-211536_step_287_reviewer-do-not-freeze-287-four-red-four-orange-issues.md	-
1030	PENDING	-	-	-	docs/knowledgeos/brainstorming/phase_measure_theory/knowledgeos_kernel/prompts/20260831-212225_step_287_reviewer-accepts-corrections-and-issues-nine-audit-prompts-for-287-vnext.md	-
1031	PENDING	-	-	-	docs/knowledgeos/brainstorming/phase_measure_theory/knowledgeos_kernel/research/11-STEP-287-AUDITS-P1-P9.md	-
1032	PENDING	-	-	-	docs/knowledgeos/brainstorming/phase_measure_theory/knowledgeos_kernel/research/12-FINAL-STEP-287-CLOSURE-AUDIT.md	-
1033	PENDING	-	-	-	docs/knowledgeos/brainstorming/phase_measure_theory/knowledgeos_kernel/research/08-FINDINGS-FROM-THE-20260826-Q-SERIES.md	-
1034	PENDING	-	-	-	docs/knowledgeos/brainstorming/phase_measure_theory/knowledgeos_kernel/research/13-CLOSURE-AUDIT-RERUN.md	-
1035	PENDING	-	-	-	docs/knowledgeos/brainstorming/phase_measure_theory/knowledgeos_kernel/research/REFINED-STEP-287-INVARIANTS.md	-
1036	PENDING	-	-	-	docs/knowledgeos/brainstorming/phase_measure_theory/knowledgeos_kernel/research/REFINED-STEP-287.md	-
1037	PENDING	-	-	-	docs/knowledgeos/brainstorming/phase_measure_theory/knowledgeos_kernel/research/14-GAP-UPDATE-FROM-THE-025-ALGEBRA-SEAM.md	-
1038	PENDING	-	-	-	docs/knowledgeos/brainstorming/phase_measure_theory/knowledgeos_kernel/research/15-GAP-UPDATE-FROM-STEPS-012-038-195.md	-
1039	PENDING	-	-	-	docs/knowledgeos/brainstorming/phase_measure_theory/knowledgeos_kernel/research/step-288/exec/t288_audits.py	-
1040	PENDING	-	-	-	docs/knowledgeos/brainstorming/phase_measure_theory/knowledgeos_kernel/research/step-288/exec/OUT-t288_audits.txt	-
1041	PENDING	-	-	-	docs/knowledgeos/brainstorming/phase_measure_theory/knowledgeos_kernel/research/step-288/01-EQUALITY-REGISTER-RECONCILIATION.md	-
1042	PENDING	-	-	-	docs/knowledgeos/brainstorming/phase_measure_theory/knowledgeos_kernel/research/step-288/02-IDENTITY-REGISTER.md	-
1043	PENDING	-	-	-	docs/knowledgeos/brainstorming/phase_measure_theory/knowledgeos_kernel/research/step-288/03-DECISION-PROCEDURE-MATRIX.md	-
1044	PENDING	-	-	-	docs/knowledgeos/brainstorming/phase_measure_theory/knowledgeos_kernel/research/step-288/04-CONGRUENCE-AND-OPERATION-MATRIX.md	-
1045	PENDING	-	-	-	docs/knowledgeos/brainstorming/phase_measure_theory/knowledgeos_kernel/research/step-288/05-STEP-261-GATE-AUDIT.md	-
1046	PENDING	-	-	-	docs/knowledgeos/brainstorming/phase_measure_theory/knowledgeos_kernel/research/step-288/06-STEP-288-MATHEMATICAL-AUDITS.md	-
1047	PENDING	-	-	-	docs/knowledgeos/brainstorming/phase_measure_theory/knowledgeos_kernel/research/step-288/07-NORMATIVE-DECISION-REGISTER.md	-
1048	PENDING	-	-	-	docs/knowledgeos/brainstorming/phase_measure_theory/knowledgeos_kernel/research/step-288/08-GAP-UPDATE.md	-
1049	PENDING	-	-	-	docs/knowledgeos/brainstorming/phase_measure_theory/knowledgeos_kernel/research/step-289/exec/t289_bootstrap.py	-
1050	PENDING	-	-	-	docs/knowledgeos/brainstorming/phase_measure_theory/knowledgeos_kernel/research/step-289/exec/t289_bootstrap_v2.py	-
1051	PENDING	-	-	-	docs/knowledgeos/brainstorming/phase_measure_theory/knowledgeos_kernel/research/step-289/exec/OUT-t289_bootstrap.txt	-
1052	PENDING	-	-	-	docs/knowledgeos/brainstorming/phase_measure_theory/knowledgeos_kernel/research/step-289/exec/OUT-t289_bootstrap_v2.txt	-
1053	PENDING	-	-	-	docs/knowledgeos/brainstorming/phase_measure_theory/knowledgeos_kernel/research/step-289/01-dependency-graph.md	-
1054	PENDING	-	-	-	docs/knowledgeos/brainstorming/phase_measure_theory/knowledgeos_kernel/research/step-289/02-cycle-reconstruction.md	-
1055	PENDING	-	-	-	docs/knowledgeos/brainstorming/phase_measure_theory/knowledgeos_kernel/research/step-289/03-bootstrap-boundary.md	-
1056	PENDING	-	-	-	docs/knowledgeos/brainstorming/phase_measure_theory/knowledgeos_kernel/research/step-289/07-sigma-k-boundary-audit.md	-
1057	PENDING	-	-	-	docs/knowledgeos/brainstorming/phase_measure_theory/knowledgeos_kernel/research/step-289/08-degeneracy-audit.md	-
1058	PENDING	-	-	-	docs/knowledgeos/brainstorming/phase_measure_theory/knowledgeos_kernel/research/step-289/05-step-261-gate-audit.md	-
1059	PENDING	-	-	-	docs/knowledgeos/brainstorming/phase_measure_theory/knowledgeos_kernel/research/step-289/04-derivation-governance-matrix.md	-
1060	PENDING	-	-	-	docs/knowledgeos/brainstorming/phase_measure_theory/knowledgeos_kernel/research/step-289/06-register-reconciliation.md	-
1061	PENDING	-	-	-	docs/knowledgeos/brainstorming/phase_measure_theory/knowledgeos_kernel/research/step-289/09-normative-decision-register.md	-
1062	PENDING	-	-	-	docs/knowledgeos/brainstorming/phase_measure_theory/knowledgeos_kernel/research/step-289/10-closure-contract.md	-
1063	PENDING	-	-	-	docs/knowledgeos/brainstorming/phase_measure_theory/knowledgeos_kernel/research/step-290/exec/t290_n1_audit.py	-
1064	PENDING	-	-	-	docs/knowledgeos/brainstorming/phase_measure_theory/knowledgeos_kernel/research/step-290/exec/OUT-t290_n1_audit.txt	-
1065	PENDING	-	-	-	docs/knowledgeos/brainstorming/phase_measure_theory/knowledgeos_kernel/research/step-290/01-relation-register.md	-
1066	PENDING	-	-	-	docs/knowledgeos/brainstorming/phase_measure_theory/knowledgeos_kernel/research/step-290/03-distinguishability-audit.md	-
1067	PENDING	-	-	-	docs/knowledgeos/brainstorming/phase_measure_theory/knowledgeos_kernel/research/step-290/02-definition-comparison.md	-
1068	PENDING	-	-	-	docs/knowledgeos/brainstorming/phase_measure_theory/knowledgeos_kernel/research/step-290/04-observational-family-audit.md	-
1069	PENDING	-	-	-	docs/knowledgeos/brainstorming/phase_measure_theory/knowledgeos_kernel/research/step-290/05-congruence-audit.md	-
1070	PENDING	-	-	-	docs/knowledgeos/brainstorming/phase_measure_theory/knowledgeos_kernel/research/step-290/06-declaration-derivation-audit.md	-
1071	PENDING	-	-	-	docs/knowledgeos/brainstorming/phase_measure_theory/knowledgeos_kernel/research/step-290/07-step-261-gate-audit.md	-
1072	PENDING	-	-	-	docs/knowledgeos/brainstorming/phase_measure_theory/knowledgeos_kernel/research/step-290/08-decision-register.md	-
1073	PENDING	-	-	-	docs/knowledgeos/brainstorming/phase_measure_theory/knowledgeos_kernel/research/step-290/09-gap-update.md	-
1074	PENDING	-	-	-	docs/knowledgeos/brainstorming/phase_measure_theory/knowledgeos_kernel/research/step-290/10-evidence-index.md	-
1075	PENDING	-	-	-	docs/knowledgeos/brainstorming/phase_measure_theory/knowledgeos_kernel/research/step-291/exec/t291_bootstrap.py	-
1076	PENDING	-	-	-	docs/knowledgeos/brainstorming/phase_measure_theory/knowledgeos_kernel/research/step-291/exec/t291_omega_tau_audit.py	-
1077	PENDING	-	-	-	docs/knowledgeos/brainstorming/phase_measure_theory/knowledgeos_kernel/research/step-291/exec/t291_equality.py	-
1078	PENDING	-	-	-	docs/knowledgeos/brainstorming/phase_measure_theory/knowledgeos_kernel/research/step-291/01_omega-tau-reconciliation.md	-
1079	PENDING	-	-	-	docs/knowledgeos/brainstorming/phase_measure_theory/knowledgeos_kernel/research/step-291/04_closure-analysis.md	-
1080	PENDING	-	-	-	docs/knowledgeos/brainstorming/phase_measure_theory/knowledgeos_kernel/research/step-291/03_operation-registry-audit.md	-
1081	PENDING	-	-	-	docs/knowledgeos/brainstorming/phase_measure_theory/knowledgeos_kernel/research/step-291/02_observation-inventory.md	-
1082	PENDING	-	-	-	docs/knowledgeos/brainstorming/phase_measure_theory/knowledgeos_kernel/research/step-291/05_dependency-graph.md	-
1083	PENDING	-	-	-	docs/knowledgeos/brainstorming/phase_measure_theory/knowledgeos_kernel/research/step-291/08_equality-impact.md	-
1084	PENDING	-	-	-	docs/knowledgeos/brainstorming/phase_measure_theory/knowledgeos_kernel/research/step-291/06_261-gate-audit.md	-
1085	PENDING	-	-	-	docs/knowledgeos/brainstorming/phase_measure_theory/knowledgeos_kernel/research/step-291/07_governance-vs-derivation.md	-
1086	PENDING	-	-	-	docs/knowledgeos/brainstorming/phase_measure_theory/knowledgeos_kernel/research/step-291/09_negative-results.md	-
1087	PENDING	-	-	-	docs/knowledgeos/brainstorming/phase_measure_theory/knowledgeos_kernel/research/step-291/10_recommendation-and-next-act.md	-
1088	PENDING	-	-	-	docs/knowledgeos/brainstorming/phase_measure_theory/knowledgeos_kernel/research/REFINED-STEP-288.md	-
1089	PENDING	-	-	-	docs/knowledgeos/brainstorming/phase_measure_theory/knowledgeos_kernel/research/REFINED-STEP-289.md	-
1090	PENDING	-	-	-	docs/knowledgeos/brainstorming/phase_measure_theory/knowledgeos_kernel/research/step-291/exec/t291b_graph_universe.py	-
1091	PENDING	-	-	-	docs/knowledgeos/brainstorming/phase_measure_theory/knowledgeos_kernel/research/step-291/exec/t291_transcript.txt	-
1092	PENDING	-	-	-	docs/knowledgeos/brainstorming/phase_measure_theory/knowledgeos_kernel/research/step-291/11_VNEXT-CLOSURE-AUDIT.md	-
1093	PENDING	-	-	-	docs/knowledgeos/brainstorming/phase_measure_theory/knowledgeos_kernel/research/REFINED-STEP-291.md	-
1094	PENDING	-	-	-	docs/knowledgeos/brainstorming/phase_measure_theory/knowledgeos_kernel/research/REFINED-STEP-290.md	-
1095	PENDING	-	-	-	docs/knowledgeos/brainstorming/phase_measure_theory/knowledgeos_kernel/research/16-GAP-UPDATE-FROM-GITA-CHAPTERS-05-06-07.md	-
1096	PENDING	-	-	-	docs/knowledgeos/brainstorming/phase_measure_theory/knowledgeos_kernel/research/19-GITA-CANDIDATE-TIERING-COMPLETED-ALL-18-CHAPTERS.md	-
1097	PENDING	-	-	-	docs/knowledgeos/brainstorming/phase_measure_theory/knowledgeos_kernel/research/18-GITA-CANDIDATES-FOR-KNOWLEDGEOS-AND-THE-KERNEL.md	-
1098	PENDING	-	-	-	docs/knowledgeos/brainstorming/phase_measure_theory/knowledgeos_kernel/research/20-GITA-KERNEL-CANDIDATES-THE-CONVERGENCE.md	-
1099	PENDING	-	-	-	docs/knowledgeos/brainstorming/phase_measure_theory/knowledgeos_kernel/research/21-GITA-DIMENSION-AND-PURIFICATION-CANDIDATES.md	-
1100	PENDING	-	-	-	docs/knowledgeos/brainstorming/phase_measure_theory/knowledgeos_kernel/research/22-EXTERNAL-RESEARCH-GITA-THEORY-REVIEW-AND-GAP-OPTIMIZATION.md	-
1101	PENDING	-	-	-	docs/knowledgeos/brainstorming/phase_measure_theory/knowledgeos_kernel/research/23-GITA-CHAPTERS-10-15-KERNEL-RECONSTRUCTION.md	-
1102	PENDING	-	-	-	docs/knowledgeos/brainstorming/phase_measure_theory/knowledgeos_kernel/research/24-CHAPTER-16-CONTROLLED-COMPARISON-AND-THE-QUALIFY-REFINEMENT.md	-
1103	PENDING	-	-	-	docs/knowledgeos/brainstorming/phase_measure_theory/knowledgeos_kernel/research/25-GITA-TRACK-CLOSED-CH-17-18-05-AND-THE-GUNA-FORK.md	-
1104	PENDING	-	-	-	docs/knowledgeos/brainstorming/phase_measure_theory/knowledgeos_kernel/research/26-THE-KERNEL-SIMULATION-AUDITED-AND-CH-04-03.md	-
1105	PENDING	-	-	-	docs/knowledgeos/brainstorming/phase_measure_theory/knowledgeos_kernel/research/27-CH-02-REFRAME-AND-SIX-CONTROLLED-COMPARISONS.md	-
1106	PENDING	-	-	-	docs/knowledgeos/brainstorming/phase_measure_theory/knowledgeos_kernel/research/28-CH-01-FAILURE-MODES-AND-THE-GITA-TRACK-CLOSED.md	-
1107	PENDING	-	-	-	docs/knowledgeos/brainstorming/phase_measure_theory/knowledgeos_kernel/research/29-TWO-SYNTHESES-AND-THE-STEP-NUMBER-COLLISION.md	-
1108	PENDING	-	-	-	docs/knowledgeos/brainstorming/phase_measure_theory/knowledgeos_kernel/research/31-STATE-VOCABULARY-THE-OPERATOR-CONTRACT-AND-SIX-COLLISIONS.md	-
1109	PENDING	-	-	-	docs/knowledgeos/brainstorming/phase_measure_theory/knowledgeos_kernel/research/30-THE-EIGHT-PRIMITIVES-HOLD-CONVERGENCE-ON-THE-ANSWER.md	-
1110	PENDING	-	-	-	docs/knowledgeos/brainstorming/phase_measure_theory/knowledgeos_kernel/research/32-THE-LANE-TURNS-ABSORPTION-NOT-ADJUDICATION.md	-
1111	PENDING	-	-	-	docs/knowledgeos/brainstorming/phase_measure_theory/knowledgeos_kernel/research/33-A-LIVE-ADJUDICATION-AND-THE-INHERITED-GATES.md	-
1112	PENDING	-	-	-	docs/knowledgeos/brainstorming/phase_measure_theory/knowledgeos_kernel/research/34-THE-UNSCHEDULABLE-PROGRAMME-AND-THE-DIMENSION-MODEL.md	-
1113	PENDING	-	-	-	docs/knowledgeos/brainstorming/phase_measure_theory/knowledgeos_kernel/research/step-291/00_NUMBERING-COLLISION-REPORT.md	-
1114	PENDING	-	-	-	docs/knowledgeos/brainstorming/phase_measure_theory/knowledgeos_kernel/research/35-A-CANDIDATE-CARRIER-FOR-THE-MISSINGNESS-DEFECT.md	-
1115	PENDING	-	-	-	docs/knowledgeos/brainstorming/phase_measure_theory/knowledgeos_kernel/research/36-THE-PROBABILITY-SPACE-RE-RAISED-AND-THE-TOPOLOGICAL-LENS.md	-
1116	PENDING	-	-	-	docs/knowledgeos/brainstorming/phase_measure_theory/knowledgeos_kernel/research/17-GITA-PHILOSOPHY-VS-MATHEMATICAL-AND-STATISTICAL-MODELLING.md	-
1117	PENDING	-	-	-	docs/knowledgeos/brainstorming/phase_measure_theory/knowledgeos_kernel/research/REFINED-STEP-286.md	-
1118	PENDING	-	-	-	docs/knowledgeos/brainstorming/phase_measure_theory/knowledgeos_kernel/research/00-INDEX.md	-
1119	EXCLUDED	OUT_OF_SCOPE_ROOT	-	-	docs/knowledgeos/reviews/README.md	-
1120	EXCLUDED	OUT_OF_SCOPE_ROOT	-	-	docs/knowledgeos/reviews/2026-08-16-knowledge-placement-requirement-registration.md	-
1121	EXCLUDED	OUT_OF_SCOPE_ROOT	-	-	docs/knowledgeos/backlog/EKS-01-governed-knowledge-distribution.md	-
1122	EXCLUDED	OUT_OF_SCOPE_ROOT	-	-	docs/knowledgeos/backlog/EKS-03-historical-document-relocation.md	-
1123	EXCLUDED	OUT_OF_SCOPE_ROOT	-	-	docs/knowledgeos/backlog/EKS-04-lifecycle-handoff-ambiguity.md	-
1124	EXCLUDED	OUT_OF_SCOPE_ROOT	-	-	docs/knowledgeos/reviews/2026-08-16-KOS-ATTR-ARCH-001-rev3-independent-architecture-review.md	-
1125	EXCLUDED	OUT_OF_SCOPE_ROOT	-	-	docs/knowledgeos/reviews/2026-08-16-KOS-ATTR-ARCH-001-f1-f8-repair.md	-
1126	EXCLUDED	OUT_OF_SCOPE_ROOT	-	-	docs/knowledgeos/reviews/2026-08-16-KOS-ATTR-ARCH-001-f1-f8-repair-independent-verification.md	-
1127	EXCLUDED	OUT_OF_SCOPE_ROOT	-	-	docs/knowledgeos/reviews/2026-08-16-KOS-ATTR-ARCH-001-stage1-approval-registration.md	-
1128	EXCLUDED	OUT_OF_SCOPE_ROOT	-	-	docs/knowledgeos/reviews/2026-08-16-KOS-ATTR-ARCH-001-review-decision-summary.md	-
1129	EXCLUDED	OUT_OF_SCOPE_ROOT	-	-	docs/knowledgeos/reviews/2026-08-17-KOS-ARCH-BASELINE-001-producer-self-review-disclosure.md	-
1130	EXCLUDED	OUT_OF_SCOPE_ROOT	-	-	docs/knowledgeos/reviews/2026-08-17-KOS-ARCH-BASELINE-001-phase-a-independent-verification.md	-
1131	EXCLUDED	OUT_OF_SCOPE_ROOT	-	-	docs/knowledgeos/reviews/2026-08-17-KOS-ARCH-BASELINE-001-phase-a-v1.1-correction-verification.md	-
1132	EXCLUDED	OUT_OF_SCOPE_ROOT	-	-	docs/knowledgeos/reviews/2026-08-17-KOS-ARCH-BASELINE-001-n1-n2-correction-delivery.md	-
1133	EXCLUDED	OUT_OF_SCOPE_ROOT	-	-	docs/knowledgeos/reviews/2026-08-17-KOS-ARCH-BASELINE-001-verification-3-authorization.md	-
1134	EXCLUDED	OUT_OF_SCOPE_ROOT	-	-	docs/knowledgeos/reviews/2026-08-17-KOS-ARCH-BASELINE-001-verification-3-n1-n2-report.md	-
1135	EXCLUDED	OUT_OF_SCOPE_ROOT	-	-	docs/knowledgeos/reviews/2026-08-17-KOS-ARCH-BASELINE-001-verification-3-acceptance-registration.md	-
1136	EXCLUDED	OUT_OF_SCOPE_ROOT	-	-	docs/knowledgeos/reviews/2026-08-17-KOS-ARCH-BASELINE-001-phase-a-acceptance-registration.md	-
1137	EXCLUDED	OUT_OF_SCOPE_ROOT	-	-	docs/knowledgeos/reviews/2026-08-17-KOS-ATTR-ARCH-001-stage2-bounded-context-confirmation.md	-
1138	EXCLUDED	OUT_OF_SCOPE_ROOT	-	-	docs/knowledgeos/reviews/2026-08-17-KOS-ARCH-BASELINE-002-commission.md	-
1139	EXCLUDED	OUT_OF_SCOPE_ROOT	-	-	docs/knowledgeos/reviews/2026-08-17-KOS-ARCH-BASELINE-002-principal-review-registration.md	-
1140	EXCLUDED	OUT_OF_SCOPE_ROOT	-	-	docs/knowledgeos/reviews/2026-08-17-KOS-ARCH-BASELINE-002-acceptance-registration.md	-
1141	EXCLUDED	OUT_OF_SCOPE_ROOT	-	-	docs/knowledgeos/developer_guide/developer-guide-set-up-ai-agents-with-knowledgeos.md	-
1142	EXCLUDED	OUT_OF_SCOPE_ROOT	-	-	docs/knowledgeos/reviews/2026-08-17-KOS-ARCH-BASELINE-002-context-map-v2.md	-
1143	EXCLUDED	OUT_OF_SCOPE_ROOT	-	-	docs/knowledgeos/reviews/2026-08-17-KOS-ARCH-BASELINE-002-capability-map-v2.md	-
1144	EXCLUDED	OUT_OF_SCOPE_ROOT	-	-	docs/knowledgeos/reviews/2026-08-17-KOS-ARCH-BASELINE-002-architecture-landscape-v2.md	-
1145	EXCLUDED	OUT_OF_SCOPE_ROOT	-	-	docs/knowledgeos/reviews/2026-08-17-KOS-ARCH-BASELINE-003-commission.md	-
1146	EXCLUDED	OUT_OF_SCOPE_ROOT	-	-	docs/knowledgeos/reviews/KOS-ARCH-BASELINE-003-bc7-domain-model-proposal.md	-
1147	EXCLUDED	OUT_OF_SCOPE_ROOT	-	-	docs/knowledgeos/reviews/KOS-ARCH-BASELINE-003-verification-report.md	-
1148	EXCLUDED	OUT_OF_SCOPE_ROOT	-	-	docs/knowledgeos/reviews/KOS-ARCH-BASELINE-003-verification-2-report.md	-
1149	EXCLUDED	OUT_OF_SCOPE_ROOT	-	-	docs/knowledgeos/reviews/KOS-ARCH-BASELINE-003-correction-delivery-note.md	-
1150	EXCLUDED	OUT_OF_SCOPE_ROOT	-	-	docs/knowledgeos/reviews/KOS-ARCH-BASELINE-003-verification-3-report.md	-
1151	EXCLUDED	OUT_OF_SCOPE_ROOT	-	-	docs/knowledgeos/backlog/EKS-02-subject-derived-placement-enforcement.md	-
1152	EXCLUDED	OUT_OF_SCOPE_ROOT	-	-	docs/knowledgeos/reviews/2026-08-17-KOS-ARCH-BASELINE-003-verification-3-acceptance-registration.md	-
1153	EXCLUDED	OUT_OF_SCOPE_ROOT	-	-	docs/knowledgeos/reviews/2026-08-17-KOS-ARCH-BASELINE-003-acceptance-registration.md	-
1154	EXCLUDED	OUT_OF_SCOPE_ROOT	-	-	docs/knowledgeos/reviews/KOS-ARCH-BASELINE-003-domain-model-refinement.md	-
1155	EXCLUDED	OUT_OF_SCOPE_ROOT	-	-	docs/knowledgeos/reviews/2026-08-18-portfolio-lifecycle-reconciliation.md	-
1156	EXCLUDED	OUT_OF_SCOPE_ROOT	-	-	docs/knowledgeos/reviews/2026-08-18-arb-sequencing-determination.md	-
1157	EXCLUDED	OUT_OF_SCOPE_ROOT	-	-	docs/knowledgeos/architecture/README.md	-
1158	EXCLUDED	OUT_OF_SCOPE_ROOT	-	-	docs/knowledgeos/architecture/README (1).md	-
1159	EXCLUDED	OUT_OF_SCOPE_ROOT	-	-	docs/knowledgeos/architecture/01-system-context.puml	-
1160	EXCLUDED	OUT_OF_SCOPE_ROOT	-	-	docs/knowledgeos/architecture/02-container-architecture.puml	-
1161	EXCLUDED	OUT_OF_SCOPE_ROOT	-	-	docs/knowledgeos/architecture/03-component-knowledgeos.puml	-
1162	EXCLUDED	OUT_OF_SCOPE_ROOT	-	-	docs/knowledgeos/architecture/04-contract-neutrality-fact-model.puml	-
1163	EXCLUDED	OUT_OF_SCOPE_ROOT	-	-	docs/knowledgeos/reviews/2026-08-18-two-track-parallel-authorization.md	-
1164	EXCLUDED	OUT_OF_SCOPE_ROOT	-	-	docs/knowledgeos/reviews/2026-08-18-KOS-AIP04-DISCOVERY-001-commission.md	-
1165	EXCLUDED	OUT_OF_SCOPE_ROOT	-	-	docs/knowledgeos/reviews/2026-08-18-KOS-AIP04-DISCOVERY-001-independent-verification.md	-
1166	EXCLUDED	OUT_OF_SCOPE_ROOT	-	-	docs/knowledgeos/reviews/2026-08-19-KOS-AIP04-DISCOVERY-001-independent-verification-2-amendment1.md	-
1167	EXCLUDED	OUT_OF_SCOPE_ROOT	-	-	docs/knowledgeos/architecture/2026-08-18-KOS-AIP04-DISCOVERY-001-adr-aip-04-capability-discovery-proposal.md	-
1168	EXCLUDED	OUT_OF_SCOPE_ROOT	-	-	docs/knowledgeos/reviews/2026-08-19-KOS-AIP04-DISCOVERY-001-independent-verification-3-correction2.md	-
1169	EXCLUDED	OUT_OF_SCOPE_ROOT	-	-	docs/knowledgeos/reviews/2026-08-19-six-role-operating-model-adoption.md	-
1170	EXCLUDED	OUT_OF_SCOPE_ROOT	-	-	docs/knowledgeos/reviews/2026-08-19-KOS-AIP04-DISCOVERY-001-verification-3-registration.md	-
1171	EXCLUDED	OUT_OF_SCOPE_ROOT	-	-	docs/knowledgeos/reviews/2026-08-19-KOS-AIP04-DISCOVERY-001-record-integrity-disposition.md	-
1172	EXCLUDED	OUT_OF_SCOPE_ROOT	-	-	docs/knowledgeos/reviews/2026-08-19-KOS-AIP04-DISCOVERY-001-capability-analysis-amendment.md	-
1173	EXCLUDED	OUT_OF_SCOPE_ROOT	-	-	docs/knowledgeos/reviews/2026-08-19-KOS-AIP04-DISCOVERY-001-amd2-verification-registration.md	-
1174	EXCLUDED	OUT_OF_SCOPE_ROOT	-	-	docs/knowledgeos/reviews/2026-08-19-KOS-AIP04-DISCOVERY-001-correction3-verification-stop.md	-
1175	EXCLUDED	OUT_OF_SCOPE_ROOT	-	-	docs/knowledgeos/reviews/2026-08-19-KOS-AIP04-DISCOVERY-001-amd2-verification.md	-
1176	EXCLUDED	OUT_OF_SCOPE_ROOT	-	-	docs/knowledgeos/reviews/2026-08-19-KOS-AIP04-DISCOVERY-001-amd2-verification-independence-refusal.md	-
1177	EXCLUDED	OUT_OF_SCOPE_ROOT	-	-	docs/knowledgeos/architecture/KOS-AIP04-DISCOVERY-001-capability-architecture-analysis.md	-
1178	EXCLUDED	OUT_OF_SCOPE_ROOT	-	-	docs/knowledgeos/reviews/2026-08-19-KOS-AIP04-DISCOVERY-001-correction3-verification-registration.md	-
1179	EXCLUDED	OUT_OF_SCOPE_ROOT	-	-	docs/knowledgeos/reviews/2026-08-19-KOS-AIP04-DISCOVERY-001-correction3-verification-independence-refusal.md	-
1180	EXCLUDED	OUT_OF_SCOPE_ROOT	-	-	docs/knowledgeos/reviews/2026-08-19-KOS-AIP04-DISCOVERY-001-provenance-reconciliation.md	-
1181	EXCLUDED	OUT_OF_SCOPE_ROOT	-	-	docs/knowledgeos/reviews/2026-08-19-KOS-AIP04-DISCOVERY-001-c5-commission-canonical-discovery-stop.md	-
1182	EXCLUDED	OUT_OF_SCOPE_ROOT	-	-	docs/knowledgeos/reviews/2026-08-19-KOS-AIP04-DISCOVERY-001-provenance-disposition-c5-correction3.md	-
1183	EXCLUDED	OUT_OF_SCOPE_ROOT	-	-	docs/knowledgeos/reviews/2026-08-19-KOS-AIP04-DISCOVERY-001-c10-receipt-decision-boundary.md	-
1184	EXCLUDED	OUT_OF_SCOPE_ROOT	-	-	docs/knowledgeos/reviews/2026-08-19-KOS-AIP04-DISCOVERY-001-c10-decision-1-receipt-semantics.md	-
1185	EXCLUDED	OUT_OF_SCOPE_ROOT	-	-	docs/knowledgeos/reviews/2026-08-19-KOS-AIP04-DISCOVERY-001-c10-d1-second-act-conflict.md	-
1186	EXCLUDED	OUT_OF_SCOPE_ROOT	-	-	docs/knowledgeos/reviews/2026-08-19-KOS-AIP04-DISCOVERY-001-c10-existence-decision-prep.md	-
1187	EXCLUDED	OUT_OF_SCOPE_ROOT	-	-	docs/knowledgeos/reviews/2026-08-19-KOS-AIP04-DISCOVERY-001-c10-d3-decision-prep.md	-
1188	EXCLUDED	OUT_OF_SCOPE_ROOT	-	-	docs/knowledgeos/reviews/2026-08-19-KOS-AIP04-DISCOVERY-001-c10-d4-decision-prep.md	-
1189	EXCLUDED	OUT_OF_SCOPE_ROOT	-	-	docs/knowledgeos/reviews/2026-08-19-KOS-AIP04-DISCOVERY-001-c10-d4-2-condition-semantics.md	-
1190	EXCLUDED	OUT_OF_SCOPE_ROOT	-	-	docs/knowledgeos/reviews/2026-08-19-KOS-AIP04-DISCOVERY-001-c10-d4-3-response-mapping.md	-
1191	EXCLUDED	OUT_OF_SCOPE_ROOT	-	-	docs/knowledgeos/reviews/2026-08-19-KOS-AIP04-DISCOVERY-001-c10-d5-commission.md	-
1192	EXCLUDED	OUT_OF_SCOPE_ROOT	-	-	docs/knowledgeos/architecture/KOS-AIP04-C10-D5-ESTABLISHMENT-CRITERIA-PROPOSAL.md	-
1193	EXCLUDED	OUT_OF_SCOPE_ROOT	-	-	docs/knowledgeos/reviews/2026-08-19-KOS-AIP04-DISCOVERY-001-c10-d1-stabilization-act-registration.md	-
1194	EXCLUDED	OUT_OF_SCOPE_ROOT	-	-	docs/knowledgeos/reviews/2026-08-19-KOS-AIP04-DISCOVERY-001-c10-d1-consolidation-prep.md	-
1195	EXCLUDED	OUT_OF_SCOPE_ROOT	-	-	docs/knowledgeos/reviews/2026-08-19-KOS-AIP04-DISCOVERY-001-c10-d2-existence-decision.md	-
1196	EXCLUDED	OUT_OF_SCOPE_ROOT	-	-	docs/knowledgeos/reviews/2026-08-19-KOS-AIP04-DISCOVERY-001-provenance-disposition.md	-
1197	EXCLUDED	OUT_OF_SCOPE_ROOT	-	-	docs/knowledgeos/architecture/KOS-AIP04-C10-E2-RECEIPT-COMPLETENESS.md	-
1198	EXCLUDED	OUT_OF_SCOPE_ROOT	-	-	docs/knowledgeos/reviews/2026-08-19-KOS-AIP04-DISCOVERY-001-c10-e2-assignment-regression.md	-
1199	EXCLUDED	OUT_OF_SCOPE_ROOT	-	-	docs/knowledgeos/reviews/KOS-AIP04-C10-E2-GOVERNANCE-REVIEW.md	-
1200	EXCLUDED	OUT_OF_SCOPE_ROOT	-	-	docs/knowledgeos/reviews/KOS-AIP04-C10-E2-FLAG-O-RESOLUTION.md	-
1201	EXCLUDED	OUT_OF_SCOPE_ROOT	-	-	docs/knowledgeos/reviews/KOS-AIP04-C10-E2-ADOPTION-DECISION.md	-
1202	EXCLUDED	OUT_OF_SCOPE_ROOT	-	-	docs/knowledgeos/reviews/KOS-AIP04-C10-D5-ADOPTION-DECISION.md	-
1203	EXCLUDED	OUT_OF_SCOPE_ROOT	-	-	docs/knowledgeos/architecture/KOS-AIP-GOV-STATE-DURABILITY-ADR.md	-
1204	EXCLUDED	OUT_OF_SCOPE_ROOT	-	-	docs/knowledgeos/reviews/2026-08-19-KOS-AIP-GOV-STATE-DURABILITY-po-arb-position-registration.md	-
1205	EXCLUDED	OUT_OF_SCOPE_ROOT	-	-	docs/knowledgeos/reviews/KOS-AIP-GOV-STATE-DURABILITY-DECISION.md	-
1206	EXCLUDED	OUT_OF_SCOPE_ROOT	-	-	docs/knowledgeos/architecture/KOS-AIP-GOV-STATE-DURABILITY-IMPLEMENTATION-DESIGN.md	-
1207	EXCLUDED	OUT_OF_SCOPE_ROOT	-	-	docs/knowledgeos/how_far_we_are/202060819_2137_session.md	-
1208	EXCLUDED	OUT_OF_SCOPE_ROOT	-	-	docs/knowledgeos/backlog/EKS-05-knowledge-evidence-boundary.md	-
1209	EXCLUDED	OUT_OF_SCOPE_ROOT	-	-	docs/knowledgeos/reviews/KOS-AIP-GOV-STATE-DURABILITY-MIGRATION-PLAN-REVIEW.md	-
1210	EXCLUDED	OUT_OF_SCOPE_ROOT	-	-	docs/knowledgeos/reviews/KOS-AIP-GOV-STATE-DURABILITY-OPEN-M3-DECISION-PREP.md	-
1211	EXCLUDED	OUT_OF_SCOPE_ROOT	-	-	docs/knowledgeos/reviews/KOS-AIP-GOV-STATE-DURABILITY-MIGRATION-PLAN-GOVERNANCE-REVIEW.md	-
1212	EXCLUDED	OUT_OF_SCOPE_ROOT	-	-	docs/knowledgeos/reviews/KOS-AIP-GOV-STATE-DURABILITY-MIGRATION-PLAN-ARCHITECTURE-REVIEW.md	-
1213	EXCLUDED	OUT_OF_SCOPE_ROOT	-	-	docs/knowledgeos/reviews/KOS-AIP-GOV-STATE-DURABILITY-MIGRATION-PLAN-AMD3-ARCHITECTURE-REVIEW.md	-
1214	EXCLUDED	OUT_OF_SCOPE_ROOT	-	-	docs/knowledgeos/reviews/KOS-AIP-GOV-STATE-DURABILITY-MIGRATION-PLAN-AMD4-ARCHITECTURE-REVIEW.md	-
1215	EXCLUDED	OUT_OF_SCOPE_ROOT	-	-	docs/knowledgeos/architecture/KOS-AIP-GOV-STATE-DURABILITY-MIGRATION-PLAN-AMD4-SUMMARY.md	-
1216	EXCLUDED	OUT_OF_SCOPE_ROOT	-	-	docs/knowledgeos/architecture/KOS-AIP-GOV-STATE-DURABILITY-MIGRATION-PLAN-AMD5-SUMMARY.md	-
1217	EXCLUDED	OUT_OF_SCOPE_ROOT	-	-	docs/knowledgeos/reviews/KOS-AIP-GOV-STATE-DURABILITY-MIGRATION-PLAN-AMD5-ARCHITECTURE-REVIEW.md	-
1218	EXCLUDED	OUT_OF_SCOPE_ROOT	-	-	docs/knowledgeos/reviews/KOS-AIP-GOV-STATE-DURABILITY-MIGRATION-PLAN-AMD6-ARCHITECTURE-REVIEW.md	-
1219	EXCLUDED	OUT_OF_SCOPE_ROOT	-	-	docs/knowledgeos/reviews/2026-08-21-track2-phase0-historical-back-test-report.md	-
1220	EXCLUDED	OUT_OF_SCOPE_ROOT	-	-	docs/knowledgeos/backlog/EKS-06-reference-register-identifier-families.md	-
1221	EXCLUDED	OUT_OF_SCOPE_ROOT	-	-	docs/knowledgeos/reviews/2026-08-21-cost-optimization-governance-assurance-review.md	-
1222	EXCLUDED	OUT_OF_SCOPE_ROOT	-	-	docs/knowledgeos/reviews/2026-08-21-track2-phase0-conformance-verification.md	-
1223	EXCLUDED	OUT_OF_SCOPE_ROOT	-	-	docs/knowledgeos/reviews/KOS-AIP-GOV-STATE-DURABILITY-DV-CORRECTION-COMMISSION-REVIEWER-NOTE.md	-
1224	EXCLUDED	OUT_OF_SCOPE_ROOT	-	-	docs/knowledgeos/reviews/2026-08-21-track2-phase1-adoption-evidence.md	-
1225	EXCLUDED	OUT_OF_SCOPE_ROOT	-	-	docs/knowledgeos/architecture/01-KnowledgeOS-Domain-and-Context-Architecture.md	-
1226	EXCLUDED	OUT_OF_SCOPE_ROOT	-	-	docs/knowledgeos/architecture/02-KnowledgeOS-Kernel-and-Platform-Architecture.md	-
1227	EXCLUDED	OUT_OF_SCOPE_ROOT	-	-	docs/knowledgeos/architecture/03-KnowledgeOS-Evidence-Assurance-and-Governance.md	-
1228	EXCLUDED	OUT_OF_SCOPE_ROOT	-	-	docs/knowledgeos/architecture/04-KnowledgeOS-Event-and-Integration-Architecture.md	-
1229	EXCLUDED	OUT_OF_SCOPE_ROOT	-	-	docs/knowledgeos/architecture/05-KnowledgeOS-Architecture-Patterns-and-Technology.md	-
1230	EXCLUDED	OUT_OF_SCOPE_ROOT	-	-	docs/knowledgeos/architecture/06-KnowledgeOS-Operating-Model-and-Product-Architecture.md	-
1231	EXCLUDED	OUT_OF_SCOPE_ROOT	-	-	docs/knowledgeos/architecture/07-KnowledgeOS-Target-Architecture-Review.md	-
1232	EXCLUDED	OUT_OF_SCOPE_ROOT	-	-	docs/knowledgeos/architecture/00-KnowledgeOS-Architecture-Review-Index.md	-
1233	EXCLUDED	OUT_OF_SCOPE_ROOT	-	-	docs/knowledgeos/architecture/KOS-AIP-GOV-STATE-DURABILITY-MIGRATION-PLAN-AMD6-SUMMARY.md	-
1234	EXCLUDED	OUT_OF_SCOPE_ROOT	-	-	docs/knowledgeos/reviews/KOS-AIP-GOV-STATE-DURABILITY-DV-CORRECTION-INDEPENDENCE-GATE-REFUSAL.md	-
1235	EXCLUDED	OUT_OF_SCOPE_ROOT	-	-	docs/knowledgeos/reviews/KOS-AIP-GOV-STATE-DURABILITY-DV-CORRECTION-REVIEWER-ELIGIBILITY-DECLARATION.md	-
1236	EXCLUDED	OUT_OF_SCOPE_ROOT	-	-	docs/knowledgeos/architecture/20260821_2032_EKS Current Architecture Baseline.md	-
1237	EXCLUDED	OUT_OF_SCOPE_ROOT	-	-	docs/knowledgeos/reviews/KOS-AIP-GOV-STATE-DURABILITY-DV-CORRECTION-REVIEWER-ELIGIBILITY-DECLARATION-8a525719.md	-
1238	EXCLUDED	OUT_OF_SCOPE_ROOT	-	-	docs/knowledgeos/reviews/KOS-AIP-GOV-STATE-DURABILITY-DV-CORRECTION-REVIEW-START-GATE-REFUSAL-8a525719.md	-
1239	EXCLUDED	OUT_OF_SCOPE_ROOT	-	-	docs/knowledgeos/reviews/KOS-AIP-GOV-STATE-DURABILITY-DV-CORRECTION-REVIEW-START-GATE-REFUSAL-c11a5a12.md	-
1240	EXCLUDED	OUT_OF_SCOPE_ROOT	-	-	docs/knowledgeos/reviews/2026-08-21-KOS-EP01-P2-pks-archaeology-launch-prompt-review.md	-
1241	EXCLUDED	OUT_OF_SCOPE_ROOT	-	-	docs/knowledgeos/reviews/2026-08-21-KOS-EP01-P2-pks-baseline-hpa-review.md	-
1242	EXCLUDED	OUT_OF_SCOPE_ROOT	-	-	docs/knowledgeos/architecture/20260821-2229-PKS-Current-Architecture-Baseline-Stage-2.md	-
1243	EXCLUDED	OUT_OF_SCOPE_ROOT	-	-	docs/knowledgeos/reviews/2026-08-21-KOS-EP01-P3-landscape-launch-prompt-review.md	-
1244	EXCLUDED	OUT_OF_SCOPE_ROOT	-	-	docs/knowledgeos/reviews/2026-08-21-KOS-EP01-P3-aip-reconstruction-hpa-review.md	-
1245	EXCLUDED	OUT_OF_SCOPE_ROOT	-	-	docs/knowledgeos/reviews/2026-08-21-KOS-EP01-P3-findings-independent-verification.md	-
1246	EXCLUDED	OUT_OF_SCOPE_ROOT	-	-	docs/knowledgeos/architecture/20260821-2344-KnowledgeOS-Epistemic-Architecture-Investigation.md	-
1247	EXCLUDED	OUT_OF_SCOPE_ROOT	-	-	docs/knowledgeos/reviews/2026-08-22-KOS-EP01-R1-eks-corpus-completion-launch-prompt.md	-
1248	EXCLUDED	OUT_OF_SCOPE_ROOT	-	-	docs/knowledgeos/architecture/20260821-2140-EKS-Current-Architecture-Baseline-Stage-1.md	-
1249	EXCLUDED	OUT_OF_SCOPE_ROOT	-	-	docs/knowledgeos/backlog/EKS-08-representation-semantics-separation.md	-
1250	EXCLUDED	OUT_OF_SCOPE_ROOT	-	-	docs/knowledgeos/KnowledgeOS_Conceptual_Foundation.md	-
1251	EXCLUDED	OUT_OF_SCOPE_ROOT	-	-	docs/knowledgeos/KnowledgeOS_Epistemic_Control_Systems_Comparison.md	-
1252	EXCLUDED	OUT_OF_SCOPE_ROOT	-	-	docs/knowledgeos/KnowledgeOS_Vedanta_Pramana_Lens.md	-
1253	EXCLUDED	OUT_OF_SCOPE_ROOT	-	-	docs/knowledgeos/reviews/2026-08-22-KOS-EP01-P3-corrected-baseline-rereview-ruling.md	-
1254	EXCLUDED	OUT_OF_SCOPE_ROOT	-	-	docs/knowledgeos/architecture/20260821-2259-AIP-Current-Architecture-Reconstruction-Stage-3.md	-
1255	EXCLUDED	OUT_OF_SCOPE_ROOT	-	-	docs/knowledgeos/reviews/2026-08-22-KOS-EP01-P4-landscape-launch-prompt.md	-
1256	EXCLUDED	OUT_OF_SCOPE_ROOT	-	-	docs/knowledgeos/architecture/20260822-0915-KOS-EP01-P4-Constitutional-Invariant-Map-v1.0.md	-
1257	EXCLUDED	OUT_OF_SCOPE_ROOT	-	-	docs/knowledgeos/reviews/2026-08-22-KOS-EP01-P5-evidence-validation-launch-prompt.md	-
1258	EXCLUDED	OUT_OF_SCOPE_ROOT	-	-	docs/knowledgeos/architecture/20260822-0927-KOS-EP01-P5-Constitutional-Invariant-Decision-Matrix-v1.0.md	-
1259	EXCLUDED	OUT_OF_SCOPE_ROOT	-	-	docs/knowledgeos/architecture/20260822-0939-KOS-EP01-Step5-Kernel-Decision.md	-
1260	EXCLUDED	OUT_OF_SCOPE_ROOT	-	-	docs/knowledgeos/reviews/20260822-0951-KOS-EP01-Constitution-v1.0-commissioning-prompt.md	-
1261	EXCLUDED	OUT_OF_SCOPE_ROOT	-	-	docs/knowledgeos/architecture/20260822-0951-KOS-EP01-Constitution-v1.0.md	-
1262	EXCLUDED	OUT_OF_SCOPE_ROOT	-	-	docs/knowledgeos/reviews/20260822-0955-KOS-EP01-Reference-Architecture-v1.0-commissioning-prompt.md	-
1263	EXCLUDED	OUT_OF_SCOPE_ROOT	-	-	docs/knowledgeos/architecture/20260822-0955-KOS-EP01-Reference-Architecture-v1.0.md	-
1264	EXCLUDED	OUT_OF_SCOPE_ROOT	-	-	docs/knowledgeos/reviews/20260822-1007-KOS-EP01-Vedic-Placement-Ruling.md	-
1265	EXCLUDED	OUT_OF_SCOPE_ROOT	-	-	docs/knowledgeos/reviews/20260822-1010-KOS-EP01-Research-Lens-001-Transformation-without-identity-loss.md	-
1266	EXCLUDED	OUT_OF_SCOPE_ROOT	-	-	docs/knowledgeos/reviews/20260822-1028-KOS-EP01-Research-Phase-Closure-Ratification.md	-
1267	EXCLUDED	OUT_OF_SCOPE_ROOT	-	-	docs/knowledgeos/reviews/20260822-1100-KOS-EP01-Zero-Neutral-Ground-Architectural-Refinement.md	-
1268	EXCLUDED	OUT_OF_SCOPE_ROOT	-	-	docs/knowledgeos/reviews/KOS-AIP-GOV-STATE-DURABILITY-DV-CORRECTION-INDEPENDENT-REVIEW.md	-
1269	EXCLUDED	OUT_OF_SCOPE_ROOT	-	-	docs/knowledgeos/reviews/20260822-1115-KOS-EP01-Zero-Z-KOS-001-Ratification.md	-
1270	EXCLUDED	OUT_OF_SCOPE_ROOT	-	-	docs/knowledgeos/reviews/20260822-1130-KOS-EP01-Zero-Final-Interpretation-and-Synthesis.md	-
1271	EXCLUDED	OUT_OF_SCOPE_ROOT	-	-	docs/knowledgeos/reviews/20260822-1145-KOS-EP01-Quranic-Epistemology-Lens-Extraction.md	-
1272	EXCLUDED	OUT_OF_SCOPE_ROOT	-	-	docs/knowledgeos/reviews/20260822-1200-KOS-EP01-Negative-Epistemology-Definition.md	-
1273	EXCLUDED	OUT_OF_SCOPE_ROOT	-	-	docs/knowledgeos/reviews/20260822-1215-KOS-EP01-Biblical-Explanation-Architecture-Lens-Extraction.md	-
1274	EXCLUDED	OUT_OF_SCOPE_ROOT	-	-	docs/knowledgeos/reviews/20260822-1230-KOS-EP01-Moksha-Liberation-State-Lens-Extraction.md	-
1275	EXCLUDED	OUT_OF_SCOPE_ROOT	-	-	docs/knowledgeos/reviews/2026-08-22-KOS-AIP-GOV-STATE-DURABILITY-ADR-session-completion-handoff-protocol-governance-review.md	-
1276	EXCLUDED	OUT_OF_SCOPE_ROOT	-	-	docs/knowledgeos/reviews/2026-08-22-KOS-AIP-GOV-STATE-DURABILITY-ADR-session-completion-handoff-protocol-independent-governance-review.md	-
1277	EXCLUDED	OUT_OF_SCOPE_ROOT	-	-	docs/knowledgeos/reviews/2026-08-22-KOS-AIP-GOV-STATE-DURABILITY-ADR-session-completion-handoff-protocol-adoption-registration.md	-
1278	EXCLUDED	OUT_OF_SCOPE_ROOT	-	-	docs/knowledgeos/reviews/20260822-1245-KOS-EP01-Goedel-Reflection-Lens-Extraction.md	-
1279	EXCLUDED	OUT_OF_SCOPE_ROOT	-	-	docs/knowledgeos/reviews/20260822-1300-KOS-EP01-Goedel-Lens-Deeper-Analysis.md	-
1280	EXCLUDED	OUT_OF_SCOPE_ROOT	-	-	docs/knowledgeos/reviews/2026-08-22-KOS-AIP-GOV-STATE-DURABILITY-ADR-session-completion-handoff-protocol-v1.1-independent-review.md	-
1281	EXCLUDED	OUT_OF_SCOPE_ROOT	-	-	docs/knowledgeos/governance/SESSION-COMPLETION-HANDOFF-PROTOCOL.md	-
1282	EXCLUDED	OUT_OF_SCOPE_ROOT	-	-	docs/knowledgeos/reviews/20260822-1315-KOS-EP01-Goedel-Numbering-Mechanism-Operationalization.md	-
1283	EXCLUDED	OUT_OF_SCOPE_ROOT	-	-	docs/knowledgeos/reviews/20260822-1330-KOS-EP01-Escher-Lens-Transformation-Representation-Integrity.md	-
1284	EXCLUDED	OUT_OF_SCOPE_ROOT	-	-	docs/knowledgeos/reviews/2026-08-22-KOS-AIP-GOV-STATE-DURABILITY-ADR-session-completion-handoff-protocol-operational-test.md	-
1285	EXCLUDED	OUT_OF_SCOPE_ROOT	-	-	docs/knowledgeos/reviews/2026-08-22-KOS-AIP-GOV-STATE-DURABILITY-ADR-session-completion-handoff-protocol-test-acceptance-registration.md	-
1286	EXCLUDED	OUT_OF_SCOPE_ROOT	-	-	docs/knowledgeos/reviews/20260822-1345-KOS-EP01-Sanskrit-Grammar-Semantic-Transformation-Integrity.md	-
1287	EXCLUDED	OUT_OF_SCOPE_ROOT	-	-	docs/knowledgeos/reviews/2026-08-22-KOS-AIP-GOV-STATE-DURABILITY-DV-CORRECTION-GOVERNANCE-BOUNDED-REVIEW.md	-
1288	EXCLUDED	OUT_OF_SCOPE_ROOT	-	-	docs/knowledgeos/reviews/20260822-1400-KOS-EP01-Sanskrit-Grammar-V2-Vedic-Paninian-Generative-System.md	-
1289	EXCLUDED	OUT_OF_SCOPE_ROOT	-	-	docs/knowledgeos/reviews/20260822-1415-KOS-EP01-Sanskrit-Word-Order-Invariance-Semantic-Normal-Form.md	-
1290	EXCLUDED	OUT_OF_SCOPE_ROOT	-	-	docs/knowledgeos/KnowledgeOS_Character_Definition.md	-
1291	EXCLUDED	OUT_OF_SCOPE_ROOT	-	-	docs/knowledgeos/reviews/2026-08-22-KOS-AIP-GOV-STATE-DURABILITY-DV-CORRECTION-RV-REPAIR-COMMISSION-REGISTRATION.md	-
1292	EXCLUDED	OUT_OF_SCOPE_ROOT	-	-	docs/knowledgeos/architecture/KOS-AIP-GOV-STATE-DURABILITY-DV-CORRECTION-SUMMARY.md	-
1293	EXCLUDED	OUT_OF_SCOPE_ROOT	-	-	docs/knowledgeos/architecture/KOS-AIP-GOV-STATE-DURABILITY-MIGRATION-PLAN.md	-
1294	EXCLUDED	OUT_OF_SCOPE_ROOT	-	-	docs/knowledgeos/reviews/2026-08-22-KOS-AIP-GOV-STATE-DURABILITY-DV-CORRECTION-RV-REPAIR-DISPOSITION.md	-
1295	EXCLUDED	OUT_OF_SCOPE_ROOT	-	-	docs/knowledgeos/reviews/20260822-1430-KOS-BRAINSTORMING-INTAKE-INTEGRATION-ASSESSMENT.md	-
1296	EXCLUDED	OUT_OF_SCOPE_ROOT	-	-	docs/knowledgeos/reviews/2026-08-22-KOS-AIP-GOV-STATE-DURABILITY-DV-CORRECTION-RV-REPAIR-GOVERNANCE-RE-VERIFICATION.md	-
1297	EXCLUDED	OUT_OF_SCOPE_ROOT	-	-	docs/knowledgeos/reviews/2026-08-22-KOS-AIP-GOV-STATE-DURABILITY-DV-CORRECTION-ACCEPTANCE-REGISTRATION.md	-
1298	EXCLUDED	OUT_OF_SCOPE_ROOT	-	-	docs/knowledgeos/reviews/2026-08-22-KOS-SESSION-BOOTSTRAP-001-diagnostic-and-activation-registration.md	-
1299	EXCLUDED	OUT_OF_SCOPE_ROOT	-	-	docs/knowledgeos/governance/2026-08-22-KOS-SESSION-BOOTSTRAP-001-session-completion.md	-
1300	EXCLUDED	OUT_OF_SCOPE_ROOT	-	-	docs/knowledgeos/reviews/2026-08-22-KOS-SESSION-BOOTSTRAP-001-INDEPENDENT-VERIFICATION.md	-
1301	EXCLUDED	OUT_OF_SCOPE_ROOT	-	-	docs/knowledgeos/reviews/2026-08-22-KOS-SESSION-BOOTSTRAP-001-independent-verification-registration.md	-
1302	EXCLUDED	OUT_OF_SCOPE_ROOT	-	-	docs/knowledgeos/reviews/2026-08-22-KOS-SESSION-BOOTSTRAP-001-CORRECTION-001-commission-registration.md	-
1303	EXCLUDED	OUT_OF_SCOPE_ROOT	-	-	docs/knowledgeos/reviews/2026-08-22-KOS-SESSION-BOOTSTRAP-001-V8-DETERMINATION-registration.md	-
1304	EXCLUDED	OUT_OF_SCOPE_ROOT	-	-	docs/knowledgeos/backlog/EKS-07-multi-process-coordination.md	-
1305	EXCLUDED	OUT_OF_SCOPE_ROOT	-	-	docs/knowledgeos/reviews/2026-08-22-KOS-SESSION-BOOTSTRAP-001-CORRECTION-001-AUTHORING-commission-registration.md	-
1306	EXCLUDED	OUT_OF_SCOPE_ROOT	-	-	docs/knowledgeos/reviews/2026-08-22-KOS-SESSION-BOOTSTRAP-001-CORRECTION-001-CANDIDATE-ELIGIBILITY-b51dba91-6fc4-4110-b2f2-ac76ad0f3808.md	-
1307	EXCLUDED	OUT_OF_SCOPE_ROOT	-	-	docs/knowledgeos/reviews/2026-08-22-KOS-SESSION-BOOTSTRAP-001-CORRECTION-001-APPOINTMENT-b51dba91-registration.md	-
1308	EXCLUDED	OUT_OF_SCOPE_ROOT	-	-	docs/knowledgeos/reviews/2026-08-22-KOS-SESSION-BOOTSTRAP-001-implementation-boundary-proposal.md	-
1309	EXCLUDED	OUT_OF_SCOPE_ROOT	-	-	docs/knowledgeos/reviews/2026-08-22-KOS-SESSION-BOOTSTRAP-001-CORRECTION-001-ARCHITECTURE-CORRECTION-EVIDENCE-b51dba91-6fc4-4110-b2f2-ac76ad0f3808.md	-
1310	EXCLUDED	OUT_OF_SCOPE_ROOT	-	-	docs/knowledgeos/governance/2026-08-22-KOS-SESSION-BOOTSTRAP-001-CORRECTION-001-session-completion.md	-
1311	EXCLUDED	OUT_OF_SCOPE_ROOT	-	-	docs/knowledgeos/reviews/2026-08-22-KOS-SESSION-BOOTSTRAP-001-CORRECTION-001-RE-VERIFICATION-START-GATE-REFUSAL-8deac5de.md	-
1312	EXCLUDED	OUT_OF_SCOPE_ROOT	-	-	docs/knowledgeos/reviews/2026-08-22-KOS-SESSION-BOOTSTRAP-001-CORRECTION-001-RE-VERIFICATION-APPOINTMENT-8deac5de-registration.md	-
1313	EXCLUDED	OUT_OF_SCOPE_ROOT	-	-	docs/knowledgeos/reviews/2026-08-22-KOS-SESSION-BOOTSTRAP-001-CORRECTION-001-INDEPENDENT-RE-VERIFICATION.md	-
1314	EXCLUDED	OUT_OF_SCOPE_ROOT	-	-	docs/knowledgeos/reviews/2026-08-22-KOS-SESSION-BOOTSTRAP-001-CORRECTION-001-INDEPENDENT-RE-VERIFICATION-registration.md	-
1315	EXCLUDED	OUT_OF_SCOPE_ROOT	-	-	docs/knowledgeos/reviews/2026-08-22-KOS-SESSION-BOOTSTRAP-001-CORRECTION-001-RE-VERIFICATION-START-GATE-REFUSAL-d89af2f5.md	-
1316	EXCLUDED	OUT_OF_SCOPE_ROOT	-	-	docs/knowledgeos/reviews/2026-08-22-KOS-SESSION-BOOTSTRAP-001-CORRECTION-001-GOVERNANCE-ADOPTION-REVIEW-START-GATE-REFUSAL-b51dba91.md	-
1317	EXCLUDED	OUT_OF_SCOPE_ROOT	-	-	docs/knowledgeos/reviews/2026-08-22-KOS-SESSION-BOOTSTRAP-001-CORRECTION-001-GOVERNANCE-ADOPTION-REVIEW-START-GATE-REFUSAL-d31ea60f.md	-
1318	EXCLUDED	OUT_OF_SCOPE_ROOT	-	-	docs/knowledgeos/reviews/2026-08-22-KOS-NEXT-ACTOR-ORCHESTRATION-001-implementation-prompt.md	-
1319	EXCLUDED	OUT_OF_SCOPE_ROOT	-	-	docs/knowledgeos/reviews/2026-08-22-KOS-NEXT-ACTOR-ORCHESTRATION-001-commission-registration.md	-
1320	EXCLUDED	OUT_OF_SCOPE_ROOT	-	-	docs/knowledgeos/reviews/2026-08-22-KOS-SESSION-BOOTSTRAP-001-CORRECTION-001-GOVERNANCE-LANE-ACTIVATION-START-GATE-REFUSAL-d89af2f5.md	-
1321	EXCLUDED	OUT_OF_SCOPE_ROOT	-	-	docs/knowledgeos/reviews/2026-08-22-KOS-NEXT-ACTOR-ORCHESTRATION-001-APPOINTMENT-registration.md	-
1322	EXCLUDED	OUT_OF_SCOPE_ROOT	-	-	docs/knowledgeos/reviews/2026-08-22-KOS-SESSION-BOOTSTRAP-001-CORRECTION-001-GOVERNANCE-ADOPTION-REVIEW-APPOINTMENT-d31ea60f-registration.md	-
1323	EXCLUDED	OUT_OF_SCOPE_ROOT	-	-	docs/knowledgeos/reviews/2026-08-22-KOS-NEXT-ACTOR-ORCHESTRATION-001-CANDIDATE-DECLARATION-prompt.md	-
1324	EXCLUDED	OUT_OF_SCOPE_ROOT	-	-	docs/knowledgeos/reviews/2026-08-22-KOS-NEXT-ACTOR-ORCHESTRATION-001-AMENDMENT-001-PrepareNextActorSession.md	-
1325	EXCLUDED	OUT_OF_SCOPE_ROOT	-	-	docs/knowledgeos/reviews/2026-08-22-KOS-NEXT-ACTOR-ORCHESTRATION-001-FOLLOW-UP-observations.md	-
1326	EXCLUDED	OUT_OF_SCOPE_ROOT	-	-	docs/knowledgeos/reviews/2026-08-22-KOS-NEXT-ACTOR-ORCHESTRATION-001-AST-018-INDEPENDENT-VERIFICATION-START-GATE-REFUSAL-7c2690ae.md	-
1327	EXCLUDED	OUT_OF_SCOPE_ROOT	-	-	docs/knowledgeos/reviews/2026-08-22-KOS-OPERATING-MODEL-001-implementation-prompt.md	-
1328	EXCLUDED	OUT_OF_SCOPE_ROOT	-	-	docs/knowledgeos/reviews/2026-08-22-KOS-OPERATING-MODEL-001-commission-registration.md	-
1329	EXCLUDED	OUT_OF_SCOPE_ROOT	-	-	docs/knowledgeos/reviews/2026-08-22-KOS-OPERATING-MODEL-001-APPOINTMENT-registration.md	-
1330	EXCLUDED	OUT_OF_SCOPE_ROOT	-	-	docs/knowledgeos/governance/2026-08-22-KOS-OPERATING-MODEL-001-session-completion.md	-
1331	EXCLUDED	OUT_OF_SCOPE_ROOT	-	-	docs/knowledgeos/reviews/2026-08-22-KOS-OPERATING-MODEL-001-VERIFIER-APPOINTMENT-registration.md	-
1332	EXCLUDED	OUT_OF_SCOPE_ROOT	-	-	docs/knowledgeos/reviews/2026-08-22-KOS-OPERATING-MODEL-001-VERIFIER-CANDIDATE-DECLARATION-prompt.md	-
1333	EXCLUDED	OUT_OF_SCOPE_ROOT	-	-	docs/knowledgeos/reviews/2026-08-22-KOS-OPERATING-MODEL-001-FOLLOW-UP-continuation-capability-observation.md	-
1334	EXCLUDED	OUT_OF_SCOPE_ROOT	-	-	docs/knowledgeos/reviews/2026-08-22-KOS-OPERATING-MODEL-001-INDEPENDENT-VERIFICATION.md	-
1335	EXCLUDED	OUT_OF_SCOPE_ROOT	-	-	docs/knowledgeos/reviews/2026-08-22-KOS-OPERATING-MODEL-001-GOVERNANCE-ADOPTION-REVIEW-START-GATE-REFUSAL-fc59bb0a.md	-
1336	EXCLUDED	OUT_OF_SCOPE_ROOT	-	-	docs/knowledgeos/reviews/2026-08-22-KOS-OPERATING-MODEL-001-GOVERNANCE-ADOPTION-REVIEW-START-GATE-REFUSAL-b51dba91.md	-
1337	EXCLUDED	OUT_OF_SCOPE_ROOT	-	-	docs/knowledgeos/reviews/2026-08-22-KOS-OPERATING-MODEL-001-AMENDMENT-001-ActivateCommissionedFreshSession.md	-
1338	EXCLUDED	OUT_OF_SCOPE_ROOT	-	-	docs/knowledgeos/reviews/2026-08-22-KOS-OPERATING-MODEL-001-AMENDMENT-001-session-completion.md	-
1339	EXCLUDED	OUT_OF_SCOPE_ROOT	-	-	docs/knowledgeos/reviews/2026-08-22-KOS-OPERATING-MODEL-001-GOVERNANCE-ADOPTION-REVIEW-APPOINTMENT-registration.md	-
1340	EXCLUDED	OUT_OF_SCOPE_ROOT	-	-	docs/knowledgeos/reviews/2026-08-22-KOS-OPERATING-MODEL-001-GOVERNANCE-ADOPTION-REVIEW-CANDIDATE-DECLARATION-prompt.md	-
1341	EXCLUDED	OUT_OF_SCOPE_ROOT	-	-	docs/knowledgeos/reviews/2026-08-23-KOS-OPERATING-MODEL-001-GOVERNANCE-ADOPTION-REVIEW-CANDIDATE-DECLARATION-77b85fa3.md	-
1342	EXCLUDED	OUT_OF_SCOPE_ROOT	-	-	docs/knowledgeos/reviews/2026-08-23-KOS-OPERATING-MODEL-001-GOVERNANCE-ADOPTION-REVIEW.md	-
1343	EXCLUDED	OUT_OF_SCOPE_ROOT	-	-	docs/knowledgeos/governance/2026-08-23-KOS-OPERATING-MODEL-001-AUTHORIZATION-DECISION.md	-
1344	EXCLUDED	OUT_OF_SCOPE_ROOT	-	-	docs/knowledgeos/governance/2026-08-22-KOS-OPERATING-MODEL-001-final-operating-model.md	-
1345	EXCLUDED	OUT_OF_SCOPE_ROOT	-	-	docs/knowledgeos/governance/2026-08-23-KOS-OPERATING-MODEL-001-ADOPTION-DECISION.md	-
1346	EXCLUDED	OUT_OF_SCOPE_ROOT	-	-	docs/knowledgeos/reviews/2026-08-23-KOS-OPERATING-MODEL-001-AMENDMENT-001-PRODUCER-IDENTITY-registration.md	-
1347	EXCLUDED	OUT_OF_SCOPE_ROOT	-	-	docs/knowledgeos/reviews/2026-08-23-KOS-OPERATING-MODEL-001-AMENDMENT-001-VERIFIER-CANDIDATE-DECLARATION-prompt.md	-
1348	EXCLUDED	OUT_OF_SCOPE_ROOT	-	-	docs/knowledgeos/reviews/2026-08-23-KOS-OPERATING-MODEL-001-AMENDMENT-001-VERIFIER-APPOINTMENT-registration.md	-
1349	EXCLUDED	OUT_OF_SCOPE_ROOT	-	-	docs/knowledgeos/reviews/2026-08-23-KOS-OPERATING-MODEL-001-AMENDMENT-001-VERIFIER-CANDIDATE-DECLARATION-84c0f6f6.md	-
1350	EXCLUDED	OUT_OF_SCOPE_ROOT	-	-	docs/knowledgeos/reviews/2026-08-23-KOS-OPERATING-MODEL-001-AMENDMENT-001-VERIFIER-ACTIVATION-84c0f6f6.md	-
1351	EXCLUDED	OUT_OF_SCOPE_ROOT	-	-	docs/knowledgeos/reviews/2026-08-23-KOS-OPERATING-MODEL-001-AMENDMENT-001-APPOINTMENT-SEQUENCING-DEFECT-001.md	-
1352	EXCLUDED	OUT_OF_SCOPE_ROOT	-	-	docs/knowledgeos/reviews/20260823-2212-KOS-BRAINSTORMING-KERNEL-THREAD-READING-REPORT.md	-
1353	EXCLUDED	OUT_OF_SCOPE_ROOT	-	-	docs/knowledgeos/reviews/2026-08-23-KOS-OPERATING-MODEL-001-AMENDMENT-001-INDEPENDENT-VERIFICATION.md	-
1354	EXCLUDED	OUT_OF_SCOPE_ROOT	-	-	docs/knowledgeos/reviews/2026-08-23-KOS-OPERATING-MODEL-001-AMENDMENT-001-FAIL-DISPOSITION-AND-REPAIR-PATH.md	-
1355	EXCLUDED	OUT_OF_SCOPE_ROOT	-	-	docs/knowledgeos/reviews/2026-08-23-KOS-OPERATING-MODEL-001-AMENDMENT-001-OBSERVATION-O-5-process-identity-continuity.md	-
1356	EXCLUDED	OUT_OF_SCOPE_ROOT	-	-	docs/knowledgeos/reviews/2026-08-23-KOS-OPERATING-MODEL-001-AMENDMENT-001-REPAIR-001-IMPLEMENTER-SELECTION-DECISION.md	-
1357	EXCLUDED	OUT_OF_SCOPE_ROOT	-	-	docs/knowledgeos/reviews/2026-08-24-KOS-OPERATING-MODEL-001-AMENDMENT-001-REPAIR-001-IMPLEMENTER-APPOINTMENT-84e5c1f7.md	-
1358	EXCLUDED	OUT_OF_SCOPE_ROOT	-	-	docs/knowledgeos/reviews/2026-08-23-KOS-OPERATING-MODEL-001-AMENDMENT-001-REPAIR-001-AUTHORIZATION.md	-
1359	EXCLUDED	OUT_OF_SCOPE_ROOT	-	-	docs/knowledgeos/reviews/2026-08-23-KOS-OPERATING-MODEL-001-AMENDMENT-001-REPAIR-001-IMPLEMENTER-CANDIDATE-DECLARATION-prompt.md	-
1360	EXCLUDED	OUT_OF_SCOPE_ROOT	-	-	docs/knowledgeos/reviews/2026-08-24-KOS-OPERATING-MODEL-001-AMENDMENT-001-REPAIR-001-RE-VERIFICATION-DETERMINATION.md	-
1361	EXCLUDED	OUT_OF_SCOPE_ROOT	-	-	docs/knowledgeos/reviews/2026-08-24-KOS-OPERATING-MODEL-001-AMENDMENT-001-REPAIR-001-RE-VERIFIER-CANDIDATE-DECLARATION-prompt.md	-
1362	EXCLUDED	OUT_OF_SCOPE_ROOT	-	-	docs/knowledgeos/reviews/2026-08-24-KOS-OPERATING-MODEL-001-AMENDMENT-001-REPAIR-001-IMPLEMENTATION-CLOSED-RE-VERIFICATION-OPENED.md	-
1363	EXCLUDED	OUT_OF_SCOPE_ROOT	-	-	docs/knowledgeos/reviews/2026-08-24-KOS-OPERATING-MODEL-001-AMENDMENT-001-REPAIR-001-RE-VERIFIER-APPOINTMENT-be8aecec.md	-
1364	EXCLUDED	OUT_OF_SCOPE_ROOT	-	-	docs/knowledgeos/reviews/2026-08-24-KOS-OPERATING-MODEL-001-AMENDMENT-001-REPAIR-001-INDEPENDENT-RE-VERIFICATION.md	-
1365	EXCLUDED	OUT_OF_SCOPE_ROOT	-	-	docs/knowledgeos/reviews/2026-08-24-KOS-OPERATING-MODEL-001-AMENDMENT-001-AST-019-ADOPTION-DECISION-PREPARATION.md	-
1366	EXCLUDED	OUT_OF_SCOPE_ROOT	-	-	docs/knowledgeos/governance/2026-08-24-AST-019-ADOPTION-DECISION.md	-
1367	EXCLUDED	OUT_OF_SCOPE_ROOT	-	-	docs/knowledgeos/governance/2026-08-24-AST-019-AUTHORIZATION-DECISION.md	-
1368	EXCLUDED	OUT_OF_SCOPE_ROOT	-	-	docs/knowledgeos/backlog/EKS-09-activation-write-atomicity.md	-
1369	EXCLUDED	OUT_OF_SCOPE_ROOT	-	-	docs/knowledgeos/backlog/EKS-10-activation-failure-path-coverage.md	-
1370	EXCLUDED	OUT_OF_SCOPE_ROOT	-	-	docs/knowledgeos/backlog/EKS-11-sole-writer-environment-override.md	-
1371	EXCLUDED	OUT_OF_SCOPE_ROOT	-	-	docs/knowledgeos/backlog/00_index.md	-
1372	EXCLUDED	OUT_OF_SCOPE_ROOT	-	-	docs/knowledgeos/reviews/kernel/session1/S1-F001-authority-temporal-semantics-gap.md	-
1373	EXCLUDED	OUT_OF_SCOPE_ROOT	-	-	docs/knowledgeos/reviews/kernel/session1/S1-F002-ubiquitous-language-instability.md	-
1374	EXCLUDED	OUT_OF_SCOPE_ROOT	-	-	docs/knowledgeos/reviews/kernel/session2/S2-F002-zero-of-twenty-is-a-schema-absence-not-a-rate.md	-
1375	EXCLUDED	OUT_OF_SCOPE_ROOT	-	-	docs/knowledgeos/reviews/kernel/session2/S2-F003-the-model-time-indexes-the-claim-but-not-the-authority.md	-
1376	EXCLUDED	OUT_OF_SCOPE_ROOT	-	-	docs/knowledgeos/reviews/kernel/session2/S2-F004-three-temporal-questions-grouped-as-one-family.md	-
1377	EXCLUDED	OUT_OF_SCOPE_ROOT	-	-	docs/knowledgeos/reviews/kernel/session2/S2-F006-knowledge-boundaries-unclear-is-the-buried-headline.md	-
1378	EXCLUDED	OUT_OF_SCOPE_ROOT	-	-	docs/knowledgeos/reviews/kernel/session1/S1-F003-kernel-member-candidates-diverge.md	-
1379	EXCLUDED	OUT_OF_SCOPE_ROOT	-	-	docs/knowledgeos/reviews/kernel/session1/S1-F004-no-established-kernel-category-determinism-challenged.md	-
1380	EXCLUDED	OUT_OF_SCOPE_ROOT	-	-	docs/knowledgeos/reviews/kernel/session2/S2-F007-ab-divergence-may-be-an-ill-typed-comparison.md	-
1381	EXCLUDED	OUT_OF_SCOPE_ROOT	-	-	docs/knowledgeos/reviews/kernel/session2/S2-F001-evidence-class-inflation-report-is-not-persistence.md	-
1382	EXCLUDED	OUT_OF_SCOPE_ROOT	-	-	docs/knowledgeos/reviews/kernel/session2/S2-F008-the-determinism-contradiction-may-be-modal-not-logical.md	-
1383	EXCLUDED	OUT_OF_SCOPE_ROOT	-	-	docs/knowledgeos/reviews/kernel/session2/S2-F009-finding-1-undercuts-finding-2s-evidential-force.md	-
1384	EXCLUDED	OUT_OF_SCOPE_ROOT	-	-	docs/knowledgeos/reviews/kernel/session2/S2-F005-restatement-is-not-independent-arrival.md	-
1385	EXCLUDED	OUT_OF_SCOPE_ROOT	-	-	docs/knowledgeos/reviews/kernel/session2/S2-F010-membership-boundary-mechanism-semantics-are-not-separated.md	-
1386	EXCLUDED	OUT_OF_SCOPE_ROOT	-	-	docs/knowledgeos/reviews/kernel/session2/S2-F011-altitude-test-on-determinism-two-results.md	-
1387	EXCLUDED	OUT_OF_SCOPE_ROOT	-	-	docs/knowledgeos/reviews/kernel/session1/S1-F005-mathematics-as-description-not-kernel-and-a-third-member-list.md	-
1388	EXCLUDED	OUT_OF_SCOPE_ROOT	-	-	docs/knowledgeos/reviews/kernel/session2/S2-F014-the-closeness-claim-has-no-measure-and-no-null-hypothesis.md	-
1389	EXCLUDED	OUT_OF_SCOPE_ROOT	-	-	docs/knowledgeos/reviews/kernel/session2/S2-F015-persistence-of-a-position-is-not-convergence-on-it.md	-
1390	EXCLUDED	OUT_OF_SCOPE_ROOT	-	-	docs/knowledgeos/reviews/kernel/session2/S2-F016-the-intersection-could-not-have-shrunk-and-authority-returns.md	-
1391	EXCLUDED	OUT_OF_SCOPE_ROOT	-	-	docs/knowledgeos/reviews/kernel/session2/S2-F012-a-measured-absence-is-not-an-arrival-at-a-thesis.md	-
1392	EXCLUDED	OUT_OF_SCOPE_ROOT	-	-	docs/knowledgeos/reviews/kernel/session1/S1-F006-semantic-measurement-is-knowledge-base-relative.md	-
1393	EXCLUDED	OUT_OF_SCOPE_ROOT	-	-	docs/knowledgeos/reviews/kernel/session1/S1-F007-kernel-as-god-object-six-conflations.md	-
1394	EXCLUDED	OUT_OF_SCOPE_ROOT	-	-	docs/knowledgeos/reviews/kernel/session1/S1-F008-nine-capability-minimum-map-derived-from-existing-law.md	-
1395	EXCLUDED	OUT_OF_SCOPE_ROOT	-	-	docs/knowledgeos/reviews/kernel/session1/S1-F009-kernel-as-boundary-not-component-and-the-equilibrium-criterion.md	-
1396	EXCLUDED	OUT_OF_SCOPE_ROOT	-	-	docs/knowledgeos/reviews/kernel/session1/S1-F010-admission-is-the-first-transition-not-the-core-act-and-a-rival-state-set.md	-
1397	EXCLUDED	OUT_OF_SCOPE_ROOT	-	-	docs/knowledgeos/reviews/kernel/session1/S1-F011-kernel-as-transformation-boundary-and-a-sixteen-item-exclusion-set.md	-
1398	EXCLUDED	OUT_OF_SCOPE_ROOT	-	-	docs/knowledgeos/reviews/kernel/session1/S1-F012-kernel-as-epistemic-accountability-core.md	-
1399	EXCLUDED	OUT_OF_SCOPE_ROOT	-	-	docs/knowledgeos/reviews/kernel/session1/S1-F013-eight-fold-unresolved-verdict-and-the-classification-problem.md	-
1400	EXCLUDED	OUT_OF_SCOPE_ROOT	-	-	docs/knowledgeos/reviews/kernel/session1/S1-F014-epistemic-states-as-derived-projections-of-relationships-and-assessments.md	-
1401	EXCLUDED	OUT_OF_SCOPE_ROOT	-	-	docs/knowledgeos/reviews/kernel/session2/S2-F017-the-eight-formulation-count-is-inflated-four-ways.md	-
1402	EXCLUDED	OUT_OF_SCOPE_ROOT	-	-	docs/knowledgeos/reviews/kernel/session2/S2-F018-f009-f010-is-a-scope-difference-not-a-reversal.md	-
1403	EXCLUDED	OUT_OF_SCOPE_ROOT	-	-	docs/knowledgeos/reviews/kernel/session2/S2-F019-the-negative-result-has-the-same-provenance-weight-as-what-it-undercuts.md	-
1404	EXCLUDED	OUT_OF_SCOPE_ROOT	-	-	docs/knowledgeos/reviews/kernel/session2/S2-F020-the-formulation-burst-may-have-been-produced-without-the-governing-law.md	-
1405	EXCLUDED	OUT_OF_SCOPE_ROOT	-	-	docs/knowledgeos/reviews/kernel/session2/S2-F013-why-what-how-as-one-kernel-hypothesis-descent-declared.md	-
1406	EXCLUDED	OUT_OF_SCOPE_ROOT	-	-	docs/knowledgeos/reviews/kernel/session1/S1-F015-twelve-question-discovery-sequence-and-the-content-mutability-question.md	-
1407	EXCLUDED	OUT_OF_SCOPE_ROOT	-	-	docs/knowledgeos/reviews/kernel/session2/S2-F021-review-of-s1-f006-kb-relative-measurement.md	-
1408	EXCLUDED	OUT_OF_SCOPE_ROOT	-	-	docs/knowledgeos/reviews/kernel/session2/S2-F022-review-of-s1-f007-god-object-six-conflations.md	-
1409	EXCLUDED	OUT_OF_SCOPE_ROOT	-	-	docs/knowledgeos/reviews/kernel/session2/S2-F023-review-of-s1-f008-nine-capability-map.md	-
1410	EXCLUDED	OUT_OF_SCOPE_ROOT	-	-	docs/knowledgeos/reviews/kernel/session1/S1-F017-phase-consolidation-falsification-confirmed-and-the-four-way-non-collapse-pipeline.md	-
1411	EXCLUDED	OUT_OF_SCOPE_ROOT	-	-	docs/knowledgeos/reviews/kernel/session1/S1-F018-evidence-entity-or-value-object-is-the-central-boundary-question.md	-
1412	EXCLUDED	OUT_OF_SCOPE_ROOT	-	-	docs/knowledgeos/reviews/kernel/session1/S1-F019-fourteen-lens-verdicts-converge-on-admission-boundary-but-the-lifecycle-gap-is-unclosable.md	-
1413	EXCLUDED	OUT_OF_SCOPE_ROOT	-	-	docs/knowledgeos/reviews/kernel/session1/.corpus-cutoff-20260825.txt	-
1414	EXCLUDED	OUT_OF_SCOPE_ROOT	-	-	docs/knowledgeos/reviews/kernel/session1/.remaining.txt	-
1415	EXCLUDED	OUT_OF_SCOPE_ROOT	-	-	docs/knowledgeos/reviews/kernel/session1/S1-F020-adr-kos-kernel-001-knowledgeos-knowledgecore-kernel-separated.md	-
1416	EXCLUDED	OUT_OF_SCOPE_ROOT	-	-	docs/knowledgeos/reviews/kernel/session1/S1-F021-lens-system-stratified-into-four-layers-and-the-boring-kernel-principle.md	-
1417	EXCLUDED	OUT_OF_SCOPE_ROOT	-	-	docs/knowledgeos/reviews/kernel/session1/S1-F022-externally-cited-lens-commission-converts-philosophy-into-falsification-questions.md	-
1418	EXCLUDED	OUT_OF_SCOPE_ROOT	-	-	docs/knowledgeos/reviews/kernel/session1/S1-F023-tarka-nine-family-falsification-instrument-and-the-typology-of-absence.md	-
1419	EXCLUDED	OUT_OF_SCOPE_ROOT	-	-	docs/knowledgeos/reviews/kernel/session1/S1-F025-anti-reasoner-constraint-the-kernel-must-not-presuppose-the-judgement-it-governs.md	-
1420	EXCLUDED	OUT_OF_SCOPE_ROOT	-	-	docs/knowledgeos/reviews/kernel/session1/S1-F026-phase-closure-the-books-prove-nothing-they-make-collapses-visible.md	-
1421	EXCLUDED	OUT_OF_SCOPE_ROOT	-	-	docs/knowledgeos/reviews/kernel/session1/S1-F027-inference-licensing-constraints-and-the-evidential-bridge-requirement.md	-
1422	EXCLUDED	OUT_OF_SCOPE_ROOT	-	-	docs/knowledgeos/reviews/kernel/session1/S1-F028-governance-artifact-inside-the-research-corpus-extent-versus-contents.md	-
1423	EXCLUDED	OUT_OF_SCOPE_ROOT	-	-	docs/knowledgeos/reviews/kernel/session1/S1-F029-abstention-as-valid-output-and-construction-evidence-must-not-validate-itself.md	-
1424	EXCLUDED	OUT_OF_SCOPE_ROOT	-	-	docs/knowledgeos/reviews/kernel/session1/S1-F030-evidence-acquisition-as-its-own-domain-and-the-acquisition-procedure-constitutes-evidence.md	-
1425	EXCLUDED	OUT_OF_SCOPE_ROOT	-	-	docs/knowledgeos/reviews/kernel/session1/S1-F031-ziran-challenge-to-the-identity-invariant-three-axes.md	-
1426	EXCLUDED	OUT_OF_SCOPE_ROOT	-	-	docs/knowledgeos/reviews/kernel/session1/S1-F016-aggregate-hypothesis-falsified-atomicity-fails-on-every-pair.md	-
1427	EXCLUDED	OUT_OF_SCOPE_ROOT	-	-	docs/knowledgeos/reviews/kernel/session1/S1-F032-formal-regimes-are-supporting-mechanisms-not-the-kernel-and-there-is-no-single-knowledge-score.md	-
1428	EXCLUDED	OUT_OF_SCOPE_ROOT	-	-	docs/knowledgeos/reviews/kernel/session1/S1-F033-epistemic-intermediate-representation-and-the-cost-argument-for-a-kernel.md	-
1429	EXCLUDED	OUT_OF_SCOPE_ROOT	-	-	docs/knowledgeos/reviews/kernel/session1/S1-F034-sufficient-state-and-the-observable-is-not-the-state.md	-
1430	EXCLUDED	OUT_OF_SCOPE_ROOT	-	-	docs/knowledgeos/reviews/kernel/session1/S1-F035-counterfactual-robustness-epistemic-route-and-completeness-versus-certainty.md	-
1431	PENDING	-	-	-	docs/knowledgeos/brainstorming/KnowledgeOS_Knowledge_Modeling_Knowledge_Transfer_Phase1_Measure_Theory.docx	-
1432	PENDING	-	-	-	docs/knowledgeos/brainstorming/KnowledgeOS_Knowledge_Modeling_Knowledge_Transfer_Phase1_Measure_Theory.odt	-
1433	EXCLUDED	OUT_OF_SCOPE_ROOT	-	-	docs/knowledgeos/reviews/kernel/session1/S1-F037-primitives-must-not-be-decomposed-and-boundaries-are-boundaries-of-abstraction.md	-
1434	EXCLUDED	OUT_OF_SCOPE_ROOT	-	-	docs/knowledgeos/reviews/kernel/session1/S1-F038-store-the-substrate-compute-the-measure-and-what-did-we-know-at-1347.md	-
1435	EXCLUDED	OUT_OF_SCOPE_ROOT	-	-	docs/knowledgeos/reviews/kernel/session1/S1-F039-the-kernel-preserves-structures-that-enable-reasoning-it-does-not-reason.md	-
1436	EXCLUDED	OUT_OF_SCOPE_ROOT	-	-	docs/knowledgeos/reviews/kernel/session1/S1-F040-the-measure-theory-cascade-one-proposal-five-refutations-one-resolution.md	-
1437	EXCLUDED	OUT_OF_SCOPE_ROOT	-	-	docs/knowledgeos/reviews/kernel/session1/.processed.txt	-
1438	EXCLUDED	OUT_OF_SCOPE_ROOT	-	-	docs/knowledgeos/reviews/kernel/session1/.corpus-cutoff-20260826.txt	-
1439	EXCLUDED	OUT_OF_SCOPE_ROOT	-	-	docs/knowledgeos/reviews/kernel/session1/S1-F024-book-extraction-register-external-sources-and-their-kernel-dispositions.md	-
1440	PENDING	-	-	-	docs/knowledgeos/brainstorming/Thinking about mathematics - The philosophy of mathematics (2000) (Stewart Shapiro) (z-library.sk, 1lib.sk, z-lib.sk).pdf	-
1441	EXCLUDED	OUT_OF_SCOPE_ROOT	-	-	docs/knowledgeos/reviews/kernel/session1/.k34-worklist.txt	-
1442	EXCLUDED	OUT_OF_SCOPE_ROOT	-	-	docs/knowledgeos/reviews/kernel/session1/S1-F036-minimum-preservation-unit-and-the-assertion-primitive-contested-in-one-document.md	-
1443	EXCLUDED	OUT_OF_SCOPE_ROOT	-	-	docs/knowledgeos/reviews/kernel/session1/S1-COVERAGE-REPORT.md	-
1444	EXCLUDED	OUT_OF_SCOPE_ROOT	-	-	docs/knowledgeos/reviews/kernel/session1/.fullread-done.txt	-
1445	EXCLUDED	OUT_OF_SCOPE_ROOT	-	-	docs/knowledgeos/reviews/synthesis/analysis/corpus-inventory.md	-
1446	EXCLUDED	OUT_OF_SCOPE_ROOT	-	-	docs/knowledgeos/reviews/synthesis/analysis/reasoning-timeline.md	-
1447	EXCLUDED	OUT_OF_SCOPE_ROOT	-	-	docs/knowledgeos/reviews/synthesis/analysis/claim-registry.md	-
1448	EXCLUDED	OUT_OF_SCOPE_ROOT	-	-	docs/knowledgeos/reviews/synthesis/analysis/decision-registry.md	-
1449	EXCLUDED	OUT_OF_SCOPE_ROOT	-	-	docs/knowledgeos/reviews/synthesis/analysis/contradiction-registry.md	-
1450	EXCLUDED	OUT_OF_SCOPE_ROOT	-	-	docs/knowledgeos/reviews/synthesis/analysis/open-questions.md	-
1451	EXCLUDED	OUT_OF_SCOPE_ROOT	-	-	docs/knowledgeos/reviews/synthesis/analysis/phase-1-status.md	-
1452	EXCLUDED	OUT_OF_SCOPE_ROOT	-	-	docs/knowledgeos/reviews/synthesis/analysis/phase-gate-ruling.md	-
1453	EXCLUDED	OUT_OF_SCOPE_ROOT	-	-	docs/knowledgeos/reviews/synthesis/analysis/phase-2a-findings.md	-
1454	EXCLUDED	OUT_OF_SCOPE_ROOT	-	-	docs/knowledgeos/reviews/synthesis/analysis/regime-comparison-matrix.md	-
1455	EXCLUDED	OUT_OF_SCOPE_ROOT	-	-	docs/knowledgeos/reviews/synthesis/model/regime-transition-analysis.md	-
1456	EXCLUDED	OUT_OF_SCOPE_ROOT	-	-	docs/knowledgeos/reviews/synthesis/model/lord-omega-analysis.md	-
1457	EXCLUDED	OUT_OF_SCOPE_ROOT	-	-	docs/knowledgeos/reviews/synthesis/model/formalization-fidelity.md	-
1458	EXCLUDED	OUT_OF_SCOPE_ROOT	-	-	docs/knowledgeos/reviews/synthesis/model/concern-map.md	-
1459	EXCLUDED	OUT_OF_SCOPE_ROOT	-	-	docs/knowledgeos/reviews/synthesis/model/responsibility-map.md	-
1460	EXCLUDED	OUT_OF_SCOPE_ROOT	-	-	docs/knowledgeos/reviews/synthesis/model/invariant-map.md	-
1461	EXCLUDED	OUT_OF_SCOPE_ROOT	-	-	docs/knowledgeos/reviews/synthesis/model/dependency-graph.md	-
1462	EXCLUDED	OUT_OF_SCOPE_ROOT	-	-	docs/knowledgeos/reviews/synthesis/model/logical-reconstruction.md	-
1463	EXCLUDED	OUT_OF_SCOPE_ROOT	-	-	docs/knowledgeos/reviews/synthesis/analysis/semantic-lineage-map.md	-
1464	EXCLUDED	OUT_OF_SCOPE_ROOT	-	-	docs/knowledgeos/reviews/synthesis/analysis/phase-2b-findings.md	-
1465	EXCLUDED	OUT_OF_SCOPE_ROOT	-	-	docs/knowledgeos/reviews/synthesis/analysis/phase-2c-coherence-review.md	-
1466	EXCLUDED	OUT_OF_SCOPE_ROOT	-	-	docs/knowledgeos/reviews/synthesis/analysis/phase-2d-closure.md	-
1467	EXCLUDED	OUT_OF_SCOPE_ROOT	-	-	docs/knowledgeos/reviews/synthesis/analysis/phase-3b-falsification-report.md	-
1468	EXCLUDED	OUT_OF_SCOPE_ROOT	-	-	docs/knowledgeos/reviews/synthesis/model/canonical-architecture-v0.2.md	-
1469	EXCLUDED	OUT_OF_SCOPE_ROOT	-	-	docs/knowledgeos/reviews/synthesis/model/canonical-architecture.md	-
1470	EXCLUDED	OUT_OF_SCOPE_ROOT	-	-	docs/knowledgeos/reviews/synthesis/analysis/phase-3c-scope-and-evidence-plan.md	-
1471	EXCLUDED	OUT_OF_SCOPE_ROOT	-	-	docs/knowledgeos/reviews/synthesis/analysis/phase-3c-verdict-register.md	-
1472	EXCLUDED	OUT_OF_SCOPE_ROOT	-	-	docs/knowledgeos/reviews/synthesis/analysis/phase-3c-report.md	-
1473	EXCLUDED	OUT_OF_SCOPE_ROOT	-	-	docs/knowledgeos/reviews/synthesis/analysis/phase-archaeology-inventory.md	-
1474	EXCLUDED	OUT_OF_SCOPE_ROOT	-	-	docs/knowledgeos/reviews/synthesis/analysis/phase-archaeology-experiments.md	-
1475	EXCLUDED	OUT_OF_SCOPE_ROOT	-	-	docs/knowledgeos/reviews/synthesis/analysis/phase-archaeology-decisions.md	-
1476	EXCLUDED	OUT_OF_SCOPE_ROOT	-	-	docs/knowledgeos/reviews/synthesis/analysis/phase-archaeology-findings.md	-
1477	EXCLUDED	OUT_OF_SCOPE_ROOT	-	-	docs/knowledgeos/reviews/synthesis/analysis/phase-archaeology-to-v02-map.md	-
1478	EXCLUDED	OUT_OF_SCOPE_ROOT	-	-	docs/knowledgeos/reviews/synthesis/analysis/phase-archaeology-provenance-index.md	-
1479	EXCLUDED	OUT_OF_SCOPE_ROOT	-	-	docs/knowledgeos/reviews/synthesis/analysis/phase-3c-dispositions-resolution.md	-
1480	EXCLUDED	OUT_OF_SCOPE_ROOT	-	-	docs/knowledgeos/reviews/synthesis/analysis/phase-3c-conformance-findings.md	-
1481	EXCLUDED	OUT_OF_SCOPE_ROOT	-	-	docs/knowledgeos/reviews/synthesis/analysis/experiment-registry.md	-
1482	EXCLUDED	OUT_OF_SCOPE_ROOT	-	-	docs/knowledgeos/reviews/synthesis/analysis/phase-archaeology-concept-evolution.md	-
1483	EXCLUDED	OUT_OF_SCOPE_ROOT	-	-	docs/knowledgeos/reviews/synthesis/analysis/phase-archaeology-alternatives.md	-
1484	EXCLUDED	OUT_OF_SCOPE_ROOT	-	-	docs/knowledgeos/reviews/synthesis/analysis/phase-archaeology-gate-report.md	-
1485	EXCLUDED	OUT_OF_SCOPE_ROOT	-	-	docs/knowledgeos/reviews/synthesis/final-architecture/FA-2-reconciliation-ledger.md	-
1486	EXCLUDED	OUT_OF_SCOPE_ROOT	-	-	docs/knowledgeos/reviews/synthesis/final-architecture/FA-4-concept-terminology-reconciliation.md	-
1487	EXCLUDED	OUT_OF_SCOPE_ROOT	-	-	docs/knowledgeos/reviews/synthesis/final-architecture/FA-5-repository-correspondence-map.md	-
1488	EXCLUDED	OUT_OF_SCOPE_ROOT	-	-	docs/knowledgeos/reviews/synthesis/final-architecture/FA-7-provenance-register.md	-
1489	EXCLUDED	OUT_OF_SCOPE_ROOT	-	-	docs/knowledgeos/reviews/synthesis/final-architecture/FA-1-final-architecture-baseline.md	-
1490	EXCLUDED	OUT_OF_SCOPE_ROOT	-	-	docs/knowledgeos/reviews/synthesis/final-architecture/FA-3-architecture-decision-register.md	-
1491	EXCLUDED	OUT_OF_SCOPE_ROOT	-	-	docs/knowledgeos/reviews/synthesis/final-architecture/FA-6-open-questions-register.md	-
1492	EXCLUDED	OUT_OF_SCOPE_ROOT	-	-	docs/knowledgeos/reviews/synthesis/final-architecture/FA-8-gate-report.md	-
1493	EXCLUDED	OUT_OF_SCOPE_ROOT	-	-	docs/knowledgeos/reviews/synthesis/final-architecture/FA-9-ratification-packet.md	-
1494	EXCLUDED	OUT_OF_SCOPE_ROOT	-	-	docs/knowledgeos/reviews/synthesis/analysis/book-architecture-authorization-packet.md	-
1495	EXCLUDED	OUT_OF_SCOPE_ROOT	-	-	docs/knowledgeos/reviews/synthesis/book-architecture/BA-2-content-allocation-map.md	-
1496	EXCLUDED	OUT_OF_SCOPE_ROOT	-	-	docs/knowledgeos/reviews/synthesis/book-architecture/BA-3-terminology-architecture.md	-
1497	EXCLUDED	OUT_OF_SCOPE_ROOT	-	-	docs/knowledgeos/reviews/synthesis/book-architecture/BA-4-provenance-architecture.md	-
1498	EXCLUDED	OUT_OF_SCOPE_ROOT	-	-	docs/knowledgeos/reviews/synthesis/book-architecture/BA-5-verification-architecture.md	-
1499	EXCLUDED	OUT_OF_SCOPE_ROOT	-	-	docs/knowledgeos/reviews/synthesis/book-architecture/BA-6-production-specification.md	-
1500	EXCLUDED	OUT_OF_SCOPE_ROOT	-	-	docs/knowledgeos/reviews/synthesis/book-architecture/BA-7-design-gate-report.md	-
1501	EXCLUDED	OUT_OF_SCOPE_ROOT	-	-	docs/knowledgeos/reviews/synthesis/book-architecture/BA-1-book-structure.md	-
1502	EXCLUDED	OUT_OF_SCOPE_ROOT	-	-	docs/knowledgeos/reviews/synthesis/book/part-3-architecture/03-01-the-five-layers/chapter.md	-
1503	EXCLUDED	OUT_OF_SCOPE_ROOT	-	-	docs/knowledgeos/reviews/synthesis/book/part-3-architecture/03-01-the-five-layers/evidence-map.md	-
1504	EXCLUDED	OUT_OF_SCOPE_ROOT	-	-	docs/knowledgeos/reviews/synthesis/book/part-3-architecture/03-01-the-five-layers/claims.md	-
1505	EXCLUDED	OUT_OF_SCOPE_ROOT	-	-	docs/knowledgeos/reviews/synthesis/book/part-3-architecture/03-01-the-five-layers/unresolved.md	-
1506	EXCLUDED	OUT_OF_SCOPE_ROOT	-	-	docs/knowledgeos/reviews/synthesis/book/part-3-architecture/03-02-the-knower-and-the-frame/chapter.md	-
1507	EXCLUDED	OUT_OF_SCOPE_ROOT	-	-	docs/knowledgeos/reviews/synthesis/book/part-3-architecture/03-02-the-knower-and-the-frame/evidence-map.md	-
1508	EXCLUDED	OUT_OF_SCOPE_ROOT	-	-	docs/knowledgeos/reviews/synthesis/book/part-3-architecture/03-02-the-knower-and-the-frame/claims.md	-
1509	EXCLUDED	OUT_OF_SCOPE_ROOT	-	-	docs/knowledgeos/reviews/synthesis/book/part-3-architecture/03-02-the-knower-and-the-frame/unresolved.md	-
1510	EXCLUDED	OUT_OF_SCOPE_ROOT	-	-	docs/knowledgeos/reviews/synthesis/book/part-3-architecture/03-03-knowledge-and-the-world/chapter.md	-
1511	EXCLUDED	OUT_OF_SCOPE_ROOT	-	-	docs/knowledgeos/reviews/synthesis/book/part-3-architecture/03-03-knowledge-and-the-world/evidence-map.md	-
1512	EXCLUDED	OUT_OF_SCOPE_ROOT	-	-	docs/knowledgeos/reviews/synthesis/book/part-3-architecture/03-03-knowledge-and-the-world/claims.md	-
1513	EXCLUDED	OUT_OF_SCOPE_ROOT	-	-	docs/knowledgeos/reviews/synthesis/book/part-3-architecture/03-03-knowledge-and-the-world/unresolved.md	-
1514	EXCLUDED	OUT_OF_SCOPE_ROOT	-	-	docs/knowledgeos/reviews/synthesis/book/part-3-architecture/03-04-zero-the-gap-that-drives-inquiry/chapter.md	-
1515	EXCLUDED	OUT_OF_SCOPE_ROOT	-	-	docs/knowledgeos/reviews/synthesis/book/part-3-architecture/03-04-zero-the-gap-that-drives-inquiry/evidence-map.md	-
1516	EXCLUDED	OUT_OF_SCOPE_ROOT	-	-	docs/knowledgeos/reviews/synthesis/book/part-3-architecture/03-04-zero-the-gap-that-drives-inquiry/claims.md	-
1517	EXCLUDED	OUT_OF_SCOPE_ROOT	-	-	docs/knowledgeos/reviews/synthesis/book/part-3-architecture/03-04-zero-the-gap-that-drives-inquiry/unresolved.md	-
1518	EXCLUDED	OUT_OF_SCOPE_ROOT	-	-	docs/knowledgeos/reviews/synthesis/book/part-3-architecture/03-05-evidence-and-its-algebra/chapter.md	-
1519	EXCLUDED	OUT_OF_SCOPE_ROOT	-	-	docs/knowledgeos/reviews/synthesis/book/part-3-architecture/03-05-evidence-and-its-algebra/evidence-map.md	-
1520	EXCLUDED	OUT_OF_SCOPE_ROOT	-	-	docs/knowledgeos/reviews/synthesis/book/part-3-architecture/03-05-evidence-and-its-algebra/claims.md	-
1521	EXCLUDED	OUT_OF_SCOPE_ROOT	-	-	docs/knowledgeos/reviews/synthesis/book/part-3-architecture/03-05-evidence-and-its-algebra/unresolved.md	-
1522	EXCLUDED	OUT_OF_SCOPE_ROOT	-	-	docs/knowledgeos/reviews/synthesis/book/part-3-architecture/03-06-states-and-admission/chapter.md	-
1523	EXCLUDED	OUT_OF_SCOPE_ROOT	-	-	docs/knowledgeos/reviews/synthesis/book/part-3-architecture/03-06-states-and-admission/evidence-map.md	-
1524	EXCLUDED	OUT_OF_SCOPE_ROOT	-	-	docs/knowledgeos/reviews/synthesis/book/part-3-architecture/03-06-states-and-admission/claims.md	-
1525	EXCLUDED	OUT_OF_SCOPE_ROOT	-	-	docs/knowledgeos/reviews/synthesis/book/part-3-architecture/03-06-states-and-admission/unresolved.md	-
1526	EXCLUDED	OUT_OF_SCOPE_ROOT	-	-	docs/knowledgeos/reviews/synthesis/book/part-3-architecture/03-07-decision-authorization-action/chapter.md	-
1527	EXCLUDED	OUT_OF_SCOPE_ROOT	-	-	docs/knowledgeos/reviews/synthesis/book/part-3-architecture/03-07-decision-authorization-action/evidence-map.md	-
1528	EXCLUDED	OUT_OF_SCOPE_ROOT	-	-	docs/knowledgeos/reviews/synthesis/book/part-3-architecture/03-07-decision-authorization-action/claims.md	-
1529	EXCLUDED	OUT_OF_SCOPE_ROOT	-	-	docs/knowledgeos/reviews/synthesis/book/part-3-architecture/03-07-decision-authorization-action/unresolved.md	-
1530	EXCLUDED	OUT_OF_SCOPE_ROOT	-	-	docs/knowledgeos/reviews/synthesis/book/part-3-architecture/03-08-the-policy-that-governs-itself/chapter.md	-
1531	EXCLUDED	OUT_OF_SCOPE_ROOT	-	-	docs/knowledgeos/reviews/synthesis/book/part-3-architecture/03-08-the-policy-that-governs-itself/evidence-map.md	-
1532	EXCLUDED	OUT_OF_SCOPE_ROOT	-	-	docs/knowledgeos/reviews/synthesis/book/part-3-architecture/03-08-the-policy-that-governs-itself/claims.md	-
1533	EXCLUDED	OUT_OF_SCOPE_ROOT	-	-	docs/knowledgeos/reviews/synthesis/book/part-3-architecture/03-08-the-policy-that-governs-itself/unresolved.md	-
1534	EXCLUDED	OUT_OF_SCOPE_ROOT	-	-	docs/knowledgeos/reviews/synthesis/book/part-3-architecture/03-09-three-kernels/chapter.md	-
1535	EXCLUDED	OUT_OF_SCOPE_ROOT	-	-	docs/knowledgeos/reviews/synthesis/book/part-3-architecture/03-09-three-kernels/evidence-map.md	-
1536	EXCLUDED	OUT_OF_SCOPE_ROOT	-	-	docs/knowledgeos/reviews/synthesis/book/part-3-architecture/03-09-three-kernels/claims.md	-
1537	EXCLUDED	OUT_OF_SCOPE_ROOT	-	-	docs/knowledgeos/reviews/synthesis/book/part-3-architecture/03-09-three-kernels/unresolved.md	-
1538	EXCLUDED	OUT_OF_SCOPE_ROOT	-	-	docs/knowledgeos/reviews/synthesis/book/part-3-architecture/03-10-the-invariants/evidence-map.md	-
1539	EXCLUDED	OUT_OF_SCOPE_ROOT	-	-	docs/knowledgeos/reviews/synthesis/book/part-3-architecture/03-10-the-invariants/unresolved.md	-
1540	EXCLUDED	OUT_OF_SCOPE_ROOT	-	-	docs/knowledgeos/reviews/synthesis/book/part-1-discovery/01-01-the-problem-before-the-system/chapter.md	-
1541	EXCLUDED	OUT_OF_SCOPE_ROOT	-	-	docs/knowledgeos/reviews/synthesis/book/part-1-discovery/01-01-the-problem-before-the-system/evidence-map.md	-
1542	EXCLUDED	OUT_OF_SCOPE_ROOT	-	-	docs/knowledgeos/reviews/synthesis/book/part-1-discovery/01-01-the-problem-before-the-system/claims.md	-
1543	EXCLUDED	OUT_OF_SCOPE_ROOT	-	-	docs/knowledgeos/reviews/synthesis/book/part-1-discovery/01-01-the-problem-before-the-system/unresolved.md	-
1544	EXCLUDED	OUT_OF_SCOPE_ROOT	-	-	docs/knowledgeos/reviews/synthesis/book/part-1-discovery/01-02-the-constitutional-turn/unresolved.md	-
1545	EXCLUDED	OUT_OF_SCOPE_ROOT	-	-	docs/knowledgeos/reviews/synthesis/book/part-1-discovery/01-03-the-lens-programme/chapter.md	-
1546	EXCLUDED	OUT_OF_SCOPE_ROOT	-	-	docs/knowledgeos/reviews/synthesis/book/part-1-discovery/01-03-the-lens-programme/evidence-map.md	-
1547	EXCLUDED	OUT_OF_SCOPE_ROOT	-	-	docs/knowledgeos/reviews/synthesis/book/part-1-discovery/01-03-the-lens-programme/claims.md	-
1548	EXCLUDED	OUT_OF_SCOPE_ROOT	-	-	docs/knowledgeos/reviews/synthesis/book/part-1-discovery/01-03-the-lens-programme/unresolved.md	-
1549	EXCLUDED	OUT_OF_SCOPE_ROOT	-	-	docs/knowledgeos/reviews/synthesis/book/part-1-discovery/01-04-the-measure-theory-crisis/chapter.md	-
1550	EXCLUDED	OUT_OF_SCOPE_ROOT	-	-	docs/knowledgeos/reviews/synthesis/book/part-1-discovery/01-04-the-measure-theory-crisis/evidence-map.md	-
1551	EXCLUDED	OUT_OF_SCOPE_ROOT	-	-	docs/knowledgeos/reviews/synthesis/book/part-1-discovery/01-04-the-measure-theory-crisis/claims.md	-
1552	EXCLUDED	OUT_OF_SCOPE_ROOT	-	-	docs/knowledgeos/reviews/synthesis/book/part-1-discovery/01-04-the-measure-theory-crisis/unresolved.md	-
1553	EXCLUDED	OUT_OF_SCOPE_ROOT	-	-	docs/knowledgeos/reviews/synthesis/book/part-1-discovery/01-05-questions-the-charioteer-and-the-lord/chapter.md	-
1554	EXCLUDED	OUT_OF_SCOPE_ROOT	-	-	docs/knowledgeos/reviews/synthesis/book/part-1-discovery/01-05-questions-the-charioteer-and-the-lord/evidence-map.md	-
1555	EXCLUDED	OUT_OF_SCOPE_ROOT	-	-	docs/knowledgeos/reviews/synthesis/book/part-1-discovery/01-05-questions-the-charioteer-and-the-lord/claims.md	-
1556	EXCLUDED	OUT_OF_SCOPE_ROOT	-	-	docs/knowledgeos/reviews/synthesis/book/part-1-discovery/01-05-questions-the-charioteer-and-the-lord/unresolved.md	-
1557	EXCLUDED	OUT_OF_SCOPE_ROOT	-	-	docs/knowledgeos/reviews/synthesis/book/part-1-discovery/01-06-formalization-attacks-itself/chapter.md	-
1558	EXCLUDED	OUT_OF_SCOPE_ROOT	-	-	docs/knowledgeos/reviews/synthesis/book/part-1-discovery/01-06-formalization-attacks-itself/evidence-map.md	-
1559	EXCLUDED	OUT_OF_SCOPE_ROOT	-	-	docs/knowledgeos/reviews/synthesis/book/part-1-discovery/01-06-formalization-attacks-itself/claims.md	-
1560	EXCLUDED	OUT_OF_SCOPE_ROOT	-	-	docs/knowledgeos/reviews/synthesis/book/part-1-discovery/01-06-formalization-attacks-itself/unresolved.md	-
1561	EXCLUDED	OUT_OF_SCOPE_ROOT	-	-	docs/knowledgeos/reviews/synthesis/book/part-2-reconstruction/02-01-archaeology-before-architecture/evidence-map.md	-
1562	EXCLUDED	OUT_OF_SCOPE_ROOT	-	-	docs/knowledgeos/reviews/synthesis/book/part-2-reconstruction/02-01-archaeology-before-architecture/unresolved.md	-
1563	EXCLUDED	OUT_OF_SCOPE_ROOT	-	-	docs/knowledgeos/reviews/synthesis/book/part-2-reconstruction/02-02-grades-and-the-final-rule/chapter.md	-
1564	EXCLUDED	OUT_OF_SCOPE_ROOT	-	-	docs/knowledgeos/reviews/synthesis/book/part-2-reconstruction/02-02-grades-and-the-final-rule/evidence-map.md	-
1565	EXCLUDED	OUT_OF_SCOPE_ROOT	-	-	docs/knowledgeos/reviews/synthesis/book/part-2-reconstruction/02-02-grades-and-the-final-rule/claims.md	-
1566	EXCLUDED	OUT_OF_SCOPE_ROOT	-	-	docs/knowledgeos/reviews/synthesis/book/part-2-reconstruction/02-02-grades-and-the-final-rule/unresolved.md	-
1567	EXCLUDED	OUT_OF_SCOPE_ROOT	-	-	docs/knowledgeos/reviews/synthesis/book/part-2-reconstruction/02-03-falsification-under-authority/evidence-map.md	-
1568	EXCLUDED	OUT_OF_SCOPE_ROOT	-	-	docs/knowledgeos/reviews/synthesis/book/part-2-reconstruction/02-03-falsification-under-authority/unresolved.md	-
1569	EXCLUDED	OUT_OF_SCOPE_ROOT	-	-	docs/knowledgeos/reviews/synthesis/book/part-2-reconstruction/02-04-conformance-and-the-living-repository/chapter.md	-
1570	EXCLUDED	OUT_OF_SCOPE_ROOT	-	-	docs/knowledgeos/reviews/synthesis/book/part-2-reconstruction/02-04-conformance-and-the-living-repository/evidence-map.md	-
1571	EXCLUDED	OUT_OF_SCOPE_ROOT	-	-	docs/knowledgeos/reviews/synthesis/book/part-2-reconstruction/02-04-conformance-and-the-living-repository/claims.md	-
1572	EXCLUDED	OUT_OF_SCOPE_ROOT	-	-	docs/knowledgeos/reviews/synthesis/book/part-2-reconstruction/02-04-conformance-and-the-living-repository/unresolved.md	-
1573	EXCLUDED	OUT_OF_SCOPE_ROOT	-	-	docs/knowledgeos/reviews/synthesis/book/part-4-implications/04-01-engineering-with-knowledgeos/chapter.md	-
1574	EXCLUDED	OUT_OF_SCOPE_ROOT	-	-	docs/knowledgeos/reviews/synthesis/book/part-4-implications/04-01-engineering-with-knowledgeos/evidence-map.md	-
1575	EXCLUDED	OUT_OF_SCOPE_ROOT	-	-	docs/knowledgeos/reviews/synthesis/book/part-4-implications/04-01-engineering-with-knowledgeos/claims.md	-
1576	EXCLUDED	OUT_OF_SCOPE_ROOT	-	-	docs/knowledgeos/reviews/synthesis/book/part-4-implications/04-01-engineering-with-knowledgeos/unresolved.md	-
1577	EXCLUDED	OUT_OF_SCOPE_ROOT	-	-	docs/knowledgeos/reviews/synthesis/book/part-4-implications/04-02-ai-agents-under-epistemic-governance/chapter.md	-
1578	EXCLUDED	OUT_OF_SCOPE_ROOT	-	-	docs/knowledgeos/reviews/synthesis/book/part-4-implications/04-02-ai-agents-under-epistemic-governance/evidence-map.md	-
1579	EXCLUDED	OUT_OF_SCOPE_ROOT	-	-	docs/knowledgeos/reviews/synthesis/book/part-4-implications/04-02-ai-agents-under-epistemic-governance/claims.md	-
1580	EXCLUDED	OUT_OF_SCOPE_ROOT	-	-	docs/knowledgeos/reviews/synthesis/book/part-4-implications/04-02-ai-agents-under-epistemic-governance/unresolved.md	-
1581	EXCLUDED	OUT_OF_SCOPE_ROOT	-	-	docs/knowledgeos/reviews/synthesis/book/part-4-implications/04-03-parallel-lanes-and-future-intake/chapter.md	-
1582	EXCLUDED	OUT_OF_SCOPE_ROOT	-	-	docs/knowledgeos/reviews/synthesis/book/part-4-implications/04-03-parallel-lanes-and-future-intake/evidence-map.md	-
1583	EXCLUDED	OUT_OF_SCOPE_ROOT	-	-	docs/knowledgeos/reviews/synthesis/book/part-4-implications/04-03-parallel-lanes-and-future-intake/claims.md	-
1584	EXCLUDED	OUT_OF_SCOPE_ROOT	-	-	docs/knowledgeos/reviews/synthesis/book/part-4-implications/04-03-parallel-lanes-and-future-intake/unresolved.md	-
1585	EXCLUDED	OUT_OF_SCOPE_ROOT	-	-	docs/knowledgeos/reviews/synthesis/book/part-4-implications/04-04-what-remains-open/chapter.md	-
1586	EXCLUDED	OUT_OF_SCOPE_ROOT	-	-	docs/knowledgeos/reviews/synthesis/book/part-4-implications/04-04-what-remains-open/evidence-map.md	-
1587	EXCLUDED	OUT_OF_SCOPE_ROOT	-	-	docs/knowledgeos/reviews/synthesis/book/part-4-implications/04-04-what-remains-open/claims.md	-
1588	EXCLUDED	OUT_OF_SCOPE_ROOT	-	-	docs/knowledgeos/reviews/synthesis/book/part-4-implications/04-04-what-remains-open/unresolved.md	-
1589	EXCLUDED	OUT_OF_SCOPE_ROOT	-	-	docs/knowledgeos/reviews/synthesis/book/part-4-implications/04-05-how-to-read-this-books-evidence/chapter.md	-
1590	EXCLUDED	OUT_OF_SCOPE_ROOT	-	-	docs/knowledgeos/reviews/synthesis/book/part-4-implications/04-05-how-to-read-this-books-evidence/evidence-map.md	-
1591	EXCLUDED	OUT_OF_SCOPE_ROOT	-	-	docs/knowledgeos/reviews/synthesis/book/part-4-implications/04-05-how-to-read-this-books-evidence/claims.md	-
1592	EXCLUDED	OUT_OF_SCOPE_ROOT	-	-	docs/knowledgeos/reviews/synthesis/book/part-4-implications/04-05-how-to-read-this-books-evidence/unresolved.md	-
1593	EXCLUDED	OUT_OF_SCOPE_ROOT	-	-	docs/knowledgeos/reviews/synthesis/book/provenance-index.md	-
1594	EXCLUDED	OUT_OF_SCOPE_ROOT	-	-	docs/knowledgeos/reviews/synthesis/analysis/book-review-acceptance-packet.md	-
1595	EXCLUDED	OUT_OF_SCOPE_ROOT	-	-	docs/knowledgeos/reviews/synthesis/analysis/book-independent-review.md	-
1596	EXCLUDED	OUT_OF_SCOPE_ROOT	-	-	docs/knowledgeos/reviews/synthesis/book/part-1-discovery/01-02-the-constitutional-turn/chapter.md	-
1597	EXCLUDED	OUT_OF_SCOPE_ROOT	-	-	docs/knowledgeos/reviews/synthesis/book/part-1-discovery/01-02-the-constitutional-turn/evidence-map.md	-
1598	EXCLUDED	OUT_OF_SCOPE_ROOT	-	-	docs/knowledgeos/reviews/synthesis/book/part-1-discovery/01-02-the-constitutional-turn/claims.md	-
1599	EXCLUDED	OUT_OF_SCOPE_ROOT	-	-	docs/knowledgeos/reviews/synthesis/book/part-3-architecture/03-10-the-invariants/claims.md	-
1600	EXCLUDED	OUT_OF_SCOPE_ROOT	-	-	docs/knowledgeos/reviews/synthesis/book/part-2-reconstruction/02-03-falsification-under-authority/chapter.md	-
1601	EXCLUDED	OUT_OF_SCOPE_ROOT	-	-	docs/knowledgeos/reviews/synthesis/book/part-2-reconstruction/02-03-falsification-under-authority/claims.md	-
1602	EXCLUDED	OUT_OF_SCOPE_ROOT	-	-	docs/knowledgeos/reviews/synthesis/book/part-2-reconstruction/02-01-archaeology-before-architecture/chapter.md	-
1603	EXCLUDED	OUT_OF_SCOPE_ROOT	-	-	docs/knowledgeos/reviews/synthesis/book/part-2-reconstruction/02-01-archaeology-before-architecture/claims.md	-
1604	EXCLUDED	OUT_OF_SCOPE_ROOT	-	-	docs/knowledgeos/reviews/synthesis/book/part-3-architecture/03-10-the-invariants/chapter.md	-
1605	EXCLUDED	OUT_OF_SCOPE_ROOT	-	-	docs/knowledgeos/reviews/synthesis/analysis/book-acceptance-packet.md	-
1606	EXCLUDED	OUT_OF_SCOPE_ROOT	-	-	docs/knowledgeos/reviews/synthesis/book/00-book-index.md	-
1607	EXCLUDED	OUT_OF_SCOPE_ROOT	-	-	docs/knowledgeos/reviews/synthesis/README.md	-
1608	EXCLUDED	OUT_OF_SCOPE_ROOT	-	-	docs/knowledgeos/reviews/synthesis/analysis/book-depth-assessment.md	-
1609	EXCLUDED	OUT_OF_SCOPE_ROOT	-	-	docs/knowledgeos/reviews/synthesis/analysis/book-edition-2-plan.md	-
1610	EXCLUDED	OUT_OF_SCOPE_ROOT	-	-	docs/knowledgeos/reviews/synthesis/book-edition-2/part-3-architecture/03-01-the-five-layers/evidence-map.md	-
1611	EXCLUDED	OUT_OF_SCOPE_ROOT	-	-	docs/knowledgeos/reviews/synthesis/book-edition-2/part-3-architecture/03-01-the-five-layers/unresolved.md	-
1612	EXCLUDED	OUT_OF_SCOPE_ROOT	-	-	docs/knowledgeos/reviews/synthesis/book-edition-2/part-3-architecture/03-02-the-knower-and-the-frame/evidence-map.md	-
1613	EXCLUDED	OUT_OF_SCOPE_ROOT	-	-	docs/knowledgeos/reviews/kernel/session2/S2-F024-review-of-s1-f009-the-equilibrium-criterion-is-a-schema-not-a-criterion.md	-
1614	EXCLUDED	OUT_OF_SCOPE_ROOT	-	-	docs/knowledgeos/reviews/kernel/session2/S2-R-F002-review-of-s1-f002-ubiquitous-language-instability.md	-
1615	EXCLUDED	OUT_OF_SCOPE_ROOT	-	-	docs/knowledgeos/reviews/kernel/session2/S2-R-F003-review-of-s1-f003-kernel-member-candidates-diverge.md	-
1616	EXCLUDED	OUT_OF_SCOPE_ROOT	-	-	docs/knowledgeos/reviews/kernel/session2/S2-R-F004-review-of-s1-f004-no-established-kernel-category-determinism.md	-
1617	EXCLUDED	OUT_OF_SCOPE_ROOT	-	-	docs/knowledgeos/reviews/kernel/session2/S2-R-F005-review-of-s1-f005-mathematics-describes-kernel-protects.md	-
1618	EXCLUDED	OUT_OF_SCOPE_ROOT	-	-	docs/knowledgeos/reviews/kernel/session2/S2-R-F010-review-of-s1-f010-admission-as-first-transition-and-withdrawn.md	-
1619	EXCLUDED	OUT_OF_SCOPE_ROOT	-	-	docs/knowledgeos/reviews/synthesis/book-edition-2/part-3-architecture/03-05-evidence-and-its-algebra/evidence-map.md	-
1620	EXCLUDED	OUT_OF_SCOPE_ROOT	-	-	docs/knowledgeos/reviews/kernel/session2/S2-R-F011-review-of-s1-f011-transformation-boundary-and-sixteen-exclusions.md	-
1621	EXCLUDED	OUT_OF_SCOPE_ROOT	-	-	docs/knowledgeos/reviews/kernel/session2/S2-R-F012-review-of-s1-f012-epistemic-accountability-core.md	-
1622	EXCLUDED	OUT_OF_SCOPE_ROOT	-	-	docs/knowledgeos/reviews/synthesis/book-edition-2/part-3-architecture/03-04-zero-the-gap-that-drives-inquiry/evidence-map.md	-
1623	EXCLUDED	OUT_OF_SCOPE_ROOT	-	-	docs/knowledgeos/reviews/kernel/session2/S2-R-F013-review-of-s1-f013-eightfold-unresolved-and-the-classification-blocker.md	-
1624	EXCLUDED	OUT_OF_SCOPE_ROOT	-	-	docs/knowledgeos/reviews/synthesis/book-edition-2/part-3-architecture/03-03-knowledge-and-the-world/evidence-map.md	-
1625	EXCLUDED	OUT_OF_SCOPE_ROOT	-	-	docs/knowledgeos/reviews/synthesis/book-edition-2/part-3-architecture/03-03-knowledge-and-the-world/unresolved.md	-
1626	EXCLUDED	OUT_OF_SCOPE_ROOT	-	-	docs/knowledgeos/reviews/kernel/session2/S2-R-F014-review-of-s1-f014-states-as-projections-and-six-contradictions.md	-
1627	EXCLUDED	OUT_OF_SCOPE_ROOT	-	-	docs/knowledgeos/reviews/kernel/session2/S2-R-F015-review-of-s1-f015-twelve-questions-and-content-mutability.md	-
1628	EXCLUDED	OUT_OF_SCOPE_ROOT	-	-	docs/knowledgeos/reviews/kernel/session2/S2-R-F016-review-of-s1-f016-aggregate-falsification-and-the-arrival-count.md	-
1629	EXCLUDED	OUT_OF_SCOPE_ROOT	-	-	docs/knowledgeos/reviews/kernel/session2/S2-R-F017-review-of-s1-f017-phase-consolidation.md	-
1630	EXCLUDED	OUT_OF_SCOPE_ROOT	-	-	docs/knowledgeos/reviews/kernel/session2/S2-R-F018-review-of-s1-f018-evidence-entity-or-value-object.md	-
1631	EXCLUDED	OUT_OF_SCOPE_ROOT	-	-	docs/knowledgeos/reviews/synthesis/book-edition-2/part-3-architecture/03-06-states-and-admission/evidence-map.md	-
1632	EXCLUDED	OUT_OF_SCOPE_ROOT	-	-	docs/knowledgeos/reviews/synthesis/book-edition-2/part-3-architecture/03-06-states-and-admission/unresolved.md	-
1633	EXCLUDED	OUT_OF_SCOPE_ROOT	-	-	docs/knowledgeos/reviews/kernel/session2/S2-R-F019-review-of-s1-f019-fourteen-lens-vote.md	-
1634	EXCLUDED	OUT_OF_SCOPE_ROOT	-	-	docs/knowledgeos/reviews/synthesis/book-edition-2/part-3-architecture/03-07-decision-authorization-action/evidence-map.md	-
1635	EXCLUDED	OUT_OF_SCOPE_ROOT	-	-	docs/knowledgeos/reviews/synthesis/book-edition-2/part-3-architecture/03-07-decision-authorization-action/unresolved.md	-
1636	EXCLUDED	OUT_OF_SCOPE_ROOT	-	-	docs/knowledgeos/reviews/kernel/session2/S2-R-F020-review-of-s1-f020-adr-three-altitudes.md	-
1637	EXCLUDED	OUT_OF_SCOPE_ROOT	-	-	docs/knowledgeos/reviews/kernel/session2/S2-R-F021-review-of-s1-f021-lens-layers-and-the-boring-kernel.md	-
1638	EXCLUDED	OUT_OF_SCOPE_ROOT	-	-	docs/knowledgeos/reviews/kernel/session2/S2-R-F022-review-of-s1-f022-lens-commission-falsification-routing.md	-
1639	EXCLUDED	OUT_OF_SCOPE_ROOT	-	-	docs/knowledgeos/reviews/kernel/session2/S2-R-F023-review-of-s1-f023-tarka-instrument-and-absence-typology.md	-
1640	EXCLUDED	OUT_OF_SCOPE_ROOT	-	-	docs/knowledgeos/reviews/synthesis/book-edition-2/part-3-architecture/03-08-the-policy-that-governs-itself/evidence-map.md	-
1641	EXCLUDED	OUT_OF_SCOPE_ROOT	-	-	docs/knowledgeos/reviews/synthesis/book-edition-2/part-3-architecture/03-08-the-policy-that-governs-itself/unresolved.md	-
1642	EXCLUDED	OUT_OF_SCOPE_ROOT	-	-	docs/knowledgeos/reviews/kernel/session2/S2-R-F024-review-of-s1-f024-book-extraction-register.md	-
1643	EXCLUDED	OUT_OF_SCOPE_ROOT	-	-	docs/knowledgeos/reviews/kernel/session2/S2-R-F025-review-of-s1-f025-anti-reasoner-constraint.md	-
1644	EXCLUDED	OUT_OF_SCOPE_ROOT	-	-	docs/knowledgeos/reviews/kernel/session2/S2-R-F026-review-of-s1-f026-phase-closure.md	-
1645	EXCLUDED	OUT_OF_SCOPE_ROOT	-	-	docs/knowledgeos/reviews/kernel/session2/S2-R-F027-review-of-s1-f027-inference-licensing-constraints.md	-
1646	EXCLUDED	OUT_OF_SCOPE_ROOT	-	-	docs/knowledgeos/reviews/kernel/session2/S2-R-F028-review-of-s1-f028-governance-artifact-and-a-provenance-loop.md	-
1647	EXCLUDED	OUT_OF_SCOPE_ROOT	-	-	docs/knowledgeos/reviews/synthesis/book-edition-2/production-log.md	-
1648	EXCLUDED	OUT_OF_SCOPE_ROOT	-	-	docs/knowledgeos/reviews/kernel/session2/S2-R-F029-review-of-s1-f029-abstention-and-evidence-roles.md	-
1649	EXCLUDED	OUT_OF_SCOPE_ROOT	-	-	docs/knowledgeos/reviews/kernel/session2/S2-R-F030-review-of-s1-f030-evidence-acquisition.md	-
1650	EXCLUDED	OUT_OF_SCOPE_ROOT	-	-	docs/knowledgeos/reviews/kernel/session2/S2-R-F031-review-of-s1-f031-ziran-identity-challenge.md	-
1651	EXCLUDED	OUT_OF_SCOPE_ROOT	-	-	docs/knowledgeos/reviews/synthesis/book-edition-2/part-3-architecture/03-01-the-five-layers/chapter.md	-
1652	EXCLUDED	OUT_OF_SCOPE_ROOT	-	-	docs/knowledgeos/reviews/synthesis/book-edition-2/part-3-architecture/03-03-knowledge-and-the-world/chapter.md	-
1653	EXCLUDED	OUT_OF_SCOPE_ROOT	-	-	docs/knowledgeos/reviews/synthesis/book-edition-2/part-3-architecture/03-07-decision-authorization-action/chapter.md	-
1654	EXCLUDED	OUT_OF_SCOPE_ROOT	-	-	docs/knowledgeos/reviews/synthesis/book-edition-2/part-3-architecture/03-04-zero-the-gap-that-drives-inquiry/chapter.md	-
1655	EXCLUDED	OUT_OF_SCOPE_ROOT	-	-	docs/knowledgeos/reviews/synthesis/book-edition-2/part-3-architecture/03-08-the-policy-that-governs-itself/chapter.md	-
1656	EXCLUDED	OUT_OF_SCOPE_ROOT	-	-	docs/knowledgeos/reviews/synthesis/book-edition-2/part-3-architecture/03-02-the-knower-and-the-frame/unresolved.md	-
1657	EXCLUDED	OUT_OF_SCOPE_ROOT	-	-	docs/knowledgeos/reviews/synthesis/book-edition-2/part-3-architecture/03-04-zero-the-gap-that-drives-inquiry/unresolved.md	-
1658	EXCLUDED	OUT_OF_SCOPE_ROOT	-	-	docs/knowledgeos/reviews/synthesis/book-edition-2/part-3-architecture/03-05-evidence-and-its-algebra/unresolved.md	-
1659	EXCLUDED	OUT_OF_SCOPE_ROOT	-	-	docs/knowledgeos/reviews/synthesis/book-edition-2/part-3-architecture/03-05-evidence-and-its-algebra/chapter.md	-
1660	EXCLUDED	OUT_OF_SCOPE_ROOT	-	-	docs/knowledgeos/reviews/synthesis/book-edition-2/part-3-architecture/03-01-the-five-layers/claims.md	-
1661	EXCLUDED	OUT_OF_SCOPE_ROOT	-	-	docs/knowledgeos/reviews/synthesis/book-edition-2/part-3-architecture/03-03-knowledge-and-the-world/claims.md	-
1662	EXCLUDED	OUT_OF_SCOPE_ROOT	-	-	docs/knowledgeos/reviews/synthesis/book-edition-2/part-3-architecture/03-04-zero-the-gap-that-drives-inquiry/claims.md	-
1663	EXCLUDED	OUT_OF_SCOPE_ROOT	-	-	docs/knowledgeos/reviews/synthesis/book-edition-2/part-3-architecture/03-05-evidence-and-its-algebra/claims.md	-
1664	EXCLUDED	OUT_OF_SCOPE_ROOT	-	-	docs/knowledgeos/reviews/synthesis/book-edition-2/part-3-architecture/03-06-states-and-admission/claims.md	-
1665	EXCLUDED	OUT_OF_SCOPE_ROOT	-	-	docs/knowledgeos/reviews/synthesis/book-edition-2/part-3-architecture/03-07-decision-authorization-action/claims.md	-
1666	EXCLUDED	OUT_OF_SCOPE_ROOT	-	-	docs/knowledgeos/reviews/synthesis/book-edition-2/part-3-architecture/03-08-the-policy-that-governs-itself/claims.md	-
1667	EXCLUDED	OUT_OF_SCOPE_ROOT	-	-	docs/knowledgeos/reviews/kernel/session2/S2-R-F032-review-of-s1-f032-formal-regimes-and-no-single-score.md	-
1668	EXCLUDED	OUT_OF_SCOPE_ROOT	-	-	docs/knowledgeos/reviews/kernel/session2/S2-R-F033-review-of-s1-f033-eir-and-the-cost-argument.md	-
1669	EXCLUDED	OUT_OF_SCOPE_ROOT	-	-	docs/knowledgeos/reviews/kernel/session2/S2-R-F034-review-of-s1-f034-sufficient-state.md	-
1670	EXCLUDED	OUT_OF_SCOPE_ROOT	-	-	docs/knowledgeos/reviews/kernel/session2/S2-X-cross-track-observation-register.md	-
1671	EXCLUDED	OUT_OF_SCOPE_ROOT	-	-	docs/knowledgeos/reviews/kernel/session2/S2-R-F001-review-of-s1-f001-authority-temporal-semantics-gap.md	-
1672	EXCLUDED	OUT_OF_SCOPE_ROOT	-	-	docs/knowledgeos/reviews/kernel/session2/S2-R-F035-review-of-s1-f035-counterfactual-robustness-and-route.md	-
1673	EXCLUDED	OUT_OF_SCOPE_ROOT	-	-	docs/knowledgeos/reviews/kernel/session2/S2-R-F036-review-of-s1-f036-minimum-preservation-unit.md	-
1674	EXCLUDED	OUT_OF_SCOPE_ROOT	-	-	docs/knowledgeos/reviews/kernel/session2/S2-R-F037-review-of-s1-f037-modelling-prohibitions.md	-
1675	EXCLUDED	OUT_OF_SCOPE_ROOT	-	-	docs/knowledgeos/reviews/synthesis/analysis/mathematical-tests/exp01_recheck.py	-
1676	EXCLUDED	OUT_OF_SCOPE_ROOT	-	-	docs/knowledgeos/reviews/synthesis/analysis/mathematical-tests/exp01_recheck_output.txt	-
1677	EXCLUDED	OUT_OF_SCOPE_ROOT	-	-	docs/knowledgeos/reviews/synthesis/analysis/mathematical-tests/zero_reference.py	-
1678	EXCLUDED	OUT_OF_SCOPE_ROOT	-	-	docs/knowledgeos/reviews/synthesis/analysis/mathematical-tests/ladder_dc_reference.py	-
1679	EXCLUDED	OUT_OF_SCOPE_ROOT	-	-	docs/knowledgeos/reviews/synthesis/analysis/mathematical-tests/zero_reference_output.txt	-
1680	EXCLUDED	OUT_OF_SCOPE_ROOT	-	-	docs/knowledgeos/reviews/synthesis/analysis/mathematical-tests/ladder_dc_reference_output.txt	-
1681	EXCLUDED	OUT_OF_SCOPE_ROOT	-	-	docs/knowledgeos/reviews/kernel/session2/S2-R-F038-review-of-s1-f038-substrate-and-measure.md	-
1682	EXCLUDED	OUT_OF_SCOPE_ROOT	-	-	docs/knowledgeos/reviews/kernel/session2/S2-R-F039-review-of-s1-f039-preserve-not-perform.md	-
1683	EXCLUDED	OUT_OF_SCOPE_ROOT	-	-	docs/knowledgeos/reviews/kernel/session2/S2-R-F040-review-of-s1-f040-measure-theory-cascade.md	-
1684	EXCLUDED	OUT_OF_SCOPE_ROOT	-	-	docs/knowledgeos/reviews/kernel/session2/S2-00-register-index-and-review-framework.md	-
1685	EXCLUDED	OUT_OF_SCOPE_ROOT	-	-	docs/knowledgeos/reviews/synthesis/analysis/mathematical-verification-report.md	-
1686	EXCLUDED	OUT_OF_SCOPE_ROOT	-	-	docs/knowledgeos/reviews/kernel/session2/S2-R-COVERAGE-audit-of-s1-coverage-report.md	-
1687	EXCLUDED	OUT_OF_SCOPE_ROOT	-	-	docs/knowledgeos/reviews/synthesis/analysis/findings-disposition-report.md	-
1688	EXCLUDED	OUT_OF_SCOPE_ROOT	-	-	docs/knowledgeos/reviews/kernel/session2/S2-FINAL-KERNEL-REVIEW.md	-
1689	EXCLUDED	OUT_OF_SCOPE_ROOT	-	-	docs/knowledgeos/reviews/kernel/session2/S2-01-review-state-ledger.md	-
1690	EXCLUDED	OUT_OF_SCOPE_ROOT	-	-	docs/knowledgeos/reviews/synthesis/analysis/gn-48-findings-disposition.md	-
1691	EXCLUDED	OUT_OF_SCOPE_ROOT	-	-	docs/knowledgeos/reviews/synthesis/book-edition-2/part-3-architecture/03-09-three-kernels/chapter.md	-
1692	EXCLUDED	OUT_OF_SCOPE_ROOT	-	-	docs/knowledgeos/reviews/synthesis/book-edition-2/part-3-architecture/03-09-three-kernels/evidence-map.md	-
1693	EXCLUDED	OUT_OF_SCOPE_ROOT	-	-	docs/knowledgeos/reviews/synthesis/book-edition-2/part-3-architecture/03-09-three-kernels/unresolved.md	-
1694	EXCLUDED	OUT_OF_SCOPE_ROOT	-	-	docs/knowledgeos/reviews/synthesis/book-edition-2/part-3-architecture/03-09-three-kernels/claims.md	-
1695	EXCLUDED	OUT_OF_SCOPE_ROOT	-	-	docs/knowledgeos/reviews/synthesis/book-edition-2/part-3-architecture/03-10-the-invariants/evidence-map.md	-
1696	EXCLUDED	OUT_OF_SCOPE_ROOT	-	-	docs/knowledgeos/reviews/synthesis/book-edition-2/part-3-architecture/03-10-the-invariants/unresolved.md	-
1697	EXCLUDED	OUT_OF_SCOPE_ROOT	-	-	docs/knowledgeos/reviews/synthesis/book-edition-2/00-edition-2-index.md	-
1698	EXCLUDED	OUT_OF_SCOPE_ROOT	-	-	docs/knowledgeos/reviews/synthesis/book-edition-2/part-3-architecture/03-10-the-invariants/claims.md	-
1699	EXCLUDED	OUT_OF_SCOPE_ROOT	-	-	docs/knowledgeos/reviews/synthesis/2026-08-23-KOS-OPERATING-MODEL-001-AMENDMENT-001-OBSERVATION-O-5-process-identity-continuity.md	-
1700	EXCLUDED	OUT_OF_SCOPE_ROOT	-	-	docs/knowledgeos/reviews/synthesis/analysis/part-3-gate-report.md	-
1701	EXCLUDED	OUT_OF_SCOPE_ROOT	-	-	docs/knowledgeos/reviews/synthesis/book-edition-2/part-3-architecture/03-02-the-knower-and-the-frame/chapter.md	-
1702	EXCLUDED	OUT_OF_SCOPE_ROOT	-	-	docs/knowledgeos/reviews/synthesis/book-edition-2/part-3-architecture/03-06-states-and-admission/chapter.md	-
1703	EXCLUDED	OUT_OF_SCOPE_ROOT	-	-	docs/knowledgeos/reviews/synthesis/book-edition-2/part-3-architecture/03-10-the-invariants/chapter.md	-
1704	EXCLUDED	OUT_OF_SCOPE_ROOT	-	-	docs/knowledgeos/reviews/synthesis/book-edition-2/part-3-architecture/03-02-the-knower-and-the-frame/claims.md	-
1705	EXCLUDED	OUT_OF_SCOPE_ROOT	-	-	docs/knowledgeos/reviews/synthesis/book-edition-2/part-2-reconstruction/02-01-archaeology-before-architecture/unresolved.md	-
1706	EXCLUDED	OUT_OF_SCOPE_ROOT	-	-	docs/knowledgeos/reviews/synthesis/book-edition-2/part-2-reconstruction/02-02-grades-and-the-final-rule/unresolved.md	-
1707	EXCLUDED	OUT_OF_SCOPE_ROOT	-	-	docs/knowledgeos/reviews/synthesis/book-edition-2/part-2-reconstruction/02-03-falsification-under-authority/unresolved.md	-
1708	EXCLUDED	OUT_OF_SCOPE_ROOT	-	-	docs/knowledgeos/reviews/synthesis/book-edition-2/part-2-reconstruction/02-03-falsification-under-authority/audit-three-lens.md	-
1709	EXCLUDED	OUT_OF_SCOPE_ROOT	-	-	docs/knowledgeos/reviews/synthesis/book-architecture/BA-ED2-amendment.md	-
1710	EXCLUDED	OUT_OF_SCOPE_ROOT	-	-	docs/knowledgeos/reviews/synthesis/book-edition-2/part-2-reconstruction/02-04-conformance-and-the-living-repository/evidence-map.md	-
1711	EXCLUDED	OUT_OF_SCOPE_ROOT	-	-	docs/knowledgeos/reviews/synthesis/book-edition-2/part-2-reconstruction/02-04-conformance-and-the-living-repository/unresolved.md	-
1712	EXCLUDED	OUT_OF_SCOPE_ROOT	-	-	docs/knowledgeos/reviews/synthesis/book-edition-2/part-2-reconstruction/02-04-conformance-and-the-living-repository/audit-three-lens.md	-
1713	EXCLUDED	OUT_OF_SCOPE_ROOT	-	-	docs/knowledgeos/reviews/synthesis/book-edition-2/part-2-reconstruction/02-04-conformance-and-the-living-repository/chapter.md	-
1714	EXCLUDED	OUT_OF_SCOPE_ROOT	-	-	docs/knowledgeos/reviews/synthesis/analysis/part-2-gate-report.md	-
1715	EXCLUDED	OUT_OF_SCOPE_ROOT	-	-	docs/knowledgeos/reviews/synthesis/book-edition-2/part-2-reconstruction/02-01-archaeology-before-architecture/chapter.md	-
1716	EXCLUDED	OUT_OF_SCOPE_ROOT	-	-	docs/knowledgeos/reviews/synthesis/book-edition-2/part-2-reconstruction/02-04-conformance-and-the-living-repository/claims.md	-
1717	EXCLUDED	OUT_OF_SCOPE_ROOT	-	-	docs/knowledgeos/reviews/synthesis/book-edition-2/part-2-reconstruction/02-02-grades-and-the-final-rule/evidence-map.md	-
1718	EXCLUDED	OUT_OF_SCOPE_ROOT	-	-	docs/knowledgeos/reviews/synthesis/book-edition-2/part-2-reconstruction/02-03-falsification-under-authority/evidence-map.md	-
1719	EXCLUDED	OUT_OF_SCOPE_ROOT	-	-	docs/knowledgeos/reviews/synthesis/book-edition-2/example-continuity-ledger.md	-
1720	EXCLUDED	OUT_OF_SCOPE_ROOT	-	-	docs/knowledgeos/reviews/synthesis/book-edition-2/part-2-reconstruction/02-01-archaeology-before-architecture/evidence-map.md	-
1721	EXCLUDED	OUT_OF_SCOPE_ROOT	-	-	docs/knowledgeos/reviews/synthesis/analysis/part-2-correction-matrix.md	-
1722	EXCLUDED	EXCLUDED_VERIFICATION	-	-	docs/knowledgeos/brainstorming/verification/prompts/Yes.md	-
1723	EXCLUDED	EXCLUDED_VERIFICATION	-	-	docs/knowledgeos/brainstorming/verification/prompts/# KNOWLEDGEOS THEORY VERIFICATION PROGRA	-
1724	EXCLUDED	EXCLUDED_VERIFICATION	-	-	docs/knowledgeos/brainstorming/verification/V0-theory-corpus-map.md	-
1725	EXCLUDED	EXCLUDED_VERIFICATION	-	-	docs/knowledgeos/brainstorming/verification/spec/A3-definition-register.md	-
1726	EXCLUDED	EXCLUDED_VERIFICATION	-	-	docs/knowledgeos/brainstorming/verification/spec/A2-assumption-register.md	-
1727	EXCLUDED	EXCLUDED_VERIFICATION	-	-	docs/knowledgeos/brainstorming/verification/spec/A6-statistical-register.md	-
1728	EXCLUDED	EXCLUDED_VERIFICATION	-	-	docs/knowledgeos/brainstorming/verification/prompts/# KNOWLEDGEOS VERIFY SESSION	-
1729	EXCLUDED	EXCLUDED_VERIFICATION	-	-	docs/knowledgeos/brainstorming/verification/spec/A3W-state-transition-register.md	-
1730	EXCLUDED	EXCLUDED_VERIFICATION	-	-	docs/knowledgeos/brainstorming/verification/prompts/20260829_1453_prompt	-
1731	EXCLUDED	EXCLUDED_VERIFICATION	-	-	docs/knowledgeos/brainstorming/verification/spec/A3X-algebra-invariant-register.md	-
1732	EXCLUDED	EXCLUDED_VERIFICATION	-	-	docs/knowledgeos/brainstorming/verification/prompts/20260829_1459_prompt.md	-
1733	EXCLUDED	EXCLUDED_VERIFICATION	-	-	docs/knowledgeos/brainstorming/verification/spec/A1-theory-inventory.md	-
1734	EXCLUDED	EXCLUDED_VERIFICATION	-	-	docs/knowledgeos/brainstorming/verification/spec/K0-mathematical-kernel-candidate.md	-
1735	EXCLUDED	EXCLUDED_VERIFICATION	-	-	docs/knowledgeos/brainstorming/verification/V2-dependency-graph.md	-
1736	EXCLUDED	EXCLUDED_VERIFICATION	-	-	docs/knowledgeos/brainstorming/verification/V3-verification-priority-matrix.md	-
1737	EXCLUDED	EXCLUDED_VERIFICATION	-	-	docs/knowledgeos/brainstorming/verification/reports/CHECKPOINT-1-3-supervisory-report.md	-
1738	EXCLUDED	EXCLUDED_VERIFICATION	-	-	docs/knowledgeos/brainstorming/verification/findings/TV-F-001-monotonicity-scope.md	-
1739	EXCLUDED	EXCLUDED_VERIFICATION	-	-	docs/knowledgeos/brainstorming/verification/findings/TV-F-002-004-wave1-recheck-findings.md	-
1740	EXCLUDED	EXCLUDED_VERIFICATION	-	-	docs/knowledgeos/brainstorming/verification/prompts/20260829_1514_prompt.md	-
1741	EXCLUDED	EXCLUDED_VERIFICATION	-	-	docs/knowledgeos/brainstorming/verification/spec/A4-derivation-register.md	-
1742	EXCLUDED	EXCLUDED_VERIFICATION	-	-	docs/knowledgeos/brainstorming/verification/prompts/20260829_1518_prompt.md	-
1743	EXCLUDED	EXCLUDED_VERIFICATION	-	-	docs/knowledgeos/brainstorming/verification/findings/TV-F-005-008-wave1-p1-findings.md	-
1744	EXCLUDED	EXCLUDED_VERIFICATION	-	-	docs/knowledgeos/brainstorming/verification/reports/WAVE-1-closeout.md	-
1745	EXCLUDED	EXCLUDED_VERIFICATION	-	-	docs/knowledgeos/brainstorming/verification/prompts/20260829_1521_prompt.md	-
1746	EXCLUDED	EXCLUDED_VERIFICATION	-	-	docs/knowledgeos/brainstorming/verification/findings/TV-F-009-012-wave2-missing-middle.md	-
1747	EXCLUDED	EXCLUDED_VERIFICATION	-	-	docs/knowledgeos/brainstorming/verification/reports/CHECKPOINT-A-L-v2-complete.md	-
1748	EXCLUDED	EXCLUDED_VERIFICATION	-	-	docs/knowledgeos/brainstorming/verification/prompts/20260829_1525_prompt.md	-
1749	EXCLUDED	EXCLUDED_VERIFICATION	-	-	docs/knowledgeos/brainstorming/verification/prompts/20260829_1527_prompt.md	-
1750	EXCLUDED	EXCLUDED_VERIFICATION	-	-	docs/knowledgeos/brainstorming/verification/findings/TV-F-013-015-wave3-replay-statistics-taxonomies.md	-
1751	EXCLUDED	EXCLUDED_VERIFICATION	-	-	docs/knowledgeos/brainstorming/verification/findings/TV-F-016-017-wave3-kt-adjudication-snf-audit.md	-
1752	EXCLUDED	EXCLUDED_VERIFICATION	-	-	docs/knowledgeos/brainstorming/verification/findings/TV-F-018-019-wave3-codomain-ladder.md	-
1753	EXCLUDED	EXCLUDED_VERIFICATION	-	-	docs/knowledgeos/brainstorming/verification/reports/CHECKPOINT-WAVE3.md	-
1754	EXCLUDED	EXCLUDED_VERIFICATION	-	-	docs/knowledgeos/brainstorming/verification/prompts/20260829_1549_prompt.md	-
1755	EXCLUDED	EXCLUDED_VERIFICATION	-	-	docs/knowledgeos/brainstorming/verification/spec/A5-proposition-register.md	-
1756	EXCLUDED	EXCLUDED_VERIFICATION	-	-	docs/knowledgeos/brainstorming/verification/spec/A7-computational-register.md	-
1757	EXCLUDED	EXCLUDED_VERIFICATION	-	-	docs/knowledgeos/brainstorming/verification/spec/A8-three-way-matrix.md	-
1758	EXCLUDED	EXCLUDED_VERIFICATION	-	-	docs/knowledgeos/brainstorming/verification/spec/A9-counterexample-register.md	-
1759	EXCLUDED	EXCLUDED_VERIFICATION	-	-	docs/knowledgeos/brainstorming/verification/spec/A10-book-fidelity-register.md	-
1760	EXCLUDED	EXCLUDED_VERIFICATION	-	-	docs/knowledgeos/brainstorming/verification/spec/AM-measurement-register.md	-
1761	EXCLUDED	EXCLUDED_VERIFICATION	-	-	docs/knowledgeos/brainstorming/verification/reports/CHECKPOINT-RECONSTRUCTION-COMPLETE.md	-
1762	EXCLUDED	EXCLUDED_VERIFICATION	-	-	docs/knowledgeos/brainstorming/verification/spec/00-INDEX.md	-
1763	EXCLUDED	EXCLUDED_VERIFICATION	-	-	docs/knowledgeos/brainstorming/verification/prompts/20260829_1556_prompt.md	-
1764	EXCLUDED	EXCLUDED_VERIFICATION	-	-	docs/knowledgeos/brainstorming/verification/prompts/20260829_1600_prompt.md	-
1765	EXCLUDED	EXCLUDED_VERIFICATION	-	-	docs/knowledgeos/brainstorming/verification/plan/00-END-TO-END-VERIFICATION-PLAN.md	-
1766	EXCLUDED	EXCLUDED_VERIFICATION	-	-	docs/knowledgeos/brainstorming/verification/plan/01-ubiquitous-language-verification.md	-
1767	EXCLUDED	EXCLUDED_VERIFICATION	-	-	docs/knowledgeos/brainstorming/verification/plan/02-definition-verification-register.md	-
1768	EXCLUDED	EXCLUDED_VERIFICATION	-	-	docs/knowledgeos/brainstorming/verification/plan/03-derivation-verification-plan.md	-
1769	EXCLUDED	EXCLUDED_VERIFICATION	-	-	docs/knowledgeos/brainstorming/verification/plan/04-computability-verification-plan.md	-
1770	EXCLUDED	EXCLUDED_VERIFICATION	-	-	docs/knowledgeos/brainstorming/verification/plan/05-statistical-verification-plan.md	-
1771	EXCLUDED	EXCLUDED_VERIFICATION	-	-	docs/knowledgeos/brainstorming/verification/plan/06-measurement-verification-plan.md	-
1772	EXCLUDED	EXCLUDED_VERIFICATION	-	-	docs/knowledgeos/brainstorming/verification/plan/07-experimental-evidence-register.md	-
1773	EXCLUDED	EXCLUDED_VERIFICATION	-	-	docs/knowledgeos/brainstorming/verification/plan/08-invariant-satisfiability-plan.md	-
1774	EXCLUDED	EXCLUDED_VERIFICATION	-	-	docs/knowledgeos/brainstorming/verification/prompts/20260829_1606_prompt.md	-
1775	EXCLUDED	EXCLUDED_VERIFICATION	-	-	docs/knowledgeos/brainstorming/verification/plan/09-state-phase-transition-verification.md	-
1776	EXCLUDED	EXCLUDED_VERIFICATION	-	-	docs/knowledgeos/brainstorming/verification/plan/10-ddd-verification-plan.md	-
1777	EXCLUDED	EXCLUDED_VERIFICATION	-	-	docs/knowledgeos/brainstorming/verification/plan/11-theory-to-architecture-traceability.md	-
1778	EXCLUDED	EXCLUDED_VERIFICATION	-	-	docs/knowledgeos/brainstorming/verification/reports/CHECKPOINT-PLAN-COMPLETE.md	-
1779	EXCLUDED	EXCLUDED_VERIFICATION	-	-	docs/knowledgeos/brainstorming/verification/prompts/20260829_1612_prompt.md	-
1780	EXCLUDED	EXCLUDED_VERIFICATION	-	-	docs/knowledgeos/brainstorming/verification/spec/STEP-TRACE-B7-late-steps.md	-
1781	EXCLUDED	EXCLUDED_VERIFICATION	-	-	docs/knowledgeos/brainstorming/verification/spec/STEP-TRACE-B3-20260826-q-series.md	-
1782	EXCLUDED	EXCLUDED_VERIFICATION	-	-	docs/knowledgeos/brainstorming/verification/spec/STEP-TRACE-B1-20260825.md	-
1783	EXCLUDED	EXCLUDED_VERIFICATION	-	-	docs/knowledgeos/brainstorming/verification/spec/STEP-TRACE-B2-20260826-early.md	-
1784	EXCLUDED	EXCLUDED_VERIFICATION	-	-	docs/knowledgeos/brainstorming/verification/spec/STEP-TRACE-B4-20260827.md	-
1785	EXCLUDED	EXCLUDED_VERIFICATION	-	-	docs/knowledgeos/brainstorming/verification/spec/STEP-TRACE-B6-20260828-late.md	-
1786	EXCLUDED	EXCLUDED_VERIFICATION	-	-	docs/knowledgeos/brainstorming/verification/reports/PHASE2-BATCH-REPORT-1.md	-
1787	EXCLUDED	EXCLUDED_VERIFICATION	-	-	docs/knowledgeos/brainstorming/verification/prompts/20260829_1910_prompt.md	-
1788	EXCLUDED	EXCLUDED_VERIFICATION	-	-	docs/knowledgeos/brainstorming/verification/spec/STEP-TRACE-B5-20260828-early.md	-
1789	EXCLUDED	EXCLUDED_VERIFICATION	-	-	docs/knowledgeos/brainstorming/verification/spec/STEP-TRACEABILITY-REGISTER.md	-
1790	EXCLUDED	EXCLUDED_VERIFICATION	-	-	docs/knowledgeos/brainstorming/verification/findings/TV-F-020-021-steps-001-010-source-findings.md	-
1791	EXCLUDED	EXCLUDED_VERIFICATION	-	-	docs/knowledgeos/brainstorming/verification/spec/STEP-VERIFY-001-010.md	-
1792	EXCLUDED	EXCLUDED_VERIFICATION	-	-	docs/knowledgeos/brainstorming/verification/prompts/20260829_1946_prompt.md	-
1793	EXCLUDED	EXCLUDED_VERIFICATION	-	-	docs/knowledgeos/brainstorming/verification/findings/TV-F-022-024-steps-011-025-source-findings.md	-
1794	EXCLUDED	EXCLUDED_VERIFICATION	-	-	docs/knowledgeos/brainstorming/verification/spec/STEP-VERIFY-011-025.md	-
1795	EXCLUDED	EXCLUDED_VERIFICATION	-	-	docs/knowledgeos/brainstorming/verification/prompts/20260829_1956_prompt.md	-
1796	EXCLUDED	EXCLUDED_VERIFICATION	-	-	docs/knowledgeos/brainstorming/verification/DEFINITION-VERIFICATION-REGISTER.md	-
1797	EXCLUDED	EXCLUDED_VERIFICATION	-	-	docs/knowledgeos/brainstorming/verification/spec/STEP-VERIFY-025a-025g.md	-
1798	EXCLUDED	EXCLUDED_VERIFICATION	-	-	docs/knowledgeos/brainstorming/verification/spec/STEP-VERIFY-025h-025z.md	-
1799	EXCLUDED	EXCLUDED_VERIFICATION	-	-	docs/knowledgeos/brainstorming/verification/findings/TV-F-025-028-025-series-findings.md	-
1800	EXCLUDED	EXCLUDED_VERIFICATION	-	-	docs/knowledgeos/brainstorming/verification/200-STEP-VERIFICATION-CHECKPOINT.md	-
1801	EXCLUDED	EXCLUDED_VERIFICATION	-	-	docs/knowledgeos/brainstorming/verification/spec/STEP-VERIFY-056-066.md	-
1802	EXCLUDED	EXCLUDED_VERIFICATION	-	-	docs/knowledgeos/brainstorming/verification/findings/TV-F-029-033-steps-056-066-findings.md	-
1803	EXCLUDED	EXCLUDED_VERIFICATION	-	-	docs/knowledgeos/brainstorming/verification/spec/STEP-VERIFY-041-055.md	-
1804	EXCLUDED	EXCLUDED_VERIFICATION	-	-	docs/knowledgeos/brainstorming/verification/findings/TV-F-034-039-steps-041-055-findings.md	-
1805	EXCLUDED	EXCLUDED_VERIFICATION	-	-	docs/knowledgeos/brainstorming/verification/spec/STEP-VERIFY-026-040.md	-
1806	EXCLUDED	EXCLUDED_VERIFICATION	-	-	docs/knowledgeos/brainstorming/verification/spec/STEP-VERIFY-206-207.md	-
1807	EXCLUDED	EXCLUDED_VERIFICATION	-	-	docs/knowledgeos/brainstorming/verification/prompts/20260830_0115_prompt.md	-
1808	EXCLUDED	EXCLUDED_VERIFICATION	-	-	docs/knowledgeos/brainstorming/verification/spec/STEP-VERIFY-067-082.md	-
1809	EXCLUDED	EXCLUDED_VERIFICATION	-	-	docs/knowledgeos/brainstorming/verification/spec/STEP-VERIFY-083-100.md	-
1810	EXCLUDED	EXCLUDED_VERIFICATION	-	-	docs/knowledgeos/brainstorming/verification/spec/STEP-VERIFY-101-120.md	-
1811	EXCLUDED	EXCLUDED_VERIFICATION	-	-	docs/knowledgeos/brainstorming/verification/findings/TV-F-042-055-steps-067-120-findings.md	-
1812	EXCLUDED	EXCLUDED_VERIFICATION	-	-	docs/knowledgeos/brainstorming/verification/spec/STEP-VERIFY-121-140.md	-
1813	EXCLUDED	EXCLUDED_VERIFICATION	-	-	docs/knowledgeos/brainstorming/verification/prompts/20260830_0139_prompt	-
1814	EXCLUDED	EXCLUDED_VERIFICATION	-	-	docs/knowledgeos/brainstorming/verification/spec/AC-contradiction-register.md	-
1815	EXCLUDED	EXCLUDED_VERIFICATION	-	-	docs/knowledgeos/brainstorming/verification/spec/STEP-VERIFY-141-158.md	-
1816	EXCLUDED	EXCLUDED_VERIFICATION	-	-	docs/knowledgeos/brainstorming/verification/findings/TV-F-056-061-steps-141-158-findings.md	-
1817	EXCLUDED	EXCLUDED_VERIFICATION	-	-	docs/knowledgeos/brainstorming/verification/spec/STEP-VERIFY-186-205.md	-
1818	EXCLUDED	EXCLUDED_VERIFICATION	-	-	docs/knowledgeos/brainstorming/verification/findings/TV-F-062-070-steps-186-205-findings.md	-
1819	EXCLUDED	EXCLUDED_VERIFICATION	-	-	docs/knowledgeos/brainstorming/verification/spec/STEP-VERIFY-159-185.md	-
1820	EXCLUDED	EXCLUDED_VERIFICATION	-	-	docs/knowledgeos/brainstorming/verification/findings/TV-F-071-078-steps-158-185-findings.md	-
1821	EXCLUDED	EXCLUDED_VERIFICATION	-	-	docs/knowledgeos/brainstorming/verification/PHASE-2C-CHECKPOINT-2026-08-30.md	-
1822	EXCLUDED	EXCLUDED_VERIFICATION	-	-	docs/knowledgeos/brainstorming/verification/prompts/20260830_0150_prompt.md	-
1823	EXCLUDED	EXCLUDED_VERIFICATION	-	-	docs/knowledgeos/brainstorming/verification/prompts/20260830_0157_prompt	-
1824	EXCLUDED	EXCLUDED_VERIFICATION	-	-	docs/knowledgeos/brainstorming/verification/CORPUS-INVENTORY-001-218.md	-
1825	EXCLUDED	EXCLUDED_VERIFICATION	-	-	docs/knowledgeos/brainstorming/verification/JOINT-SATISFIABILITY-REPORT.md	-
1826	EXCLUDED	EXCLUDED_VERIFICATION	-	-	docs/knowledgeos/brainstorming/verification/00-VERIFY-SESSION-CHARTER.md	-
1827	EXCLUDED	EXCLUDED_VERIFICATION	-	-	docs/knowledgeos/brainstorming/verification/spec/STEP-VERIFY-208-215.md	-
1828	EXCLUDED	EXCLUDED_VERIFICATION	-	-	docs/knowledgeos/brainstorming/verification/spec/THRESHOLD-AUDIT-subdirs-and-loose-files.md	-
1829	EXCLUDED	EXCLUDED_VERIFICATION	-	-	docs/knowledgeos/brainstorming/verification/findings/TV-F-079-088-steps-208-215-findings.md	-
1830	EXCLUDED	EXCLUDED_VERIFICATION	-	-	docs/knowledgeos/brainstorming/verification/prompts/20260830_0914_prompt.md	-
1831	EXCLUDED	EXCLUDED_VERIFICATION	-	-	docs/knowledgeos/brainstorming/verification/spec/STEP-VERIFY-216-219.md	-
1832	EXCLUDED	EXCLUDED_VERIFICATION	-	-	docs/knowledgeos/brainstorming/verification/JOINT-SATISFIABILITY-REPORT-v2-ADJUDICATED.md	-
1833	EXCLUDED	EXCLUDED_VERIFICATION	-	-	docs/knowledgeos/brainstorming/verification/spec/STEP-VERIFY-219-220-AND-CORRECTION.md	-
1834	EXCLUDED	EXCLUDED_VERIFICATION	-	-	docs/knowledgeos/brainstorming/verification/spec/STEP-VERIFY-221-222.md	-
1835	EXCLUDED	EXCLUDED_VERIFICATION	-	-	docs/knowledgeos/brainstorming/verification/spec/STEP-TO-THEORY-TRACEABILITY.md	-
1836	EXCLUDED	EXCLUDED_VERIFICATION	-	-	docs/knowledgeos/brainstorming/verification/prompts/20260830_935_prompts.md	-
1837	EXCLUDED	EXCLUDED_VERIFICATION	-	-	docs/knowledgeos/brainstorming/verification/EXECUTED-TEST-222-repairs.md	-
1838	EXCLUDED	EXCLUDED_VERIFICATION	-	-	docs/knowledgeos/brainstorming/verification/prompts/20260830_0952_prompt.md	-
1839	EXCLUDED	EXCLUDED_VERIFICATION	-	-	docs/knowledgeos/brainstorming/verification/KERNEL-AUDIT-230-232.md	-
1840	EXCLUDED	EXCLUDED_VERIFICATION	-	-	docs/knowledgeos/brainstorming/verification/KNOWLEDGE-STATE-MODEL-AUDIT-231.md	-
1841	EXCLUDED	EXCLUDED_VERIFICATION	-	-	docs/knowledgeos/brainstorming/verification/CORPUS-INVENTORY-CURRENT.md	-
1842	EXCLUDED	EXCLUDED_VERIFICATION	-	-	docs/knowledgeos/brainstorming/verification/SUPERVISORY-CHECKPOINT-221-233.md	-
1843	EXCLUDED	EXCLUDED_VERIFICATION	-	-	docs/knowledgeos/brainstorming/verification/prompts/20260830_1005_prompts.md	-
1844	EXCLUDED	EXCLUDED_VERIFICATION	-	-	docs/knowledgeos/brainstorming/verification/STATE-TRANSITION-ALGEBRA-AUDIT-232.md	-
1845	EXCLUDED	EXCLUDED_VERIFICATION	-	-	docs/knowledgeos/brainstorming/verification/prompts/20260830_1012_prompts.md	-
1846	EXCLUDED	EXCLUDED_VERIFICATION	-	-	docs/knowledgeos/brainstorming/verification/PHASE-LEDGER-001-182.md	-
1847	EXCLUDED	EXCLUDED_VERIFICATION	-	-	docs/knowledgeos/brainstorming/verification/prompts/20260830_1021_prompts.md	-
1848	EXCLUDED	EXCLUDED_VERIFICATION	-	-	docs/knowledgeos/brainstorming/verification/KERNEL-RECONCILIATION-230-236.md	-
1849	EXCLUDED	EXCLUDED_VERIFICATION	-	-	docs/knowledgeos/brainstorming/verification/RECONCILIATION-GATE-VERDICT.md	-
1850	EXCLUDED	EXCLUDED_VERIFICATION	-	-	docs/knowledgeos/brainstorming/verification/FEEDBACK-LOOP-ADDENDUM-236-240.md	-
1851	EXCLUDED	EXCLUDED_VERIFICATION	-	-	docs/knowledgeos/brainstorming/verification/prompts/20260830_1037_prompts.md	-
1852	EXCLUDED	EXCLUDED_VERIFICATION	-	-	docs/knowledgeos/brainstorming/verification/THEORY-GAP-MAP-001.md	-
1853	EXCLUDED	EXCLUDED_VERIFICATION	-	-	docs/knowledgeos/brainstorming/verification/prompts/20260830_1042_prompts.md	-
1854	EXCLUDED	EXCLUDED_VERIFICATION	-	-	docs/knowledgeos/brainstorming/verification/EMPIRICAL-KERNEL-TEST.md	-
1855	EXCLUDED	EXCLUDED_VERIFICATION	-	-	docs/knowledgeos/brainstorming/verification/prompts/20260830_1055_prompts.md	-
1856	EXCLUDED	EXCLUDED_VERIFICATION	-	-	docs/knowledgeos/brainstorming/verification/BLOCKER-ANALYSIS-AND-EXECUTABLE-KERNEL.md	-
1857	EXCLUDED	EXCLUDED_VERIFICATION	-	-	docs/knowledgeos/brainstorming/verification/prompts/20260830_1058.promts.md	-
1858	EXCLUDED	EXCLUDED_VERIFICATION	-	-	docs/knowledgeos/brainstorming/verification/IDENTITY-ROUNDTRIP-AUDIT.md	-
1859	EXCLUDED	EXCLUDED_VERIFICATION	-	-	docs/knowledgeos/brainstorming/verification/prompts/20260830_1110_prompts.md	-
1860	EXCLUDED	EXCLUDED_VERIFICATION	-	-	docs/knowledgeos/brainstorming/verification/FORMAL-SYSTEM-RECONSTRUCTION-AUDIT-245-NEW.md	-
1861	EXCLUDED	EXCLUDED_VERIFICATION	-	-	docs/knowledgeos/brainstorming/verification/prompts/20260830_1112_promtps.md	-
1862	EXCLUDED	EXCLUDED_VERIFICATION	-	-	docs/knowledgeos/brainstorming/verification/KNOWLEDGEOS-THEORY-DISCOVERY-REPORT.md	-
1863	EXCLUDED	EXCLUDED_VERIFICATION	-	-	docs/knowledgeos/brainstorming/verification/DECISION-SIGMA-EPISTEMIC-STATUS.md	-
1864	EXCLUDED	EXCLUDED_VERIFICATION	-	-	docs/knowledgeos/brainstorming/verification/SELF-AUDIT-PROMPT-GAP-REGISTER.md	-
1865	EXCLUDED	EXCLUDED_VERIFICATION	-	-	docs/knowledgeos/brainstorming/verification/prompts/20260830_1828_prompts.md	-
1866	EXCLUDED	EXCLUDED_VERIFICATION	-	-	docs/knowledgeos/brainstorming/verification/KNOWLEDGE-STATE-REQUIREMENTS-AND-DERIVATION.md	-
1867	EXCLUDED	EXCLUDED_VERIFICATION	-	-	docs/knowledgeos/brainstorming/verification/KNOWLEDGEOS-THEORY-CLOSURE-REPORT.md	-
1868	EXCLUDED	EXCLUDED_VERIFICATION	-	-	docs/knowledgeos/brainstorming/verification/prompts/20260830_1852_prompts.md	-
1869	EXCLUDED	EXCLUDED_VERIFICATION	-	-	docs/knowledgeos/brainstorming/verification/P-RECONSTRUCTION-AND-DERIVATION.md	-
1870	EXCLUDED	EXCLUDED_VERIFICATION	-	-	docs/knowledgeos/brainstorming/verification/SIGMA-ADVERSARIAL-AUDIT.md	-
1871	EXCLUDED	EXCLUDED_VERIFICATION	-	-	docs/knowledgeos/brainstorming/verification/RELATION-ALGEBRA.md	-
1872	EXCLUDED	EXCLUDED_VERIFICATION	-	-	docs/knowledgeos/brainstorming/verification/KNOWLEDGE-STATE-ALGEBRA.md	-
1873	EXCLUDED	EXCLUDED_VERIFICATION	-	-	docs/knowledgeos/brainstorming/verification/TRANSFORMATION-THEORY.md	-
1874	EXCLUDED	EXCLUDED_VERIFICATION	-	-	docs/knowledgeos/brainstorming/verification/UL-CANONICAL-GLOSSARY.md	-
1875	EXCLUDED	EXCLUDED_VERIFICATION	-	-	docs/knowledgeos/brainstorming/verification/COMPUTABILITY-MATRIX.md	-
1876	EXCLUDED	EXCLUDED_VERIFICATION	-	-	docs/knowledgeos/brainstorming/verification/CLAUDE-CHATGPT-RECONCILIATION.md	-
1877	EXCLUDED	EXCLUDED_VERIFICATION	-	-	docs/knowledgeos/brainstorming/verification/THEORY-COMPLETION-GAP-REGISTER.md	-
1878	EXCLUDED	EXCLUDED_VERIFICATION	-	-	docs/knowledgeos/brainstorming/verification/prompts/20260830_1918_prompts.md	-
1879	EXCLUDED	EXCLUDED_VERIFICATION	-	-	docs/knowledgeos/brainstorming/verification/CANONICAL-THEORY-TRIANGULATION.md	-
1880	EXCLUDED	EXCLUDED_VERIFICATION	-	-	docs/knowledgeos/brainstorming/verification/ASSURANCE-RECONSTRUCTION-MATRIX.md	-
1881	EXCLUDED	EXCLUDED_VERIFICATION	-	-	docs/knowledgeos/brainstorming/verification/PROPOSITION-RECONSTRUCTION-AUDIT.md	-
1882	EXCLUDED	EXCLUDED_VERIFICATION	-	-	docs/knowledgeos/brainstorming/verification/KNOWLEDGE-STATE-CANONICAL-MODEL.md	-
1883	EXCLUDED	EXCLUDED_VERIFICATION	-	-	docs/knowledgeos/brainstorming/verification/TRANSFORMATION-CANONICAL-MODEL.md	-
1884	EXCLUDED	EXCLUDED_VERIFICATION	-	-	docs/knowledgeos/brainstorming/verification/STATE-HISTORY-SUFFICIENCY-RESULT.md	-
1885	EXCLUDED	EXCLUDED_VERIFICATION	-	-	docs/knowledgeos/brainstorming/verification/THEORY-TO-EKP-CONFORMANCE-MATRIX.md	-
1886	EXCLUDED	EXCLUDED_VERIFICATION	-	-	docs/knowledgeos/brainstorming/verification/END-TO-END-KNOWLEDGE-STATE-EXECUTION.md	-
1887	EXCLUDED	EXCLUDED_VERIFICATION	-	-	docs/knowledgeos/brainstorming/verification/FINAL-THEORY-GAP-REGISTER.md	-
1888	EXCLUDED	EXCLUDED_VERIFICATION	-	-	docs/knowledgeos/brainstorming/verification/CANONICAL-UBIQUITOUS-LANGUAGE.md	-
1889	EXCLUDED	EXCLUDED_VERIFICATION	-	-	docs/knowledgeos/brainstorming/verification/POLICY-LINEAGE-AND-ARCHAEOLOGY.md	-
1890	EXCLUDED	EXCLUDED_VERIFICATION	-	-	docs/knowledgeos/brainstorming/verification/POLICY-TYPE-RECONSTRUCTION.md	-
1891	EXCLUDED	EXCLUDED_VERIFICATION	-	-	docs/knowledgeos/brainstorming/verification/POLICY-COUNTEREXAMPLES.md	-
1892	EXCLUDED	EXCLUDED_VERIFICATION	-	-	docs/knowledgeos/brainstorming/verification/POLICY-EXECUTION-EXPERIMENT.md	-
1893	EXCLUDED	EXCLUDED_VERIFICATION	-	-	docs/knowledgeos/brainstorming/verification/POLICY-EQUALITY-AND-COMPOSITION.md	-
1894	EXCLUDED	EXCLUDED_VERIFICATION	-	-	docs/knowledgeos/brainstorming/verification/POLICY-EKP-CONFORMANCE.md	-
1895	EXCLUDED	EXCLUDED_VERIFICATION	-	-	docs/knowledgeos/brainstorming/verification/SIGMA-RECONSTRUCTION-AFTER-POLICY.md	-
1896	EXCLUDED	EXCLUDED_VERIFICATION	-	-	docs/knowledgeos/brainstorming/verification/FOUNDATIONAL-DEPENDENCY-CLOSURE.md	-
1897	EXCLUDED	EXCLUDED_VERIFICATION	-	-	docs/knowledgeos/brainstorming/verification/NEXT-FOUNDATIONAL-GAP-AUDIT.md	-
1898	EXCLUDED	EXCLUDED_VERIFICATION	-	-	docs/knowledgeos/brainstorming/verification/END-TO-END-CANONICAL-THEORY-TEST.md	-
1899	EXCLUDED	EXCLUDED_VERIFICATION	-	-	docs/knowledgeos/brainstorming/verification/prompts/20260830_1931_prompts.md	-
1900	EXCLUDED	EXCLUDED_VERIFICATION	-	-	docs/knowledgeos/brainstorming/verification/prompts/20260830_1953_prompts.md	-
1901	EXCLUDED	EXCLUDED_VERIFICATION	-	-	docs/knowledgeos/brainstorming/verification/CANONICAL-THEORY-BASELINE.md	-
1902	EXCLUDED	EXCLUDED_VERIFICATION	-	-	docs/knowledgeos/brainstorming/verification/THEORY-OBJECT-DEPENDENCY-GRAPH.md	-
1903	EXCLUDED	EXCLUDED_VERIFICATION	-	-	docs/knowledgeos/brainstorming/verification/CANONICAL-KNOWLEDGEOS-THEORY.md	-
1904	EXCLUDED	EXCLUDED_VERIFICATION	-	-	docs/knowledgeos/brainstorming/verification/THEORY-CLOSURE-AUDIT.md	-
1905	EXCLUDED	EXCLUDED_VERIFICATION	-	-	docs/knowledgeos/brainstorming/verification/gap-discovery/01-THEORY-EVOLUTION-MAP.md	-
1906	EXCLUDED	EXCLUDED_VERIFICATION	-	-	docs/knowledgeos/brainstorming/verification/gap-discovery/exec/kos_kernel.py	-
1907	EXCLUDED	EXCLUDED_VERIFICATION	-	-	docs/knowledgeos/brainstorming/verification/gap-discovery/exec/__pycache__/kos_kernel.cpython-313.pyc	-
1908	EXCLUDED	EXCLUDED_VERIFICATION	-	-	docs/knowledgeos/brainstorming/verification/gap-discovery/exec/exp_congruence.py	-
1909	EXCLUDED	EXCLUDED_VERIFICATION	-	-	docs/knowledgeos/brainstorming/verification/gap-discovery/exec/exp_measurement.py	-
1910	EXCLUDED	EXCLUDED_VERIFICATION	-	-	docs/knowledgeos/brainstorming/verification/gap-discovery/exec/exp_identity.py	-
1911	EXCLUDED	EXCLUDED_VERIFICATION	-	-	docs/knowledgeos/brainstorming/verification/gap-discovery/exec/yaml_lite.py	-
1912	EXCLUDED	EXCLUDED_VERIFICATION	-	-	docs/knowledgeos/brainstorming/verification/INDEPENDENT-CLOSURE-REVERIFICATION.md	-
1913	EXCLUDED	EXCLUDED_VERIFICATION	-	-	docs/knowledgeos/brainstorming/verification/gap-discovery/exec/__pycache__/yaml_lite.cpython-313.pyc	-
1914	EXCLUDED	EXCLUDED_VERIFICATION	-	-	docs/knowledgeos/brainstorming/verification/UNCERTAINTY-NONIDENTIFIABILITY-MISSINGNESS.md	-
1915	EXCLUDED	EXCLUDED_VERIFICATION	-	-	docs/knowledgeos/brainstorming/verification/gap-discovery/exec/exp_ekp_bridge.py	-
1916	EXCLUDED	EXCLUDED_VERIFICATION	-	-	docs/knowledgeos/brainstorming/verification/KNOWLEDGE-STATE-FINAL-AUDIT.md	-
1917	EXCLUDED	EXCLUDED_VERIFICATION	-	-	docs/knowledgeos/brainstorming/verification/gap-discovery/02-INDEPENDENT-THEORY-RECONSTRUCTION.md	-
1918	EXCLUDED	EXCLUDED_VERIFICATION	-	-	docs/knowledgeos/brainstorming/verification/THEORY-CONSTRUCTION-TEST.md	-
1919	EXCLUDED	EXCLUDED_VERIFICATION	-	-	docs/knowledgeos/brainstorming/verification/gap-discovery/exec/exp_ontology.py	-
1920	EXCLUDED	EXCLUDED_VERIFICATION	-	-	docs/knowledgeos/brainstorming/verification/DDD-UBIQUITOUS-LANGUAGE-AUDIT.md	-
1921	EXCLUDED	EXCLUDED_VERIFICATION	-	-	docs/knowledgeos/brainstorming/verification/MATHEMATICAL-COMPLETENESS-AUDIT.md	-
1922	EXCLUDED	EXCLUDED_VERIFICATION	-	-	docs/knowledgeos/brainstorming/verification/gap-discovery/03-FOUNDATIONAL-ONTOLOGY.md	-
1923	EXCLUDED	EXCLUDED_VERIFICATION	-	-	docs/knowledgeos/brainstorming/verification/THEORY-GAP-REGISTER.md	-
1924	EXCLUDED	EXCLUDED_VERIFICATION	-	-	docs/knowledgeos/brainstorming/verification/gap-discovery/04-K-GAP-ANALYSIS.md	-
1925	EXCLUDED	EXCLUDED_VERIFICATION	-	-	docs/knowledgeos/brainstorming/verification/THEORY-STATUS-VERDICT.md	-
1926	EXCLUDED	EXCLUDED_VERIFICATION	-	-	docs/knowledgeos/brainstorming/verification/witnesses/reverify_construct.py	-
1927	EXCLUDED	EXCLUDED_VERIFICATION	-	-	docs/knowledgeos/brainstorming/verification/witnesses/reverify_kaudit.py	-
1928	EXCLUDED	EXCLUDED_VERIFICATION	-	-	docs/knowledgeos/brainstorming/verification/witnesses/reverify_construct_output.txt	-
1929	EXCLUDED	EXCLUDED_VERIFICATION	-	-	docs/knowledgeos/brainstorming/verification/witnesses/reverify_kaudit_output.txt	-
1930	EXCLUDED	EXCLUDED_VERIFICATION	-	-	docs/knowledgeos/brainstorming/verification/gap-discovery/exec/exp_assertion.py	-
1931	EXCLUDED	OUT_OF_SCOPE_ROOT	-	-	docs/knowledgeos/reviews/synthesis/analysis/part-2-acceptance-review.md	-
1932	EXCLUDED	EXCLUDED_VERIFICATION	-	-	docs/knowledgeos/brainstorming/verification/gap-discovery/05-ASSERTION-SEMANTICS.md	-
1933	EXCLUDED	EXCLUDED_VERIFICATION	-	-	docs/knowledgeos/brainstorming/verification/gap-discovery/exec/exp_sigma.py	-
1934	EXCLUDED	EXCLUDED_VERIFICATION	-	-	docs/knowledgeos/brainstorming/verification/gap-discovery/06-SIGMA-GAP-ANALYSIS.md	-
1935	EXCLUDED	EXCLUDED_VERIFICATION	-	-	docs/knowledgeos/brainstorming/verification/gap-discovery/07-MEASUREMENT-THEORY-GAP.md	-
1936	EXCLUDED	EXCLUDED_VERIFICATION	-	-	docs/knowledgeos/brainstorming/verification/gap-discovery/08-EVIDENCE-GAP.md	-
1937	EXCLUDED	EXCLUDED_VERIFICATION	-	-	docs/knowledgeos/brainstorming/verification/gap-discovery/09-TRANSFORMATION-GAP.md	-
1938	EXCLUDED	EXCLUDED_VERIFICATION	-	-	docs/knowledgeos/brainstorming/verification/gap-discovery/10-GOVERNANCE-REFLEXIVITY-GAP.md	-
1939	EXCLUDED	EXCLUDED_VERIFICATION	-	-	docs/knowledgeos/brainstorming/verification/gap-discovery/exec/exp_provenance.py	-
1940	EXCLUDED	EXCLUDED_VERIFICATION	-	-	docs/knowledgeos/brainstorming/verification/gap-discovery/11-PROVENANCE-LINEAGE-HISTORY.md	-
1941	EXCLUDED	EXCLUDED_VERIFICATION	-	-	docs/knowledgeos/brainstorming/verification/gap-discovery/12-IDENTITY-EQUALITY-GAP.md	-
1942	EXCLUDED	EXCLUDED_VERIFICATION	-	-	docs/knowledgeos/brainstorming/verification/gap-discovery/13-IMPLEMENTATION-REALITY-CHECK.md	-
1943	EXCLUDED	EXCLUDED_VERIFICATION	-	-	docs/knowledgeos/brainstorming/verification/gap-discovery/14-FALSIFICATION-RESULTS.md	-
1944	EXCLUDED	OUT_OF_SCOPE_ROOT	-	-	docs/knowledgeos/reviews/synthesis/book-edition-2/part-2-reconstruction/02-02-grades-and-the-final-rule/chapter.md	-
1945	EXCLUDED	OUT_OF_SCOPE_ROOT	-	-	docs/knowledgeos/reviews/synthesis/book-edition-2/part-2-reconstruction/02-03-falsification-under-authority/chapter.md	-
1946	EXCLUDED	OUT_OF_SCOPE_ROOT	-	-	docs/knowledgeos/reviews/synthesis/book-edition-2/part-2-reconstruction/02-01-archaeology-before-architecture/claims.md	-
1947	EXCLUDED	OUT_OF_SCOPE_ROOT	-	-	docs/knowledgeos/reviews/synthesis/book-edition-2/part-2-reconstruction/02-02-grades-and-the-final-rule/claims.md	-
1948	EXCLUDED	OUT_OF_SCOPE_ROOT	-	-	docs/knowledgeos/reviews/synthesis/book-edition-2/part-2-reconstruction/02-03-falsification-under-authority/claims.md	-
1949	EXCLUDED	EXCLUDED_VERIFICATION	-	-	docs/knowledgeos/brainstorming/verification/gap-discovery/15-UBIQUITOUS-LANGUAGE-GAP.md	-
1950	EXCLUDED	EXCLUDED_VERIFICATION	-	-	docs/knowledgeos/brainstorming/verification/gap-discovery/16-MASTER-GAP-REGISTER.md	-
1951	EXCLUDED	OUT_OF_SCOPE_ROOT	-	-	docs/knowledgeos/reviews/synthesis/analysis/part-2-acceptance-closure.md	-
1952	EXCLUDED	EXCLUDED_VERIFICATION	-	-	docs/knowledgeos/brainstorming/verification/gap-discovery/17-INDEPENDENT-GAP-DISCOVERY-VERDICT.md	-
1953	EXCLUDED	EXCLUDED_VERIFICATION	-	-	docs/knowledgeos/brainstorming/verification/gap-discovery/exec/OUT-assertion.txt	-
1954	EXCLUDED	EXCLUDED_VERIFICATION	-	-	docs/knowledgeos/brainstorming/verification/gap-discovery/exec/OUT-congruence.txt	-
1955	EXCLUDED	EXCLUDED_VERIFICATION	-	-	docs/knowledgeos/brainstorming/verification/gap-discovery/exec/OUT-ekp-bridge.txt	-
1956	EXCLUDED	EXCLUDED_VERIFICATION	-	-	docs/knowledgeos/brainstorming/verification/gap-discovery/exec/OUT-identity.txt	-
1957	EXCLUDED	EXCLUDED_VERIFICATION	-	-	docs/knowledgeos/brainstorming/verification/gap-discovery/exec/OUT-measurement.txt	-
1958	EXCLUDED	EXCLUDED_VERIFICATION	-	-	docs/knowledgeos/brainstorming/verification/gap-discovery/exec/OUT-ontology.txt	-
1959	EXCLUDED	EXCLUDED_VERIFICATION	-	-	docs/knowledgeos/brainstorming/verification/gap-discovery/exec/OUT-provenance.txt	-
1960	EXCLUDED	EXCLUDED_VERIFICATION	-	-	docs/knowledgeos/brainstorming/verification/gap-discovery/exec/OUT-sigma.txt	-
1961	EXCLUDED	EXCLUDED_VERIFICATION	-	-	docs/knowledgeos/brainstorming/verification/independent/00-INDEPENDENT-MANDATE.md	-
1962	EXCLUDED	EXCLUDED_VERIFICATION	-	-	docs/knowledgeos/brainstorming/verification/independent/01-CORPUS-INVENTORY.md	-
1963	EXCLUDED	EXCLUDED_VERIFICATION	-	-	docs/knowledgeos/brainstorming/verification/gap-discovery/exec/README.md	-
1964	EXCLUDED	EXCLUDED_VERIFICATION	-	-	docs/knowledgeos/brainstorming/verification/independent/02-THEORY-RECONSTRUCTION.md	-
1965	EXCLUDED	EXCLUDED_VERIFICATION	-	-	docs/knowledgeos/brainstorming/verification/independent/03-DEPENDENCY-GRAPH.md	-
1966	EXCLUDED	EXCLUDED_VERIFICATION	-	-	docs/knowledgeos/brainstorming/verification/independent/04-PRIMITIVE-CLOSURE-AUDIT.md	-
1967	EXCLUDED	EXCLUDED_VERIFICATION	-	-	docs/knowledgeos/brainstorming/verification/independent/05-K-ATTACK.md	-
1968	EXCLUDED	EXCLUDED_VERIFICATION	-	-	docs/knowledgeos/brainstorming/verification/independent/06-ASSERTION-ATTACK.md	-
1969	EXCLUDED	EXCLUDED_VERIFICATION	-	-	docs/knowledgeos/brainstorming/verification/independent/07-SIGMA-GAMMA-ATTACK.md	-
1970	EXCLUDED	EXCLUDED_VERIFICATION	-	-	docs/knowledgeos/brainstorming/verification/independent/08-POLICY-ATTACK.md	-
1971	EXCLUDED	EXCLUDED_VERIFICATION	-	-	docs/knowledgeos/brainstorming/verification/independent/09-PROVENANCE-LINEAGE-ATTACK.md	-
1972	EXCLUDED	EXCLUDED_VERIFICATION	-	-	docs/knowledgeos/brainstorming/verification/independent/10-MISSINGNESS-UNCERTAINTY.md	-
1973	EXCLUDED	EXCLUDED_VERIFICATION	-	-	docs/knowledgeos/brainstorming/verification/independent/11-CONTRADICTION-REGISTRY.md	-
1974	EXCLUDED	EXCLUDED_VERIFICATION	-	-	docs/knowledgeos/brainstorming/verification/independent/12-EXECUTION-RESULTS.md	-
1975	EXCLUDED	EXCLUDED_VERIFICATION	-	-	docs/knowledgeos/brainstorming/verification/independent/13-GAP-MATRIX.md	-
1976	EXCLUDED	EXCLUDED_VERIFICATION	-	-	docs/knowledgeos/brainstorming/verification/independent/14-INDEPENDENT-VERDICT.md	-
1977	EXCLUDED	OUT_OF_SCOPE_ROOT	-	-	docs/knowledgeos/reviews/synthesis/analysis/BOOK-READINESS-AUDIT.md	-
1978	EXCLUDED	EXCLUDED_VERIFICATION	-	-	docs/knowledgeos/brainstorming/verification/independent/witnesses/attack.py	-
1979	EXCLUDED	EXCLUDED_VERIFICATION	-	-	docs/knowledgeos/brainstorming/verification/independent/witnesses/ledger.py	-
1980	EXCLUDED	EXCLUDED_VERIFICATION	-	-	docs/knowledgeos/brainstorming/verification/independent/witnesses/attack_output.txt	-
1981	EXCLUDED	OUT_OF_SCOPE_ROOT	-	-	docs/knowledgeos/reviews/synthesis/analysis/THEORY-TO-BOOK-SYNCHRONIZATION-GATE.md	-
1982	EXCLUDED	OUT_OF_SCOPE_ROOT	-	-	docs/knowledgeos/reviews/synthesis/analysis/BOOK-THEORY-IMPACT-MATRIX.md	-
1983	EXCLUDED	EXCLUDED_VERIFICATION	-	-	docs/knowledgeos/brainstorming/verification/gap-discovery/second-order/exec/so_model.py	-
1984	EXCLUDED	EXCLUDED_VERIFICATION	-	-	docs/knowledgeos/brainstorming/verification/gap-discovery/second-order/exec/__pycache__/so_model.cpython-313.pyc	-
1985	EXCLUDED	EXCLUDED_VERIFICATION	-	-	docs/knowledgeos/brainstorming/verification/gap-discovery/second-order/exec/so_exp01_congruence_matrix.py	-
1986	EXCLUDED	EXCLUDED_VERIFICATION	-	-	docs/knowledgeos/brainstorming/verification/gap-discovery/second-order/exec/so_exp02_invariant_expressibility.py	-
1987	EXCLUDED	EXCLUDED_VERIFICATION	-	-	docs/knowledgeos/brainstorming/verification/gap-discovery/second-order/exec/so_exp03_adversarial_operations.py	-
1988	EXCLUDED	EXCLUDED_VERIFICATION	-	-	docs/knowledgeos/brainstorming/verification/gap-discovery/second-order/exec/__pycache__/so_exp01_congruence_matrix.cpython-313.pyc	-
1989	EXCLUDED	EXCLUDED_VERIFICATION	-	-	docs/knowledgeos/brainstorming/verification/gap-discovery/second-order/exec/so_exp04_mandated_invariants.py	-
1990	EXCLUDED	EXCLUDED_VERIFICATION	-	-	docs/knowledgeos/brainstorming/verification/gap-discovery/second-order/exec/so_exp05_sigma_from_272.py	-
1991	EXCLUDED	EXCLUDED_VERIFICATION	-	-	docs/knowledgeos/brainstorming/verification/gap-discovery/second-order/01-OPERATION-UNIVERSE-ANALYSIS.md	-
1992	EXCLUDED	EXCLUDED_VERIFICATION	-	-	docs/knowledgeos/brainstorming/verification/gap-discovery/second-order/02-AUTHORITY-BOUNDARY-ANALYSIS.md	-
1993	EXCLUDED	EXCLUDED_VERIFICATION	-	-	docs/knowledgeos/brainstorming/verification/gap-discovery/second-order/03-DETERMINATION-SCOPE-ANALYSIS.md	-
1994	EXCLUDED	EXCLUDED_VERIFICATION	-	-	docs/knowledgeos/brainstorming/verification/gap-discovery/second-order/04-GAP-RECLASSIFICATION.md	-
1995	EXCLUDED	EXCLUDED_VERIFICATION	-	-	docs/knowledgeos/brainstorming/verification/gap-discovery/second-order/exec/so_exp06_closure.py	-
1996	EXCLUDED	EXCLUDED_VERIFICATION	-	-	docs/knowledgeos/brainstorming/verification/gap-discovery/second-order/05-CANONICAL-DEPENDENCY-CLOSURE.md	-
1997	EXCLUDED	EXCLUDED_VERIFICATION	-	-	docs/knowledgeos/brainstorming/verification/gap-discovery/second-order/06-NORMATIVE-DECISION-REGISTER.md	-
1998	EXCLUDED	EXCLUDED_VERIFICATION	-	-	docs/knowledgeos/brainstorming/verification/gap-discovery/second-order/07-SECOND-ORDER-VERDICT.md	-
1999	EXCLUDED	EXCLUDED_VERIFICATION	-	-	docs/knowledgeos/brainstorming/verification/gap-discovery/second-order/exec/README.md	-
2000	EXCLUDED	EXCLUDED_VERIFICATION	-	-	docs/knowledgeos/brainstorming/verification/gap-discovery/second-order/exec/OUT-01_congruence_matrix.txt	-
2001	EXCLUDED	EXCLUDED_VERIFICATION	-	-	docs/knowledgeos/brainstorming/verification/gap-discovery/second-order/exec/OUT-02_invariant_expressibility.txt	-
2002	EXCLUDED	EXCLUDED_VERIFICATION	-	-	docs/knowledgeos/brainstorming/verification/gap-discovery/second-order/exec/OUT-03_adversarial_operations.txt	-
2003	EXCLUDED	EXCLUDED_VERIFICATION	-	-	docs/knowledgeos/brainstorming/verification/gap-discovery/second-order/exec/OUT-04_mandated_invariants.txt	-
2004	EXCLUDED	EXCLUDED_VERIFICATION	-	-	docs/knowledgeos/brainstorming/verification/gap-discovery/second-order/exec/OUT-05_sigma_from_272.txt	-
2005	EXCLUDED	EXCLUDED_VERIFICATION	-	-	docs/knowledgeos/brainstorming/verification/gap-discovery/second-order/exec/OUT-06_closure.txt	-
2006	EXCLUDED	EXCLUDED_VERIFICATION	-	-	docs/knowledgeos/brainstorming/verification/gap-discovery/second-order/00-ERRATA-TO-FIRST-ORDER.md	-
2007	EXCLUDED	EXCLUDED_VERIFICATION	-	-	docs/knowledgeos/brainstorming/verification/canonical-construction/exec/oderive.py	-
2008	EXCLUDED	EXCLUDED_VERIFICATION	-	-	docs/knowledgeos/brainstorming/verification/canonical-construction/exec/bandtest.py	-
2009	EXCLUDED	EXCLUDED_VERIFICATION	-	-	docs/knowledgeos/brainstorming/verification/canonical-construction/exec/OUT-oderive.txt	-
2010	EXCLUDED	EXCLUDED_VERIFICATION	-	-	docs/knowledgeos/brainstorming/verification/canonical-construction/exec/OUT-bandtest.txt	-
2011	EXCLUDED	EXCLUDED_VERIFICATION	-	-	docs/knowledgeos/brainstorming/verification/canonical-construction/00-CONSTRUCTION-SCOPE.md	-
2012	EXCLUDED	EXCLUDED_VERIFICATION	-	-	docs/knowledgeos/brainstorming/verification/canonical-construction/02-OPERATION-UNIVERSE.md	-
2013	EXCLUDED	EXCLUDED_VERIFICATION	-	-	docs/knowledgeos/brainstorming/verification/canonical-construction/03-CANONICAL-K.md	-
2014	EXCLUDED	EXCLUDED_VERIFICATION	-	-	docs/knowledgeos/brainstorming/verification/canonical-construction/01-GAP-RECLASSIFICATION.md	-
2015	EXCLUDED	EXCLUDED_VERIFICATION	-	-	docs/knowledgeos/brainstorming/verification/canonical-construction/19-HUMAN-DECISION-REGISTER.md	-
2016	EXCLUDED	EXCLUDED_VERIFICATION	-	-	docs/knowledgeos/brainstorming/verification/canonical-construction/BLOCKED-MANIFEST.md	-
2017	EXCLUDED	EXCLUDED_VERIFICATION	-	-	docs/knowledgeos/brainstorming/verification/canonical-construction/21-THEORY-STATUS-VERDICT.md	-
2018	EXCLUDED	EXCLUDED_VERIFICATION	-	-	docs/knowledgeos/brainstorming/verification/gap-discovery/step-272/exec/premise_audit.py	-
2019	EXCLUDED	EXCLUDED_VERIFICATION	-	-	docs/knowledgeos/brainstorming/verification/gap-discovery/step-272/04-ARCHITECT-ASSESSMENT-OF-THE-MANDATE.md	-
2020	EXCLUDED	EXCLUDED_VERIFICATION	-	-	docs/knowledgeos/brainstorming/verification/gap-discovery/step-272/01-STEP-272-PREMISE-AUDIT.md	-
2021	EXCLUDED	EXCLUDED_VERIFICATION	-	-	docs/knowledgeos/brainstorming/verification/gap-discovery/step-272/02-GAP-FULFILMENT-UPDATE.md	-
2022	EXCLUDED	EXCLUDED_VERIFICATION	-	-	docs/knowledgeos/brainstorming/verification/gap-discovery/step-272/03-DECISION-BRIEF.md	-
2023	EXCLUDED	EXCLUDED_VERIFICATION	-	-	docs/knowledgeos/brainstorming/verification/gap-discovery/second-order/REVIEWER-DOSSIER.md	-
2024	EXCLUDED	EXCLUDED_VERIFICATION	-	-	docs/knowledgeos/brainstorming/verification/gap-discovery/INDEX.md	-
2025	EXCLUDED	EXCLUDED_VERIFICATION	-	-	docs/knowledgeos/brainstorming/verification/gap-discovery/step-272/exec/sigma0_check.py	-
2026	EXCLUDED	EXCLUDED_VERIFICATION	-	-	docs/knowledgeos/brainstorming/verification/gap-discovery/step-272/exec/falsify_sigma0.py	-
2027	EXCLUDED	EXCLUDED_VERIFICATION	-	-	docs/knowledgeos/brainstorming/verification/gap-discovery/step-272/exec/resolve_275_vs_272b.py	-
2028	EXCLUDED	EXCLUDED_VERIFICATION	-	-	docs/knowledgeos/brainstorming/verification/gap-discovery/step-272/07-SIGMA-VS-STRENGTH-RESOLUTION.md	-
2029	EXCLUDED	EXCLUDED_VERIFICATION	-	-	docs/knowledgeos/brainstorming/verification/gap-discovery/step-272/05-ADDENDUM-STEP-272A.md	-
2030	EXCLUDED	EXCLUDED_VERIFICATION	-	-	docs/knowledgeos/brainstorming/verification/gap-discovery/step-272/06-STEP-272B-REVIEW.md	-
2031	EXCLUDED	EXCLUDED_VERIFICATION	-	-	docs/knowledgeos/brainstorming/verification/gap-discovery/00-CORPUS-INVENTORY.md	-
2032	EXCLUDED	EXCLUDED_VERIFICATION	-	-	docs/knowledgeos/brainstorming/verification/gap-discovery/step-272/exec/OUT-falsify_sigma0.txt	-
2033	EXCLUDED	EXCLUDED_VERIFICATION	-	-	docs/knowledgeos/brainstorming/verification/gap-discovery/step-272/exec/OUT-resolve_275_vs_272b.txt	-
2034	EXCLUDED	EXCLUDED_VERIFICATION	-	-	docs/knowledgeos/brainstorming/verification/gap-discovery/step-272/exec/OUT-sigma0_check.txt	-
2035	EXCLUDED	EXCLUDED_VERIFICATION	-	-	docs/knowledgeos/brainstorming/verification/gap-discovery/step-272/08-GAP-UPDATE-STEPS-272-279.md	-
2036	EXCLUDED	EXCLUDED_VERIFICATION	-	-	docs/knowledgeos/brainstorming/verification/gap-discovery/step-272/exec/OUT-premise_audit.txt	-
2037	EXCLUDED	EXCLUDED_VERIFICATION	-	-	docs/knowledgeos/brainstorming/verification/step-280/exec/kos279.py	-
2038	EXCLUDED	EXCLUDED_VERIFICATION	-	-	docs/knowledgeos/brainstorming/verification/step-280/exec/__pycache__/kos279.cpython-313.pyc	-
2039	EXCLUDED	EXCLUDED_VERIFICATION	-	-	docs/knowledgeos/brainstorming/verification/step-280/exec/corpus.py	-
2040	EXCLUDED	EXCLUDED_VERIFICATION	-	-	docs/knowledgeos/brainstorming/verification/step-280/exec/__pycache__/corpus.cpython-313.pyc	-
2041	EXCLUDED	EXCLUDED_VERIFICATION	-	-	docs/knowledgeos/brainstorming/verification/step-280/exec/run_e_tests.py	-
2042	EXCLUDED	EXCLUDED_VERIFICATION	-	-	docs/knowledgeos/brainstorming/verification/step-280/exec/run_f_tests.py	-
2043	EXCLUDED	EXCLUDED_VERIFICATION	-	-	docs/knowledgeos/brainstorming/verification/step-280/exec/run_real_and_stats.py	-
2044	EXCLUDED	EXCLUDED_VERIFICATION	-	-	docs/knowledgeos/brainstorming/verification/step-280/exec/OUT-E-EXECUTION.txt	-
2045	EXCLUDED	EXCLUDED_VERIFICATION	-	-	docs/knowledgeos/brainstorming/verification/step-280/exec/OUT-F-EXECUTION.txt	-
2046	EXCLUDED	EXCLUDED_VERIFICATION	-	-	docs/knowledgeos/brainstorming/verification/step-280/exec/OUT-REAL-AND-STATS.txt	-
2047	EXCLUDED	EXCLUDED_VERIFICATION	-	-	docs/knowledgeos/brainstorming/verification/step-280/exec/OUT-CORPUS.txt	-
2048	EXCLUDED	EXCLUDED_VERIFICATION	-	-	docs/knowledgeos/brainstorming/verification/step-280/exec/OUT-TIMESTAMP.txt	-
2049	EXCLUDED	EXCLUDED_VERIFICATION	-	-	docs/knowledgeos/brainstorming/verification/step-280/09-EMPIRICAL-CLOSURE-VERDICT.md	-
2050	EXCLUDED	EXCLUDED_VERIFICATION	-	-	docs/knowledgeos/brainstorming/verification/step-280/10-STEP-280-COMPLETE-REPORT.md	-
2051	EXCLUDED	EXCLUDED_VERIFICATION	-	-	docs/knowledgeos/brainstorming/verification/step-280/01-STEP-280-EXECUTION-PLAN.md	-
2052	EXCLUDED	EXCLUDED_VERIFICATION	-	-	docs/knowledgeos/brainstorming/verification/step-280/02-TEST-CASE-SPECIFICATIONS.md	-
2053	EXCLUDED	EXCLUDED_VERIFICATION	-	-	docs/knowledgeos/brainstorming/verification/step-280/03-END-TO-END-TEST-RESULTS.md	-
2054	EXCLUDED	EXCLUDED_VERIFICATION	-	-	docs/knowledgeos/brainstorming/verification/step-280/04-FALSIFICATION-TEST-RESULTS.md	-
2055	EXCLUDED	EXCLUDED_VERIFICATION	-	-	docs/knowledgeos/brainstorming/verification/step-280/05-REPLAY-TEST-RESULTS.md	-
2056	EXCLUDED	EXCLUDED_VERIFICATION	-	-	docs/knowledgeos/brainstorming/verification/step-280/06-EMPIRICAL-EVIDENCE-REGISTER.md	-
2057	EXCLUDED	EXCLUDED_VERIFICATION	-	-	docs/knowledgeos/brainstorming/verification/step-280/07-REPRODUCIBILITY-REPORT.md	-
2058	EXCLUDED	EXCLUDED_VERIFICATION	-	-	docs/knowledgeos/brainstorming/verification/step-280/08-GAP-REGISTER-UPDATE.md	-
2059	EXCLUDED	EXCLUDED_VERIFICATION	-	-	docs/knowledgeos/brainstorming/verification/consolidation/exec/sigma.py	-
2060	EXCLUDED	EXCLUDED_VERIFICATION	-	-	docs/knowledgeos/brainstorming/verification/consolidation/exec/OUT-sigma.txt	-
2061	EXCLUDED	EXCLUDED_VERIFICATION	-	-	docs/knowledgeos/brainstorming/verification/consolidation/00-FRONTIER-FREEZE.md	-
2062	EXCLUDED	EXCLUDED_VERIFICATION	-	-	docs/knowledgeos/brainstorming/verification/consolidation/01-D0-AUTHORITY-STATUS.md	-
2063	EXCLUDED	EXCLUDED_VERIFICATION	-	-	docs/knowledgeos/brainstorming/verification/consolidation/02-272-RECONCILIATION.md	-
2064	EXCLUDED	EXCLUDED_VERIFICATION	-	-	docs/knowledgeos/brainstorming/verification/consolidation/03-SIGMA-STATUS.md	-
2065	EXCLUDED	EXCLUDED_VERIFICATION	-	-	docs/knowledgeos/brainstorming/verification/consolidation/04-MISSINGNESS-STATUS.md	-
2066	EXCLUDED	EXCLUDED_VERIFICATION	-	-	docs/knowledgeos/brainstorming/verification/consolidation/05-DETERMINATION-STATUS.md	-
2067	EXCLUDED	EXCLUDED_VERIFICATION	-	-	docs/knowledgeos/brainstorming/verification/consolidation/06-AUTHORITY-ACT-ANALYSIS.md	-
2068	EXCLUDED	EXCLUDED_VERIFICATION	-	-	docs/knowledgeos/brainstorming/verification/consolidation/07-RECONCILED-CLOSURE-REGISTER.md	-
2069	EXCLUDED	EXCLUDED_VERIFICATION	-	-	docs/knowledgeos/brainstorming/verification/consolidation/08-HUMAN-DECISION-DOSSIER.md	-
2070	EXCLUDED	EXCLUDED_VERIFICATION	-	-	docs/knowledgeos/brainstorming/verification/consolidation/09-NEXT-CONSTRUCTION-GATE.md	-
2071	EXCLUDED	EXCLUDED_VERIFICATION	-	-	docs/knowledgeos/brainstorming/verification/gap-discovery/step-272/09-GAP-UPDATE-STEPS-280-281.md	-
2072	EXCLUDED	EXCLUDED_VERIFICATION	-	-	docs/knowledgeos/brainstorming/verification/step-281/exec/kos279.py	-
2073	EXCLUDED	EXCLUDED_VERIFICATION	-	-	docs/knowledgeos/brainstorming/verification/step-281/exec/repairs.py	-
2074	EXCLUDED	EXCLUDED_VERIFICATION	-	-	docs/knowledgeos/brainstorming/verification/step-281/exec/test_repair_selection.py	-
2075	EXCLUDED	EXCLUDED_VERIFICATION	-	-	docs/knowledgeos/brainstorming/verification/step-281/exec/__pycache__/repairs.cpython-313.pyc	-
2076	EXCLUDED	EXCLUDED_VERIFICATION	-	-	docs/knowledgeos/brainstorming/verification/step-281/exec/OUT-REPAIR-SELECTION.txt	-
2077	EXCLUDED	EXCLUDED_VERIFICATION	-	-	docs/knowledgeos/brainstorming/verification/step-281/exec/test_distinguishability.py	-
2078	EXCLUDED	EXCLUDED_VERIFICATION	-	-	docs/knowledgeos/brainstorming/verification/step-281/exec/OUT-DISTINGUISHABILITY.txt	-
2079	EXCLUDED	EXCLUDED_VERIFICATION	-	-	docs/knowledgeos/brainstorming/verification/step-281/exec/test_invariant_preservation.py	-
2080	EXCLUDED	EXCLUDED_VERIFICATION	-	-	docs/knowledgeos/brainstorming/verification/step-281/exec/OUT-INVARIANTS.txt	-
2081	EXCLUDED	EXCLUDED_VERIFICATION	-	-	docs/knowledgeos/brainstorming/verification/step-281/exec/test_e4_rerun.py	-
2082	EXCLUDED	EXCLUDED_VERIFICATION	-	-	docs/knowledgeos/brainstorming/verification/step-281/exec/OUT-E4-RERUN.txt	-
2083	EXCLUDED	EXCLUDED_VERIFICATION	-	-	docs/knowledgeos/brainstorming/verification/step-281/exec/test_affected_falsification.py	-
2084	EXCLUDED	EXCLUDED_VERIFICATION	-	-	docs/knowledgeos/brainstorming/verification/step-281/exec/__pycache__/kos279.cpython-313.pyc	-
2085	EXCLUDED	EXCLUDED_VERIFICATION	-	-	docs/knowledgeos/brainstorming/verification/step-281/exec/OUT-AFFECTED-TESTS.txt	-
2086	EXCLUDED	EXCLUDED_VERIFICATION	-	-	docs/knowledgeos/brainstorming/verification/step-281/exec/OUT-TIMESTAMP.txt	-
2087	EXCLUDED	EXCLUDED_VERIFICATION	-	-	docs/knowledgeos/brainstorming/verification/step-281/exec/test_minimality.py	-
2088	EXCLUDED	EXCLUDED_VERIFICATION	-	-	docs/knowledgeos/brainstorming/verification/step-281/exec/OUT-MINIMALITY.txt	-
2089	EXCLUDED	EXCLUDED_VERIFICATION	-	-	docs/knowledgeos/brainstorming/verification/step-281/01-REPAIR-SELECTION.md	-
2090	EXCLUDED	EXCLUDED_VERIFICATION	-	-	docs/knowledgeos/brainstorming/verification/step-281/02-DISTINGUISHABILITY-PROOF.md	-
2091	EXCLUDED	EXCLUDED_VERIFICATION	-	-	docs/knowledgeos/brainstorming/verification/step-281/03-MINIMALITY-PROOF.md	-
2092	EXCLUDED	EXCLUDED_VERIFICATION	-	-	docs/knowledgeos/brainstorming/verification/step-281/04-INVARIANT-PRESERVATION-PROOF.md	-
2093	EXCLUDED	EXCLUDED_VERIFICATION	-	-	docs/knowledgeos/brainstorming/verification/step-281/05-E4-RERUN-RESULTS.md	-
2094	EXCLUDED	EXCLUDED_VERIFICATION	-	-	docs/knowledgeos/brainstorming/verification/step-281/06-AFFECTED-TESTS-RERUN-RESULTS.md	-
2095	EXCLUDED	EXCLUDED_VERIFICATION	-	-	docs/knowledgeos/brainstorming/verification/step-281/07-GAP-REGISTER-UPDATE.md	-
2096	EXCLUDED	EXCLUDED_VERIFICATION	-	-	docs/knowledgeos/brainstorming/verification/step-281/08-INTERNAL-CLOSURE-VERDICT.md	-
2097	EXCLUDED	EXCLUDED_VERIFICATION	-	-	docs/knowledgeos/brainstorming/verification/step-281/09-STEP-281-COMPLETE-REPORT.md	-
2098	EXCLUDED	EXCLUDED_VERIFICATION	-	-	docs/knowledgeos/brainstorming/verification/gap-discovery/step-272/10-GAP-UPDATE-STEPS-281-282.md	-
2099	EXCLUDED	EXCLUDED_VERIFICATION	-	-	docs/knowledgeos/brainstorming/verification/gap-discovery/00A-CORPUS-FILE-INDEX.md	-
2100	EXCLUDED	EXCLUDED_VERIFICATION	-	-	docs/knowledgeos/brainstorming/verification/step-282/exec/kos279.py	-
2101	EXCLUDED	EXCLUDED_VERIFICATION	-	-	docs/knowledgeos/brainstorming/verification/step-282/exec/repairs.py	-
2102	EXCLUDED	EXCLUDED_VERIFICATION	-	-	docs/knowledgeos/brainstorming/verification/step-282/exec/f21_probability_necessity.py	-
2103	EXCLUDED	EXCLUDED_VERIFICATION	-	-	docs/knowledgeos/brainstorming/verification/step-282/exec/OUT-F21.txt	-
2104	EXCLUDED	EXCLUDED_VERIFICATION	-	-	docs/knowledgeos/brainstorming/verification/step-282/exec/kosfix.py	-
2105	EXCLUDED	EXCLUDED_VERIFICATION	-	-	docs/knowledgeos/brainstorming/verification/step-282/exec/f15_nonidentifiability.py	-
2106	EXCLUDED	EXCLUDED_VERIFICATION	-	-	docs/knowledgeos/brainstorming/verification/step-282/exec/__pycache__/kosfix.cpython-313.pyc	-
2107	EXCLUDED	EXCLUDED_VERIFICATION	-	-	docs/knowledgeos/brainstorming/verification/step-282/exec/OUT-F15.txt	-
2108	EXCLUDED	EXCLUDED_VERIFICATION	-	-	docs/knowledgeos/brainstorming/verification/step-282/exec/f17_f18_qt.py	-
2109	EXCLUDED	EXCLUDED_VERIFICATION	-	-	docs/knowledgeos/brainstorming/verification/step-282/exec/OUT-F17-F18.txt	-
2110	EXCLUDED	EXCLUDED_VERIFICATION	-	-	docs/knowledgeos/brainstorming/verification/step-282/exec/f16_f19_f20.py	-
2111	EXCLUDED	EXCLUDED_VERIFICATION	-	-	docs/knowledgeos/brainstorming/verification/step-282/exec/__pycache__/kos279.cpython-313.pyc	-
2112	EXCLUDED	EXCLUDED_VERIFICATION	-	-	docs/knowledgeos/brainstorming/verification/step-282/exec/OUT-F16-F19-F20.txt	-
2113	EXCLUDED	EXCLUDED_VERIFICATION	-	-	docs/knowledgeos/brainstorming/verification/gap-discovery/step-272/exec/sufficiency.py	-
2114	EXCLUDED	EXCLUDED_VERIFICATION	-	-	docs/knowledgeos/brainstorming/verification/gap-discovery/step-272/exec/OUT-sufficiency.txt	-
2115	EXCLUDED	EXCLUDED_VERIFICATION	-	-	docs/knowledgeos/brainstorming/verification/step-282/exec/f14_and_contradictions.py	-
2116	EXCLUDED	EXCLUDED_VERIFICATION	-	-	docs/knowledgeos/brainstorming/verification/step-282/exec/__pycache__/repairs.cpython-313.pyc	-
2117	EXCLUDED	EXCLUDED_VERIFICATION	-	-	docs/knowledgeos/brainstorming/verification/step-282/exec/OUT-F14-CONTRADICTIONS.txt	-
2118	EXCLUDED	EXCLUDED_VERIFICATION	-	-	docs/knowledgeos/brainstorming/verification/step-282/exec/OUT-TIMESTAMP.txt	-
2119	EXCLUDED	EXCLUDED_VERIFICATION	-	-	docs/knowledgeos/brainstorming/verification/gap-discovery/step-272/11-E20-RECLASSIFICATION.md	-
2120	EXCLUDED	EXCLUDED_VERIFICATION	-	-	docs/knowledgeos/brainstorming/verification/step-282/01-THEORY-CRITICALITY-REGISTER.md	-
2121	EXCLUDED	EXCLUDED_VERIFICATION	-	-	docs/knowledgeos/brainstorming/verification/gap-discovery/step-272/12-SUFFICIENCY-DEFINITION.md	-
2122	EXCLUDED	EXCLUDED_VERIFICATION	-	-	docs/knowledgeos/brainstorming/verification/step-281/OUT-E4-RERUN.json	-
2123	EXCLUDED	EXCLUDED_VERIFICATION	-	-	docs/knowledgeos/brainstorming/verification/gap-discovery/step-272/README.md	-
2124	EXCLUDED	EXCLUDED_VERIFICATION	-	-	docs/knowledgeos/brainstorming/verification/step-282/03-THEORY-SCOPE-DECLARATION.md	-
2125	EXCLUDED	EXCLUDED_VERIFICATION	-	-	docs/knowledgeos/brainstorming/verification/step-282/04-T3-PROBABILITY-NECESSITY-RESULT.md	-
2126	EXCLUDED	EXCLUDED_VERIFICATION	-	-	docs/knowledgeos/brainstorming/verification/step-282/05-T4-NONIDENTIFIABILITY-RESULT.md	-
2127	EXCLUDED	EXCLUDED_VERIFICATION	-	-	docs/knowledgeos/brainstorming/verification/step-282/06-QT-REPLAY-SERIALIZATION-RESULT.md	-
2128	EXCLUDED	EXCLUDED_VERIFICATION	-	-	docs/knowledgeos/brainstorming/verification/step-282/07-POLICY-KNOWLEDGE-SEPARATION-RESULT.md	-
2129	EXCLUDED	EXCLUDED_VERIFICATION	-	-	docs/knowledgeos/brainstorming/verification/step-282/08-DEPENDENCY-CYCLE-RESULT.md	-
2130	EXCLUDED	EXCLUDED_VERIFICATION	-	-	docs/knowledgeos/brainstorming/verification/step-282/09-CLOSURE-DIMENSION-MATRIX.md	-
2131	EXCLUDED	EXCLUDED_VERIFICATION	-	-	docs/knowledgeos/brainstorming/verification/step-282/10-STEP-282-FALSIFICATION-RESULTS.md	-
2132	EXCLUDED	EXCLUDED_VERIFICATION	-	-	docs/knowledgeos/brainstorming/verification/consolidation/10-REVIEW-AGAINST-STEPS-280-282.md	-
2133	EXCLUDED	EXCLUDED_VERIFICATION	-	-	docs/knowledgeos/brainstorming/verification/step-282/11-STEP-282-HUMAN-DECISION-REGISTER.md	-
2134	EXCLUDED	EXCLUDED_VERIFICATION	-	-	docs/knowledgeos/brainstorming/verification/step-282/12-STEP-282-SUPERVISORY-VERDICT.md	-
2135	EXCLUDED	EXCLUDED_VERIFICATION	-	-	docs/knowledgeos/brainstorming/verification/step-280/exec/kosmodel.py	-
2136	EXCLUDED	EXCLUDED_VERIFICATION	-	-	docs/knowledgeos/brainstorming/verification/step-281/exec/kosmodel.py	-
2137	EXCLUDED	EXCLUDED_VERIFICATION	-	-	docs/knowledgeos/brainstorming/verification/step-282/exec/kosmodel.py	-
2138	EXCLUDED	EXCLUDED_VERIFICATION	-	-	docs/knowledgeos/brainstorming/verification/step-280/exec/__pycache__/kosmodel.cpython-313.pyc	-
2139	EXCLUDED	EXCLUDED_VERIFICATION	-	-	docs/knowledgeos/brainstorming/verification/step-280/exec/OUT-E-RESULTS.json	-
2140	EXCLUDED	EXCLUDED_VERIFICATION	-	-	docs/knowledgeos/brainstorming/verification/step-280/exec/OUT-F-RESULTS.json	-
2141	EXCLUDED	EXCLUDED_VERIFICATION	-	-	docs/knowledgeos/brainstorming/verification/step-281/exec/__pycache__/kosmodel.cpython-313.pyc	-
2142	EXCLUDED	EXCLUDED_VERIFICATION	-	-	docs/knowledgeos/brainstorming/verification/step-281/exec/OUT-E4-RERUN.json	-
2143	EXCLUDED	EXCLUDED_VERIFICATION	-	-	docs/knowledgeos/brainstorming/verification/step-282/exec/__pycache__/kosmodel.cpython-313.pyc	-
2144	EXCLUDED	EXCLUDED_VERIFICATION	-	-	docs/knowledgeos/brainstorming/verification/step-282/13-C-NEW-CLOSURE-RECORD.md	-
2145	EXCLUDED	EXCLUDED_VERIFICATION	-	-	docs/knowledgeos/brainstorming/verification/step-282/02-RESIDUAL-GAP-CLASSIFICATION.md	-
2146	EXCLUDED	EXCLUDED_VERIFICATION	-	-	docs/knowledgeos/brainstorming/verification/handoff/01-CORPUS-SNAPSHOT-FREEZE.md	-
2147	EXCLUDED	EXCLUDED_VERIFICATION	-	-	docs/knowledgeos/brainstorming/verification/handoff/02-O-CORE-AUTHORITATIVE-DETERMINATION.md	-
2148	EXCLUDED	EXCLUDED_VERIFICATION	-	-	docs/knowledgeos/brainstorming/verification/handoff/03-RECONCILIATION-272A-272B-273-275.md	-
2149	EXCLUDED	EXCLUDED_VERIFICATION	-	-	docs/knowledgeos/brainstorming/verification/handoff/04-GOVERNANCE-COLLISION-REGISTER.md	-
2150	EXCLUDED	EXCLUDED_VERIFICATION	-	-	docs/knowledgeos/brainstorming/verification/handoff/05-CANONICAL-CONSTRUCT-REGISTRY.md	-
2151	EXCLUDED	EXCLUDED_VERIFICATION	-	-	docs/knowledgeos/brainstorming/verification/handoff/06-HANDOFF-VERDICT.md	-
2152	EXCLUDED	OUT_OF_SCOPE_ROOT	-	-	docs/knowledgeos/reviews/synthesis/prompts/20260831_0050_prompts.md	-
2153	EXCLUDED	OUT_OF_SCOPE_ROOT	-	-	docs/knowledgeos/reviews/synthesis/analysis/theory-sync/evidence-computational-empirical.md	-
2154	EXCLUDED	OUT_OF_SCOPE_ROOT	-	-	docs/knowledgeos/reviews/synthesis/analysis/theory-sync/evidence-definitions-formal.md	-
2155	EXCLUDED	OUT_OF_SCOPE_ROOT	-	-	docs/knowledgeos/reviews/synthesis/analysis/THEORY-TO-BOOK-CANONICAL-STATE.md	-
2156	EXCLUDED	EXCLUDED_VERIFICATION	-	-	docs/knowledgeos/brainstorming/verification/prompts/20260831_0105_prompts.md	-
2157	EXCLUDED	OUT_OF_SCOPE_ROOT	-	-	docs/knowledgeos/reviews/synthesis/prompts/20260831_0106_prompts.md	-
2158	EXCLUDED	EXCLUDED_VERIFICATION	-	-	docs/knowledgeos/brainstorming/verification/consolidation/11-REVIEW-AGAINST-STEPS-283-284.md	-
2159	EXCLUDED	OUT_OF_SCOPE_ROOT	-	-	docs/knowledgeos/reviews/synthesis/analysis/book-structure-crosswalk-proposal.md	-
2160	EXCLUDED	OUT_OF_SCOPE_ROOT	-	-	docs/knowledgeos/reviews/synthesis/prompts/20260831_0144_prompts.md	-
2161	EXCLUDED	OUT_OF_SCOPE_ROOT	-	-	docs/knowledgeos/reviews/synthesis/analysis/book-implementation-source-map.md	-
2162	EXCLUDED	OUT_OF_SCOPE_ROOT	-	-	docs/knowledgeos/reviews/synthesis/prompts/20260831_0145_prompts.md	-
2163	EXCLUDED	OUT_OF_SCOPE_ROOT	-	-	docs/knowledgeos/reviews/synthesis/analysis/canonical-implementation-contract-template.md	-
2164	EXCLUDED	OUT_OF_SCOPE_ROOT	-	-	docs/knowledgeos/reviews/synthesis/analysis/OPERATION-CONTRACT-GAP.md	-
2165	EXCLUDED	OUT_OF_SCOPE_ROOT	-	-	docs/knowledgeos/reviews/synthesis/analysis/TRANSFORMATION-CONTRACT-GAP.md	-
2166	EXCLUDED	OUT_OF_SCOPE_ROOT	-	-	docs/knowledgeos/reviews/synthesis/analysis/DRAFT-HPA-RULING-operation-registry.md	-
2167	EXCLUDED	OUT_OF_SCOPE_ROOT	-	-	docs/knowledgeos/reviews/synthesis/analysis/COMMISSION-operation-registry-derivation.md	-
2168	EXCLUDED	OUT_OF_SCOPE_ROOT	-	-	docs/knowledgeos/reviews/synthesis/analysis/CANONICAL-IMPLEMENTATION-GAP.md	-
2169	EXCLUDED	OUT_OF_SCOPE_ROOT	-	-	docs/knowledgeos/reviews/synthesis/commission-operation-registry/exec/circularity.py	-
2170	EXCLUDED	OUT_OF_SCOPE_ROOT	-	-	docs/knowledgeos/reviews/synthesis/commission-operation-registry/exec/inventory.py	-
2171	EXCLUDED	OUT_OF_SCOPE_ROOT	-	-	docs/knowledgeos/reviews/synthesis/commission-operation-registry/exec/consistency.py	-
2172	EXCLUDED	OUT_OF_SCOPE_ROOT	-	-	docs/knowledgeos/reviews/synthesis/OUT-consistency.txt	-
2173	EXCLUDED	OUT_OF_SCOPE_ROOT	-	-	docs/knowledgeos/reviews/synthesis/commission-operation-registry/exec/mintest.py	-
2174	EXCLUDED	OUT_OF_SCOPE_ROOT	-	-	docs/knowledgeos/reviews/synthesis/commission-operation-registry/MINIMALITY-RESULT.md	-
2175	EXCLUDED	OUT_OF_SCOPE_ROOT	-	-	docs/knowledgeos/reviews/synthesis/commission-operation-registry/exec/rm.py	-
2176	EXCLUDED	OUT_OF_SCOPE_ROOT	-	-	docs/knowledgeos/reviews/synthesis/commission-operation-registry/exec/__pycache__/rm.cpython-313.pyc	-
2177	EXCLUDED	OUT_OF_SCOPE_ROOT	-	-	docs/knowledgeos/reviews/synthesis/commission-operation-registry/exec/__pycache__/inventory.cpython-313.pyc	-
2178	EXCLUDED	OUT_OF_SCOPE_ROOT	-	-	docs/knowledgeos/reviews/synthesis/commission-operation-registry/OPERATION-REGISTRY-DERIVATION.md	-
2179	EXCLUDED	OUT_OF_SCOPE_ROOT	-	-	docs/knowledgeos/reviews/synthesis/commission-operation-registry/exec/OUT-inventory.txt	-
2180	EXCLUDED	OUT_OF_SCOPE_ROOT	-	-	docs/knowledgeos/reviews/synthesis/commission-operation-registry/exec/OUT-circularity.txt	-
2181	EXCLUDED	OUT_OF_SCOPE_ROOT	-	-	docs/knowledgeos/reviews/synthesis/commission-operation-registry/exec/__pycache__/mintest.cpython-313.pyc	-
2182	EXCLUDED	OUT_OF_SCOPE_ROOT	-	-	docs/knowledgeos/reviews/synthesis/commission-operation-registry/exec/OUT-consistency.txt	-
2183	EXCLUDED	OUT_OF_SCOPE_ROOT	-	-	docs/knowledgeos/reviews/synthesis/commission-operation-registry/exec/OUT-mintest.txt	-
2184	EXCLUDED	OUT_OF_SCOPE_ROOT	-	-	docs/knowledgeos/reviews/synthesis/commission-operation-registry/OPERATION-CONTRACTS.md	-
2185	EXCLUDED	OUT_OF_SCOPE_ROOT	-	-	docs/knowledgeos/reviews/synthesis/analysis/IMPLEMENTATION-READINESS-MATRIX.md	-
2186	EXCLUDED	OUT_OF_SCOPE_ROOT	-	-	docs/knowledgeos/reviews/synthesis/prompts/20260831_1505_prompt_isntructions.md	-
2187	EXCLUDED	OUT_OF_SCOPE_ROOT	-	-	docs/knowledgeos/reviews/synthesis/prompts/Confirmed first, since you flagged it: t	-
2188	EXCLUDED	OUT_OF_SCOPE_ROOT	-	-	docs/knowledgeos/reviews/synthesis/commission-operation-registry/OPERATION-REGISTRY-INDEPENDENT-REVIEW.md	-
2189	EXCLUDED	OUT_OF_SCOPE_ROOT	-	-	docs/knowledgeos/reviews/synthesis/commission-operation-registry/OPERATION-REGISTRY-DECISION-PACKAGE.md	-
2190	EXCLUDED	OUT_OF_SCOPE_ROOT	-	-	docs/knowledgeos/reviews/synthesis/prompts/202060831_1518_prompts.md	-
2191	EXCLUDED	OUT_OF_SCOPE_ROOT	-	-	docs/knowledgeos/reviews/synthesis/commission-operation-registry/06-FALSIFICATION-VERDICT.md	-
2192	EXCLUDED	OUT_OF_SCOPE_ROOT	-	-	docs/knowledgeos/reviews/synthesis/prompts/20260831_1523_prompts.md	-
2193	EXCLUDED	OUT_OF_SCOPE_ROOT	-	-	docs/knowledgeos/reviews/synthesis/commission-operation-registry/step-284/02-REJECT-P1-STATUS.md	-
2194	EXCLUDED	OUT_OF_SCOPE_ROOT	-	-	docs/knowledgeos/reviews/synthesis/commission-operation-registry/step-284/03-A6-ARTICLE83-BOUNDARY.md	-
2195	EXCLUDED	OUT_OF_SCOPE_ROOT	-	-	docs/knowledgeos/reviews/synthesis/prompts/20260831_1547_prompt.md	-
2196	EXCLUDED	OUT_OF_SCOPE_ROOT	-	-	docs/knowledgeos/reviews/synthesis/commission-operation-registry/step-284/01-P11-OPERATION-UNIVERSE-STATUS.md	-
2197	EXCLUDED	OUT_OF_SCOPE_ROOT	-	-	docs/knowledgeos/reviews/synthesis/commission-operation-registry/step-285/01-THEORY-CHAIN-MATRIX.md	-
2198	EXCLUDED	EXCLUDED_VERIFICATION	-	-	docs/knowledgeos/brainstorming/verification/gap-discovery/readiness/exec/verify_readiness_claims.py	-
2199	EXCLUDED	EXCLUDED_VERIFICATION	-	-	docs/knowledgeos/brainstorming/verification/gap-discovery/readiness/exec/OUT-verify_readiness_claims.txt	-
2200	EXCLUDED	OUT_OF_SCOPE_ROOT	-	-	docs/knowledgeos/reviews/synthesis/commission-operation-registry/step-285/02-THEORY-DEPENDENCY-GRAPH.md	-
2201	EXCLUDED	OUT_OF_SCOPE_ROOT	-	-	docs/knowledgeos/reviews/synthesis/commission-operation-registry/step-285/03-CANONICAL-BOUNDARY-MAP.md	-
2202	EXCLUDED	EXCLUDED_VERIFICATION	-	-	docs/knowledgeos/brainstorming/verification/gap-discovery/readiness/00-EVIDENCE-BASE-AND-DUPLICATION-NOTICE.md	-
2203	EXCLUDED	OUT_OF_SCOPE_ROOT	-	-	docs/knowledgeos/reviews/synthesis/commission-operation-registry/step-285/04-IMPLEMENTATION-BLOCKER-REGISTER.md	-
2204	EXCLUDED	OUT_OF_SCOPE_ROOT	-	-	docs/knowledgeos/reviews/synthesis/commission-operation-registry/step-285/05-THEORY-TO-BOOK-MAP.md	-
2205	EXCLUDED	EXCLUDED_VERIFICATION	-	-	docs/knowledgeos/brainstorming/verification/gap-discovery/readiness/01-IMPLEMENTATION-READINESS-MASTER-MATRIX.md	-
2206	EXCLUDED	OUT_OF_SCOPE_ROOT	-	-	docs/knowledgeos/reviews/synthesis/commission-operation-registry/step-285/06-STEP-285-VERDICT.md	-
2207	EXCLUDED	EXCLUDED_VERIFICATION	-	-	docs/knowledgeos/brainstorming/verification/gap-discovery/readiness/02-DERIVATION-DEFINITION-ARCHITECTURE-GAP-MAP.md	-
2208	EXCLUDED	OUT_OF_SCOPE_ROOT	-	-	docs/knowledgeos/reviews/synthesis/analysis/architecture-findings.md	-
2209	EXCLUDED	OUT_OF_SCOPE_ROOT	-	-	docs/knowledgeos/reviews/synthesis/analysis/governance-notes.md	-
2210	EXCLUDED	EXCLUDED_VERIFICATION	-	-	docs/knowledgeos/brainstorming/verification/gap-discovery/readiness/03-OPERATION-TRANSFORMATION-READINESS.md	-
2211	EXCLUDED	EXCLUDED_VERIFICATION	-	-	docs/knowledgeos/brainstorming/verification/gap-discovery/readiness/exec/minimum_implementable.py	-
2212	EXCLUDED	EXCLUDED_VERIFICATION	-	-	docs/knowledgeos/brainstorming/verification/gap-discovery/readiness/exec/OUT-minimum_implementable.txt	-
2213	EXCLUDED	EXCLUDED_VERIFICATION	-	-	docs/knowledgeos/brainstorming/verification/gap-discovery/readiness/04-KNOWLEDGEOS-DEPENDENCY-GRAPH.md	-
2214	EXCLUDED	EXCLUDED_VERIFICATION	-	-	docs/knowledgeos/brainstorming/verification/gap-discovery/readiness/05-BOOK-READINESS-MATRIX.md	-
2215	EXCLUDED	EXCLUDED_VERIFICATION	-	-	docs/knowledgeos/brainstorming/verification/gap-discovery/readiness/06-CRITICAL-PATH-TO-IMPLEMENTATION.md	-
2216	EXCLUDED	EXCLUDED_VERIFICATION	-	-	docs/knowledgeos/brainstorming/verification/gap-discovery/readiness/07-MINIMUM-IMPLEMENTABLE-KNOWLEDGEOS.md	-
2217	EXCLUDED	EXCLUDED_VERIFICATION	-	-	docs/knowledgeos/brainstorming/verification/gap-discovery/readiness/08-GAP-ANALYSIS-VERDICT.md	-
2218	EXCLUDED	OUT_OF_SCOPE_ROOT	-	-	docs/knowledgeos/reviews/synthesis/analysis/editorial-sync/06-EDITORIAL-BLOCKER-REGISTER.md	-
2219	EXCLUDED	OUT_OF_SCOPE_ROOT	-	-	docs/knowledgeos/reviews/synthesis/analysis/editorial-sync/07-CHAPTERS-WRITABLE-NOW.md	-
2220	EXCLUDED	OUT_OF_SCOPE_ROOT	-	-	docs/knowledgeos/reviews/synthesis/analysis/editorial-sync/08-CHAPTERS-AWAITING-DECISIONS.md	-
2221	EXCLUDED	OUT_OF_SCOPE_ROOT	-	-	docs/knowledgeos/reviews/synthesis/prompts/20260831_1624_prompt_BOOK SESSION — BOUNDED CONTINUATION.md	-
2222	EXCLUDED	EXCLUDED_VERIFICATION	-	-	docs/knowledgeos/brainstorming/verification/gap-discovery/readiness/09-GAP-UPDATE-STEPS-282-285-AND-EXTERNAL-RESEARCH.md	-
2223	EXCLUDED	EXCLUDED_VERIFICATION	-	-	docs/knowledgeos/brainstorming/verification/gap-discovery/readiness/readiness-summary.json	-
2224	EXCLUDED	EXCLUDED_VERIFICATION	-	-	docs/knowledgeos/brainstorming/verification/gap-discovery/readiness/README.md	-
2225	PENDING	-	-	-	docs/knowledgeos/brainstorming/phase_measure_theory/20260831-181552_step_286_gita-mapping-terms-to-knowledgeos-invalid-date-corrected.md	-
2226	PENDING	-	-	-	docs/knowledgeos/brainstorming/phase_measure_theory/20260831-195114_step_288_short-confirmation-of-equality-gap-position.md	-
2227	PENDING	-	-	-	docs/knowledgeos/brainstorming/phase_measure_theory/knowledgeos_kernel/20260831-201143_step_286_gita-kos-translation-register-working-notes.md	-
2228	PENDING	-	-	-	docs/knowledgeos/brainstorming/phase_measure_theory/knowledgeos_kernel/prompts/20260831-201424_step_287_reviewer-drafts-step-287-invariants-research-and-falsification-mandate.md	-
2229	PENDING	-	-	-	docs/knowledgeos/brainstorming/phase_measure_theory/20260831-202101_step_287_reviewer-step-287-invariants-research-only-derivability-audit-triplicate.md	-
2230	PENDING	-	-	-	docs/knowledgeos/brainstorming/phase_measure_theory/knowledgeos_kernel/20260831-202404_step_286_cavell-must-we-mean-what-we-say-lenses-for-knowledgeos-kernel.md	-
2231	PENDING	-	-	-	docs/knowledgeos/brainstorming/phase_measure_theory/knowledgeos_kernel/prompts/20260831-202424_step_287_reviewer-step-287-invariants-as-research-only-derivability-audit-not-normative.md	-
2232	PENDING	-	-	-	docs/knowledgeos/brainstorming/phase_measure_theory/knowledgeos_kernel/prompts/20260831-215513_step_288_refined-step-288-equality-decision-procedure-closure-programme-mandate.md	-
2233	PENDING	-	-	-	docs/knowledgeos/brainstorming/phase_measure_theory/knowledgeos_kernel/prompts/20260831-221900_step_287_reviewer-step-287-invariants-research-only-derivability-audit-duplicate.md	-
2234	PENDING	-	-	-	docs/knowledgeos/brainstorming/phase_measure_theory/knowledgeos_kernel/prompts/20260831-222300_step_288_reviewer-b-step-288-equality-reconciliation-execution-mandate-post-287-baseline.md	-
2235	PENDING	-	-	-	docs/knowledgeos/brainstorming/phase_measure_theory/knowledgeos_kernel/prompts/20260831-224400_step_289_reviewer-b-dependency-graph-bootstrap-boundary-and-derivation-governance-separation-mandate.md	-
2236	PENDING	-	-	-	docs/knowledgeos/brainstorming/phase_measure_theory/knowledgeos_kernel/prompts/20260831-225400_step_289_reviewer-b-step-289-operations-mandate-superseded-by-2303-tightening.md	-
2237	PENDING	-	-	-	docs/knowledgeos/brainstorming/phase_measure_theory/knowledgeos_kernel/prompts/20260831-230100_step_290_reviewer-accepts-289-and-drafts-step-290-n1-equality-observational-adjudication-mandate.md	-
2238	PENDING	-	-	-	docs/knowledgeos/brainstorming/phase_measure_theory/knowledgeos_kernel/prompts/20260831-230300_step_289_reviewer-b-step-289-operations-and-transformation-semantics-tightened-mandate.md	-
2239	PENDING	-	-	-	docs/knowledgeos/brainstorming/phase_measure_theory/knowledgeos_kernel/prompts/20260831-231700_step_291_reviewer-b-omega-tau-closure-audit-and-n4-earliest-act-verification-mandate.md	-
2240	PENDING	-	-	-	docs/knowledgeos/brainstorming/phase_measure_theory/knowledgeos_kernel/prompts/20260831-233128_step_290_reviewer-approves-290-with-one-architectural-caution.md	-
2241	PENDING	-	-	-	docs/knowledgeos/brainstorming/phase_measure_theory/knowledgeos_kernel/prompts/20260831-233234_step_290_reviewer-b-accepts-290-as-correction-of-the-288-289-equality-thread.md	-
2242	PENDING	-	-	-	docs/knowledgeos/brainstorming/phase_measure_theory/knowledgeos_kernel/prompts/20260831-233945_step_286_hpa-gita-chapter-05-karma-yoga-action-attribution-decomposition-hypothesis.md	-
2243	PENDING	-	-	-	docs/knowledgeos/brainstorming/phase_measure_theory/knowledgeos_kernel/prompts/20260831-234034_step_286_hpa-gita-chapter-05-karma-yoga-duplicate.md	-
2244	PENDING	-	-	-	docs/knowledgeos/brainstorming/phase_measure_theory/knowledgeos_kernel/prompts/20260831-234046_step_291_reviewer-do-not-freeze-291-status-logic-and-overstatement-corrections.md	-
2245	PENDING	-	-	-	docs/knowledgeos/brainstorming/phase_measure_theory/knowledgeos_kernel/prompts/20260831-234334_step_286_hpa-gita-chapter-05-atma-as-bounded-knower-locus-not-knowledge.md	-
2246	PENDING	-	-	-	docs/knowledgeos/brainstorming/phase_measure_theory/knowledgeos_kernel/prompts/20260831-234601_step_286_hpa-gita-chapter-06-dhyana-yoga-epistemic-regulation-and-recovery-hypotheses.md	-
2247	PENDING	-	-	-	docs/knowledgeos/brainstorming/phase_measure_theory/knowledgeos_kernel/prompts/20260901-000039_step_286_hpa-gita-chapter-06-dhyana-yoga-duplicate.md	-
2248	PENDING	-	-	-	docs/knowledgeos/brainstorming/phase_measure_theory/knowledgeos_kernel/prompts/20260901-000332_step_286_hpa-gita-chapter-06-theory-of-epistemic-regulation-stabilization-progression.md	-
2249	PENDING	-	-	-	docs/knowledgeos/brainstorming/phase_measure_theory/knowledgeos_kernel/prompts/20260901-001017_step_286_hpa-gita-chapter-06-kernel-as-mind-like-functional-analogy-not-identity.md	-
2250	PENDING	-	-	-	docs/knowledgeos/brainstorming/phase_measure_theory/knowledgeos_kernel/prompts/20260901-001122_step_286_hpa-gita-chapter-06-kernel-as-mind-like-analogy-duplicate.md	-
2251	PENDING	-	-	-	docs/knowledgeos/brainstorming/phase_measure_theory/knowledgeos_kernel/prompts/20260901-002536_step_286_hpa-gita-chapter-07-knowledge-of-the-absolute-vocabulary-too-simplistic.md	-
2252	PENDING	-	-	-	docs/knowledgeos/brainstorming/phase_measure_theory/knowledgeos_kernel/prompts/20260901-002927_step_286_hpa-gita-chapters-06-07-combined-lens-not-architectural-specification.md	-
2253	PENDING	-	-	-	docs/knowledgeos/brainstorming/phase_measure_theory/knowledgeos_kernel/prompts/20260901-002955_step_286_hpa-gita-chapter-06-stronger-interpretation-for-knowledgeos.md	-
2254	PENDING	-	-	-	docs/knowledgeos/brainstorming/phase_measure_theory/knowledgeos_kernel/prompts/20260901-004205_step_286_hpa-gita-chapter-09-new-lens-with-chapters-06-07.md	-
2255	PENDING	-	-	-	docs/knowledgeos/brainstorming/phase_measure_theory/knowledgeos_kernel/prompts/20260901-004408_step_286_hpa-gita-chapter-08-attaining-the-supreme-structural-not-term-mapping.md	-
2256	PENDING	-	-	-	docs/knowledgeos/brainstorming/phase_measure_theory/knowledgeos_kernel/prompts/20260901-004546_step_286_hpa-knowledge-state-is-time-indexed-evolving-not-constant.md	-
2257	PENDING	-	-	-	docs/knowledgeos/brainstorming/phase_measure_theory/knowledgeos_kernel/prompts/20260901-004810_step_286_hpa-knowledge-state-time-indexed-duplicate.md	-
2258	PENDING	-	-	-	docs/knowledgeos/brainstorming/phase_measure_theory/knowledgeos_kernel/prompts/20260901-004958_step_286_hpa-gita-chapter-03-locus-with-ch02-foundation-and-ch04-continuation.md	-
2259	PENDING	-	-	-	docs/knowledgeos/brainstorming/phase_measure_theory/knowledgeos_kernel/prompts/20260901-005211_step_286_hpa-gita-chapter-03-locus-duplicate.md	-
2260	PENDING	-	-	-	docs/knowledgeos/brainstorming/phase_measure_theory/knowledgeos_kernel/prompts/20260901-005349_step_286_define-kernel-from-evidence-maths-and-ddd-with-gita-as-lens-only.md	-
2261	PENDING	-	-	-	docs/knowledgeos/brainstorming/phase_measure_theory/knowledgeos_kernel/prompts/20260901-005458_step_286_hpa-gita-as-philosophical-lens-only-stronger-knowledgeos-hypothesis.md	-
2262	PENDING	-	-	-	docs/knowledgeos/brainstorming/phase_measure_theory/knowledgeos_kernel/prompts/20260901-005729_step_286_hpa-gita-chapter-11-hypotheses-for-knowledgeos-and-especially-the-kernel.md	-
2263	PENDING	-	-	-	docs/knowledgeos/brainstorming/phase_measure_theory/knowledgeos_kernel/prompts/20260901-010022_step_286_hpa-gita-chapter-12-bhakti-yoga-distinguished-from-chapter-11.md	-
2264	PENDING	-	-	-	docs/knowledgeos/brainstorming/phase_measure_theory/knowledgeos_kernel/prompts/20260901-010224_step_286_hpa-yoga-as-a-family-of-mathematical-simulations-analytical-lens.md	-
2265	PENDING	-	-	-	docs/knowledgeos/brainstorming/phase_measure_theory/knowledgeos_kernel/prompts/20260901-010553_step_286_purification-as-multi-dimensional-qualification-not-more-knowledge.md	-
2266	PENDING	-	-	-	docs/knowledgeos/brainstorming/phase_measure_theory/knowledgeos_kernel/prompts/20260901-010705_step_286_sentence-as-candidate-representation-not-equal-to-dimension.md	-
2267	PENDING	-	-	-	docs/knowledgeos/brainstorming/phase_measure_theory/knowledgeos_kernel/prompts/20260901-010904_step_286_sentence-vs-dimension-chapter-13-duplicate.md	-
2268	PENDING	-	-	-	docs/knowledgeos/brainstorming/phase_measure_theory/knowledgeos_kernel/prompts/20260901-011315_step_286_hpa-gita-chapter-14-three-modes-read.md	-
2269	PENDING	-	-	-	docs/knowledgeos/brainstorming/phase_measure_theory/knowledgeos_kernel/prompts/20260901-011421_step_286_hpa-gita-chapters-13-plus-14-composed.md	-
2270	PENDING	-	-	-	docs/knowledgeos/brainstorming/phase_measure_theory/knowledgeos_kernel/prompts/20260901-011622_step_286_hpa-gita-chapters-13-plus-14-composed-variant.md	-
2271	PENDING	-	-	-	docs/knowledgeos/brainstorming/phase_measure_theory/knowledgeos_kernel/prompts/20260901-011731_step_286_hpa-gita-adding-chapter-11-changes-the-model.md	-
2272	PENDING	-	-	-	docs/knowledgeos/brainstorming/phase_measure_theory/knowledgeos_kernel/prompts/20260901-011919_step_286_hpa-gita-adding-chapter-10-to-the-composition.md	-
2273	PENDING	-	-	-	docs/knowledgeos/brainstorming/phase_measure_theory/knowledgeos_kernel/prompts/20260901-012249_step_286_hpa-gita-chapter-15-highly-useful-for-knowledgeos.md	-
2274	PENDING	-	-	-	docs/knowledgeos/brainstorming/phase_measure_theory/knowledgeos_kernel/prompts/20260901-012438_step_286_hpa-gita-adding-chapter-15-materially-strengthens.md	-
2275	PENDING	-	-	-	docs/knowledgeos/brainstorming/phase_measure_theory/knowledgeos_kernel/prompts/20260901-012726_step_286_gita-chapters-10-15-as-hypothesis-generating-lens-for-formal-kernel-reconstruction.md	-
2276	PENDING	-	-	-	docs/knowledgeos/brainstorming/phase_measure_theory/knowledgeos_kernel/prompts/20260901-012831_step_286_gita-chapters-10-15-kernel-reconstruction-duplicate.md	-
2277	PENDING	-	-	-	docs/knowledgeos/brainstorming/phase_measure_theory/knowledgeos_kernel/prompts/20260901-013054_step_286_hpa-gita-chapter-16-divine-vs-demoniac-qualities-for-the-formal-kernel.md	-
2278	PENDING	-	-	-	docs/knowledgeos/brainstorming/phase_measure_theory/knowledgeos_kernel/prompts/20260901-013244_step_286_hpa-gita-chapter-16-composed-kernel-internal-quality-control-behaviour.md	-
2279	PENDING	-	-	-	docs/knowledgeos/brainstorming/phase_measure_theory/knowledgeos_kernel/prompts/20260901-013804_step_286_refine-the-model-before-adding-chapters-buddhi-zero-qualify-purification.md	-
2280	PENDING	-	-	-	docs/knowledgeos/brainstorming/phase_measure_theory/knowledgeos_kernel/prompts/20260901-014043_step_286_refine-the-model-before-adding-chapters-duplicate.md	-
2281	PENDING	-	-	-	docs/knowledgeos/brainstorming/phase_measure_theory/knowledgeos_kernel/prompts/20260901-014309_step_286_hpa-gita-chapter-17-reread-with-the-chapters-06-16-model.md	-
2282	PENDING	-	-	-	docs/knowledgeos/brainstorming/phase_measure_theory/knowledgeos_kernel/prompts/20260901-014348_step_286_guna-as-a-mode-state-model-not-gita-metaphysics.md	-
2283	PENDING	-	-	-	docs/knowledgeos/brainstorming/phase_measure_theory/knowledgeos_kernel/prompts/20260901-014632_step_286_gita-chapter-18-as-the-final-chapter-read-against-the-built-model.md	-
2284	PENDING	-	-	-	docs/knowledgeos/brainstorming/phase_measure_theory/knowledgeos_kernel/prompts/20260901-014910_step_286_gita-chapter-05-reread-clarifies-implicit-kernel-mechanisms.md	-
2285	PENDING	-	-	-	docs/knowledgeos/brainstorming/phase_measure_theory/knowledgeos_kernel/prompts/20260901-015335_step_286_kernel-simulation-across-epistemic-situations-coherence-test.md	-
2286	PENDING	-	-	-	docs/knowledgeos/brainstorming/phase_measure_theory/knowledgeos_kernel/prompts/20260901-015547_step_286_hpa-gita-chapter-04-transformation-doubt-resolution-knowledge-to-action.md	-
2287	PENDING	-	-	-	docs/knowledgeos/brainstorming/phase_measure_theory/knowledgeos_kernel/prompts/20260901-015751_step_286_hpa-gita-chapter-03-karma-yoga-mechanisms-for-constructing-and-simulating-the-kernel.md	-
2288	PENDING	-	-	-	docs/knowledgeos/brainstorming/phase_measure_theory/knowledgeos_kernel/prompts/20260901-020054_step_286_hpa-gita-chapter-02-read-against-the-accumulated-model.md	-
2289	PENDING	-	-	-	docs/knowledgeos/brainstorming/phase_measure_theory/knowledgeos_kernel/prompts/20260901-020435_step_286_hpa-gita-chapter-02-refinement-not-merely-another-feature.md	-
2290	PENDING	-	-	-	docs/knowledgeos/brainstorming/phase_measure_theory/knowledgeos_kernel/prompts/20260901-020447_step_286_hpa-gita-chapter-02-as-a-kernel-level-refinement.md	-
2291	PENDING	-	-	-	docs/knowledgeos/brainstorming/phase_measure_theory/knowledgeos_kernel/prompts/20260901-020820_step_286_hpa-gita-chapter-01-kernel-pathological-state-and-failure-modes.md	-
2292	PENDING	-	-	-	docs/knowledgeos/brainstorming/phase_measure_theory/knowledgeos_kernel/prompts/20260901-021003_step_286_hpa-gita-chapter-01-as-the-opening-pathological-state-of-the-kernel.md	-
2293	PENDING	-	-	-	docs/knowledgeos/brainstorming/phase_measure_theory/knowledgeos_kernel/prompts/20260901-021321_step_286_gita-lens-model-of-knowledgeos-synthesis-of-chapters-01-18.md	-
2294	PENDING	-	-	-	docs/knowledgeos/brainstorming/phase_measure_theory/knowledgeos_kernel/prompts/20260901-021752_step_286_all-18-chapters-as-one-corpus-formal-kernel-model-under-285-287-discipline.md	-
2295	PENDING	-	-	-	docs/knowledgeos/brainstorming/phase_measure_theory/knowledgeos_kernel/prompts/20260901-021906_step_286_kernel-state-stays-at-the-eight-ratified-primitives-gita-as-lens-only.md	-
2296	PENDING	-	-	-	docs/knowledgeos/brainstorming/phase_measure_theory/knowledgeos_kernel/prompts/20260901-022150_step_286_kernel-state-at-eight-primitives-duplicate.md	-
2297	PENDING	-	-	-	docs/knowledgeos/brainstorming/phase_measure_theory/knowledgeos_kernel/prompts/20260901-022227_step_286_eight-primitives-are-a-state-vocabulary-not-eight-equal-fields.md	-
2298	PENDING	-	-	-	docs/knowledgeos/brainstorming/phase_measure_theory/knowledgeos_kernel/prompts/20260901-022425_step_286_operators-must-be-well-typed-and-invariant-preserving-not-analogy-driven.md	-
2299	PENDING	-	-	-	docs/knowledgeos/brainstorming/phase_measure_theory/knowledgeos_kernel/prompts/20260901-022709_step_286_knowledge-space-vs-knowledge-state-vs-kernel-transformation.md	-
2300	PENDING	-	-	-	docs/knowledgeos/brainstorming/phase_measure_theory/knowledgeos_kernel/prompts/20260901-023023_step_286_stop-adding-philosophy-start-systematic-operator-discovery.md	-
2301	PENDING	-	-	-	docs/knowledgeos/brainstorming/phase_measure_theory/knowledgeos_kernel/prompts/20260901-023201_step_286_rewrite-the-model-it-jumps-to-a-kernel-before-steps-287-290-permit.md	-
2302	PENDING	-	-	-	docs/knowledgeos/brainstorming/phase_measure_theory/knowledgeos_kernel/prompts/20260901-023405_step_286_refinement-separate-established-from-gita-derived-against-steps-287-290.md	-
2303	PENDING	-	-	-	docs/knowledgeos/brainstorming/phase_measure_theory/ChatGPT Image 1. Sept. 2026, 02_37_26.png	-
2304	PENDING	-	-	-	docs/knowledgeos/brainstorming/phase_measure_theory/knowledgeos_kernel/prompts/20260901-024047_step_286_c4-views-for-the-refined-knowledgeos-model-kernel-as-a-c2-container.md	-
2305	PENDING	-	-	-	docs/knowledgeos/brainstorming/phase_measure_theory/knowledgeos_kernel/prompts/20260901-024209_step_286_continue-into-the-operations-programme-with-the-289-290-boundary.md	-
2306	PENDING	-	-	-	docs/knowledgeos/brainstorming/phase_measure_theory/knowledgeos_kernel/prompts/20260901-024558_step_286_reconstruct-the-complete-gita-model-then-resolve-missing-concepts.md	-
2307	PENDING	-	-	-	docs/knowledgeos/brainstorming/phase_measure_theory/knowledgeos_kernel/prompts/20260901-024659_step_286_hpa-direction-assessment-revised-gita-model-observation-first-breakthrough.md	-
2308	PENDING	-	-	-	docs/knowledgeos/brainstorming/phase_measure_theory/knowledgeos_kernel/prompts/20260901-024940_step_286_reviewer-does-not-approve-the-hpa-assessment-overreach-and-sequencing-contradiction.md	-
2309	PENDING	-	-	-	docs/knowledgeos/brainstorming/phase_measure_theory/knowledgeos_kernel/prompts/20260901-025223_step_286_change-the-mathematical-foundation-subset-model-cannot-express-dimension-change.md	-
2310	PENDING	-	-	-	docs/knowledgeos/brainstorming/phase_measure_theory/knowledgeos_kernel/prompts/20260901-025251_step_290_proposed-as-operation-semantics-research-step-collides-with-n1-adjudication.md	-
2311	PENDING	-	-	-	docs/knowledgeos/brainstorming/phase_measure_theory/knowledgeos_kernel/prompts/20260901-025500_step_286_change-the-mathematical-foundation-duplicate.md	-
2312	PENDING	-	-	-	docs/knowledgeos/brainstorming/phase_measure_theory/knowledgeos_kernel/prompts/20260901-025542_step_286_controlled-mathematical-and-ddd-refinement-mandate-for-the-evolving-dimensional-model.md	-
2313	PENDING	-	-	-	docs/knowledgeos/brainstorming/phase_measure_theory/knowledgeos_kernel/prompts/20260901-025719_step_286_controlled-refinement-mandate-duplicate.md	-
2314	PENDING	-	-	-	docs/knowledgeos/brainstorming/phase_measure_theory/20260901_0927_mathematical_theory_gita_inspired_knowelge-os-model.md	-
2315	PENDING	-	-	-	docs/knowledgeos/brainstorming/phase_measure_theory/knowledgeos_kernel/prompts/20260901-093906_step_286_topological-lens-for-knowledge-structure-connection-separation.md	-
2316	PENDING	-	-	-	docs/knowledgeos/brainstorming/phase_measure_theory/knowledgeos_kernel/prompts/20260901-094230_step_286_undefined-concepts-under-the-topological-infinite-dimensional-statistical-ddd-direction.md	-
2317	PENDING	-	-	-	docs/knowledgeos/brainstorming/phase_measure_theory/knowledgeos_kernel/prompts/20260901-094759_step_286_a-plausible-path-to-a-theoretical-breakthrough-carefully-defined.md	-
2318	PENDING	-	-	-	docs/knowledgeos/brainstorming/phase_measure_theory/knowledgeos_kernel/prompts/20260901-095800_step_286_working-hypothesis-knowledge-space-inside-a-probability-space.md	-
2319	PENDING	-	-	-	docs/knowledgeos/brainstorming/phase_measure_theory/knowledgeos_kernel/prompts/20260901-111523_step_286_independent-research-line-appears-to-have-arrived-at-the-same-result.md	-
2320	PENDING	-	-	-	docs/knowledgeos/brainstorming/files_to_read_one_by_one.log	-
0166	DONE	g	developing	medium	docs/knowledgeos/brainstorming/kernel/20260823-230117-chinese-philosophical-lenses-value-assessment-for-kernel-finding.md	PRIMARY
0167	DONE	c1	developing	critical	docs/knowledgeos/brainstorming/kernel/20260823-232146-adr-kos-kernel-001-kernel-scope-and-boundary-proposal.md	PRIMARY
0168	DONE	c1	developing	high	docs/knowledgeos/brainstorming/kernel/20260823-232815-kimi-adversarial-stress-test-compared-with-deepseek-and-perplexity.md	PRIMARY
0169	DONE	c1	developing	high	docs/knowledgeos/brainstorming/kernel/20260823-233040-research-commission-chinese-philosophical-lenses-for-knowledge-kernel.md	PRIMARY
0170	DONE	c1	developing	high	docs/knowledgeos/brainstorming/kernel/20260823-234750-tarka-sangraha-nyaya-lens-nine-attack-families-for-kernel.md	PRIMARY
0171	DONE	c1	developing	high	docs/knowledgeos/brainstorming/kernel/20260823-235306-williamson-knowledge-and-its-limits-extraction.md	PRIMARY
0172	DONE	c1	developing	high	docs/knowledgeos/brainstorming/kernel/20260823-235825-audi-epistemology-three-kinds-of-grounding-extraction.md	PRIMARY
0173	DONE	c1	developing	critical	docs/knowledgeos/brainstorming/kernel/20260824-000400-shieber-external-epistemic-lens-knowledge-is-not-one-thing.md	PRIMARY
0174	DONE	c1	developing	critical	docs/knowledgeos/brainstorming/kernel/20260824-001005-critical-thinking-source-inquiry-and-question-primitive.md	PRIMARY
0175	DONE	c1	developing	medium	docs/knowledgeos/brainstorming/kernel/20260824-001108-knowledge-kernel-philosophical-lenses-integration-chinese-tarka-audi.md	PRIMARY
0176	DONE	c1	developing	critical	docs/knowledgeos/brainstorming/kernel/20260824-001634-decision-power-model-aims-information-evaluation-decision.md	PRIMARY
0177	DONE	c1	developing	high	docs/knowledgeos/brainstorming/kernel/20260824-002008-nyaya-sutra-lenses-critical-extraction.md	PRIMARY
0178	DONE	c1	developing	high	docs/knowledgeos/brainstorming/kernel/20260824-002503-quine-word-and-object-stress-test-of-multi-lens-method.md	PRIMARY
0179	DONE	c1	developing	high	docs/knowledgeos/brainstorming/kernel/20260824-002740-tractatus-logico-philosophicus-lenses-for-kernel.md	PRIMARY
0180	DONE	c1	developing	critical	docs/knowledgeos/brainstorming/kernel/20260824-003307-managing-memory-for-ai-agents-agent-memory-is-not-knowledgeos.md	PRIMARY
0181	DONE	c1	developing	low	docs/knowledgeos/brainstorming/kernel/20260824-004125-managing-memory-for-ai-agents-agent-memory-is-not-knowledgeos-duplicate.md	PRIMARY
0182	DONE	c1	developing	critical	docs/knowledgeos/brainstorming/kernel/20260824-004343-review-of-deepseek-tractatus-extraction-entity-claim-status-distinction.md	PRIMARY
0183	DONE	c1	developing	high	docs/knowledgeos/brainstorming/kernel/20260824-005129-inquiry-and-question-layer-refinement.md	PRIMARY
0184	DONE	c1	developing	high	docs/knowledgeos/brainstorming/kernel/20260824-005427-cavell-must-we-mean-what-we-say-knowing-versus-acknowledging.md	PRIMARY
0185	DONE	c1	developing	critical	docs/knowledgeos/brainstorming/kernel/20260824-005813-davidson-lens-interpretation-must-not-become-admission-reaktion-2.md	PRIMARY
0186	DONE	c1	developing	high	docs/knowledgeos/brainstorming/kernel/20260824-005850-davidson-lens-truth-interpretation-and-epistemic-accountability.md	PRIMARY
0187	DONE	c1	developing	critical	docs/knowledgeos/brainstorming/kernel/20260824-010352-brainstorming-phase-closure-recommendation-and-synthesis-dossier.md	PRIMARY
0188	DONE	c1	developing	critical	docs/knowledgeos/brainstorming/kernel/20260824-010419-knowledgeos-multi-lens-brainstorming-synthesis-dossier.md	PRIMARY
0189	DONE	c1	developing	low	docs/knowledgeos/brainstorming/kernel/20260824-010504-knowledgeos-multi-lens-brainstorming-synthesis-dossier.docx	PRIMARY
0190	DONE	c1	developing	low	docs/knowledgeos/brainstorming/kernel/20260824-010537-knowledgeos-multi-lens-brainstorming-synthesis-dossier-duplicate.md	PRIMARY
0191	DONE	c1	developing	critical	docs/knowledgeos/brainstorming/kernel/20260824-010840-research-extraction-agent-prompt-for-book-knowledge-extraction.md	PRIMARY
0192	DONE	c1	developing	high	docs/knowledgeos/brainstorming/20260824-011536-quine-review-assessment-eight-findings-for-kernel-work.md	PRIMARY
0193	DONE	c1	developing	high	docs/knowledgeos/brainstorming/kernel/20260824-013116-logitica-extraction-preserve-reasoning-structure-not-solutions.md	PRIMARY
0194	DONE	c1	developing	critical	docs/knowledgeos/brainstorming/kernel/20260824-013721-philosophy-of-complex-systems-situated-model-mediated-knowledge.md	PRIMARY
0195	DONE	c1	developing	critical	docs/knowledgeos/brainstorming/kernel/20260824-014614-chalmers-conscious-mind-conceptual-distinction-before-functional-modeling.md	PRIMARY
0196	DONE	c1	developing	critical	docs/knowledgeos/brainstorming/kernel/20260824-020611-wave-1-kernel-extent-versus-contents-adjudication-status.md	PRIMARY
0197	DONE	c1	developing	medium	docs/knowledgeos/brainstorming/kernel/20260824-020936-chalmers-conscious-mind-research-extraction-protocol-rerun.md	PRIMARY
0198	DONE	c1	developing	low	docs/knowledgeos/brainstorming/kernel/20260824-021011-chalmers-conscious-mind-research-extraction-protocol-rerun-duplicate.md	PRIMARY
0199	DONE	c1	developing	high	docs/knowledgeos/brainstorming/kernel/20260824-021526-williamson-modal-logic-as-metaphysics-extraction.md	PRIMARY
0200	DONE	c1	developing	critical	docs/knowledgeos/brainstorming/kernel/20260824-022039-research-direction-formal-model-before-technical-scenario-testing.md	PRIMARY
0201	DONE	c1	developing	high	docs/knowledgeos/brainstorming/kernel/20260824-023136-nyaya-vaisesika-indian-logic-and-atomism-extraction.md	PRIMARY
0202	DONE	c1	developing	critical	docs/knowledgeos/brainstorming/kernel/20260824-024119-architecture-patterns-with-python-technical-pattern-set-extraction.md	PRIMARY
0203	DONE	c1	developing	critical	docs/knowledgeos/brainstorming/kernel/20260824-024726-rag-as-controlled-knowledge-access-layer-not-knowledge-model.md	PRIMARY
0204	DONE	c1	developing	high	docs/knowledgeos/brainstorming/kernel/20260824-025232-human-ai-collaboration-layer-outside-the-kernel.md	PRIMARY
0205	DONE	c1	developing	high	docs/knowledgeos/brainstorming/kernel/20260824-030300-freedman-statistical-models-no-inference-without-explicit-basis.md	PRIMARY
0206	DONE	c1	developing	critical	docs/knowledgeos/brainstorming/kernel/20260824-032208-pattern-recognition-twelve-knowledgeos-statistical-techniques.md	PRIMARY
0207	DONE	c1	developing	critical	docs/knowledgeos/brainstorming/kernel/20260824-032219-eks-current-architecture-baseline-reconstruction.md	PRIMARY
0208	DONE	c1	developing	critical	docs/knowledgeos/brainstorming/kernel/20260824-032635-causal-inference-what-if-association-versus-intervention.md	PRIMARY
0209	DONE	c1	developing	critical	docs/knowledgeos/brainstorming/kernel/20260824-032927-causal-inference-through-zero-ddd-and-wisdom-lenses.md	PRIMARY
0210	DONE	c1	developing	critical	docs/knowledgeos/brainstorming/kernel/20260824-033419-book-of-evidence-evidence-acquisition-is-its-own-domain.md	PRIMARY
0211	DONE	c1	developing	critical	docs/knowledgeos/brainstorming/kernel/20260824-033614-zero-and-chinese-lenses-on-minimum-structure-before-evidence.md	PRIMARY
0212	DONE	c1	developing	critical	docs/knowledgeos/brainstorming/kernel/20260824-094406-chivers-everything-is-predictable-uncertainty-and-belief-revision.md	PRIMARY
0213	DONE	c1	developing	critical	docs/knowledgeos/brainstorming/kernel/20260824-094545-seven-pillars-of-statistical-wisdom-lenses-for-kernel.md	PRIMARY
0214	DONE	c1	developing	critical	docs/knowledgeos/brainstorming/kernel/20260824-094638-daoist-ziran-challenge-to-the-kernel-identity-invariant.md	PRIMARY
0215	DONE	c1	developing	critical	docs/knowledgeos/brainstorming/kernel/20260824-111102-stigler-seven-pillars-observations-into-defensible-knowledge.md	PRIMARY
0216	DONE	c1	developing	critical	docs/knowledgeos/brainstorming/kernel/20260824-111317-knowledgeos-epistemic-architecture-synthesis-ddd-consolidation.md	PRIMARY
0217	DONE	c1	developing	low	docs/knowledgeos/brainstorming/kernel/20260824-111611-knowledgeos-epistemic-architecture-synthesis-ddd-consolidation-duplicate.md	PRIMARY
0218	DONE	c1	developing	medium	docs/knowledgeos/brainstorming/kernel/20260824-111730-knowledge-aggregate-too-large-correction-and-synthesis-handover.md	PRIMARY
0219	DONE	g1	developing	critical	docs/knowledgeos/brainstorming/kernel/20260824-112051-knowledge-kernel-architecture-integrative-summary-seven-works.md	PRIMARY
0220	DONE	g1	developing	low	docs/knowledgeos/brainstorming/kernel/20260824-113404-knowledge-kernel-architecture-integrative-summary-seven-works-duplicate.md	PRIMARY
0221	DONE	g1	developing	critical	docs/knowledgeos/brainstorming/kernel/20260824-115021-ammerman-singer-belief-knowledge-and-truth-anthology-extraction.md	PRIMARY
0222	DONE	g1	developing	critical	docs/knowledgeos/brainstorming/kernel/20260824-120203-shieber-theories-of-knowledge-what-must-stay-outside-the-kernel.md	PRIMARY
0223	DONE	c1	developing	critical	docs/knowledgeos/brainstorming/kernel/20260824-121835-rescorla-bayesian-models-of-the-mind-pluggable-reasoning-mechanisms.md	PRIMARY
0224	DONE	c1	developing	critical	docs/knowledgeos/brainstorming/kernel/20260824-122855-mathematical-modelling-typed-mathematical-epistemic-model.md	PRIMARY
0225	DONE	c1	developing	critical	docs/knowledgeos/brainstorming/kernel/20260824-124529-hidden-semi-markov-models-hidden-epistemic-state-layer.md	PRIMARY
0226	DONE	c1	developing	critical	docs/knowledgeos/brainstorming/kernel/20260824-131125-hybrid-evidence-gated-temporal-inference-architecture.md	PRIMARY
0227	DONE	c1	developing	critical	docs/knowledgeos/brainstorming/kernel/20260824-135335-kernel-as-ai-efficiency-adaptive-inference-use-case.md	PRIMARY
0228	DONE	c1	developing	critical	docs/knowledgeos/brainstorming/kernel/20260824-140348-statistical-learning-first-pass-ddd-assessment-of-reasoning-patterns.md	PRIMARY
0229	DONE	g1	developing	critical	docs/knowledgeos/brainstorming/kernel/20260824-140628-zero-and-leonardo-lenses-on-the-adaptive-inference-kernel.md	PRIMARY
0230	DONE	c1	developing	critical	docs/knowledgeos/brainstorming/kernel/20260824-141231-bishop-prml-adaptive-inference-fabric-beyond-hmm-hsmm-hybrid.md	PRIMARY
0231	DONE	c1	developing	high	docs/knowledgeos/brainstorming/kernel/20260824-141924-elements-of-statistical-learning-source-versus-interpretation.md	PRIMARY
0232	DONE	c1	developing	high	docs/knowledgeos/brainstorming/kernel/20260824-142630-session-handover-package-for-book-extraction-and-ddd-analysis.md	PRIMARY
0233	DONE	c1	developing	high	docs/knowledgeos/brainstorming/kernel/20260824-142848-astrom-stochastic-control-theory-initial-assessment.md	PRIMARY
0234	DONE	c1	developing	medium	docs/knowledgeos/brainstorming/kernel/20260824-145220-ten-statistical-capability-families-for-knowledge-state-assessment.md	PRIMARY
0235	DONE	c1	developing	critical	docs/knowledgeos/brainstorming/20260824-145631-topological-extraction-of-astrom-stochastic-control-theory-duplicate.md	PRIMARY
0236	DONE	c1	developing	low	docs/knowledgeos/brainstorming/kernel/20260824-151311-topological-extraction-of-astrom-stochastic-control-theory.md	PRIMARY
0237	DONE	g1	developing	high	docs/knowledgeos/brainstorming/kernel/20260824-151337-sankshipt-ganit-shabdkosh-multi-lens-extraction-knowledge-ontology.md	PRIMARY
0238	DONE	g1	developing	high	docs/knowledgeos/brainstorming/kernel/20260824-151951-sanskrit-paninian-lens-as-semantic-instrument-not-fifth-arb-lens.md	PRIMARY
0239	DONE	g1	developing	medium	docs/knowledgeos/brainstorming/kernel/20260824-152254-swar-gyan-orthographic-decomposition-pipeline-for-dhatu-extraction.md	PRIMARY
0240	DONE	g1	developing	medium	docs/knowledgeos/brainstorming/kernel/20260824-152415-zero-lens-definition-structure-recoverable-from-source-alone.md	PRIMARY
0241	DONE	g1	developing	medium	docs/knowledgeos/brainstorming/kernel/20260824-152751-solution-mindset-decomposition-of-problem-solving-operations.md	PRIMARY
0242	DONE	c1	developing	high	docs/knowledgeos/brainstorming/kernel/20260824-152955-statistical-learning-as-quantitative-companion-to-solution-mindset.md	PRIMARY
0243	DONE	c1	developing	high	docs/knowledgeos/brainstorming/kernel/20260824-153124-prml-probabilistic-representation-of-hidden-structure.md	PRIMARY
0244	DONE	c1	developing	critical	docs/knowledgeos/brainstorming/kernel/20260824-154254-inverse-approach-define-not-knowledge-and-infer-residual-structure.md	PRIMARY
0245	DONE	c1	developing	critical	docs/knowledgeos/brainstorming/kernel/20260824-154256-fraser-hidden-markov-models-and-dynamical-systems-extraction.md	PRIMARY
0246	DONE	c1	developing	low	docs/knowledgeos/brainstorming/kernel/20260824-155130-fraser-hidden-markov-models-and-dynamical-systems-extraction-duplicate.md	PRIMARY
0247	DONE	c1	developing	critical	docs/knowledgeos/brainstorming/kernel/20260824-160023-knowledge-as-measurable-construct-not-true-information.md	PRIMARY
0248	DONE	c1	developing	low	docs/knowledgeos/brainstorming/kernel/20260824-160339-knowledge-as-measurable-construct-not-true-information-duplicate.md	PRIMARY
0249	DONE	c1	developing	medium	docs/knowledgeos/brainstorming/kernel/20260824-160637-knowledge-as-a-continuously-changing-body-of-facts.md	PRIMARY
0250	DONE	c1	developing	low	docs/knowledgeos/brainstorming/kernel/20260824-160645-knowledge-as-a-continuously-changing-body-of-facts-duplicate.md	PRIMARY
0251	DONE	c1	developing	high	docs/knowledgeos/brainstorming/kernel/20260824-160927-paul-elder-elements-of-thought-as-knowledge-state-extraction.md	PRIMARY
0252	DONE	g1	developing	critical	docs/knowledgeos/brainstorming/kernel/20260824-161931-consciousness-model-refined-multi-lens-not-a-vertical-stack.md	PRIMARY
0253	DONE	g1	developing	high	docs/knowledgeos/brainstorming/kernel/20260824-162039-consciousness-architecture-as-analogy-for-knowledge-layers.md	PRIMARY
0254	DONE	c1	developing	critical	docs/knowledgeos/brainstorming/kernel/20260824-163046-godel-escher-bach-extraction-knowledge-emerges-between-levels.md	PRIMARY
0255	DONE	g1	developing	critical	docs/knowledgeos/brainstorming/kernel/20260824-163920-nasadiya-sukta-and-geb-convergence-on-pre-differentiated-levels.md	PRIMARY
0256	DONE	g1	developing	low	docs/knowledgeos/brainstorming/kernel/20260824-163922-source-article-concept-of-time-in-vedas-and-quantum-physics.md	PRIMARY
0257	DONE	g1	developing	critical	docs/knowledgeos/brainstorming/kernel/20260824-164328-pramana-as-epistemic-acquisition-layer-and-claim-provenance.md	PRIMARY
0258	DONE	g1	developing	critical	docs/knowledgeos/brainstorming/kernel/20260824-164447-scientific-attitude-four-properties-as-knowledge-candidate-rules.md	PRIMARY
0259	DONE	g1	developing	critical	docs/knowledgeos/brainstorming/kernel/20260824-164653-catuskoti-logic-lens-truth-need-not-be-binary.md	PRIMARY
0260	DONE	g1	developing	critical	docs/knowledgeos/brainstorming/kernel/20260824-164746-cosmology-article-worlds-perspectives-processes-and-transitions.md	PRIMARY
0261	DONE	g1	developing	critical	docs/knowledgeos/brainstorming/kernel/20260824-164817-cosmological-world-model-lens-for-knowledge-claims.md	PRIMARY
0262	DONE	g1	developing	critical	docs/knowledgeos/brainstorming/kernel/20260824-165411-eschatology-lens-terminal-state-and-transformation-model.md	PRIMARY
0263	DONE	c1	developing	critical	docs/knowledgeos/brainstorming/kernel/20260824-165635-catuskoti-four-valued-epistemic-status-logic-layer-tightening.md	PRIMARY
0264	DONE	g1	developing	critical	docs/knowledgeos/brainstorming/kernel/20260824-171203-tractatus-centenary-edition-reality-to-knowledge-claim-chain.md	PRIMARY
0265	DONE	c1	developing	critical	docs/knowledgeos/brainstorming/kernel/20260825-101801-shannon-weaver-information-is-not-meaning-is-not-knowledge.md	PRIMARY
0266	DONE	c1	developing	critical	docs/knowledgeos/brainstorming/kernel/20260825-103542-principal-architect-review-bounded-dynamic-knowledge-model.md	PRIMARY
0267	DONE	c1	developing	critical	docs/knowledgeos/brainstorming/kernel/20260825-110525-plantuml-model-knowledge-space-language-questions-and-evaluation.md	PRIMARY
0268	DONE	c1	developing	critical	docs/knowledgeos/brainstorming/kernel/20260825-111545-what-are-we-actually-building-when-we-say-knowledgeos.md	PRIMARY
0269	DONE	c1	developing	critical	docs/knowledgeos/brainstorming/kernel/20260825-113243-preservation-unit-versus-consistency-boundary-do-not-freeze-assertion-aggregate.md	PRIMARY
0270	DONE	c1	developing	critical	docs/knowledgeos/brainstorming/kernel/20260825-113718-merricks-objects-and-persons-useful-concept-is-not-fundamental-object.md	PRIMARY
0271	DONE	c1	developing	critical	docs/knowledgeos/brainstorming/kernel/20260825-113938-ontological-reduction-and-non-redundancy-model-research-direction.md	PRIMARY
0272	DONE	c1	developing	critical	docs/knowledgeos/brainstorming/kernel/20260825-114640-merricks-truth-and-ontology-truthmaker-thesis-rejected.md	PRIMARY
0273	DONE	c1	developing	critical	docs/knowledgeos/brainstorming/kernel/20260825-115235-mcginn-logical-properties-assessment-as-parallel-analytical-tool.md	PRIMARY
0274	DONE	c1	developing	critical	docs/knowledgeos/brainstorming/kernel/20260825-115604-oconnor-persons-and-causes-agency-and-causal-powers.md	PRIMARY
0275	DONE	c1	developing	critical	docs/knowledgeos/brainstorming/kernel/20260825-115932-information-theory-as-a-lens-for-knowledgeos.md	PRIMARY
0276	DONE	c1	developing	critical	docs/knowledgeos/brainstorming/kernel/20260825-120122-mcginn-logical-properties-as-structural-primitives-of-knowledge-space.md	PRIMARY
0277	DONE	c1	developing	critical	docs/knowledgeos/brainstorming/kernel/20260825-120319-information-theory-extracting-the-knowledge-space-architecture.md	PRIMARY
0278	DONE	c1	developing	critical	docs/knowledgeos/brainstorming/kernel/20260825-120514-zero-lens-on-mcginn-the-kernel-is-not-knowledge.md	PRIMARY
0279	DONE	c1	developing	critical	docs/knowledgeos/brainstorming/kernel/20260825-121403-recommended-next-research-set-before-freezing-knowledge-space-kernel.md	PRIMARY
0280	DONE	c1	developing	critical	docs/knowledgeos/brainstorming/kernel/20260825-122752-floridi-philosophy-of-information-levels-of-abstraction-extraction.md	PRIMARY
0281	DONE	c1	developing	critical	docs/knowledgeos/brainstorming/kernel/20260825-124325-dretske-knowledge-and-the-flow-of-information-initial-reading.md	PRIMARY
0282	DONE	c1	developing	critical	docs/knowledgeos/brainstorming/kernel/20260825-125708-fagin-halpern-reasoning-about-knowledge-formal-knowledge-space-model.md	PRIMARY
0283	DONE	c1	developing	critical	docs/knowledgeos/brainstorming/kernel/20260825-130339-critical-review-of-fagin-halpern-terminal-scrollback-partial.md	PRIMARY
0284	DONE	c1	developing	critical	docs/knowledgeos/brainstorming/kernel/20260825-130514-critical-review-of-fagin-halpern-extraction-and-research-direction.md	PRIMARY
0285	DONE	c1	developing	critical	docs/knowledgeos/brainstorming/kernel/20260825-130932-fagin-regime-not-kernel-acceptance-of-critique.md	PRIMARY
0286	DONE	c1	developing	critical	docs/knowledgeos/brainstorming/kernel/20260825-132329-fagin-chapters-verified-ascribed-versus-computable-knowledge.md	PRIMARY
0287	DONE	c1	developing	critical	docs/knowledgeos/brainstorming/kernel/20260825-133456-gardenfors-knowledge-in-flux-epistemic-state-as-primary-model.md	PRIMARY
0288	DONE	c1	developing	critical	docs/knowledgeos/brainstorming/kernel/20260825-135642-evolving-knowledge-space-imagination-additions-not-yet-architecture.md	PRIMARY
0289	DONE	c1	developing	critical	docs/knowledgeos/brainstorming/kernel/20260825-140251-per-agent-projection-divergence-without-divergent-reality.md	PRIMARY
0290	DONE	g1	duplicate	low	docs/knowledgeos/brainstorming/kernel/20260825-145918-per-agent-projection-divergence-without-divergent-reality-duplicate.md	DUPLICATE
0291	DONE	c1	duplicate	low	docs/knowledgeos/brainstorming/kernel/20260825-145948-shannon-weaver-information-is-not-meaning-is-not-knowledge-duplicate.md	DUPLICATE
0292	DONE	g1	duplicate	low	docs/knowledgeos/brainstorming/kernel/20260825-150010-consciousness-architecture-as-analogy-for-knowledge-layers-duplicate.md	DUPLICATE
0293	DONE	c1	developing	critical	docs/knowledgeos/brainstorming/kernel/20260825-155035-searle-construction-of-social-reality-institutional-layer.md	PRIMARY
0294	DONE	c1	developing	high	docs/knowledgeos/brainstorming/kernel/20260825-155510-knowledge-as-capacity-distinguished-from-information.md	PRIMARY
0304	EXCLUDED	EXCLUDED_SYNTHESIS	-	-	docs/knowledgeos/brainstorming/kernel/synthesis/identity/.gitkeep	-
0305	EXCLUDED	EXCLUDED_SYNTHESIS	-	-	docs/knowledgeos/brainstorming/kernel/synthesis/epistemic-state/.gitkeep	-
0306	EXCLUDED	EXCLUDED_SYNTHESIS	-	-	docs/knowledgeos/brainstorming/kernel/synthesis/evidence/.gitkeep	-
0307	EXCLUDED	EXCLUDED_SYNTHESIS	-	-	docs/knowledgeos/brainstorming/kernel/synthesis/boundary/.gitkeep	-
0308	EXCLUDED	EXCLUDED_FALSIFICATION	-	-	docs/knowledgeos/brainstorming/kernel/falsification/candidates/.gitkeep	-
0309	EXCLUDED	EXCLUDED_FALSIFICATION	-	-	docs/knowledgeos/brainstorming/kernel/falsification/attacks/.gitkeep	-
0310	EXCLUDED	EXCLUDED_FALSIFICATION	-	-	docs/knowledgeos/brainstorming/kernel/falsification/results/.gitkeep	-
0311	DONE	c1	developing	critical	docs/knowledgeos/brainstorming/kernel/classification/dependency-map.md	PRIMARY
0316	DONE	c1	developing	medium	docs/knowledgeos/brainstorming/kernel/classification/README.md	PRIMARY
0317	DONE	c1	developing	medium	docs/knowledgeos/brainstorming/kernel/corpus/README.md	PRIMARY
0318	DONE	c1	developing	medium	docs/knowledgeos/brainstorming/kernel/synthesis/README.md	PRIMARY
0319	DONE	c1	developing	medium	docs/knowledgeos/brainstorming/kernel/falsification/README.md	PRIMARY
0320	DONE	c1	developing	critical	docs/knowledgeos/brainstorming/kernel/20260825-162824-williamson-knowledge-as-primitive-stop-reductive-modelling.md	PRIMARY
0321	DONE	c1	developing	critical	docs/knowledgeos/brainstorming/kernel/20260825-163936-brandom-making-it-explicit-inferential-commitment-layer.md	PRIMARY
0322	DONE	c1	developing	critical	docs/knowledgeos/brainstorming/kernel/20260825-171008-gelfond-kahl-knowledge-representation-bounded-agent-test.md	PRIMARY
0323	DONE	c1	developing	critical	docs/knowledgeos/brainstorming/kernel/20260825-171853-c15-reframed-knowledge-at-a-time-in-evolving-knowledge-space.md	PRIMARY
0324	DONE	c1	developing	critical	docs/knowledgeos/brainstorming/kernel/20260825-172121-knowledge-element-versus-state-and-what-can-be-quantified.md	PRIMARY
0325	DONE	c1	developing	critical	docs/knowledgeos/brainstorming/kernel/20260825-180730-brachman-levesque-infinite-belief-finite-representation.md	PRIMARY
0326	DONE	c1	developing	high	docs/knowledgeos/brainstorming/kernel/20260825-180828-knowledge-as-discriminate-select-decide-capability.md	PRIMARY
0327	DONE	c1	developing	critical	docs/knowledgeos/brainstorming/kernel/20260825-181038-knowledge-measure-theory-v0-1-projection-as-measure.md	PRIMARY
0328	DONE	c1	developing	critical	docs/knowledgeos/brainstorming/kernel/20260825-181719-challenge-to-knowledge-measure-theory-projection-is-not-a-measure.md	PRIMARY
0329	DONE	c1	developing	critical	docs/knowledgeos/brainstorming/kernel/classification/cluster-map.md	PRIMARY
0331	DONE	c1	developing	critical	docs/knowledgeos/brainstorming/kernel/20260825-183652-critique-of-knowledge-measurement-theory-v0-2.md	PRIMARY
0332	DONE	c1	developing	critical	docs/knowledgeos/brainstorming/kernel/20260825-184234-roberts-measurement-theory-meaningfulness-and-scale-types.md	PRIMARY
0333	DONE	c1	developing	critical	docs/knowledgeos/brainstorming/kernel/20260825-184332-aggoun-elliott-measure-theory-and-filtering-verification.md	PRIMARY
0334	DONE	c1	developing	critical	docs/knowledgeos/brainstorming/kernel/20260825-184616-knowledge-is-not-conditional-expectation-correction.md	PRIMARY
0335	DONE	c1	developing	high	docs/knowledgeos/brainstorming/kernel/20260825-184755-six-category-errors-in-the-mathematical-synthesis.md	PRIMARY
0337	DONE	c1	developing	critical	docs/knowledgeos/brainstorming/kernel/20260825-190319-rejection-of-complete-mathematical-framework-claim.md	PRIMARY
0338	DONE	c1	developing	critical	docs/knowledgeos/brainstorming/kernel/refinement_phase/20260825-190639_much-better-than-the-previous-version.md	PRIMARY
0340	DONE	c1	developing	critical	docs/knowledgeos/brainstorming/kernel/20260825-192351-relational-logical-structure-as-core-mathematics-as-regimes.md	PRIMARY
0341	DONE	c1	developing	high	docs/knowledgeos/brainstorming/kernel/refinement_phase/20260825-192549_this-is-exactly-the-behaviour-we-want.md	PRIMARY
0342	DONE	c1	developing	critical	docs/knowledgeos/brainstorming/kernel/00_CENSUS.md	PRIMARY
0343	DONE	c1	developing	high	docs/knowledgeos/brainstorming/kernel/20260825-192931-critical-analysis-of-the-senior-mathematical-judgment.md	PRIMARY
0344	DONE	c1	developing	low	docs/knowledgeos/brainstorming/kernel/20260825-192948-relational-logical-structure-as-core-mathematics-as-regimes-duplicate.md	PRIMARY
0345	DONE	c1	developing	critical	docs/knowledgeos/brainstorming/kernel/classification/contradiction-map.md	PRIMARY
0347	DONE	c1	developing	high	docs/knowledgeos/brainstorming/phase_measure_theory/20260825-204244_where-to-concentrate-measure-theory-vs-knowledgeos-definition.md	PRIMARY
0348	DONE	c1	developing	critical	docs/knowledgeos/brainstorming/phase_measure_theory/20260825-210750_phase-1-redefinition-what-phase-1-should-accomplish.md	PRIMARY
0349	DONE	c1	developing	critical	docs/knowledgeos/brainstorming/phase_measure_theory/20260825-211612_where-to-concentrate-measure-theory-vs-knowledgeos-definition-expanded.md	PRIMARY
0350	DONE	c1	developing	critical	docs/knowledgeos/brainstorming/phase_measure_theory/20260825-214434_independent-research-programme-knowledgeos-as-brain-of-a-computer.md	PRIMARY
0351	DONE	c1	developing	critical	docs/knowledgeos/brainstorming/phase_measure_theory/20260825-214833_knowledge-is-probably-not-the-kernel-object.md	PRIMARY
0352	DONE	c1	developing	low	docs/knowledgeos/brainstorming/phase_measure_theory/20260825-215434_knowledge-is-probably-not-the-kernel-object-duplicate.md	PRIMARY
0353	DONE	c1	developing	critical	docs/knowledgeos/brainstorming/phase_measure_theory/20260825-215831_refusal-research-hypothesis-must-not-become-frozen-kernel-contract.md	PRIMARY
0354	DONE	c1	developing	critical	docs/knowledgeos/brainstorming/phase_measure_theory/20260825-220537_correctness-and-completeness-are-different.md	PRIMARY
0355	DONE	c1	developing	critical	docs/knowledgeos/brainstorming/phase_measure_theory/20260825-220941_the-tuple-is-reasonable-but-not-yet-proven.md	PRIMARY
0356	DONE	c1	developing	critical	docs/knowledgeos/brainstorming/phase_measure_theory/20260825-221301_next-research-direction-after-measure-theory.md	PRIMARY
0357	DONE	c1	developing	high	docs/knowledgeos/brainstorming/phase_measure_theory/20260825-222327_doignon-falmagne-knowledge-spaces-source-identified.md	PRIMARY
0358	DONE	c1	developing	critical	docs/knowledgeos/brainstorming/phase_measure_theory/20260825-222915_session-1-not-executing-continuously-process-observation.md	PRIMARY
0359	DONE	c1	developing	critical	docs/knowledgeos/brainstorming/phase_measure_theory/20260825-224434_how-can-an-acquired-knowledge-state-be-represented-mathematically.md	PRIMARY
0360	DONE	c1	developing	critical	docs/knowledgeos/brainstorming/phase_measure_theory/20260825-224907_research-extraction-knowledge-spaces-doignon-falmagne.md	PRIMARY
0361	DONE	c1	developing	high	docs/knowledgeos/brainstorming/phase_measure_theory/20260825-225609_knowledge-is-not-merely-an-entity.md	PRIMARY
0362	DONE	c1	developing	critical	docs/knowledgeos/brainstorming/phase_measure_theory/20260825-225949_knowledge-is-temporally-situated-and-potentially-evolving.md	PRIMARY
0363	DONE	c1	developing	critical	docs/knowledgeos/brainstorming/phase_measure_theory/20260825-230151_what-should-the-knowledgeos-kernel-contain.md	PRIMARY
0364	DONE	c1	developing	critical	docs/knowledgeos/brainstorming/phase_measure_theory/20260825-231022_probability-becomes-more-fundamental.md	PRIMARY
0365	DONE	c1	developing	critical	docs/knowledgeos/brainstorming/phase_measure_theory/20260825-231629_model-clarification-round.md	PRIMARY
0366	DONE	c1	developing	critical	docs/knowledgeos/brainstorming/phase_measure_theory/20260825-233107_knowledge-qualification-problem-research-framework.md	PRIMARY
0367	DONE	c1	developing	low	docs/knowledgeos/brainstorming/phase_measure_theory/20260825-233112_evidence-connects-observation-to-facts.md	PRIMARY
0368	DONE	c1	developing	high	docs/knowledgeos/brainstorming/phase_measure_theory/20260825-233525_justification-comes-from-predetermined-facts-and-rules.md	PRIMARY
0369	DONE	c1	developing	critical	docs/knowledgeos/brainstorming/phase_measure_theory/20260825-233821_logical-lens-round.md	PRIMARY
0370	DONE	c1	developing	critical	docs/knowledgeos/brainstorming/phase_measure_theory/20260825-233950_use-all-lenses-in-a-more-disciplined-mathematical-way.md	PRIMARY
0371	DONE	c1	developing	critical	docs/knowledgeos/brainstorming/phase_measure_theory/20260825-234405_extraction-retrieves-material-determination-establishes-warrant.md	PRIMARY
0372	DONE	c1	developing	critical	docs/knowledgeos/brainstorming/phase_measure_theory/20260825-234546_refinement-of-the-model.md	PRIMARY
0373	DONE	c1	developing	high	docs/knowledgeos/brainstorming/phase_measure_theory/20260825-234727_better-formulation-of-the-position.md	PRIMARY
0374	DONE	c1	developing	critical	docs/knowledgeos/brainstorming/phase_measure_theory/20260825-235105_important-correction-to-the-framework.md	PRIMARY
0375	DONE	c1	developing	critical	docs/knowledgeos/brainstorming/phase_measure_theory/20260825-235738_correction-to-the-synthesis-conclusion.md	PRIMARY
0376	DONE	c1	developing	critical	docs/knowledgeos/brainstorming/phase_measure_theory/20260825-235754_conditional-evidence-problem-research-synthesis.md	PRIMARY
0377	DONE	c1	developing	critical	docs/knowledgeos/brainstorming/phase_measure_theory/20260825-235804_kernel-problem-minimum-substrate-for-conditional-determination.md	PRIMARY
0378	DONE	c1	developing	critical	docs/knowledgeos/brainstorming/phase_measure_theory/20260825-235855_determination-is-the-missing-mathematical-object.md	PRIMARY
0379	DONE	c1	developing	low	docs/knowledgeos/brainstorming/phase_measure_theory/20260825-235913_kernel-problem-minimum-substrate-for-conditional-determination-duplicate.md	PRIMARY
0380	DONE	c1	developing	critical	docs/knowledgeos/brainstorming/phase_measure_theory/20260826-000209_conditional-evidence-and-reasoning-combine-v1.md	PRIMARY
0381	DONE	c1	developing	low	docs/knowledgeos/brainstorming/phase_measure_theory/20260826-000339_conditional-evidence-and-reasoning-combine-v2-expanded.md	PRIMARY
0382	DONE	c1	developing	high	docs/knowledgeos/brainstorming/phase_measure_theory/20260826-000501_business-example-of-the-conditional-problem.md	PRIMARY
0383	DONE	c1	developing	critical	docs/knowledgeos/brainstorming/phase_measure_theory/20260826-000839_major-clarification-of-the-model.md	PRIMARY
0384	DONE	c1	developing	critical	docs/knowledgeos/brainstorming/phase_measure_theory/20260826-001111_new-important-distinction-introduced.md	PRIMARY
0385	DONE	c1	developing	high	docs/knowledgeos/brainstorming/phase_measure_theory/20260826-001150_every-information-clarification.md	PRIMARY
0386	DONE	c1	developing	critical	docs/knowledgeos/brainstorming/phase_measure_theory/20260826-001700_example-exposes-flaw-in-the-previous-model.md	PRIMARY
0387	DONE	c1	developing	low	docs/knowledgeos/brainstorming/phase_measure_theory/20260826-002116_example-exposes-flaw-in-the-previous-model-duplicate.md	PRIMARY
0388	DONE	c1	developing	low	docs/knowledgeos/brainstorming/phase_measure_theory/20260826-002517_example-exposes-flaw-in-the-previous-model-duplicate-2-ideal-state.md	PRIMARY
0389	DONE	c1	developing	critical	docs/knowledgeos/brainstorming/phase_measure_theory/20260826-002828_very-important-refinement-of-the-model.md	PRIMARY
0390	DONE	c1	developing	critical	docs/knowledgeos/brainstorming/phase_measure_theory/20260826-002857_the-key-distinction.md	PRIMARY
0391	DONE	c1	developing	critical	docs/knowledgeos/brainstorming/phase_measure_theory/20260826-003242_where-we-started-model-challenge.md	PRIMARY
0392	DONE	c1	developing	critical	docs/knowledgeos/brainstorming/phase_measure_theory/20260826-004057_dimensions-facts-and-values-model-challenge-expanded.md	PRIMARY
0393	DONE	c1	developing	critical	docs/knowledgeos/brainstorming/phase_measure_theory/20260826-004302_important-correction-to-the-model.md	PRIMARY
0394	DONE	c1	developing	low	docs/knowledgeos/brainstorming/phase_measure_theory/20260826-005108_important-correction-to-the-model-duplicate.md	PRIMARY
0395	DONE	c1	developing	critical	docs/knowledgeos/brainstorming/phase_measure_theory/20260826-015913_conceptual-problems-solved-but-not-all.md	PRIMARY
0396	DONE	c1	developing	critical	docs/knowledgeos/brainstorming/phase_measure_theory/20260826-102307_important-correction-to-the-model-extended-full-thread.md	PRIMARY
0397	DONE	c1	developing	critical	docs/knowledgeos/brainstorming/phase_measure_theory/20260826-102337_most-important-correction-review-of-research-summary.md	PRIMARY
0398	DONE	c1	developing	critical	docs/knowledgeos/brainstorming/phase_measure_theory/20260826-102412_second-research-synthesis-fits-earlier-position.md	PRIMARY
0399	DONE	c1	developing	high	docs/knowledgeos/brainstorming/phase_measure_theory/20260826-102458_close-to-what-you-have-been-describing.md	PRIMARY
0400	DONE	c1	developing	critical	docs/knowledgeos/brainstorming/phase_measure_theory/20260826-103245_promising-direction-analysing-your-sentence.md	PRIMARY
0401	DONE	c1	developing	critical	docs/knowledgeos/brainstorming/phase_measure_theory/20260826-103249_sanskrit-grammar-lens-can-help-significantly.md	PRIMARY
0402	DONE	c1	developing	critical	docs/knowledgeos/brainstorming/phase_measure_theory/20260826-103508_a-dimension-is-an-aspect-along-which-a-state-is-characterized.md	PRIMARY
0403	DONE	c1	developing	critical	docs/knowledgeos/brainstorming/phase_measure_theory/20260826-103946_state-of-knowledge-depends-on-its-known-dimensions.md	PRIMARY
0404	DONE	c1	developing	low	docs/knowledgeos/brainstorming/phase_measure_theory/20260826-104002_state-of-knowledge-depends-on-its-known-dimensions-duplicate.md	PRIMARY
0405	DONE	c1	developing	critical	docs/knowledgeos/brainstorming/phase_measure_theory/20260826-105126_zero-lens-what-is-absent-undefined-unrepresented-assumed-away.md	PRIMARY
0406	DONE	c1	developing	moderate	docs/knowledgeos/brainstorming/phase_measure_theory/20260826-105229_research-synthesis-zero-lens-infinite-knowledge-space-mithya.md	PRIMARY
0407	DONE	g1	developing	important	docs/knowledgeos/brainstorming/phase_measure_theory/20260826-105641_zero-lens-analysis-of-ashtavakra-gita.md	PRIMARY
0408	DONE	c1	developing	critical	docs/knowledgeos/brainstorming/phase_measure_theory/20260826-105717_research-synthesis-quine-word-and-object-multi-lens.md	PRIMARY
0409	DONE	g1	developing	critical	docs/knowledgeos/brainstorming/phase_measure_theory/20260826-111026_metaphor-change-for-the-model.md	PRIMARY
0410	DONE	c1	developing	critical	docs/knowledgeos/brainstorming/phase_measure_theory/20260826-111721_research-synthesis-upanishads-as-lens-on-infinite-knowledge-space.md	PRIMARY
0411	DONE	c1	developing	critical	docs/knowledgeos/brainstorming/phase_measure_theory/20260826-112128_zero-lens-as-foundational-epistemic-and-architectural-lens.md	PRIMARY
0412	DONE	c1	developing	low	docs/knowledgeos/brainstorming/phase_measure_theory/20260826-112545_zero-lens-as-foundational-epistemic-and-architectural-lens-duplicate.md	PRIMARY
0413	DONE	c1	developing	critical	docs/knowledgeos/brainstorming/phase_measure_theory/20260826-113213_lord-lens-infinite-knowledge-space.md	PRIMARY
0414	DONE	g1	developing	critical	docs/knowledgeos/brainstorming/phase_measure_theory/20260826-114050_ganapati-atharvashirsha-reading.md	PRIMARY
0415	DONE	c1	developing	moderate	docs/knowledgeos/brainstorming/phase_measure_theory/20260826-114101_lord-lens-infinite-knowledge-space-and-knowledge-as-element.md	PRIMARY
0416	DONE	c1	developing	important	docs/knowledgeos/brainstorming/phase_measure_theory/20260826-114249_lord-lens-infinite-knowledge-space-revised-and-deepened.md	PRIMARY
0417	DONE	g1	developing	important	docs/knowledgeos/brainstorming/phase_measure_theory/20260826-114611_research-synthesis-universe-according-to-the-vedas-lord-and-zero-lens.md	PRIMARY
0418	DONE	c1	developing	critical	docs/knowledgeos/brainstorming/phase_measure_theory/20260826-114948_ganapati-atharvashirsha-synthesis-review.md	PRIMARY
0419	DONE	c1	developing	critical	docs/knowledgeos/brainstorming/phase_measure_theory/20260826-115711_what-exactly-is-the-ideal-state.md	PRIMARY
0420	DONE	c1	developing	important	docs/knowledgeos/brainstorming/phase_measure_theory/20260826-115757_research-synthesis-24-undefined-questions-path-forward.md	PRIMARY
0421	DONE	g1	developing	important	docs/knowledgeos/brainstorming/phase_measure_theory/20260826-121829_strategic-analysis-bhagavad-gita-as-lens-for-research-questions.md	PRIMARY
0422	DONE	c1	developing	low	docs/knowledgeos/brainstorming/phase_measure_theory/20260826-121909_lord-lens-infinite-knowledge-space-and-knowledge-as-element-duplicate.md	PRIMARY
0423	DONE	c1	developing	critical	docs/knowledgeos/brainstorming/phase_measure_theory/20260826-122156_most-important-discovery-of-the-round.md	PRIMARY
0424	DONE	c1	developing	critical	docs/knowledgeos/brainstorming/phase_measure_theory/20260826-122435_remaining-undefined-things-in-the-model.md	PRIMARY
0425	DONE	c1	developing	critical	docs/knowledgeos/brainstorming/phase_measure_theory/20260826-123719_cleaner-formulation-for-knowledgeos.md	PRIMARY
0426	DONE	c1	developing	low	docs/knowledgeos/brainstorming/phase_measure_theory/20260826-134120_using-the-gita-differently-from-an-ordinary-research-source.md	PRIMARY
0427	DONE	g1	developing	critical	docs/knowledgeos/brainstorming/phase_measure_theory/20260826-135515_gita-chapter-1-as-first-observation.md	PRIMARY
0428	DONE	g1	developing	low	docs/knowledgeos/brainstorming/phase_measure_theory/20260826-135525_gita-chapter-1-as-first-observation-variant.md	PRIMARY
0429	DONE	g1	developing	critical	docs/knowledgeos/brainstorming/phase_measure_theory/20260826-135936_strongest-architectural-mapping-so-far-chapter-01.md	PRIMARY
0430	DONE	g1	developing	critical	docs/knowledgeos/brainstorming/phase_measure_theory/20260826-140137_two-epistemic-layers-as-strong-architecture.md	PRIMARY
0431	DONE	c1	developing	critical	docs/knowledgeos/brainstorming/phase_measure_theory/20260826-142856_validating-and-formalizing-the-principles.md	PRIMARY
0432	DONE	c1	developing	low	docs/knowledgeos/brainstorming/phase_measure_theory/20260826-143046_validating-and-formalizing-the-principles-duplicate.md	PRIMARY
0433	DONE	c1	developing	critical	docs/knowledgeos/brainstorming/phase_measure_theory/20260826-143231_refining-the-krishna-lens.md	PRIMARY
0434	DONE	c1	developing	critical	docs/knowledgeos/brainstorming/phase_measure_theory/20260826-143500_masterful-synthesis-lord-lens-omega.md	PRIMARY
0435	DONE	g1	developing	critical	docs/knowledgeos/brainstorming/phase_measure_theory/20260826-144017_gita-chapter-2-reading.md	PRIMARY
0436	DONE	g1	developing	critical	docs/knowledgeos/brainstorming/phase_measure_theory/20260826-151225_rigorous-analysis-of-the-sanjaya-layer.md	PRIMARY
0437	DONE	g1	developing	low	docs/knowledgeos/brainstorming/phase_measure_theory/20260826-151244_second-correction-sarathi-does-not-own-the-frame.md	PRIMARY
0438	DONE	g1	developing	important	docs/knowledgeos/brainstorming/phase_measure_theory/20260826-151534_right-architectural-interpretation-now.md	PRIMARY
0439	DONE	c1	developing	critical	docs/knowledgeos/brainstorming/phase_measure_theory/20260826-152140_zero-reveals-relevant-is-still-undefined.md	PRIMARY
0440	DONE	c1	developing	important	docs/knowledgeos/brainstorming/phase_measure_theory/20260826-155127_zero-findings-formal-summary.md	PRIMARY
0441	DONE	g1	developing	critical	docs/knowledgeos/brainstorming/phase_measure_theory/20260826-155403_krishna-lens.md	PRIMARY
0442	DONE	g1	developing	low	docs/knowledgeos/brainstorming/phase_measure_theory/20260826-155520_krishna-lens-duplicate.md	PRIMARY
0443	DONE	g1	developing	critical	docs/knowledgeos/brainstorming/phase_measure_theory/20260826-160024_the-human-knower-cleaner-formulation.md	PRIMARY
0444	DONE	g1	developing	low	docs/knowledgeos/brainstorming/phase_measure_theory/20260826-160322_core-architecture-lord-krishna-knowledgeos-human-knower.md	PRIMARY
0445	DONE	c1	developing	critical	docs/knowledgeos/brainstorming/phase_measure_theory/20260826-160657_what-we-have-solved-and-what-remains.md	PRIMARY
0446	DONE	c1	developing	critical	docs/knowledgeos/brainstorming/phase_measure_theory/20260826-161035_start-with-the-underlying-reality.md	PRIMARY
0447	DONE	c1	developing	important	docs/knowledgeos/brainstorming/phase_measure_theory/20260826-161309_knowledgeos-a-mathematical-architecture-for-epistemic-systems.md	PRIMARY
0448	DONE	c1	developing	low	docs/knowledgeos/brainstorming/phase_measure_theory/20260826-161551_knowledgeos-a-mathematical-architecture-for-epistemic-systems-duplicate.md	PRIMARY
0449	DONE	c1	developing	critical	docs/knowledgeos/brainstorming/phase_measure_theory/20260826-162358_proposed-order-of-investigation.md	PRIMARY
0450	DONE	c1	developing	critical	docs/knowledgeos/brainstorming/phase_measure_theory/20260826-162527_phase-1-what-is-being-observed.md	PRIMARY
0451	DONE	g1	developing	critical	docs/knowledgeos/brainstorming/phase_measure_theory/20260826-163610_arjuna-as-observer-a-knowledgeos-analysis.md	PRIMARY
0452	DONE	c1	developing	critical	docs/knowledgeos/brainstorming/phase_measure_theory/20260826-163735_the-investigation-is-progressive.md	PRIMARY
0453	DONE	c1	developing	critical	docs/knowledgeos/brainstorming/phase_measure_theory/20260826-164123_what-zero-does-does-zero-belong-to-knowledgeos.md	PRIMARY
0454	DONE	c1	developing	critical	docs/knowledgeos/brainstorming/phase_measure_theory/20260826-165743_question-2-what-is-a-dimension.md	PRIMARY
0455	DONE	c1	developing	critical	docs/knowledgeos/brainstorming/phase_measure_theory/20260826-170313_observer-asks-knowledgeos-reconstructs-the-dimensions.md	PRIMARY
0456	DONE	c1	developing	high	docs/knowledgeos/brainstorming/phase_measure_theory/20260826-170948_why-a-c-type-parser-is-useful.md	PRIMARY
0457	DONE	c1	developing	critical	docs/knowledgeos/brainstorming/phase_measure_theory/20260826-171411_mathematical-redefinition-dimension-discovery-and-natural-language-parsing.md	PRIMARY
0458	DONE	c1	developing	high	docs/knowledgeos/brainstorming/phase_measure_theory/20260826-171508_why-parsing-belongs-inside-knowledgeos.md	PRIMARY
0459	DONE	c1	developing	high	docs/knowledgeos/brainstorming/phase_measure_theory/20260826-171848_architectural-ownership-of-semantic-reconstruction.md	PRIMARY
0460	DONE	c1	developing	critical	docs/knowledgeos/brainstorming/phase_measure_theory/20260826-172247_mathematical-review-of-the-knowledgeos-model.md	PRIMARY
0461	DONE	c1	developing	critical	docs/knowledgeos/brainstorming/phase_measure_theory/20260826-172732_the-knowledgeos-knowledge-atom.md	PRIMARY
0462	DONE	c1	developing	critical	docs/knowledgeos/brainstorming/phase_measure_theory/20260826-172933_question-4-evidence-and-epistemic-state-transition.md	PRIMARY
0463	DONE	c1	developing	high	docs/knowledgeos/brainstorming/phase_measure_theory/20260826-173048_question-5-comparing-and-challenging-assertions.md	PRIMARY
0464	DONE	c1	developing	critical	docs/knowledgeos/brainstorming/phase_measure_theory/20260826-173211_question-5-comparing-and-challenging-assertions-v2.md	PRIMARY
0465	DONE	c1	duplicate	low	docs/knowledgeos/brainstorming/phase_measure_theory/20260826-173318_question-4a-what-exactly-is-an-epistemic-state.md	PRIMARY
0466	DONE	c1	developing	critical	docs/knowledgeos/brainstorming/phase_measure_theory/20260826-173337_review-comparison-should-compare-propositions-first.md	PRIMARY
0467	DONE	c1	developing	critical	docs/knowledgeos/brainstorming/phase_measure_theory/20260826-173435_question-5-updating-and-preserving-assertions.md	PRIMARY
0468	DONE	c1	developing	critical	docs/knowledgeos/brainstorming/phase_measure_theory/20260826-173537_review-an-update-does-not-necessarily-create-a-new-assertion.md	PRIMARY
0469	DONE	c1	developing	critical	docs/knowledgeos/brainstorming/phase_measure_theory/20260826-173853_question-6-what-is-a-knowledge-state.md	PRIMARY
0470	DONE	c1	developing	critical	docs/knowledgeos/brainstorming/phase_measure_theory/20260826-174215_knowledgeos-the-complete-mathematical-model.md	PRIMARY
0471	DONE	c1	developing	critical	docs/knowledgeos/brainstorming/phase_measure_theory/20260826-174810_question-7-what-is-knowledge-itself.md	PRIMARY
0472	DONE	c1	developing	critical	docs/knowledgeos/brainstorming/phase_measure_theory/20260826-175140_question-8-what-makes-a-knowledge-state-coherent.md	PRIMARY
0473	DONE	c1	duplicate	low	docs/knowledgeos/brainstorming/phase_measure_theory/20260826-175149_verdict-on-the-preceding-question.md	PRIMARY
0474	DONE	c1	developing	critical	docs/knowledgeos/brainstorming/phase_measure_theory/20260826-175458_question-9-what-is-a-conflict-and-how-is-it-resolved.md	PRIMARY
0475	DONE	c1	developing	critical	docs/knowledgeos/brainstorming/phase_measure_theory/20260826-175731_question-10-what-is-a-gap-and-how-does-it-differ-from-a-conflict.md	PRIMARY
0476	DONE	c1	developing	critical	docs/knowledgeos/brainstorming/phase_measure_theory/20260826-180258_question-11-what-is-the-ideal-state.md	PRIMARY
0477	DONE	c1	developing	critical	docs/knowledgeos/brainstorming/phase_measure_theory/20260826-180537_question-12-how-do-we-measure-distance-to-the-ideal-state.md	PRIMARY
0478	DONE	c1	developing	critical	docs/knowledgeos/brainstorming/phase_measure_theory/20260826-181048_question-12a-measuring-distance-current-to-corresponding-ideal.md	PRIMARY
0479	DONE	c1	developing	critical	docs/knowledgeos/brainstorming/phase_measure_theory/20260826-181441_question-13-formal-structure-of-the-knowledge-state.md	PRIMARY
0480	DONE	c1	developing	critical	docs/knowledgeos/brainstorming/phase_measure_theory/20260826-182409_question-14-the-knowledgeos-type-system-complete-formal-definition.md	PRIMARY
0481	DONE	c1	developing	critical	docs/knowledgeos/brainstorming/phase_measure_theory/20260826-183128_question-15-state-transition-how-kt-becomes-kt-plus-1.md	PRIMARY
0482	DONE	c1	developing	critical	docs/knowledgeos/brainstorming/phase_measure_theory/20260826-183636_question-16-epistemic-logic-observation-evidence-inference-contradiction.md	PRIMARY
0483	DONE	c1	developing	critical	docs/knowledgeos/brainstorming/phase_measure_theory/20260826-184000_question-17-how-zero-lord-and-sarathi-interact-with-the-transition-system.md	PRIMARY
0484	DONE	c1	developing	critical	docs/knowledgeos/brainstorming/phase_measure_theory/20260826-184327_question-18-how-does-the-ideal-state-evolve-and-who-controls-it.md	PRIMARY
0485	DONE	c1	developing	critical	docs/knowledgeos/brainstorming/phase_measure_theory/20260826-184707_question-19-distance-measuring-the-difference-between-states.md	PRIMARY
0486	DONE	c1	developing	critical	docs/knowledgeos/brainstorming/phase_measure_theory/20260826-184858_question-20-the-complete-system-state-and-how-it-evolves.md	PRIMARY
0487	DONE	c1	developing	minor	docs/knowledgeos/brainstorming/phase_measure_theory/20260826-184944_question-19-representing-and-measuring-discrepancy-filed-as-q21.md	PRIMARY
0488	DONE	c1	developing	critical	docs/knowledgeos/brainstorming/phase_measure_theory/20260826-185100_question-19-what-is-a-discrepancy-between-current-and-ideal-filed-as-q21.md	PRIMARY
0489	DONE	c1	developing	critical	docs/knowledgeos/brainstorming/phase_measure_theory/20260826-185440_question-22-how-do-we-prioritize-which-deficiencies-to-address-first.md	PRIMARY
0490	DONE	c1	developing	critical	docs/knowledgeos/brainstorming/phase_measure_theory/20260826-185636_question-23-when-to-stop-investigating-and-present-a-decision.md	PRIMARY
0491	DONE	c1	developing	critical	docs/knowledgeos/brainstorming/phase_measure_theory/20260826-185755_question-24-presenting-the-decision-ready-state-to-the-knower.md	PRIMARY
0492	DONE	c1	developing	critical	docs/knowledgeos/brainstorming/phase_measure_theory/20260826-221512_reality-observation-representation-and-knowledge-missing-distinction.md	PRIMARY
0493	DONE	c1	developing	critical	docs/knowledgeos/brainstorming/phase_measure_theory/20260826-223053_what-we-are-actually-validating.md	PRIMARY
0494	DONE	c1	developing	critical	docs/knowledgeos/brainstorming/phase_measure_theory/20260826-231807_correction-chapter-3-is-not-primarily-an-epistemic-chapter.md	PRIMARY
0495	DONE	c1	duplicate	minor	docs/knowledgeos/brainstorming/phase_measure_theory/20260826-232221_correction-chapter-3-is-not-primarily-an-epistemic-chapter-duplicate.md	DUPLICATE
0496	DONE	c1	developing	moderate	docs/knowledgeos/brainstorming/phase_measure_theory/20260827-081318_what-chapter-3-strongly-supports.md	PRIMARY
0497	DONE	c1	developing	critical	docs/knowledgeos/brainstorming/phase_measure_theory/20260827-082029_knowledgeos-becomes-an-epistemic-operating-system.md	PRIMARY
0498	DONE	c1	developing	critical	docs/knowledgeos/brainstorming/phase_measure_theory/20260827-082901_ai-today-vs-knowledgeos.md	PRIMARY
0499	DONE	c1	developing	critical	docs/knowledgeos/brainstorming/phase_measure_theory/20260827-083550_where-does-a-chatgpt-like-llm-get-its-information.md	PRIMARY
0500	DONE	c1	developing	critical	docs/knowledgeos/brainstorming/phase_measure_theory/20260827-085131_atman-in-the-conceptual-model.md	PRIMARY
0501	DONE	c1	developing	critical	docs/knowledgeos/brainstorming/phase_measure_theory/20260827-085756_atman-within-our-knowledgeos-theory.md	PRIMARY
0502	DONE	c1	duplicate	minor	docs/knowledgeos/brainstorming/phase_measure_theory/20260827-090130_atman-within-our-knowledgeos-theory-duplicate.md	DUPLICATE
0503	DONE	c1	developing	moderate	docs/knowledgeos/brainstorming/phase_measure_theory/20260827-090258_atma-and-kernel-are-the-same-underlying-idea.md	PRIMARY
0504	DONE	c1	developing	critical	docs/knowledgeos/brainstorming/phase_measure_theory/20260827-090350_atma-can-be-the-knowledgeos-kernel.md	PRIMARY
0505	DONE	c1	developing	critical	docs/knowledgeos/brainstorming/phase_measure_theory/20260827-090518_human-knower-a-tma.md	PRIMARY
0506	DONE	c1	developing	critical	docs/knowledgeos/brainstorming/phase_measure_theory/20260827-091335_where-we-started.md	PRIMARY
0507	DONE	c1	developing	critical	docs/knowledgeos/brainstorming/phase_measure_theory/20260827-092106_computational-realizability-verification.md	PRIMARY
0508	DONE	c1	developing	critical	docs/knowledgeos/brainstorming/phase_measure_theory/20260827-093824_then-the-picture-is-this.md	PRIMARY
0509	DONE	c1	developing	critical	docs/knowledgeos/brainstorming/phase_measure_theory/20260827-093837_your-idea.md	PRIMARY
0510	DONE	c1	developing	critical	docs/knowledgeos/brainstorming/phase_measure_theory/20260827-093910_my-overall-assessment.md	PRIMARY
0511	DONE	c1	developing	minor	docs/knowledgeos/brainstorming/phase_measure_theory/20260827-094000_question-16-epistemic-logic-file-contains-question-20-21-material.md	PRIMARY
0512	DONE	c1	developing	critical	docs/knowledgeos/brainstorming/kernel/20260827-094057_cavell-must-we-mean-what-we-say-lenses.md	PRIMARY
0513	DONE	c1	developing	moderate	docs/knowledgeos/brainstorming/kernel/20260827-094108_question-5-updating-and-preserving-assertions.md	PRIMARY
0514	DONE	c1	developing	critical	docs/knowledgeos/brainstorming/phase_measure_theory/20260827-094200_book-identification.md	PRIMARY
0515	DONE	c1	developing	moderate	docs/knowledgeos/brainstorming/phase_measure_theory/20260827-094244_then-your-model-becomes.md	PRIMARY
0516	DONE	c1	developing	critical	docs/knowledgeos/brainstorming/phase_measure_theory/20260827-094259_where-we-are-now.md	PRIMARY
0517	DONE	c1	developing	critical	docs/knowledgeos/brainstorming/phase_measure_theory/20260827-094318_correction-don-t-map-chakra-knowledge-layer.md	PRIMARY
0518	DONE	c1	developing	critical	docs/knowledgeos/brainstorming/phase_measure_theory/20260827-094345_the-key-idea-consciousness-is-not-represented-as-a-database.md	PRIMARY
0519	DONE	c1	developing	critical	docs/knowledgeos/brainstorming/phase_measure_theory/20260827-094409_the-elements-of-statistical-learning-zero-leonardo.md	PRIMARY
0520	DONE	c1	developing	critical	docs/knowledgeos/brainstorming/phase_measure_theory/20260827-094428_knowledgeos-research-extraction-logitica.md	PRIMARY
0521	DONE	c1	duplicate	minor	docs/knowledgeos/brainstorming/phase_measure_theory/20260827-112659_computational-realizability-verification-duplicate.md	DUPLICATE_OF_0507
0522	DONE	c1	developing	critical	docs/knowledgeos/brainstorming/phase_measure_theory/20260827-113303_knowledgeos-does-not-have-one-input.md	PRIMARY
0523	DONE	c1	duplicate	minor	docs/knowledgeos/brainstorming/phase_measure_theory/20260827-113310_knowledgeos-does-not-have-one-input-duplicate.md	DUPLICATE_OF_0522
0524	DONE	c1	duplicate	minor	docs/knowledgeos/brainstorming/phase_measure_theory/20260827-113443_knowledgeos-does-not-have-one-input-duplicate-2.md	DUPLICATE_OF_0522
0525	DONE	c1	developing	critical	docs/knowledgeos/brainstorming/phase_measure_theory/20260827-113816_where-we-actually-stand.md	PRIMARY
0526	DONE	c1	developing	critical	docs/knowledgeos/brainstorming/phase_measure_theory/20260827-114304_phase-1-close-the-epistemic-primitives.md	PRIMARY
0527	DONE	c1	developing	critical	docs/knowledgeos/brainstorming/phase_measure_theory/20260827-124619_closure-01-observation-role-senior-mathematician-ddd-architect.md	PRIMARY
0528	DONE	c1	developing	critical	docs/knowledgeos/brainstorming/phase_measure_theory/20260827-125403_why-i-prefer-option-3.md	PRIMARY
0529	DONE	c1	developing	critical	docs/knowledgeos/brainstorming/phase_measure_theory/20260827-125515_the-core-insight-three-distinct-information-pathways.md	PRIMARY
0530	DONE	c1	developing	critical	docs/knowledgeos/brainstorming/phase_measure_theory/20260827-125608_closure-01-observation-working-model.md	PRIMARY
0531	DONE	c1	developing	critical	docs/knowledgeos/brainstorming/phase_measure_theory/20260827-130026_closure-02-interpretation.md	PRIMARY
0532	DONE	c1	developing	critical	docs/knowledgeos/brainstorming/phase_measure_theory/20260827-130226_closure-03-epistemic-admission.md	PRIMARY
0533	DONE	c1	developing	critical	docs/knowledgeos/brainstorming/phase_measure_theory/20260827-131702_closure-04-evidence.md	PRIMARY
0534	DONE	c1+deepseek	developing	critical	docs/knowledgeos/brainstorming/phase_measure_theory/20260827-133340_closure-03-evidence.md	PRIMARY
0535	DONE	c1	developing	critical	docs/knowledgeos/brainstorming/phase_measure_theory/20260827-133711_closure-04a-mathematical-laws-of-evidence-assessment.md	PRIMARY
0536	DONE	c1	developing	critical	docs/knowledgeos/brainstorming/phase_measure_theory/20260827-134245_evidence-algebra-step-01-define-the-universe.md	PRIMARY
0537	DONE	c1	developing	critical	docs/knowledgeos/brainstorming/phase_measure_theory/20260827-134357_closure-04b-candidate-evidence-algebras.md	PRIMARY
0538	DONE	c1	developing	critical	docs/knowledgeos/brainstorming/phase_measure_theory/20260827-134514_next-experiment-four-evidence-algebras.md	PRIMARY
0539	DONE	c1	developing	critical	docs/knowledgeos/brainstorming/phase_measure_theory/20260827-135038_experimental-verdict.md	PRIMARY
0540	DONE	c1	developing	critical	docs/knowledgeos/brainstorming/phase_measure_theory/20260827-140232_evidence-identity-equivalence-and-dependency-calculus.md	PRIMARY
0541	DONE	c1	developing	critical	docs/knowledgeos/brainstorming/phase_measure_theory/20260827-140653_step-001-operational-independence.md	PRIMARY
0542	DONE	c1	duplicate	minor	docs/knowledgeos/brainstorming/phase_measure_theory/20260827-140705_evidence-identity-equivalence-and-dependency-calculus-duplicate.md	DUPLICATE_OF_0540
0543	DONE	c1	developing	critical	docs/knowledgeos/brainstorming/phase_measure_theory/20260827-140919_step-002-what-does-it-mean-for-two-evidence-items-to-be-the-same.md	PRIMARY
0544	DONE	c1	developing	critical	docs/knowledgeos/brainstorming/phase_measure_theory/20260827-141118_step-003-evidence-assessment-algebra.md	PRIMARY
0545	DONE	c1	developing	critical	docs/knowledgeos/brainstorming/phase_measure_theory/20260827-142250_step-004-the-evidence-aggregation-axioms.md	PRIMARY
0546	DONE	c1	developing	critical	docs/knowledgeos/brainstorming/phase_measure_theory/20260827-142333_step-005-what-is-the-mathematical-object-being-aggregated.md	PRIMARY
0547	DONE	c1	developing	critical	docs/knowledgeos/brainstorming/phase_measure_theory/20260827-142514_step-006-information-gain-and-value-of-evidence.md	PRIMARY
0548	DONE	c1	developing	critical	docs/knowledgeos/brainstorming/phase_measure_theory/20260827-142709_step-007-how-does-new-evidence-change-the-knowledge-state.md	PRIMARY
0549	DONE	c1	developing	critical	docs/knowledgeos/brainstorming/phase_measure_theory/20260827-151920_step-008-epistemic-acceptance-and-commitment.md	PRIMARY
0550	DONE	c1	developing	critical	docs/knowledgeos/brainstorming/phase_measure_theory/20260827-152002_step-009-contradiction-paraconsistency-and-belief-revision.md	PRIMARY
0551	DONE	c1	developing	critical	docs/knowledgeos/brainstorming/phase_measure_theory/20260827-152413_step-011-uncertainty-propagation-and-derived-knowledge.md	PRIMARY
0552	DONE	c1	developing	critical	docs/knowledgeos/brainstorming/phase_measure_theory/20260827-153436_step-012-identity-entity-resolution-and-semantic-equivalence.md	PRIMARY
0553	DONE	c1	developing	critical	docs/knowledgeos/brainstorming/phase_measure_theory/20260827-153702_step-013-sufficiency-completeness-and-readiness-for-purpose.md	PRIMARY
0554	DONE	c1	developing	critical	docs/knowledgeos/brainstorming/phase_measure_theory/20260827-153750_step-010-inference-and-derivation.md	PRIMARY
0555	DONE	c1	duplicate	minor	docs/knowledgeos/brainstorming/phase_measure_theory/20260827-154223_step-013-sufficiency-completeness-and-readiness-for-purpose-duplicate.md	DUPLICATE_OF_0553
0556	DONE	c1	developing	critical	docs/knowledgeos/brainstorming/phase_measure_theory/20260827-155259_step-014-causality-dependency-and-counterfactual-reasoning.md	PRIMARY
0557	DONE	c1	developing	critical	docs/knowledgeos/brainstorming/phase_measure_theory/20260827-155652_step-015-decision-theory-and-action-selection.md	PRIMARY
0558	DONE	c1	developing	critical	docs/knowledgeos/brainstorming/phase_measure_theory/20260827-160001_step-016-temporal-knowledge-events-state-evolution-and-knowledge-versioning.md	PRIMARY
0559	DONE	c1	duplicate	minor	docs/knowledgeos/brainstorming/phase_measure_theory/20260827-160217_step-016-temporal-knowledge-events-state-evolution-and-knowledge-versioning-duplicate.md	DUPLICATE_OF_0558
0560	DONE	c1	developing	critical	docs/knowledgeos/brainstorming/phase_measure_theory/20260827-160410_step-017-ontology-concepts-semantics-and-domain-models.md	PRIMARY
0561	DONE	c1	developing	critical	docs/knowledgeos/brainstorming/phase_measure_theory/20260827-160659_step-018-rules-inference-logic-constraints-and-the-reasoning-engine.md	PRIMARY
0562	DONE	c1	developing	critical	docs/knowledgeos/brainstorming/phase_measure_theory/20260827-160922_step-019-authority-trust-evidence-weighting-source-reliability-and-knowledge-commitment.md	PRIMARY
0563	DONE	c1	developing	critical	docs/knowledgeos/brainstorming/phase_measure_theory/20260827-161157_step-020-uncertainty-probability-ambiguity-incompleteness-conflict-and-confidence.md	PRIMARY
0564	DONE	c1	developing	critical	docs/knowledgeos/brainstorming/phase_measure_theory/20260827-161423_step-021-goals-intentions-decisions-actions-utility-risk-constraints-and-outcomes.md	PRIMARY
0565	DONE	c1	developing	critical	docs/knowledgeos/brainstorming/phase_measure_theory/20260827-161800_step-022-identity-lineage-provenance-causality-and-traceability.md	PRIMARY
0566	DONE	c1	developing	critical	docs/knowledgeos/brainstorming/phase_measure_theory/20260827-162331_step-024-formal-composition-consistency-invariants-and-closure-of-the-knowledgeos-model.md	PRIMARY
0567	DONE	c1	developing	critical	docs/knowledgeos/brainstorming/phase_measure_theory/20260827-162545_step-023-epistemic-sufficiency-readiness-completeness-and-the-knowledge-boundary.md	PRIMARY
0568	DONE	c1	developing	critical	docs/knowledgeos/brainstorming/phase_measure_theory/20260827-162652_step-025-executable-knowledgeos-reference-model-and-adversarial-simulation.md	PRIMARY
0569	DONE	c1	developing	critical	docs/knowledgeos/brainstorming/phase_measure_theory/20260827-162919_step-026-further-steps-freeze-the-conceptual-construction.md	PRIMARY
0570	DONE	c1	developing	critical	docs/knowledgeos/brainstorming/phase_measure_theory/20260827-181041_knowledgeos-historical-experimental-knowledge-extraction.md	PRIMARY
0571	DONE	c1	duplicate	minor	docs/knowledgeos/brainstorming/phase_measure_theory/20260827-181126_freeze-the-conceptual-construction-temporarily.md	DUPLICATE_OF_0569
0572	DONE	c1	developing	critical	docs/knowledgeos/brainstorming/phase_measure_theory/20260827-181325_step-025a-1-minimal-formal-state-and-type-system.md	PRIMARY
0573	DONE	c1	developing	critical	docs/knowledgeos/brainstorming/phase_measure_theory/20260827-181510_step-025a-2-evidence-to-assessment-to-assertion.md	PRIMARY
0574	DONE	c1	developing	critical	docs/knowledgeos/brainstorming/phase_measure_theory/20260827-181716_step-025a-3-knowledge-state-revision-conflict-temporal-validity-and-retraction.md	PRIMARY
0575	DONE	c1	developing	critical	docs/knowledgeos/brainstorming/phase_measure_theory/20260827-181825_step-025a-4-executable-knowledge-state-model.md	PRIMARY
0576	DONE	c1	developing	critical	docs/knowledgeos/brainstorming/phase_measure_theory/20260827-182235_step-025a-5-property-based-falsification-of-the-knowledge-state.md	PRIMARY
0577	DONE	c1	developing	critical	docs/knowledgeos/brainstorming/phase_measure_theory/20260827-182411_step-025b-adversarial-end-to-end-knowledgeos-simulation.md	PRIMARY
0578	DONE	c1	developing	critical	docs/knowledgeos/brainstorming/phase_measure_theory/20260827-182534_step-025c-evidence-aggregation-algebra.md	PRIMARY
0579	DONE	c1	developing	critical	docs/knowledgeos/brainstorming/phase_measure_theory/20260827-182708_step-025c-1-compare-candidate-evidence-algebras.md	PRIMARY
0580	DONE	c1	developing	critical	docs/knowledgeos/brainstorming/phase_measure_theory/20260827-182835_step-025c-2-independent-evidence-combination.md	PRIMARY
0581	DONE	c1	developing	critical	docs/knowledgeos/brainstorming/phase_measure_theory/20260827-182955_step-025c-3-evidence-dependence-and-information-value.md	PRIMARY
0582	DONE	c1	developing	critical	docs/knowledgeos/brainstorming/phase_measure_theory/20260827-183142_step-025d-formal-zero-algebra.md	PRIMARY
0583	DONE	c1	developing	critical	docs/knowledgeos/brainstorming/phase_measure_theory/20260827-183320_step-025e-formal-epistemic-contract-algebra.md	PRIMARY
0584	DONE	c1	developing	critical	docs/knowledgeos/brainstorming/phase_measure_theory/20260827-183529_step-025f-governance-conflict-algebra.md	PRIMARY
0585	DONE	c1	developing	critical	docs/knowledgeos/brainstorming/phase_measure_theory/20260827-183746_step-025g-formal-lord-algebra-choosing-the-next-action.md	PRIMARY
0586	DONE	c1	developing	critical	docs/knowledgeos/brainstorming/phase_measure_theory/20260828-092308_step-025h-formal-sa-rathi-algebra-decision-utility-risk-and-authorization.md	PRIMARY
0587	DONE	c1	developing	critical	docs/knowledgeos/brainstorming/phase_measure_theory/20260828-093700_step-025i-knowledge-identity-algebra.md	PRIMARY
0588	DONE	c1	developing	critical	docs/knowledgeos/brainstorming/phase_measure_theory/20260828-093812_step-025j-semantic-equivalence-refinement-contradiction-and-knowledge-merge.md	PRIMARY
0589	DONE	c1	developing	critical	docs/knowledgeos/brainstorming/phase_measure_theory/20260828-093925_step-025k-knowledge-state-algebra-and-closure.md	PRIMARY
0590	DONE	c1	developing	critical	docs/knowledgeos/brainstorming/phase_measure_theory/20260828-094013_step-025l-distributed-knowledge-merge-convergence-and-consistency.md	PRIMARY
0591	DONE	c1	developing	high	docs/knowledgeos/brainstorming/phase_measure_theory/20260828-094115_step-025m-epistemic-error-refutation-retraction-correction-and-revision.md	PRIMARY
0592	DONE	c1	developing	critical	docs/knowledgeos/brainstorming/phase_measure_theory/20260828-094210_step-025n-evidence-aggregation-algebra.md	PRIMARY
0593	DONE	c1	developing	critical	docs/knowledgeos/brainstorming/phase_measure_theory/20260828-094256_step-025o-truth-validity-belief-knowledge-and-epistemic-status.md	PRIMARY
0594	DONE	c1	developing	critical	docs/knowledgeos/brainstorming/phase_measure_theory/20260828-094407_step-025p-causality-counterfactuals-interventions-and-root-cause-knowledge.md	PRIMARY
0595	DONE	c1	developing	high	docs/knowledgeos/brainstorming/phase_measure_theory/20260828-100603_step-025q-models-hypotheses-prediction-model-selection-and-scientific-revision.md	PRIMARY
0596	DONE	c1	developing	critical	docs/knowledgeos/brainstorming/phase_measure_theory/20260828-100659_step-025r-decision-theory-utility-risk-value-of-information-and-rational-action.md	PRIMARY
0597	DONE	c1	developing	critical	docs/knowledgeos/brainstorming/phase_measure_theory/20260828-100737_step-025s-identity-entity-resolution-same-as-distinct-from-and-knowledge-atma.md	PRIMARY
0598	DONE	c1	developing	critical	docs/knowledgeos/brainstorming/phase_measure_theory/20260828-100823_step-025t-formal-inference-derivation-rules-proof-constraints-and-verifiable-reasoning.md	PRIMARY
0599	DONE	c1	developing	critical	docs/knowledgeos/brainstorming/phase_measure_theory/20260828-100905_step-025u-multi-agent-knowledge-conflict-resolution-consensus-trust-and-distributed-epistemics.md	PRIMARY
0600	DONE	c1	developing	critical	docs/knowledgeos/brainstorming/phase_measure_theory/20260828-101022_step-025v-semantics-ontology-bounded-contexts-meaning-alignment-and-semantic-interoperability.md	PRIMARY
0601	DONE	c1	developing	critical	docs/knowledgeos/brainstorming/phase_measure_theory/20260828-101108_step-025w-temporal-consistency-bitemporal-knowledge-version-alignment-and-snapshot-semantics.md	PRIMARY
0602	DONE	c1	developing	critical	docs/knowledgeos/brainstorming/phase_measure_theory/20260828-101153_step-025x-distributed-epistemics-consistency-models-event-ordering-causality-and-knowledge-conver.md	PRIMARY
0603	DONE	c1	developing	critical	docs/knowledgeos/brainstorming/phase_measure_theory/20260828-101241_step-025y-evidence-integrity-cryptographic-provenance-authenticity-tamper-detection-and-chain-of.md	PRIMARY
0604	DONE	c1	developing	critical	docs/knowledgeos/brainstorming/phase_measure_theory/20260828-101325_step-025z-action-intervention-control-risk-and-feedback.md	PRIMARY
0605	DONE	c1	developing	critical	docs/knowledgeos/brainstorming/phase_measure_theory/20260828-101406_step-026-model-boundary-abstraction-observability-identifiability-and-epistemic-blind-spots.md	PRIMARY
0606	DONE	c1	developing	critical	docs/knowledgeos/brainstorming/phase_measure_theory/20260828-101458_step-027-uncertainty-calculus-probability-confidence-belief-and-evidence-weight.md	PRIMARY
0607	DONE	c1	developing	critical	docs/knowledgeos/brainstorming/phase_measure_theory/20260828-101530_step-028-epistemic-conflict-belief-revision-multiple-authorities-and-contradiction.md	PRIMARY
0608	DONE	c1	developing	critical	docs/knowledgeos/brainstorming/phase_measure_theory/20260828-101614_step-029-knowledge-consistency-constraints-invariants-satisfiability-and-dependency.md	PRIMARY
0609	DONE	c1	developing	critical	docs/knowledgeos/brainstorming/phase_measure_theory/20260828-102009_step-030-epistemic-calibration-reality-alignment-validation-ground-truth-and-model-drift.md	PRIMARY
0610	DONE	c1	developing	critical	docs/knowledgeos/brainstorming/phase_measure_theory/20260828-102145_step-030-analysis-preliminary-verdict.md	PRIMARY
0611	DONE	c1	developing	critical	docs/knowledgeos/brainstorming/phase_measure_theory/20260828-102251_step-031-mathematical-formalization-and-consistency-audit-of-knowledgeos.md	PRIMARY
0612	DONE	c1	developing	critical	docs/knowledgeos/brainstorming/phase_measure_theory/20260828-102341_step-032-epistemic-algebra-type-closure-composition-laws-and-state-transition-semantics.md	PRIMARY
0613	DONE	c1	developing	critical	docs/knowledgeos/brainstorming/phase_measure_theory/20260828-102424_step-033-uncertainty-propagation-dependence-correlation-error-propagation-and-epistemic-risk.md	PRIMARY
0614	DONE	c1	developing	critical	docs/knowledgeos/brainstorming/phase_measure_theory/20260828-102459_step-034-information-acquisition-value-of-information-active-learning-and-the-next-best-epistemic.md	PRIMARY
0615	DONE	c1	developing	critical	docs/knowledgeos/brainstorming/phase_measure_theory/20260828-102539_step-035-epistemic-resource-allocation-attention-scheduling-knowledge-triage-and-portfolio-optimi.md	PRIMARY
0616	DONE	c1	developing	critical	docs/knowledgeos/brainstorming/phase_measure_theory/20260828-102624_step-036-epistemic-calibration-reliability-meta-validation-and-knowledge-system-health.md	PRIMARY
0617	DONE	c1	developing	critical	docs/knowledgeos/brainstorming/phase_measure_theory/20260828-102747_step-037-adversarial-epistemology-epistemic-integrity-trust-manipulation-and-strategic-behavior.md	PRIMARY
0618	DONE	c1	developing	critical	docs/knowledgeos/brainstorming/phase_measure_theory/20260828-102917_step-038-identity-entity-resolution-equivalence-reference-integrity-and-the-mathematics-of-same.md	PRIMARY
0619	DONE	c1	developing	critical	docs/knowledgeos/brainstorming/phase_measure_theory/20260828-102953_step-039-bounded-context-translation-semantic-mapping-conceptual-alignment-and-knowledge-interope.md	PRIMARY
0620	DONE	c1	developing	critical	docs/knowledgeos/brainstorming/phase_measure_theory/20260828-103049_step-040-cross-context-consistency-contradiction-reconciliation-and-epistemic-authority.md	PRIMARY
0621	DONE	c1	developing	critical	docs/knowledgeos/brainstorming/phase_measure_theory/20260828-103343_step-001-40-review-where-we-are-now.md	PRIMARY
0622	DONE	c1	developing	critical	docs/knowledgeos/brainstorming/phase_measure_theory/20260828-103429_step-041-epistemic-sufficiency-decision-preconditions-and-assurance-composition.md	PRIMARY
0623	DONE	c1	developing	critical	docs/knowledgeos/brainstorming/phase_measure_theory/20260828-103509_step-042-assurance-composition-invariants-safety-gates-and-formal-decision-contracts.md	PRIMARY
0624	DONE	c1	developing	critical	docs/knowledgeos/brainstorming/phase_measure_theory/20260828-103559_step-043-causal-reasoning-intervention-counterfactuals-and-learning-from-outcomes.md	PRIMARY
0625	DONE	c1	developing	critical	docs/knowledgeos/brainstorming/phase_measure_theory/20260828-103643_step-044-dynamic-causal-systems-feedback-loops-cascades-stability-and-second-order-effects.md	PRIMARY
0626	DONE	c1	developing	critical	docs/knowledgeos/brainstorming/phase_measure_theory/20260828-103723_step-045-adaptive-learning-model-revision-concept-drift-and-knowledge-evolution.md	PRIMARY
0627	DONE	c1	developing	high	docs/knowledgeos/brainstorming/phase_measure_theory/20260828-103922_step-046-learning-stability-self-correction-feedback-safety-and-epistemic-control.md	PRIMARY
0628	DONE	c1	developing	critical	docs/knowledgeos/brainstorming/phase_measure_theory/20260828-104043_step-047-epistemic-control-self-correction-feedback-safety-and-prevention-of-knowledgeos-self-dec.md	PRIMARY
0629	DONE	c1	developing	critical	docs/knowledgeos/brainstorming/phase_measure_theory/20260828-104102_step-048-global-invariants-compositional-verification-and-the-formal-correctness-contract.md	PRIMARY
0630	DONE	c1	developing	critical	docs/knowledgeos/brainstorming/phase_measure_theory/20260828-104146_step-049-formal-model-reduction-consistency-checking-primitive-identification-and-computability.md	PRIMARY
0631	DONE	c1	developing	critical	docs/knowledgeos/brainstorming/phase_measure_theory/20260828-113416_step-050-formal-consistency-audit-attempting-to-break-the-knowledgeos-model.md	PRIMARY
0632	DONE	c1	developing	critical	docs/knowledgeos/brainstorming/phase_measure_theory/20260828-113444_step-051-executable-reference-model.md	PRIMARY
0633	DONE	c1	developing	critical	docs/knowledgeos/brainstorming/phase_measure_theory/20260828-113550_step-052-mathematical-kernel-to-ddd-bounded-context-mapping.md	PRIMARY
0634	DONE	c1	developing	low	docs/knowledgeos/brainstorming/phase_measure_theory/20260828-113622_step-052-mathematical-kernel-to-ddd-bounded-context-mapping-duplicate.md	DUPLICATE_OF_0633
0635	DONE	c1	developing	critical	docs/knowledgeos/brainstorming/phase_measure_theory/20260828-113646_step-053-context-contract-algebra.md	PRIMARY
0636	DONE	c1	developing	critical	docs/knowledgeos/brainstorming/phase_measure_theory/20260828-113723_step-054-mathematical-types-to-ddd-domain-types-to-executable-contracts.md	PRIMARY
0637	DONE	c1	developing	critical	docs/knowledgeos/brainstorming/phase_measure_theory/20260828-113800_step-055-reference-implementation-specification.md	PRIMARY
0638	DONE	c1	developing	critical	docs/knowledgeos/brainstorming/phase_measure_theory/20260828-113826_step-056-build-and-execute-the-knowledgeos-reference-machine.md	PRIMARY
0639	DONE	c1	developing	critical	docs/knowledgeos/brainstorming/phase_measure_theory/20260828-113901_step-057-liveness-and-progress-calculus.md	PRIMARY
0640	DONE	c1	developing	critical	docs/knowledgeos/brainstorming/phase_measure_theory/20260828-113932_step-058-compositional-correctness.md	PRIMARY
0641	DONE	c1	developing	critical	docs/knowledgeos/brainstorming/phase_measure_theory/20260828-114004_step-059-concurrency-and-interleaving-calculus.md	PRIMARY
0642	DONE	c1	developing	critical	docs/knowledgeos/brainstorming/phase_measure_theory/20260828-114040_step-060-epistemic-algebra-and-knowledge-state-ordering.md	PRIMARY
0643	DONE	c1	developing	critical	docs/knowledgeos/brainstorming/phase_measure_theory/20260828-114401_step-061-information-gain-uncertainty-and-epistemic-quality.md	PRIMARY
0644	DONE	c1	developing	low	docs/knowledgeos/brainstorming/phase_measure_theory/20260828-114426_step-046-learning-stability-self-correction-feedback-safety-and-epistemic-control-duplicate.md	DUPLICATE_OF_0627
0645	DONE	c1	developing	critical	docs/knowledgeos/brainstorming/phase_measure_theory/20260828-114457_step-062-decision-theory-and-the-knowledge-to-action-boundary.md	PRIMARY
0646	DONE	c1	developing	high	docs/knowledgeos/brainstorming/phase_measure_theory/20260828-114528_step-063-causal-reasoning-and-intervention.md	PRIMARY
0647	DONE	c1	developing	critical	docs/knowledgeos/brainstorming/phase_measure_theory/20260828-114659_step-064-model-uncertainty-distribution-shift-and-self-validation.md	PRIMARY
0648	DONE	c1	developing	critical	docs/knowledgeos/brainstorming/phase_measure_theory/20260828-115002_step-066-partial-observability-and-the-epistemic-boundary.md	PRIMARY
0649	DONE	c1	developing	critical	docs/knowledgeos/brainstorming/phase_measure_theory/20260828-115054_step-065-multi-agent-epistemic-independence-and-error-propagation.md	PRIMARY
0650	DONE	c1	developing	critical	docs/knowledgeos/brainstorming/phase_measure_theory/20260828-120419_step-067-the-epistemic-type-system.md	PRIMARY
0651	DONE	c1	duplicate	low	docs/knowledgeos/brainstorming/phase_measure_theory/20260828-120450_step-067-the-epistemic-type-system-duplicate.md	PRIMARY
0652	DONE	c1	developing	critical	docs/knowledgeos/brainstorming/phase_measure_theory/20260828-120509_step-068-contradiction-paraconsistency-and-knowledge-revision.md	PRIMARY
0653	DONE	c1	developing	critical	docs/knowledgeos/brainstorming/phase_measure_theory/20260828-120543_step-069-computability-state-space-and-executable-knowledge.md	PRIMARY
0654	DONE	c1	developing	critical	docs/knowledgeos/brainstorming/phase_measure_theory/20260828-120623_step-070-the-minimal-knowledgeos-kernel.md	PRIMARY
0655	DONE	c1	developing	critical	docs/knowledgeos/brainstorming/phase_measure_theory/20260828-120653_step-071-compositional-correctness-of-knowledgeos.md	PRIMARY
0656	DONE	c1	developing	critical	docs/knowledgeos/brainstorming/phase_measure_theory/20260828-120724_step-072-epistemic-consistency-under-concurrency.md	PRIMARY
0657	DONE	c1	developing	critical	docs/knowledgeos/brainstorming/phase_measure_theory/20260828-120900_step-073-identity-trust-and-cryptographic-provenance.md	PRIMARY
0658	DONE	c1	developing	critical	docs/knowledgeos/brainstorming/phase_measure_theory/20260828-120906_step-074-causal-knowledge-from-correlation-to-intervention.md	PRIMARY
0659	DONE	c1	developing	critical	docs/knowledgeos/brainstorming/phase_measure_theory/20260828-120938_step-075-decision-theory-under-uncertainty.md	PRIMARY
0660	DONE	c1	developing	critical	docs/knowledgeos/brainstorming/phase_measure_theory/20260828-121008_step-076-multi-objective-decisions-and-governance-of-values.md	PRIMARY
0661	DONE	c1	developing	critical	docs/knowledgeos/brainstorming/phase_measure_theory/20260828-121039_step-077-governance-of-the-decision-model.md	PRIMARY
0662	DONE	c1	developing	critical	docs/knowledgeos/brainstorming/phase_measure_theory/20260828-121113_step-078-organizational-agency-and-the-multi-agent-boundary.md	PRIMARY
0663	DONE	c1	developing	critical	docs/knowledgeos/brainstorming/phase_measure_theory/20260828-121150_step-079-emergence-systemic-risk-and-collective-correctness.md	PRIMARY
0664	DONE	c1	developing	critical	docs/knowledgeos/brainstorming/phase_measure_theory/20260828-121233_step-080-organizational-control-and-feedback.md	PRIMARY
0665	DONE	c1	duplicate	low	docs/knowledgeos/brainstorming/phase_measure_theory/20260828-121311_step-080-organizational-control-and-feedback-duplicate.md	PRIMARY
0666	DONE	c1	developing	critical	docs/knowledgeos/brainstorming/phase_measure_theory/20260828-121328_step-081-observability-and-identifiability.md	PRIMARY
0667	DONE	c1	developing	critical	docs/knowledgeos/brainstorming/phase_measure_theory/20260828-121413_step-082-uncertainty-propagation.md	PRIMARY
0668	DONE	c1	developing	critical	docs/knowledgeos/brainstorming/phase_measure_theory/20260828-121447_step-083-temporal-reasoning-and-time-dependent-truth.md	PRIMARY
0669	DONE	c1	developing	critical	docs/knowledgeos/brainstorming/phase_measure_theory/20260828-121516_step-084-counterfactual-reasoning.md	PRIMARY
0670	DONE	c1	developing	critical	docs/knowledgeos/brainstorming/phase_measure_theory/20260828-121630_step-085-strategic-behavior-and-game-theory.md	PRIMARY
0671	DONE	c1	developing	critical	docs/knowledgeos/brainstorming/phase_measure_theory/20260828-121717_step-086-mechanism-design-and-institutional-equilibrium.md	PRIMARY
0672	DONE	c1	developing	critical	docs/knowledgeos/brainstorming/phase_measure_theory/20260828-121755_step-087-collective-choice-preference-aggregation-and-legitimate-decision.md	PRIMARY
0673	DONE	c1	developing	critical	docs/knowledgeos/brainstorming/phase_measure_theory/20260828-121847_step-088-information-theory-information-sufficiency-and-safe-knowledge-compression.md	PRIMARY
0674	DONE	c1	developing	critical	docs/knowledgeos/brainstorming/phase_measure_theory/20260828-121923_step-089-computability-decidability-and-the-limits-of-knowledgeos.md	PRIMARY
0675	DONE	c1	developing	critical	docs/knowledgeos/brainstorming/phase_measure_theory/20260828-122002_step-090-complexity-scalability-and-computational-economics.md	PRIMARY
0676	DONE	c1	developing	critical	docs/knowledgeos/brainstorming/phase_measure_theory/20260828-122043_step-091-formal-specification-and-refinement.md	PRIMARY
0677	DONE	c1	developing	critical	docs/knowledgeos/brainstorming/phase_measure_theory/20260828-122128_step-092-concurrency-distributed-state-and-invariant-preservation.md	PRIMARY
0678	DONE	c1	developing	critical	docs/knowledgeos/brainstorming/phase_measure_theory/20260828-122208_step-093-reliability-fault-tolerance-and-recovery.md	PRIMARY
0679	DONE	c1	developing	critical	docs/knowledgeos/brainstorming/phase_measure_theory/20260828-122245_step-094-security-adversarial-behavior-and-trust.md	PRIMARY
0680	DONE	c1	developing	critical	docs/knowledgeos/brainstorming/phase_measure_theory/20260828-122408_step-095-privacy-information-boundaries-and-controlled-knowledge.md	PRIMARY
0681	DONE	c1	developing	critical	docs/knowledgeos/brainstorming/phase_measure_theory/20260828-122444_step-096-learning-adaptation-and-model-evolution.md	PRIMARY
0682	DONE	PRIMARY	developing	critical	docs/knowledgeos/brainstorming/phase_measure_theory/20260828-122523_step-097-human-ai-organizations-responsibility-and-collective-intelligence.md	c1/g1
0683	DONE	PRIMARY	developing	high	docs/knowledgeos/brainstorming/phase_measure_theory/20260828-122620_step-098-economics-resource-constraints-and-optimization.md	c1/g1
0684	DONE	PRIMARY	developing	critical	docs/knowledgeos/brainstorming/phase_measure_theory/20260828-122654_step-099-observability-runtime-measurement-and-empirical-assurance.md	c1/g1
0685	DONE	PRIMARY	developing	critical	docs/knowledgeos/brainstorming/phase_measure_theory/20260828-122730_step-100-architecture-closure-test.md	c1/g1
0686	DONE	PRIMARY	developing	critical	docs/knowledgeos/brainstorming/phase_measure_theory/20260828-122800_step-101-architecture-to-reality-conformance.md	c1/g1
0687	DONE	PRIMARY	developing	critical	docs/knowledgeos/brainstorming/phase_measure_theory/20260828-122915_step-102-knowledgeos-architectural-inventory.md	c1/g1
0688	DONE	PRIMARY	developing	critical	docs/knowledgeos/brainstorming/phase_measure_theory/20260828-122954_step-103-semantic-model-conformance.md	c1/g1
0689	DONE	PRIMARY	developing	critical	docs/knowledgeos/brainstorming/phase_measure_theory/20260828-123048_step-104-governance-conformance.md	c1/g1
0690	DONE	PRIMARY	developing	critical	docs/knowledgeos/brainstorming/phase_measure_theory/20260828-123122_step-105-agent-architecture-conformance.md	c1/g1
0691	DONE	PRIMARY	developing	critical	docs/knowledgeos/brainstorming/phase_measure_theory/20260828-123216_step-106-runtime-architecture-conformance.md	c1/g1
0692	DONE	PRIMARY	developing	critical	docs/knowledgeos/brainstorming/phase_measure_theory/20260828-123314_step-107-architecture-drift-analysis.md	c1/g1
0693	DONE	PRIMARY	developing	critical	docs/knowledgeos/brainstorming/phase_measure_theory/20260828-123356_step-108-knowledgeos-conformance-matrix.md	c1/g1
0694	DONE	PRIMARY	developing	high	docs/knowledgeos/brainstorming/phase_measure_theory/20260828-123438_step-109-evidence-based-repository-reconstruction.md	c1/g1
0695	DONE	PRIMARY	developing	high	docs/knowledgeos/brainstorming/phase_measure_theory/20260828-123520_step-110-knowledgeos-system-boundary-reconstruction.md	c1/g1
0696	DONE	PRIMARY	developing	high	docs/knowledgeos/brainstorming/phase_measure_theory/20260828-123552_step-111-actual-knowledgeos-component-inventory.md	c1/g1
0697	DONE	PRIMARY	developing	high	docs/knowledgeos/brainstorming/phase_measure_theory/20260828-123645_step-112-semantic-ownership-reconstruction.md	c1/g1
0698	DONE	PRIMARY	developing	critical	docs/knowledgeos/brainstorming/phase_measure_theory/20260828-123718_step-113-knowledgeos-semantic-core-reconstruction.md	c1/g1
0699	DONE	PRIMARY	developing	high	docs/knowledgeos/brainstorming/phase_measure_theory/20260828-124104_step-114-semantic-core-evidence-test.md	c1/g1
0700	DONE	PRIMARY	developing	high	docs/knowledgeos/brainstorming/phase_measure_theory/20260828-124203_step-115-semantic-graph-reconstruction.md	c1/g1
0701	DONE	PRIMARY	developing	high	docs/knowledgeos/brainstorming/phase_measure_theory/20260828-124238_step-116-actual-knowledgeos-graph-extraction.md	c1/g1
0702	DONE	PRIMARY	developing	high	docs/knowledgeos/brainstorming/phase_measure_theory/20260828-124321_step-117-knowledgeos-traceability-experiment.md	c1/g1
0703	DONE	PRIMARY	developing	high	docs/knowledgeos/brainstorming/phase_measure_theory/20260828-124359_step-118-governance-to-engineering-closure-test.md	c1/g1
0704	DONE	PRIMARY	developing	critical	docs/knowledgeos/brainstorming/phase_measure_theory/20260828-124431_step-119-knowledgeos-control-loop-evidence-test.md	c1/g1
0705	DONE	PRIMARY	major-synthesis	critical	docs/knowledgeos/brainstorming/phase_measure_theory/20260828-124510_step-120-knowledgeos-constitutional-invariants.md	c1/g1
0706	DONE	PRIMARY	developing	critical	docs/knowledgeos/brainstorming/phase_measure_theory/20260828-124552_step-121-constitution-to-implementation-conformance-test.md	c1/g1
0707	DONE	PRIMARY	developing	critical	docs/knowledgeos/brainstorming/phase_measure_theory/20260828-124629_step-122-knowledgeos-evidence-execution-protocol.md	c1/g1
0708	DONE	PRIMARY	developing	critical	docs/knowledgeos/brainstorming/phase_measure_theory/20260828-124716_step-123-self-verification-of-knowledgeos.md	c1/g1
0709	DONE	PRIMARY	developing	critical	docs/knowledgeos/brainstorming/phase_measure_theory/20260828-124814_step-124-knowledgeos-self-verification-vs-self-governance.md	c1/g1
0710	DONE	PRIMARY	developing	critical	docs/knowledgeos/brainstorming/phase_measure_theory/20260828-124910_step-125-knowledgeos-operating-model.md	c1/g1
0711	DONE	PRIMARY	developing	critical	docs/knowledgeos/brainstorming/phase_measure_theory/20260828-125024_step-126-knowledgeos-information-model.md	c1/g1
0712	DONE	PRIMARY	developing	critical	docs/knowledgeos/brainstorming/phase_measure_theory/20260828-125128_step-127-knowledgeos-domain-bounded-context-test.md	c1/g1
0713	DONE	PRIMARY	duplicate	skip	docs/knowledgeos/brainstorming/phase_measure_theory/20260828-125203_step-127-knowledgeos-domain-bounded-context-test.md	DUPLICATE-of-0712
0714	DONE	PRIMARY	developing	critical	docs/knowledgeos/brainstorming/phase_measure_theory/20260828-125255_step-128-knowledgeos-context-map-and-dependency-direction.md	c1/g1
0715	DONE	PRIMARY	developing	critical	docs/knowledgeos/brainstorming/phase_measure_theory/20260828-125345_step-129-knowledgeos-architecture-fitness-model.md	c1/g1
0716	DONE	PRIMARY	major-synthesis	critical	docs/knowledgeos/brainstorming/phase_measure_theory/20260828-125449_step-130-the-knowledgeos-assurance-graph.md	c1/g1
0717	DONE	PRIMARY	developing	critical	docs/knowledgeos/brainstorming/phase_measure_theory/20260828-125526_step-131-from-assurance-graph-to-knowledgeos-logical-architecture.md	c1/g1
0718	DONE	PRIMARY	developing	critical	docs/knowledgeos/brainstorming/phase_measure_theory/20260828-125554_step-132-current-state-reconstruction.md	c1/g1
0719	DONE	PRIMARY	developing	critical	docs/knowledgeos/brainstorming/phase_measure_theory/20260828-125624_step-133-repository-artifact-archaeology.md	c1/g1
0720	DONE	PRIMARY	duplicate	skip	docs/knowledgeos/brainstorming/phase_measure_theory/20260828-125635_step-133-repository-artifact-archaeology-duplicate.md	DUPLICATE-of-0719
0721	DONE	PRIMARY	developing	critical	docs/knowledgeos/brainstorming/phase_measure_theory/20260828-125701_step-134-actual-repository-reconstruction.md	c1/g1
0722	DONE	PRIMARY	developing	critical	docs/knowledgeos/brainstorming/phase_measure_theory/20260828-125726_step-135-semantic-ownership-matrix.md	c1/g1
0723	DONE	PRIMARY	developing	critical	docs/knowledgeos/brainstorming/phase_measure_theory/20260828-125802_step-136-bounded-context-boundary-tests.md	c1/g1
0724	DONE	PRIMARY	major-synthesis	critical	docs/knowledgeos/brainstorming/phase_measure_theory/20260828-125843_step-137-the-knowledgeos-domain-model.md	c1/g1
0725	DONE	PRIMARY	developing	critical	docs/knowledgeos/brainstorming/phase_measure_theory/20260828-125937_step-138-aggregates-commands-and-domain-events.md	c1/g1
0726	DONE	PRIMARY	developing	critical	docs/knowledgeos/brainstorming/phase_measure_theory/20260828-130007_step-139-knowledgeos-context-map-and-integration-contracts.md	c1/g1
0727	DONE	PRIMARY	developing	critical	docs/knowledgeos/brainstorming/phase_measure_theory/20260828-130050_step-140-knowledgeos-logical-component-architecture.md	c1/g1
0728	DONE	PRIMARY	developing	critical	docs/knowledgeos/brainstorming/phase_measure_theory/20260828-130122_step-141-deployment-and-runtime-architecture.md	c1/g1
0729	DONE	PRIMARY	developing	critical	docs/knowledgeos/brainstorming/phase_measure_theory/20260828-130217_step-142-current-state-runtime-archaeology.md	c1/g1
0730	DONE	PRIMARY	major-synthesis	critical	docs/knowledgeos/brainstorming/phase_measure_theory/20260828-130247_step-143-current-to-target-architecture-delta.md	c1/g1
0731	DONE	PRIMARY	major-synthesis	critical	docs/knowledgeos/brainstorming/phase_measure_theory/20260828-130340_step-144-knowledgeos-evolution-roadmap.md	c1/g1
0732	DONE	PRIMARY	major-synthesis	critical	docs/knowledgeos/brainstorming/phase_measure_theory/20260828-130748_step-145-golden-trace-specification.md	c1/g1
0733	DONE	PRIMARY	developing	critical	docs/knowledgeos/brainstorming/phase_measure_theory/20260828-130841_step-146-golden-trace-to-implementable-domain-model.md	c1/g1
0734	DONE	PRIMARY	developing	critical	docs/knowledgeos/brainstorming/phase_measure_theory/20260828-130912_step-147-domain-events-and-integration-contracts.md	c1/g1
0735	DONE	PRIMARY	developing	critical	docs/knowledgeos/brainstorming/phase_measure_theory/20260828-130939_step-148-knowledgeos-api-and-contract-architecture.md	c1/g1
0736	DONE	PRIMARY	major-milestone	critical	docs/knowledgeos/brainstorming/phase_measure_theory/20260828-131018_step-156a-chapter-4-validation-of-knowledgeos.md	g1/c1
0737	DONE	PRIMARY	developing	critical	docs/knowledgeos/brainstorming/phase_measure_theory/20260828-131204_step-149-persistence-and-data-architecture.md	c1/g1
0738	DONE	PRIMARY	developing	critical	docs/knowledgeos/brainstorming/phase_measure_theory/20260828-131303_step-150-knowledgeos-runtime-architecture.md	c1/g1
0739	DONE	PRIMARY	major-synthesis	critical	docs/knowledgeos/brainstorming/phase_measure_theory/20260828-131421_step-151-knowledgeos-vertical-slice-v0-1.md	c1/g1
0740	DONE	PRIMARY	major-synthesis	critical	docs/knowledgeos/brainstorming/phase_measure_theory/20260828-131532_step-152-knowledgeos-implementation-architecture-constitution-v1-0.md	c1/g1
0741	DONE	PRIMARY	major-synthesis	critical	docs/knowledgeos/brainstorming/phase_measure_theory/20260828-131618_step-153-knowledgeos-architecture-registry.md	c1/g1
0742	DONE	PRIMARY	developing	critical	docs/knowledgeos/brainstorming/phase_measure_theory/20260828-131705_step-154-knowledgeos-self-assurance-engine.md	c1/g1
0743	DONE	PRIMARY	major-synthesis	critical	docs/knowledgeos/brainstorming/phase_measure_theory/20260828-131736_step-155-knowledgeos-governance-runtime.md	c1/g1
0744	DONE	PRIMARY	major-synthesis	critical	docs/knowledgeos/brainstorming/phase_measure_theory/20260828-133736_step-156-knowledgeos-operating-model.md	c1/g1
0745	DONE	PRIMARY	major-synthesis	critical	docs/knowledgeos/brainstorming/phase_measure_theory/20260828-134443_step-155a-knowledgeos-epistemic-and-provenance-kernel-review.md	c1/g1
0746	DONE	DUPLICATE	-	none	docs/knowledgeos/brainstorming/phase_measure_theory/20260828-134457_step-150-knowledgeos-runtime-architecture-duplicate.md	-
0747	DONE	DUPLICATE	-	none	docs/knowledgeos/brainstorming/phase_measure_theory/20260828-134500_step-144-knowledgeos-evolution-roadmap-duplicate.md	-
0748	DONE	DUPLICATE	-	none	docs/knowledgeos/brainstorming/phase_measure_theory/20260828-134504_step-129-knowledgeos-architecture-fitness-model-duplicate.md	-
0749	DONE	DUPLICATE	-	none	docs/knowledgeos/brainstorming/phase_measure_theory/20260828-135017_step-155a-knowledgeos-epistemic-and-provenance-kernel-review-duplicate.md	-
0750	DONE	PRIMARY	major-synthesis	critical	docs/knowledgeos/brainstorming/phase_measure_theory/20260828-135032_step-156-knowledgeos-operating-model-revision.md	c1/g1
0751	DONE	PRIMARY	major-synthesis	critical	docs/knowledgeos/brainstorming/phase_measure_theory/20260828-135255_step-157-knowledgeos-domain-model-and-bounded-context-validation.md	c1/g1
0752	DONE	PRIMARY	developing	high	docs/knowledgeos/brainstorming/phase_measure_theory/20260828-135842_step-158-preparation-gita-chapter-4-characters-and-their-roles.md	g1/c1
0753	DONE	PRIMARY	major-synthesis	critical	docs/knowledgeos/brainstorming/phase_measure_theory/20260828-140338_gita-chapter-4-what-to-do-versus-what-not-to-do-distinction.md	g1/c1
0754	DONE	DUPLICATE	-	none	docs/knowledgeos/brainstorming/phase_measure_theory/how_to_combine/20260828-140743_two-missing-distinctions-in-the-chapter-4-analysis-duplicate.md	-
0755	DONE	PRIMARY	major-synthesis	critical	docs/knowledgeos/brainstorming/phase_measure_theory/how_to_combine/20260828-141333_master-prompt-reconstruct-evolution-of-thought-before-flattening-into-topics.md	c1/g1
0756	DONE	PRIMARY	major-synthesis	critical	docs/knowledgeos/brainstorming/phase_measure_theory/how_to_combine/20260828-142652_step_combine_combine-prompt-1.md	c1/g1
0757	DONE	PRIMARY	major-synthesis	critical	docs/knowledgeos/brainstorming/phase_measure_theory/how_to_combine/20260828-144815_step_combine_combine-prompt-2.md	c1/g1
0758	DONE	PRIMARY	major-synthesis	critical	docs/knowledgeos/brainstorming/phase_measure_theory/how_to_combine/20260828-145246_step_combine_combine-prompt-3.md	c1/g1
0759	DONE	PRIMARY	major-synthesis	critical	docs/knowledgeos/brainstorming/phase_measure_theory/how_to_combine/20260828-150140_step_combine_combine-prompt-4.md	c1/g1
0760	DONE	PRIMARY	developing	high	docs/knowledgeos/brainstorming/phase_measure_theory/how_to_combine/20260828-151722_step_combine_combine-prompt-5.md	c1/g1
0761	DONE	PRIMARY	major-synthesis	critical	docs/knowledgeos/brainstorming/phase_measure_theory/how_to_combine/20260828-160329_how-to-combine-issue-the-next-instruction.md	c1/g1
0762	DONE	PRIMARY	developing	high	docs/knowledgeos/brainstorming/phase_measure_theory/external_research/20260828-225100_step_286_external-research-readme.md	c1/g1
0763	DONE	PRIMARY	developing	standard	docs/knowledgeos/brainstorming/phase_measure_theory/external_research/20260828-225107_c4-architecture-diagrams-system-context-to-component.md	c1/g1
0764	DONE	PRIMARY	major-synthesis	critical	docs/knowledgeos/brainstorming/phase_measure_theory/external_research/20260828-225129_hpa-ruling-gn-31.md	c1/g1
0765	DONE	PRIMARY	developing	standard	docs/knowledgeos/brainstorming/phase_measure_theory/external_research/20260828-225522_distribution-theory-in-knowledgeos.md	c1/g1
0766	DONE	PRIMARY	developing	high	docs/knowledgeos/brainstorming/phase_measure_theory/external_research/20260828-225632_methodological-discipline-second-order-reflection.md	c1/g1
0767	DONE	PRIMARY	developing	high	docs/knowledgeos/brainstorming/phase_measure_theory/external_research/20260828-225646_three-distinct-information-pathways.md	c1/g1
0768	DONE	PRIMARY	developing	high	docs/knowledgeos/brainstorming/phase_measure_theory/external_research/20260828-225752_what-we-can-directly-use-practical-assessment.md	c1/g1
0769	DONE	PRIMARY	major-synthesis	critical	docs/knowledgeos/brainstorming/phase_measure_theory/how_to_combine/20260828-230119_step_combine_remaining-todos.md	c1/g1
0770	DONE	PRIMARY	major-synthesis	critical	docs/knowledgeos/brainstorming/phase_measure_theory/how_to_combine/20260828-230300_how-to-combine-good-idea-with-a-qualification.md	c1/g1
0771	DONE	PRIMARY	major-synthesis	critical	docs/knowledgeos/brainstorming/phase_measure_theory/how_to_combine/20260828-233241_step_combine_combine-prompt-6.md	c1/g1
0772	DONE	PRIMARY	developing	standard	docs/knowledgeos/brainstorming/phase_measure_theory/external_research/gita_chapter4/20260828-235231_step_286_knowledgeos-mathematical-derivation-from-gita-chapter-4.md	g1/c1
0773	DONE	PRIMARY	major-synthesis	critical	docs/knowledgeos/brainstorming/phase_measure_theory/external_research/gita_chapter4/20260828-235853_step_286_gita-chapter-04-additional-contributions.md	c1/g1
0774	DONE	PRIMARY	developing	high	docs/knowledgeos/brainstorming/phase_measure_theory/external_research/gita_chapter4/20260829-000019_step_286_agree-with-corrective-ruling-on-chapter-04.md	c1/g1
0775	DONE	PRIMARY	developing	high	docs/knowledgeos/brainstorming/phase_measure_theory/external_research/gita_chapter4/20260829-001332_step_286_the-more-interesting-reading-of-chapter-04.md	g1/c1
0776	DONE	PRIMARY	major-synthesis	critical	docs/knowledgeos/brainstorming/phase_measure_theory/external_research/gita_chapter4/20260829-001713_step_286_gita-chapters-01-to-04-source-extract.md	g1/c1
0777	DONE	PRIMARY	major-synthesis	critical	docs/knowledgeos/brainstorming/phase_measure_theory/external_research/gita_chapter4/20260829-001745_step_286_hpa-response-gita-chapters-1-4-philosophical-contributions.md	c1/g1
0778	DONE	PRIMARY	skipped	none	docs/knowledgeos/brainstorming/phase_measure_theory/how_to_combine/20260829-002041_step_combine_halfway-point-progress-review.md	-
0779	DONE	PRIMARY	major-synthesis	critical	docs/knowledgeos/brainstorming/phase_measure_theory/20260829-003330_step_155-156_recovery-of-earlier-step-155-156-material-sarathi-formulation.md	c1/g1
0780	DONE	PRIMARY	major-synthesis	critical	docs/knowledgeos/brainstorming/phase_measure_theory/external_research/gita_chapter4/20260829-003716_step_286_short-confirmation-gita-chapter-4-derivation.md	c1/g1
0781	DONE	PRIMARY	major-synthesis	critical	docs/knowledgeos/brainstorming/phase_measure_theory/20260829-010612_step_158_knowledgeos-architecture-conformance-audit.md	c1/g1
0782	DONE	DUPLICATE	-	none	docs/knowledgeos/brainstorming/phase_measure_theory/20260829-011045_step_158_knowledgeos-architecture-conformance-audit-duplicate.md	-
0783	DONE	PRIMARY	major-synthesis	critical	docs/knowledgeos/brainstorming/phase_measure_theory/20260829-011128_step_159_knowledgeos-architecture-baseline.md	c1/g1
0784	DONE	PRIMARY	major-synthesis	critical	docs/knowledgeos/brainstorming/phase_measure_theory/20260829-011213_step_160_current-state-evidence-mapping.md	c1/g1
0785	DONE	PRIMARY	major-synthesis	critical	docs/knowledgeos/brainstorming/phase_measure_theory/20260829-011309_step_161_semantic-contract-reconstruction.md	c1/g1
0786	DONE	DUPLICATE	-	none	docs/knowledgeos/brainstorming/phase_measure_theory/20260829-011356_step_159_knowledgeos-architecture-baseline-duplicate.md	-
0787	DONE	PRIMARY	major-synthesis	critical	docs/knowledgeos/brainstorming/phase_measure_theory/20260829-011552_step_162_invariant-and-boundary-derivation.md	c1/g1
0788	DONE	PRIMARY	major-synthesis	critical	docs/knowledgeos/brainstorming/phase_measure_theory/20260829-011730_step_163_context-map-and-translation-boundaries.md	c1/g1
0789	DONE	PRIMARY	major-synthesis	critical	docs/knowledgeos/brainstorming/phase_measure_theory/20260829-012048_step_164_domain-events-and-legitimate-state-transitions.md	c1/g1
0790	DONE	PRIMARY	major-synthesis	critical	docs/knowledgeos/brainstorming/phase_measure_theory/20260829-012222_step_165_aggregate-and-consistency-boundary-derivation.md	c1/g1
0791	DONE	PRIMARY	major-synthesis	critical	docs/knowledgeos/brainstorming/phase_measure_theory/20260829-012701_step_166_process-managers-sagas-and-long-running-consistency.md	c1/g1
0792	DONE	PRIMARY	tier2	critical	docs/knowledgeos/brainstorming/phase_measure_theory/20260829-012838_step_167_formal-verification-obligations.md	c1/g1
0793	DONE	PRIMARY	major-synthesis	critical	docs/knowledgeos/brainstorming/phase_measure_theory/20260829-013134_step_168_the-verification-lattice.md	c1/g1
0794	DONE	PRIMARY	major-synthesis	critical	docs/knowledgeos/brainstorming/phase_measure_theory/20260829-013327_step_169_falsification-of-the-knowledgeos-architecture.md	c1/g1
0795	DONE	PRIMARY	major-synthesis	critical	docs/knowledgeos/brainstorming/phase_measure_theory/20260829-013526_step_170_the-end-to-end-knowledgeos-proof-chain.md	c1/g1
0796	DONE	PRIMARY	major-synthesis	critical	docs/knowledgeos/brainstorming/phase_measure_theory/20260829-013701_step_171_the-authority-responsibility-evidence-matrix.md	c1/g1
0797	DONE	PRIMARY	major-synthesis	critical	docs/knowledgeos/brainstorming/phase_measure_theory/20260829-013920_step_172_separation-of-duties-falsification-experiment.md	c1/g1
0798	DONE	PRIMARY	major-synthesis	critical	docs/knowledgeos/brainstorming/phase_measure_theory/20260829-014058_step_173_the-bounded-context-discovery-experiment.md	c1/g1
0799	DONE	PRIMARY	major-synthesis	critical	docs/knowledgeos/brainstorming/phase_measure_theory/20260829-014253_step_174_context-map-and-domain-contract-experiment.md	c1/g1
0800	DONE	PRIMARY	major-synthesis-kernel	critical	docs/knowledgeos/brainstorming/phase_measure_theory/20260829-014420_step_175_the-state-does-not-know-its-past-experiment.md	g1/c1
0801	DONE	PRIMARY	major-synthesis	critical	docs/knowledgeos/brainstorming/phase_measure_theory/20260829-014546_step_176_the-who-knows-experiment.md	g1/c1
0802	DONE	PRIMARY	major-synthesis	critical	docs/knowledgeos/brainstorming/phase_measure_theory/20260829-014710_step_177_the-knowledge-is-not-truth-experiment.md	c1/g1
0803	DONE	PRIMARY	major-synthesis	critical	docs/knowledgeos/brainstorming/phase_measure_theory/20260829-014843_step_178_the-what-should-we-do-experiment.md	c1/g1
0804	DONE	PRIMARY	major-synthesis	critical	docs/knowledgeos/brainstorming/phase_measure_theory/20260829-015001_step_179_the-who-is-allowed-to-say-what-experiment.md	c1/g1
0805	DONE	PRIMARY	major-synthesis	critical	docs/knowledgeos/brainstorming/phase_measure_theory/20260829-015147_step_180_the-can-the-system-know-that-it-does-not-know-experiment.md	c1/g1
0806	DONE	PRIMARY	major-synthesis	critical	docs/knowledgeos/brainstorming/phase_measure_theory/20260829-015345_step_181_the-what-if-two-truths-disagree-experiment.md	c1/g1
0807	DONE	PRIMARY	major-synthesis	critical	docs/knowledgeos/brainstorming/phase_measure_theory/20260829-015501_step_182_the-who-owns-the-truth-experiment.md	c1/g1
0808	DONE	PRIMARY	capstone-self-critique	critical	docs/knowledgeos/brainstorming/phase_measure_theory/20260829-015928_step_183-pre_architecture-and-gita-alignment-review-of-steps-1-182.md	g1/c1
0809	DONE	PRIMARY	major-synthesis	critical	docs/knowledgeos/brainstorming/phase_measure_theory/20260829-020210_step_183_the-reconstruction-experiment.md	c1/g1
0810	DONE	PRIMARY	major-synthesis	critical	docs/knowledgeos/brainstorming/phase_measure_theory/20260829-020345_step_184_the-epistemic-gap-experiment.md	c1/g1
0811	DONE	PRIMARY	major-synthesis	critical	docs/knowledgeos/brainstorming/phase_measure_theory/20260829-020511_step_185_change-correction-refinement-or-recontextualization.md	c1/g1
0812	DONE	PRIMARY	capstone-math-formalization	critical	docs/knowledgeos/brainstorming/phase_measure_theory/20260829-021046_step_186-pre_mathematical-architecture-of-knowledgeos.md	c1/g1
0813	DONE	PRIMARY	capstone-kernel-defining	critical	docs/knowledgeos/brainstorming/phase_measure_theory/20260829-021226_step_186_mathematical-validation-of-the-knowledge-state-model.md	c1/g1
0814	DONE	PRIMARY	capstone-constitutional	critical	docs/knowledgeos/brainstorming/phase_measure_theory/20260829-081618_step_187_authority-as-a-mathematical-relation.md	c1/g1
0815	DONE	PRIMARY	major-synthesis	critical	docs/knowledgeos/brainstorming/phase_measure_theory/20260829-082439_step_188_the-hindsight-contamination-test.md	c1/g1
0816	DONE	PRIMARY	major-synthesis-self-correcting	critical	docs/knowledgeos/brainstorming/phase_measure_theory/20260829-083044_step_189_the-formal-epistemic-state-machine.md	c1/g1
0817	DONE	PRIMARY	major-synthesis	critical	docs/knowledgeos/brainstorming/phase_measure_theory/20260829-084105_step_190_ddd-aggregate-invariant-test.md	c1/g1
0818	DONE	PRIMARY	capstone-real-architecture	critical	docs/knowledgeos/brainstorming/phase_measure_theory/20260829-090129_step_191_semantic-transition-vs-technical-mutation.md	c1/g1
0819	DONE	PRIMARY	capstone-epistemic-separation	critical	docs/knowledgeos/brainstorming/phase_measure_theory/20260829-090618_step_192_the-boundary-of-truth.md	c1/g1
0820	DONE	PRIMARY	major-synthesis	critical	docs/knowledgeos/brainstorming/phase_measure_theory/20260829-090816_step_193_the-temporal-epistemic-consistency-test.md	c1/g1
0821	DONE	PRIMARY	major-synthesis	critical	docs/knowledgeos/brainstorming/phase_measure_theory/20260829-091044_step_194_the-causal-boundary.md	c1/g1
0822	DONE	PRIMARY	major-synthesis	critical	docs/knowledgeos/brainstorming/phase_measure_theory/20260829-104418_step_195_the-identity-continuity-model.md	c1/g1
0823	DONE	PRIMARY	major-synthesis	critical	docs/knowledgeos/brainstorming/phase_measure_theory/20260829-105816_step_196_the-authority-responsibility-model.md	c1/g1
0824	DONE	PRIMARY	capstone	critical	docs/knowledgeos/brainstorming/phase_measure_theory/20260829-105916_step_197_invariants-conservation-and-the-formal-transition-system.md	c1/g1
0825	DONE	PRIMARY	major-synthesis	critical	docs/knowledgeos/brainstorming/phase_measure_theory/20260829-110056_step_198_composition-from-valid-transitions-to-valid-processes.md	c1/g1
0826	DONE	PRIMARY	capstone	critical	docs/knowledgeos/brainstorming/phase_measure_theory/20260829-110229_step_199_uncertainty-probability-ambiguity-and-the-unknown.md	c1/g1
0827	DONE	PRIMARY	capstone	critical	docs/knowledgeos/brainstorming/phase_measure_theory/20260829-110411_step_200_coherence-test-of-the-formal-knowledgeos-architecture.md	c1/g1
0828	DONE	PRIMARY	structural-pivot	critical	docs/knowledgeos/brainstorming/phase_measure_theory/20260829-110712_step_201_refinement-review-program.md	c1/g1
0829	DONE	PRIMARY	phase-a-delivery	critical	docs/knowledgeos/brainstorming/phase_measure_theory/20260829-110912_step_201_knowledgeos-canonical-vocabulary-freeze-v0-1.md	c1/g1
0830	DONE	PRIMARY	phase-a-completion	critical	docs/knowledgeos/brainstorming/phase_measure_theory/20260829-111045_step_202_formal-relation-matrix-from-vocabulary-to-architecture.md	c1/g1
0831	DONE	PRIMARY	resolution	critical	docs/knowledgeos/brainstorming/phase_measure_theory/20260829-111227_step_203_state-space-decomposition.md	c1/g1
0832	DONE	PRIMARY	phase-b-adjacent	critical	docs/knowledgeos/brainstorming/phase_measure_theory/20260829-114405_step_204_transition-algebra-and-invariant-preservation.md	c1/g1
0833	DONE	PRIMARY	phase-c-opening	critical	docs/knowledgeos/brainstorming/phase_measure_theory/20260829-114533_step_205_aggregate-derivation.md	c1/g1
0834	DONE	PRIMARY	phase-c-completion	critical	docs/knowledgeos/brainstorming/phase_measure_theory/20260830-011029_step_206_bounded-context-derivation.md	c1/g1
0835	DONE	PRIMARY	phase-c-capstone	critical	docs/knowledgeos/brainstorming/phase_measure_theory/20260830-011110_step_207_context-contracts.md	c1/g1
0836	DONE	PRIMARY	capstone	critical	docs/knowledgeos/brainstorming/phase_measure_theory/20260830-011729_step_209_invariant-algebra.md	c1/g1
0837	DONE	PRIMARY	resolves-0836-gap	critical	docs/knowledgeos/brainstorming/phase_measure_theory/20260830-011829_step_208_semantic-contract-algebra.md	c1/g1
0838	DONE	PRIMARY	capstone-verification	critical	docs/knowledgeos/brainstorming/phase_measure_theory/20260830-012034_step_210_invariant-verification-matrix.md	c1/g1
0839	DONE	PRIMARY	capstone	critical	docs/knowledgeos/brainstorming/phase_measure_theory/20260830-012320_step_211_architecture-assurance-graph.md	c1/g1
0840	DONE	PRIMARY	capstone-audit	critical	docs/knowledgeos/brainstorming/phase_measure_theory/20260830-012424_step_212_architecture-gap-discovery.md	c1/g1
0841	DONE	PRIMARY	capstone-methodology	critical	docs/knowledgeos/brainstorming/phase_measure_theory/20260830-012547_step_213_evidence-first-reconstruction.md	c1/g1
0842	DONE	PRIMARY	structural-pivot	critical	docs/knowledgeos/brainstorming/phase_measure_theory/20260830-014030_step_214_build-the-evidence-ledger.md	c1/g1
0843	DONE	PRIMARY	structural-planning	critical	docs/knowledgeos/brainstorming/phase_measure_theory/20260830-014143_step_215_reconstruct-steps-1-182.md	c1/g1
0844	DONE	PRIMARY	steps-216-217-combined	critical	docs/knowledgeos/brainstorming/phase_measure_theory/20260830-014501_step_216_freeze-the-method-before-we-reconstruct.md	c1/g1
0845	DONE	PRIMARY	deferred-4	critical	docs/knowledgeos/brainstorming/phase_measure_theory/20260830-015113_step_218_build-the-evidence-ledger-before-further-theory.md	c1/g1
0846	DONE	PRIMARY	deferred-5	critical	docs/knowledgeos/brainstorming/phase_measure_theory/20260830-091728_step_219_evidence-audit-establish-the-ground-truth.md	c1/g1
0847	DONE	PRIMARY	deferred-6	high	docs/knowledgeos/brainstorming/phase_measure_theory/20260830-091849_step_220_concept-genealogy-find-the-origins-of-the-architecture.md	c1/g1
0848	DONE	PRIMARY	convergence-synthesis	critical	docs/knowledgeos/brainstorming/phase_measure_theory/20260830-092132_step_221_build-the-concept-genealogy-map.md	c1/g1
0849	DONE	PRIMARY	falsifiable-si	critical	docs/knowledgeos/brainstorming/phase_measure_theory/20260830-092248_step_222_falsification-pass-try-to-break-the-candidate-architecture.md	c1/g1
0850	DONE	PRIMARY	deferred-9	high	docs/knowledgeos/brainstorming/phase_measure_theory/20260830-092422_step_223_historical-falsification-audit-extraction-protocol.md	c1/g1
0851	DONE	PRIMARY	deferred-10	high	docs/knowledgeos/brainstorming/phase_measure_theory/20260830-092512_step_224_historical-baseline-freeze-what-existed-at-step-182.md	c1/g1
0852	DONE	PRIMARY	deferred-11	high	docs/knowledgeos/brainstorming/phase_measure_theory/20260830-092757_step_225_establish-the-historical-baseline-a-h.md	c1/g1
0853	DONE	PRIMARY	deferred-12	high	docs/knowledgeos/brainstorming/phase_measure_theory/20260830-093751_step_226_reconstruct-the-architecture-timeline.md	c1/g1
0854	DONE	PRIMARY	no-tier2	high	docs/knowledgeos/brainstorming/phase_measure_theory/20260830-093904_step_227_identify-the-architectural-phase-transitions.md	c1/g1
0855	DONE	PRIMARY	tier2	critical	docs/knowledgeos/brainstorming/phase_measure_theory/20260830-094439_step_228_falsification-matrix-for-the-candidate-architecture.md	c1/g1
0856	DONE	PRIMARY	tier2	critical	docs/knowledgeos/brainstorming/phase_measure_theory/20260830-094507_step_230_derive-the-minimal-architectural-kernel-of-knowledgeos.md	c1/m1
0857	DONE	PRIMARY	tier2	critical	docs/knowledgeos/brainstorming/phase_measure_theory/20260830-094626_step_231_define-the-mathematical-space-of-knowledge.md	m1/c1
0858	DONE	PRIMARY	tier2	critical	docs/knowledgeos/brainstorming/phase_measure_theory/20260830-095110_step_232_the-knowledge-state-algebra.md	m1/c1
0859	DONE	PRIMARY	tier2	critical	docs/knowledgeos/brainstorming/phase_measure_theory/20260830-095129_step_233_empirical-validation-of-the-mathematical-kernel-against-knowledgeos.md	c1/m1
0860	DONE	PRIMARY	tier2	critical	docs/knowledgeos/brainstorming/phase_measure_theory/20260830-100912_step_234_canonical-alignment-audit-framework.md	c1/g1
0861	DONE	PRIMARY	tier2	critical	docs/knowledgeos/brainstorming/phase_measure_theory/20260830-100915_step_235_phase-reconstruction-of-steps-1-182.md	c1/g1
0862	DONE	PRIMARY	tier2	critical	docs/knowledgeos/brainstorming/phase_measure_theory/20260830-101301_step_236_first-evidence-based-finding-we-have-a-problem-with-the-existing-reconstruction.md	c1/m1
0863	DONE	PRIMARY	tier2	critical	docs/knowledgeos/brainstorming/phase_measure_theory/20260830-101859_step_237_phase-1-archaeology-evidence-based-reconstruction.md	c1/m1
0864	DONE	PRIMARY	tier2	critical	docs/knowledgeos/brainstorming/phase_measure_theory/20260830-102251_step_238_regime-comparison-matrix.md	c1/m1
0865	DONE	PRIMARY	tier2	critical	docs/knowledgeos/brainstorming/phase_measure_theory/20260830-102425_step_239_kernel-genealogy-and-claim-registry.md	m1/c1
0866	DONE	PRIMARY	tier2	critical	docs/knowledgeos/brainstorming/phase_measure_theory/20260830-102547_step_240_contradiction-registry-the-mathematical-model-has-not-yet-stabilized.md	m1/c1
0867	DONE	PRIMARY	tier2	critical	docs/knowledgeos/brainstorming/phase_measure_theory/20260830-103825_step_241_dependency-graph-of-the-knowledgeos-theory.md	m1/c1
0868	DONE	PRIMARY	no-tier2	low	docs/knowledgeos/brainstorming/phase_measure_theory/20260830-104201_step_241_dependency-graph-of-the-knowledgeos-theory-numbering-correction.md	c1
0869	DONE	PRIMARY	tier2	critical	docs/knowledgeos/brainstorming/phase_measure_theory/20260830-104321_step_242_kernel-candidate-reconstruction-and-formal-comparison.md	m1/c1
0870	DONE	PRIMARY	tier2	critical	docs/knowledgeos/brainstorming/phase_measure_theory/20260830-105650_step_243_formal-reduction-and-layer-correspondence-test.md	m1/c1
0871	DONE	PRIMARY	tier2	critical	docs/knowledgeos/brainstorming/phase_measure_theory/20260830-110018_step_244_next-mandate-from-kernel-discussion-to-formal-construction.md	c1/m1
0872	DONE	PRIMARY	tier2	critical	docs/knowledgeos/brainstorming/phase_measure_theory/20260830-110509_step_245_constructing-an-actual-knowledge-state-k-0.md	m1/c1
0873	DONE	PRIMARY	no-tier2	low	docs/knowledgeos/brainstorming/phase_measure_theory/20260830-110559_step_245_constructing-an-actual-knowledge-state-k-0-duplicate.md	c1
0874	DONE	PRIMARY	tier2	critical	docs/knowledgeos/brainstorming/phase_measure_theory/20260830-111107_step_246_identity-equality-contradiction-and-uncertainty-stress-test.md	m1/c1
0875	DONE	PRIMARY	tier2	critical	docs/knowledgeos/brainstorming/phase_measure_theory/20260830-182415_step_248_transformation-congruence-and-state-sufficiency-test.md	m1/c1
0876	DONE	PRIMARY	no-tier2	high	docs/knowledgeos/brainstorming/phase_measure_theory/20260830-182521_step_247_state-vs-history-sufficiency-test.md	m1/c1
0877	DONE	PRIMARY	no-tier2	low	docs/knowledgeos/brainstorming/phase_measure_theory/20260830-182534_step_248_transformation-congruence-and-state-sufficiency-test-duplicate.md	c1
0878	DONE	PRIMARY	tier2	critical	docs/knowledgeos/brainstorming/phase_measure_theory/20260830-183519_step_250_corpus-derived-transformation-ontology.md	c1/m1
0879	DONE	PRIMARY	no-tier2	high	docs/knowledgeos/brainstorming/phase_measure_theory/20260830-183548_step_249_transformation-algebra-reconstruction.md	c1/m1
0880	DONE	PRIMARY	tier2	critical	docs/knowledgeos/brainstorming/phase_measure_theory/20260830-183629_step_251_full-historical-genealogy-and-reconciliation-of-the-transition-model.md	c1/m1
0881	DONE	PRIMARY	tier2	critical	docs/knowledgeos/brainstorming/phase_measure_theory/20260830-184148_step_252_ddd-ubiquitous-language-and-semantic-boundary-audit.md	c1
0882	DONE	PRIMARY	tier2	critical	docs/knowledgeos/brainstorming/phase_measure_theory/20260830-184830_step_253_primitive-object-and-type-system-audit.md	c1/m1
0883	DONE	PRIMARY	tier2	critical	docs/knowledgeos/brainstorming/phase_measure_theory/20260830-185450_step_254_formal-minimality-and-reconstruction-tests.md	m1/c1
0884	DONE	PRIMARY	tier2	critical	docs/knowledgeos/brainstorming/phase_measure_theory/20260830-185734_step_255_state-history-congruence-and-counterexample-catalogue.md	m1/c1
0885	DONE	PRIMARY	tier2	critical	docs/knowledgeos/brainstorming/phase_measure_theory/20260830-185954_step_256_formal-operation-signature-registry.md	m1/c1
0886	DONE	PRIMARY	tier2	critical	docs/knowledgeos/brainstorming/phase_measure_theory/20260830-190222_step_257_formalization-of-the-four-discriminating-operations.md	m1/c1
0887	DONE	PRIMARY	tier2	critical	docs/knowledgeos/brainstorming/phase_measure_theory/20260830-190941_step_258_identity-equality-and-knowledge-state-equivalence.md	m1
0888	DONE	PRIMARY	tier2	critical	docs/knowledgeos/brainstorming/phase_measure_theory/20260830-191956_step_260_minimality-of-the-knowledge-state.md	m1
0889	DONE	PRIMARY	tier2	critical	docs/knowledgeos/brainstorming/phase_measure_theory/20260830-192058_step_259_congruence-matrix.md	m1
0890	DONE	PRIMARY	tier2	critical	docs/knowledgeos/brainstorming/phase_measure_theory/20260830-192425_step_261_equality-and-identity.md	m1
0891	DONE	PRIMARY	tier2	critical	docs/knowledgeos/brainstorming/phase_measure_theory/20260830-192707_step_262_proposition-assertion-type.md	m1
0892	DONE	PRIMARY	tier2	critical	docs/knowledgeos/brainstorming/phase_measure_theory/20260830-192926_step_263_entity-dimension-value-type-system.md	m1/c1
0893	DONE	PRIMARY	tier2	critical	docs/knowledgeos/brainstorming/phase_measure_theory/20260830-193536_step_264_value-space-and-measurement-semantics.md	c1/m1
0894	DONE	PRIMARY	tier2	critical	docs/knowledgeos/brainstorming/phase_measure_theory/20260830-194332_step_265_provenance-placement.md	m1
0895	DONE	PRIMARY	tier2	critical	docs/knowledgeos/brainstorming/phase_measure_theory/20260830-195450_step_266_computability-audit.md	c1/m1
0896	DONE	PRIMARY	tier2	critical	docs/knowledgeos/brainstorming/phase_measure_theory/20260830-195900_step_267_empirical-bridge-to-knowledgeos.md	m1
0897	DONE	PRIMARY	tier2	critical	docs/knowledgeos/brainstorming/phase_measure_theory/20260830-200907_step_269_policy-semantics-and-the-final-formal-blocker.md	m1
0898	DONE	PRIMARY	tier2	critical	docs/knowledgeos/brainstorming/phase_measure_theory/20260830-202840_step_270_adversarial-policy-evidence-assessment-closure-audit.md	c1/m1
0899	DONE	PRIMARY	skip	low	docs/knowledgeos/brainstorming/phase_measure_theory/20260830-202934_step_269_policy-semantics-and-the-final-formal-blocker-duplicate.md	DUPLICATE-of-0897
0900	DONE	PRIMARY	tier2	critical	docs/knowledgeos/brainstorming/phase_measure_theory/20260830-204917_step_271_policy-semantic-minimality-and-assessment-boundary.md	m1/c1
0901	DONE	PRIMARY	tier2	critical	docs/knowledgeos/brainstorming/phase_measure_theory/20260830-214317_step_274_knowledge-state-algebra-and-closure.md	m1
0902	DONE	PRIMARY	tier2	critical	docs/knowledgeos/brainstorming/phase_measure_theory/20260830-214401_step_273_knowledge-state-sufficiency-and-minimality.md	m1
0903	DONE	PRIMARY	tier2	critical	docs/knowledgeos/brainstorming/phase_measure_theory/20260830-214639_step_275_epistemic-state-reconstruction-and-dimension-separation.md	m1
0904	DONE	PRIMARY	tier2	critical	docs/knowledgeos/brainstorming/phase_measure_theory/20260830-215434_step_276_foundational-gap-reconciliation-and-closure-audit.md	m1
0905	DONE	PRIMARY	skip	low	docs/knowledgeos/brainstorming/phase_measure_theory/20260830-215443_step_276_foundational-gap-reconciliation-and-closure-audit-variant.md	DUPLICATE-of-0904
0906	DONE	PRIMARY	tier2	critical	docs/knowledgeos/brainstorming/phase_measure_theory/20260830-215918_step_276_foundational-gap-reconciliation-and-closure-audit-final.md	m1
0907	DONE	PRIMARY	tier2	critical	docs/knowledgeos/brainstorming/phase_measure_theory/20260830-220134_step_277_transformation-inventory-and-o-core-closure.md	m1
0908	DONE	PRIMARY	tier2	critical	docs/knowledgeos/brainstorming/phase_measure_theory/20260830-221415_step_278_policy-authority-integration-and-executable-semantics.md	m1/c1
0909	DONE	PRIMARY	tier2	critical	docs/knowledgeos/brainstorming/phase_measure_theory/20260830-221629_step_278_policy-authority-integration-and-executable-semantics-v2.md	c1/m1
0910	DONE	PRIMARY	tier2	critical	docs/knowledgeos/brainstorming/phase_measure_theory/20260830-222159_step_278_policy-authority-integration-temporal-semantics-and-governance-closure-final.md	m1/c1
0911	DONE	PRIMARY	tier2	critical	docs/knowledgeos/brainstorming/phase_measure_theory/20260830-224242_step_272a_core-operation-universe-derivation.md	m1
0912	DONE	PRIMARY	tier2	critical	docs/knowledgeos/brainstorming/phase_measure_theory/20260830-225058_step_272b_minimum-epistemic-status-structure-derivation.md	m1/c1
0913	DONE	PRIMARY	tier2	critical	docs/knowledgeos/brainstorming/phase_measure_theory/20260830-230412_step_279_policy-and-authority-executable-implementation.md	m1/c1
0914	DONE	PRIMARY	tier2	high	docs/knowledgeos/brainstorming/phase_measure_theory/20260830-230729_step_279_policy-and-authority-executable-implementation-revised.md	m1
0915	DONE	PRIMARY	tier2	critical	docs/knowledgeos/brainstorming/phase_measure_theory/20260830-231637_step_280_end-to-end-empirical-closure-test.md	c1/m1
0916	DONE	PRIMARY	tier2	high	docs/knowledgeos/brainstorming/phase_measure_theory/20260830-231840_step_280_end-to-end-empirical-closure-test-extended.md	m1/c1
0917	DONE	PRIMARY	tier2	critical	docs/knowledgeos/brainstorming/phase_measure_theory/20260830-233940_step_281_supervisory-commission-missingness-revision-and-gap-closure-verification.md	m1/c1
0918	DONE	PRIMARY	tier2	critical	docs/knowledgeos/brainstorming/phase_measure_theory/20260830-234402_step_281_correction-and-missing-part.md	m1
0919	DONE	PRIMARY	tier2	critical	docs/knowledgeos/brainstorming/phase_measure_theory/20260831-000627_step_282_theory-closure-decision-and-readiness-determination.md	m1
0920	DONE	PRIMARY	tier2	critical	docs/knowledgeos/brainstorming/phase_measure_theory/20260831-001049_step_282_required-completion-and-correction-part.md	m1/c1
0921	DONE	PRIMARY	tier2	critical	docs/knowledgeos/brainstorming/phase_measure_theory/20260831-001525_step_282_supervisory-review-of-original-step-282.md	m1
0922	DONE	PRIMARY	no-tier2	minor	docs/knowledgeos/brainstorming/phase_measure_theory/20260831-001754_step_282_hpa-ruling-theory-criticality-and-residual-gap-classification.md	m1
0923	DONE	PRIMARY	tier2	critical	docs/knowledgeos/brainstorming/phase_measure_theory/20260831-001927_step_282_claude-execution-prompt-residual-gap-closure-gate.md	m1
0924	DONE	PRIMARY	tier2	critical	docs/knowledgeos/brainstorming/phase_measure_theory/20260831-002939_review-what-we-have-actually-built-so-far.md	m1
0925	DONE	PRIMARY	tier2	critical	docs/knowledgeos/brainstorming/phase_measure_theory/20260831-003737_step_282_theory-closure-decision.md	m1
0926	DONE	PRIMARY	tier2	critical	docs/knowledgeos/brainstorming/phase_measure_theory/20260831-005646_step_283_governance-ratification-and-authority-recording.md	m1
0927	DONE	PRIMARY	tier2	critical	docs/knowledgeos/brainstorming/phase_measure_theory/20260831-005956_step_283_missing-part-governance-decision-protocol-authority-provenance-and-closure-criteria.md	m1
0928	DONE	PRIMARY	tier2	critical	docs/knowledgeos/brainstorming/phase_measure_theory/20260831-010447_step_284_revised-post-step-283-roadmap-duplicate.md	m1
0929	DONE	PRIMARY	no-tier2	minor	docs/knowledgeos/brainstorming/phase_measure_theory/20260831-011436_step_284_revised-post-step-283-roadmap.md	m1
0930	DONE	PRIMARY	no-tier2	normal	docs/knowledgeos/brainstorming/phase_measure_theory/external_research/20260831-013900_hpa-supervisory-review-philosophical-inspiration-refined-and-corrected.md	m1
0931	DONE	PRIMARY	tier2	critical	docs/knowledgeos/brainstorming/phase_measure_theory/20260827-114638_my-recommendation.md	m1
0932	DONE	PRIMARY	tier2	critical	docs/knowledgeos/brainstorming/phase_measure_theory/external_research/20260831-141551_hpa-supervisory-review-integration-of-chapter-5-interpretation-with-sarath.md	m1
0933	DONE	PRIMARY	tier2	critical	docs/knowledgeos/brainstorming/phase_measure_theory/external_research/20260831-141812_hpa-supervisory-review-chapter-4-integration-with-knowledgeos-theory.md	m1
0934	DONE	PRIMARY	tier2	critical	docs/knowledgeos/brainstorming/phase_measure_theory/external_research/20260831-142130_step_25i_knowledge-atma-algebra-identity-continuity-and-transformation.md	m1
0935	DONE	PRIMARY	no-tier2	normal	docs/knowledgeos/brainstorming/phase_measure_theory/external_research/20260831-143035_hpa-analysis-gita-chapter-06-philosophical-contributions-to-knowledgeos.md	m1
0936	DONE	PRIMARY	no-tier2	normal	docs/knowledgeos/brainstorming/phase_measure_theory/external_research/20260831-143038_hpa-senior-review-gita-chapter-6-knowledgeos-as-epistemic-discipline.md	m1
0937	DONE	PRIMARY	tier2	critical	docs/knowledgeos/brainstorming/phase_measure_theory/external_research/20260831-143235_step_25j_complete-knowledgeos-transition-system.md	m1
0938	DONE	PRIMARY	no-tier2	normal	docs/knowledgeos/brainstorming/phase_measure_theory/external_research/20260831-151551_knowledgeos-complete-flowchart.md	m1
0939	DONE	PRIMARY	tier2	critical	docs/knowledgeos/brainstorming/phase_measure_theory/external_research/20260831-151606_knowledgeos-complete-pseudo-algorithm.md	m1
0940	DONE	PRIMARY	tier2	critical	docs/knowledgeos/brainstorming/phase_measure_theory/external_research/20260831-152721_hpa-response-distribution-theory-and-fourier-analysis-in-knowledgeos.md	m1
0941	DONE	PRIMARY	tier2	critical	docs/knowledgeos/brainstorming/phase_measure_theory/external_research/20260831-153146_step_284_missings-of-architecture.md	m1
0942	DONE	PRIMARY	tier2	critical	docs/knowledgeos/brainstorming/phase_measure_theory/external_research/20260831-153736_hpa-comprehensive-synthesis-missing-architecture-and-theory-of-knowledgeos.md	m1
0943	DONE	PRIMARY	tier2	critical	docs/knowledgeos/brainstorming/phase_measure_theory/external_research/20260831-154147_hpa-analysis-gita-chapter-07-philosophical-contributions-to-knowledgeos.md	m1
0944	DONE	PRIMARY	tier2	critical	docs/knowledgeos/brainstorming/phase_measure_theory/20260831-155137_step_284_assessment-of-current-state.md	m1
0945	DONE	PRIMARY	tier2	critical	docs/knowledgeos/brainstorming/phase_measure_theory/external_research/20260831-161009_hpa-analysis-transformation-theory-in-the-bhagavad-gita.md	m1
0946	DONE	PRIMARY	tier2	critical	docs/knowledgeos/brainstorming/phase_measure_theory/external_research/20260831-161028_hpa-analysis-gita-chapter-08-philosophical-contributions-to-knowledgeos.md	m1
0947	DONE	PRIMARY	tier2	critical	docs/knowledgeos/brainstorming/phase_measure_theory/external_research/20260831-161041_hpa-final-ruling-knowledgeos-programme-transition-and-new-roadmap.md	m1
0948	DONE	PRIMARY	tier2	critical	docs/knowledgeos/brainstorming/phase_measure_theory/external_research/20260831-164308_knowledgeos-complete-knowledge-transfer-document.md	m1
0949	DONE	PRIMARY	tier2	critical	docs/knowledgeos/brainstorming/phase_measure_theory/20260831-164357_hpa-comprehensive-review-of-implementation-readiness-master-matrix.md	m1
0950	DONE	PRIMARY	no-tier2	normal	docs/knowledgeos/brainstorming/phase_measure_theory/external_research/20260831-164704_hpa-complete-gita-knowledgeos-term-correspondence.md	m1
0951	DONE	PRIMARY	no-tier2	minor	docs/knowledgeos/brainstorming/phase_measure_theory/external_research/20260831-165001_hpa-analysis-transformation-theory-in-the-bhagavad-gita-duplicate.md	m1
0952	DONE	PRIMARY	no-tier2	minor	docs/knowledgeos/brainstorming/phase_measure_theory/external_research/20260831-165053_hpa-analysis-gita-chapter-08-philosophical-contributions-duplicate.md	m1
0953	DONE	PRIMARY	tier2	critical	docs/knowledgeos/brainstorming/phase_measure_theory/external_research/20260831-165319_hpa-analysis-gita-chapter-09-royal-knowledge-and-the-transformation-of-all.md	m1
0954	DONE	PRIMARY	no-tier2	normal	docs/knowledgeos/brainstorming/phase_measure_theory/external_research/20260831-165523_hpa-analysis-gita-chapter-10-the-complete-ontology-of-transformation.md	m1
0955	DONE	PRIMARY	no-tier2	normal	docs/knowledgeos/brainstorming/phase_measure_theory/external_research/20260831-165824_hpa-analysis-gita-chapter-11-the-cosmic-form-and-the-ultimate-transformatio.md	m1
0956	DONE	PRIMARY	no-tier2	normal	docs/knowledgeos/brainstorming/phase_measure_theory/external_research/20260831-170040_hpa-analysis-gita-chapter-12-bhakti-yoga-and-the-final-synthesis-of-knowled.md	m1
0957	DONE	PRIMARY	tier2	critical	docs/knowledgeos/brainstorming/phase_measure_theory/external_research/20260831-170234_hpa-analysis-gita-chapter-13-the-field-and-the-knower-of-the-field.md	m1
0958	DONE	PRIMARY	tier2	critical	docs/knowledgeos/brainstorming/phase_measure_theory/external_research/20260831-170403_hpa-analysis-gita-chapter-14-the-three-modes-of-material-nature-and-their-t.md	m1
0959	DONE	PRIMARY	no-tier2	normal	docs/knowledgeos/brainstorming/phase_measure_theory/external_research/20260831-170546_hpa-analysis-gita-chapter-15-the-complete-theory-of-knowledge-identity-and.md	m1
0960	DONE	PRIMARY	tier2	critical	docs/knowledgeos/brainstorming/phase_measure_theory/external_research/20260831-171736_hpa-analysis-gita-chapter-16-philosophical-contributions-to-knowledgeos.md	m1
0961	DONE	PRIMARY	tier2	critical	docs/knowledgeos/brainstorming/phase_measure_theory/external_research/20260831-171849_hpa-analysis-gita-chapter-17-philosophical-contributions-to-knowledgeos.md	m1
0962	DONE	PRIMARY	tier2	critical	docs/knowledgeos/brainstorming/phase_measure_theory/external_research/20260831-172006_hpa-analysis-gita-chapter-18-philosophical-contributions-to-knowledgeos.md	m1
0963	DONE	PRIMARY	no-tier2	normal	docs/knowledgeos/brainstorming/phase_measure_theory/external_research/20260831-172125_hpa-analysis-gita-chapter-01-philosophical-contributions-to-knowledgeos.md	m1
0964	DONE	PRIMARY	no-tier2	normal	docs/knowledgeos/brainstorming/phase_measure_theory/external_research/20260831-172247_hpa-analysis-gita-chapter-02-philosophical-contributions-to-knowledgeos.md	m1
0965	DONE	PRIMARY	no-tier2	normal	docs/knowledgeos/brainstorming/phase_measure_theory/external_research/20260831-172407_hpa-analysis-gita-chapter-03-application-to-knowledgeos-theory.md	m1
0966	DONE	PRIMARY	no-tier2	normal	docs/knowledgeos/brainstorming/phase_measure_theory/external_research/20260831-172517_hpa-analysis-gita-chapter-04-application-to-knowledgeos-theory.md	m1
0967	DONE	PRIMARY	no-tier2	normal	docs/knowledgeos/brainstorming/phase_measure_theory/external_research/20260831-172642_hpa-analysis-gita-chapter-05-application-to-knowledgeos-theory.md	m1
0968	DONE	PRIMARY	tier2	critical	docs/knowledgeos/brainstorming/phase_measure_theory/20260831-172744_review-overall-verdict.md	m1
0969	DONE	PRIMARY	tier2	critical	docs/knowledgeos/brainstorming/phase_measure_theory/20260831-173224_step_285_canonical-state-reconciliation.md	m1
0970	DONE	PRIMARY	tier2	critical	docs/knowledgeos/brainstorming/phase_measure_theory/external_research/20260831-142000_step_285_gita-informed-reading-canonical-state-research.md	m1
0971	DONE	PRIMARY	tier2	critical	docs/knowledgeos/brainstorming/phase_measure_theory/external_research/20260831-175438_step_286_knowledgeos-complete-gita-integration-synthesis.md	m1
0972	DONE	PRIMARY	tier2	critical	docs/knowledgeos/brainstorming/phase_measure_theory/knowledgeos_kernel/20260831-180039_step_285_canonical-state-reconciliation-gita-informed-lens.md	m1
0973	DONE	PRIMARY	tier2	critical	docs/knowledgeos/brainstorming/phase_measure_theory/knowledgeos_kernel/20260831-182217_step_286_draft-gita-hypothesis-programme-dictionary-as-input-layer.md	m1
0974	DONE	PRIMARY	tier2	critical	docs/knowledgeos/brainstorming/phase_measure_theory/knowledgeos_kernel/research/exec/t285_reconcile.py	m1
0975	DONE	PRIMARY	tier2	critical	docs/knowledgeos/brainstorming/phase_measure_theory/knowledgeos_kernel/research/D285-8-GITA-RESEARCH-APPENDIX.md	m1
0976	DONE	PRIMARY	no-tier2	normal	docs/knowledgeos/brainstorming/phase_measure_theory/knowledgeos_kernel/research/R1-SOURCE-EVIDENCE-REGISTER.md	m1
0977	DONE	PRIMARY	no-tier2	minor	docs/knowledgeos/brainstorming/phase_measure_theory/knowledgeos_kernel/research/exec/OUT-t285.txt	m1
0978	DONE	PRIMARY	no-tier2	normal	docs/knowledgeos/brainstorming/phase_measure_theory/knowledgeos_kernel/20260831-183219_step_286_revised-gita-knowledgeos-hypothesis-research-programme.md	m1
0979	DONE	PRIMARY	tier2	critical	docs/knowledgeos/brainstorming/phase_measure_theory/knowledgeos_kernel/research/01-GAP-UPDATE-FROM-REVISED-286.md	m1
0980	DONE	PRIMARY	tier2	critical	docs/knowledgeos/brainstorming/phase_measure_theory/knowledgeos_kernel/research/R4-FALSIFICATION-INDEPENDENCE-REPORT.md	m1
0981	DONE	PRIMARY	no-tier2	normal	docs/knowledgeos/brainstorming/phase_measure_theory/knowledgeos_kernel/prompts/20260831-184644_step_285_hpa-supervisory-review-d285-5-accepted-and-d285x-template-mandate.md	m1
0982	DONE	PRIMARY	tier2	critical	docs/knowledgeos/brainstorming/phase_measure_theory/knowledgeos_kernel/research/exec/t285_equality.py	m1
0983	DONE	PRIMARY	no-tier2	minor	docs/knowledgeos/brainstorming/phase_measure_theory/knowledgeos_kernel/research/exec/OUT-t285-equality.txt	m1
0984	DONE	PRIMARY	tier2	critical	docs/knowledgeos/brainstorming/phase_measure_theory/knowledgeos_kernel/prompts/20260831-185218_step_285_d285-research-protocol-frozen-seven-stage-typing-mandate.md	m1
0985	DONE	PRIMARY	no-tier2	normal	docs/knowledgeos/brainstorming/phase_measure_theory/knowledgeos_kernel/research/02-GAP-UPDATE-FROM-HPA-REVIEW-D285-5.md	m1
0986	DONE	PRIMARY	tier2	critical	docs/knowledgeos/brainstorming/phase_measure_theory/knowledgeos_kernel/research/D285-2-KNOWER-STATE-BOUNDARY.md	m1
0987	DONE	PRIMARY	tier2	critical	docs/knowledgeos/brainstorming/phase_measure_theory/knowledgeos_kernel/research/D285-4-TRANSFORMATION-TAXONOMY.md	m1
0988	DONE	PRIMARY	tier2	critical	docs/knowledgeos/brainstorming/phase_measure_theory/knowledgeos_kernel/prompts/20260831-190025_step_286_reviewer-a-senior-review-of-r1-r5-with-nine-corrections.md	m1
0989	DONE	PRIMARY	tier2	critical	docs/knowledgeos/brainstorming/phase_measure_theory/knowledgeos_kernel/prompts/20260831-190114_step_287_reviewer-b-equality-identity-semantics-observability-research-mandate.md	m1
0990	DONE	PRIMARY	tier2	critical	docs/knowledgeos/brainstorming/phase_measure_theory/knowledgeos_kernel/prompts/20260831-190336_step_286_hpa-prompt-instructions-gap-update-and-methodological-standardization.md	m1
0991	DONE	PRIMARY	tier2	critical	docs/knowledgeos/brainstorming/phase_measure_theory/knowledgeos_kernel/research/exec/e_equality.py	m1
0992	DONE	PRIMARY	no-tier2	minor	docs/knowledgeos/brainstorming/phase_measure_theory/knowledgeos_kernel/research/exec/OUT-e-equality.txt	m1
0993	DONE	PRIMARY	tier2	critical	docs/knowledgeos/brainstorming/phase_measure_theory/knowledgeos_kernel/research/04-GAP-UPDATE-TWO-REVIEWER-ANALYSIS.md	m1
0994	DONE	PRIMARY	tier2	critical	docs/knowledgeos/brainstorming/phase_measure_theory/knowledgeos_kernel/research/E1-E7-EQUALITY-INVESTIGATION.md	m1
0995	DONE	PRIMARY	tier2	critical	docs/knowledgeos/brainstorming/phase_measure_theory/knowledgeos_kernel/research/R3-HYPOTHESIS-REGISTER.md	m1
0996	DONE	PRIMARY	tier2	critical	docs/knowledgeos/brainstorming/phase_measure_theory/knowledgeos_kernel/research/03-D285-PROTOCOL-CONFORMANT-HYPOTHESIS-DOSSIER.md	m1
0997	DONE	PRIMARY	tier2	critical	docs/knowledgeos/brainstorming/phase_measure_theory/knowledgeos_kernel/research/R2-TRANSLATION-REGISTER.md	m1
0998	DONE	PRIMARY	tier2	critical	docs/knowledgeos/brainstorming/phase_measure_theory/knowledgeos_kernel/research/R5-RESEARCH-TO-ARCHITECTURE-REPORT.md	m1
0999	DONE	PRIMARY	tier2	critical	docs/knowledgeos/brainstorming/phase_measure_theory/knowledgeos_kernel/prompts/20260831-191402_step_285_reviewer-a-d285-package-readiness-review-with-scope-tightenings.md	m1
1000	DONE	PRIMARY	no-tier2	normal	docs/knowledgeos/brainstorming/phase_measure_theory/knowledgeos_kernel/prompts/20260831-191435_step_285_reviewer-b-d285-package-synthesis-layered-model-confirmed.md	m1
1001	DONE	PRIMARY	tier2	critical	docs/knowledgeos/brainstorming/phase_measure_theory/knowledgeos_kernel/prompts/20260831-194012_step_286_reviewer-b-gap-update-review-and-four-way-gap-classification.md	m1
1002	DONE	PRIMARY	tier2	critical	docs/knowledgeos/brainstorming/phase_measure_theory/knowledgeos_kernel/prompts/20260831-195256_step_288_reviewer-b-evidence-freeze-and-d288-decision-procedure-closure-mandate.md	m1
1003	DONE	PRIMARY	tier2	critical	docs/knowledgeos/brainstorming/phase_measure_theory/knowledgeos_kernel/research/05-GAP-UPDATE-TWO-REVIEWERS-FIVE-FILES.md	m1
1004	DONE	PRIMARY	no-tier2	minor	docs/knowledgeos/brainstorming/phase_measure_theory/knowledgeos_kernel/prompts/20260831-195744_step_288_reviewer-b-evidence-freeze-and-d288-decision-procedure-closure-mandate-duplicate.md	m1
1005	DONE	PRIMARY	tier2	critical	docs/knowledgeos/brainstorming/phase_measure_theory/knowledgeos_kernel/research/D288-SCOPE-DECISION-PROCEDURE-CLOSURE.md	m1
1006	DONE	PRIMARY	tier2	critical	docs/knowledgeos/brainstorming/phase_measure_theory/knowledgeos_kernel/research/D285-1-STATE-ONTOLOGY-MATRIX.md	m1
1007	DONE	PRIMARY	tier2	critical	docs/knowledgeos/brainstorming/phase_measure_theory/knowledgeos_kernel/research/D285-6-STATE-CANDIDATE-EVALUATION.md	m1
1008	DONE	PRIMARY	tier2	critical	docs/knowledgeos/brainstorming/phase_measure_theory/knowledgeos_kernel/research/D285-7-KERNEL-CONSEQUENCE-MATRIX.md	m1
1009	DONE	PRIMARY	tier2	critical	docs/knowledgeos/brainstorming/phase_measure_theory/knowledgeos_kernel/research/D285-5-ACTION-RESULT-TEST.md	m1
1010	DONE	PRIMARY	tier2	critical	docs/knowledgeos/brainstorming/phase_measure_theory/knowledgeos_kernel/prompts/20260831-200239_step_284_hpa-supervisory-review-status-report-analysis-and-next-steps.md	m1
1011	DONE	PRIMARY	tier2	critical	docs/knowledgeos/brainstorming/phase_measure_theory/knowledgeos_kernel/prompts/20260831-200600_step_286_gita-kos-conceptual-translation-register-v0.1.md	m1
1012	DONE	PRIMARY	tier2	critical	docs/knowledgeos/brainstorming/phase_measure_theory/knowledgeos_kernel/prompts/20260831-200801_step_285_reviewer-a-knowledgeos-kernel-research-programme-steps-285-298.md	m1
1013	DONE	PRIMARY	no-tier2	minor	docs/knowledgeos/brainstorming/phase_measure_theory/knowledgeos_kernel/prompts/20260831-201654_step_288_reviewer-b-evidence-freeze-d288-mandate-duplicate-2.md	m1
1014	DONE	PRIMARY	no-tier2	normal	docs/knowledgeos/brainstorming/phase_measure_theory/knowledgeos_kernel/prompts/20260831-201712_step_288_reviewer-b-confirms-discovery-vs-formal-gap-correction.md	m1
1015	DONE	PRIMARY	tier2	critical	docs/knowledgeos/brainstorming/phase_measure_theory/knowledgeos_kernel/research/06-GAP-UPDATE-FROM-TRANSLATION-REGISTER-AND-KERNEL-PROGRAMME.md	m1
1016	DONE	PRIMARY	tier2	critical	docs/knowledgeos/brainstorming/phase_measure_theory/knowledgeos_kernel/research/07-GK-REGISTRY-RECONCILIATION.md	m1
1017	DONE	PRIMARY	tier2	critical	docs/knowledgeos/brainstorming/phase_measure_theory/knowledgeos_kernel/prompts/20260831-203836_step_286_reviewer-sequencing-286-ontology-then-287-invariants-both-research-only.md	m1
1018	DONE	PRIMARY	tier2	critical	docs/knowledgeos/brainstorming/phase_measure_theory/knowledgeos_kernel/prompts/20260831-203928_step_288_reviewer-b-consolidated-position-one-irreducible-blocker-qualify.md	m1
1019	DONE	PRIMARY	tier2	critical	docs/knowledgeos/brainstorming/phase_measure_theory/knowledgeos_kernel/prompts/20260831-204016_step_285_hpa-supervisory-review-of-08-q-series-findings-accepted.md	m1
1020	DONE	PRIMARY	tier2	critical	docs/knowledgeos/brainstorming/phase_measure_theory/knowledgeos_kernel/research/09-GAP-UPDATE-FROM-CAVELL-AND-REVIEW-ACCEPTANCE.md	m1
1021	DONE	PRIMARY	tier2	critical	docs/knowledgeos/brainstorming/phase_measure_theory/knowledgeos_kernel/research/10-GOVERNANCE-HANDOFF-STEP-285-RATIFICATION.md	m1
1022	DONE	PRIMARY	tier2	critical	docs/knowledgeos/brainstorming/phase_measure_theory/knowledgeos_kernel/prompts/20260831-210431_step_285_reviewer-review-of-refined-step-285-accept-with-seven-corrections.md	m1
1023	DONE	PRIMARY	tier2	critical	docs/knowledgeos/brainstorming/phase_measure_theory/knowledgeos_kernel/prompts/20260831-211014_step_286_reviewer-review-of-refined-step-286-accept-with-five-corrections.md	m1
1024	DONE	PRIMARY	tier2	critical	docs/knowledgeos/brainstorming/phase_measure_theory/knowledgeos_kernel/prompts/20260831-211057_step_286_reviewer-review-of-step-286-accept-with-tightening-two-hypotheses-split.md	m1
1025	DONE	PRIMARY	tier2	critical	docs/knowledgeos/brainstorming/phase_measure_theory/knowledgeos_kernel/prompts/20260831-211125_step_285_reviewer-joint-review-of-refined-285-and-286-with-status-line-fixes.md	m1
1026	DONE	PRIMARY	tier2	critical	docs/knowledgeos/brainstorming/phase_measure_theory/knowledgeos_kernel/prompts/20260831-211415_step_287_reviewer-review-of-refined-step-287-keep-open-four-surgical-edits.md	m1
1027	DONE	PRIMARY	tier2	critical	docs/knowledgeos/brainstorming/phase_measure_theory/knowledgeos_kernel/prompts/20260831-211449_step_288_reviewer-accepts-287-as-research-diagnosis-and-drafts-step-288-mandate.md	m1
1028	DONE	PRIMARY	tier2	critical	docs/knowledgeos/brainstorming/phase_measure_theory/knowledgeos_kernel/research/REFINED-STEP-285.md	m1
1029	DONE	PRIMARY	tier2	critical	docs/knowledgeos/brainstorming/phase_measure_theory/knowledgeos_kernel/prompts/20260831-211536_step_287_reviewer-do-not-freeze-287-four-red-four-orange-issues.md	m1
1030	DONE	PRIMARY	no-tier2	normal	docs/knowledgeos/brainstorming/phase_measure_theory/knowledgeos_kernel/prompts/20260831-212225_step_287_reviewer-accepts-corrections-and-issues-nine-audit-prompts-for-287-vnext.md	m1
1031	DONE	PRIMARY	tier2	critical	docs/knowledgeos/brainstorming/phase_measure_theory/knowledgeos_kernel/research/11-STEP-287-AUDITS-P1-P9.md	m1
1032	DONE	PRIMARY	tier2	critical	docs/knowledgeos/brainstorming/phase_measure_theory/knowledgeos_kernel/research/12-FINAL-STEP-287-CLOSURE-AUDIT.md	m1
1033	DONE	PRIMARY	tier2	critical	docs/knowledgeos/brainstorming/phase_measure_theory/knowledgeos_kernel/research/08-FINDINGS-FROM-THE-20260826-Q-SERIES.md	m1
1034	DONE	PRIMARY	tier2	critical	docs/knowledgeos/brainstorming/phase_measure_theory/knowledgeos_kernel/research/13-CLOSURE-AUDIT-RERUN.md	m1
1035	DONE	PRIMARY	tier2	critical	docs/knowledgeos/brainstorming/phase_measure_theory/knowledgeos_kernel/research/REFINED-STEP-287-INVARIANTS.md	m1
1036	DONE	PRIMARY	tier2	critical	docs/knowledgeos/brainstorming/phase_measure_theory/knowledgeos_kernel/research/REFINED-STEP-287.md	m1
1037	DONE	PRIMARY	tier2	critical	docs/knowledgeos/brainstorming/phase_measure_theory/knowledgeos_kernel/research/14-GAP-UPDATE-FROM-THE-025-ALGEBRA-SEAM.md	m1
1038	DONE	PRIMARY	tier2	critical	docs/knowledgeos/brainstorming/phase_measure_theory/knowledgeos_kernel/research/15-GAP-UPDATE-FROM-STEPS-012-038-195.md	m1
1039	DONE	PRIMARY	no-tier2	normal	docs/knowledgeos/brainstorming/phase_measure_theory/knowledgeos_kernel/research/step-288/exec/t288_audits.py	m1
1040	DONE	PRIMARY	no-tier2	minor	docs/knowledgeos/brainstorming/phase_measure_theory/knowledgeos_kernel/research/step-288/exec/OUT-t288_audits.txt	m1
1041	DONE	PRIMARY	tier2	critical	docs/knowledgeos/brainstorming/phase_measure_theory/knowledgeos_kernel/research/step-288/01-EQUALITY-REGISTER-RECONCILIATION.md	m1
1042	DONE	PRIMARY	tier2	critical	docs/knowledgeos/brainstorming/phase_measure_theory/knowledgeos_kernel/research/step-288/02-IDENTITY-REGISTER.md	m1
1043	DONE	PRIMARY	tier2	critical	docs/knowledgeos/brainstorming/phase_measure_theory/knowledgeos_kernel/research/step-288/03-DECISION-PROCEDURE-MATRIX.md	m1
1044	DONE	PRIMARY	tier2	critical	docs/knowledgeos/brainstorming/phase_measure_theory/knowledgeos_kernel/research/step-288/04-CONGRUENCE-AND-OPERATION-MATRIX.md	m1
1045	DONE	PRIMARY	tier2	critical	docs/knowledgeos/brainstorming/phase_measure_theory/knowledgeos_kernel/research/step-288/05-STEP-261-GATE-AUDIT.md	m1
1046	DONE	PRIMARY	tier2	critical	docs/knowledgeos/brainstorming/phase_measure_theory/knowledgeos_kernel/research/step-288/06-STEP-288-MATHEMATICAL-AUDITS.md	m1
1047	DONE	PRIMARY	tier2	critical	docs/knowledgeos/brainstorming/phase_measure_theory/knowledgeos_kernel/research/step-288/07-NORMATIVE-DECISION-REGISTER.md	m1
1048	DONE	PRIMARY	tier2	critical	docs/knowledgeos/brainstorming/phase_measure_theory/knowledgeos_kernel/research/step-288/08-GAP-UPDATE.md	m1
1049	DONE	PRIMARY	tier2	critical	docs/knowledgeos/brainstorming/phase_measure_theory/knowledgeos_kernel/research/step-289/exec/t289_bootstrap.py	m1
1050	DONE	PRIMARY	no-tier2	normal	docs/knowledgeos/brainstorming/phase_measure_theory/knowledgeos_kernel/research/step-289/exec/t289_bootstrap_v2.py	m1
1051	DONE	PRIMARY	tier2	critical	docs/knowledgeos/brainstorming/phase_measure_theory/knowledgeos_kernel/research/step-289/exec/OUT-t289_bootstrap.txt	m1
1052	DONE	PRIMARY	tier2	critical	docs/knowledgeos/brainstorming/phase_measure_theory/knowledgeos_kernel/research/step-289/exec/OUT-t289_bootstrap_v2.txt	m1
1053	DONE	PRIMARY	no-tier2	normal	docs/knowledgeos/brainstorming/phase_measure_theory/knowledgeos_kernel/research/step-289/01-dependency-graph.md	m1
1054	DONE	PRIMARY	tier2	critical	docs/knowledgeos/brainstorming/phase_measure_theory/knowledgeos_kernel/research/step-289/02-cycle-reconstruction.md	m1
1055	DONE	PRIMARY	tier2	critical	docs/knowledgeos/brainstorming/phase_measure_theory/knowledgeos_kernel/research/step-289/03-bootstrap-boundary.md	m1
1056	DONE	PRIMARY	tier2	critical	docs/knowledgeos/brainstorming/phase_measure_theory/knowledgeos_kernel/research/step-289/07-sigma-k-boundary-audit.md	m1
1057	DONE	PRIMARY	tier2	critical	docs/knowledgeos/brainstorming/phase_measure_theory/knowledgeos_kernel/research/step-289/08-degeneracy-audit.md	m1
1058	DONE	PRIMARY	tier2	critical	docs/knowledgeos/brainstorming/phase_measure_theory/knowledgeos_kernel/research/step-289/05-step-261-gate-audit.md	m1
1059	DONE	PRIMARY	tier2	critical	docs/knowledgeos/brainstorming/phase_measure_theory/knowledgeos_kernel/research/step-289/04-derivation-governance-matrix.md	m1
1060	DONE	PRIMARY	tier2	critical	docs/knowledgeos/brainstorming/phase_measure_theory/knowledgeos_kernel/research/step-289/06-register-reconciliation.md	m1
1061	DONE	PRIMARY	tier2	critical	docs/knowledgeos/brainstorming/phase_measure_theory/knowledgeos_kernel/research/step-289/09-normative-decision-register.md	m1
1062	DONE	PRIMARY	tier2	critical	docs/knowledgeos/brainstorming/phase_measure_theory/knowledgeos_kernel/research/step-289/10-closure-contract.md	m1
1063	DONE	PRIMARY	tier2	critical	docs/knowledgeos/brainstorming/phase_measure_theory/knowledgeos_kernel/research/step-290/exec/t290_n1_audit.py	m1
1064	DONE	PRIMARY	no-tier2	minor	docs/knowledgeos/brainstorming/phase_measure_theory/knowledgeos_kernel/research/step-290/exec/OUT-t290_n1_audit.txt	m1
1065	DONE	PRIMARY	tier2	critical	docs/knowledgeos/brainstorming/phase_measure_theory/knowledgeos_kernel/research/step-290/01-relation-register.md	m1
1066	DONE	PRIMARY	tier2	critical	docs/knowledgeos/brainstorming/phase_measure_theory/knowledgeos_kernel/research/step-290/03-distinguishability-audit.md	m1
1067	DONE	PRIMARY	tier2	critical	docs/knowledgeos/brainstorming/phase_measure_theory/knowledgeos_kernel/research/step-290/02-definition-comparison.md	m1
1068	DONE	PRIMARY	tier2	major	docs/knowledgeos/brainstorming/phase_measure_theory/knowledgeos_kernel/research/step-290/04-observational-family-audit.md	m1
1069	DONE	PRIMARY	tier2	major	docs/knowledgeos/brainstorming/phase_measure_theory/knowledgeos_kernel/research/step-290/05-congruence-audit.md	m1
1070	DONE	PRIMARY	tier2	major	docs/knowledgeos/brainstorming/phase_measure_theory/knowledgeos_kernel/research/step-290/06-declaration-derivation-audit.md	m1
1071	DONE	PRIMARY	tier2	major	docs/knowledgeos/brainstorming/phase_measure_theory/knowledgeos_kernel/research/step-290/07-step-261-gate-audit.md	m1
1072	DONE	PRIMARY	tier2	critical	docs/knowledgeos/brainstorming/phase_measure_theory/knowledgeos_kernel/research/step-290/08-decision-register.md	m1
1073	DONE	PRIMARY	tier2	critical	docs/knowledgeos/brainstorming/phase_measure_theory/knowledgeos_kernel/research/step-290/09-gap-update.md	m1
1074	DONE	PRIMARY	tier2	major	docs/knowledgeos/brainstorming/phase_measure_theory/knowledgeos_kernel/research/step-290/10-evidence-index.md	m1
1075	DONE	PRIMARY	tier2	major	docs/knowledgeos/brainstorming/phase_measure_theory/knowledgeos_kernel/research/step-291/exec/t291_bootstrap.py	m1
1076	DONE	PRIMARY	tier2	critical	docs/knowledgeos/brainstorming/phase_measure_theory/knowledgeos_kernel/research/step-291/exec/t291_omega_tau_audit.py	m1
1077	DONE	PRIMARY	tier2	major	docs/knowledgeos/brainstorming/phase_measure_theory/knowledgeos_kernel/research/step-291/exec/t291_equality.py	m1
1078	DONE	PRIMARY	tier2	major	docs/knowledgeos/brainstorming/phase_measure_theory/knowledgeos_kernel/research/step-291/01_omega-tau-reconciliation.md	m1
1079	DONE	PRIMARY	tier2	major	docs/knowledgeos/brainstorming/phase_measure_theory/knowledgeos_kernel/research/step-291/04_closure-analysis.md	m1
1080	DONE	PRIMARY	tier2	major	docs/knowledgeos/brainstorming/phase_measure_theory/knowledgeos_kernel/research/step-291/03_operation-registry-audit.md	m1
1081	DONE	PRIMARY	tier2	critical	docs/knowledgeos/brainstorming/phase_measure_theory/knowledgeos_kernel/research/step-291/02_observation-inventory.md	m1
1082	DONE	PRIMARY	tier2	critical	docs/knowledgeos/brainstorming/phase_measure_theory/knowledgeos_kernel/research/step-291/05_dependency-graph.md	m1
1083	DONE	PRIMARY	tier2	major	docs/knowledgeos/brainstorming/phase_measure_theory/knowledgeos_kernel/research/step-291/08_equality-impact.md	m1
1084	DONE	PRIMARY	tier2	major	docs/knowledgeos/brainstorming/phase_measure_theory/knowledgeos_kernel/research/step-291/06_261-gate-audit.md	m1
1085	DONE	PRIMARY	tier2	critical	docs/knowledgeos/brainstorming/phase_measure_theory/knowledgeos_kernel/research/step-291/07_governance-vs-derivation.md	m1
1086	DONE	PRIMARY	tier2	critical	docs/knowledgeos/brainstorming/phase_measure_theory/knowledgeos_kernel/research/step-291/09_negative-results.md	m1
1087	DONE	PRIMARY	tier2	critical	docs/knowledgeos/brainstorming/phase_measure_theory/knowledgeos_kernel/research/step-291/10_recommendation-and-next-act.md	m1
1088	DONE	PRIMARY	tier2	critical	docs/knowledgeos/brainstorming/phase_measure_theory/knowledgeos_kernel/research/REFINED-STEP-288.md	m1
1089	DONE	PRIMARY	tier2	major	docs/knowledgeos/brainstorming/phase_measure_theory/knowledgeos_kernel/research/REFINED-STEP-289.md	m1
1090	DONE	PRIMARY	tier2	major	docs/knowledgeos/brainstorming/phase_measure_theory/knowledgeos_kernel/research/step-291/exec/t291b_graph_universe.py	m1
1091	DONE	PRIMARY	tier2	major	docs/knowledgeos/brainstorming/phase_measure_theory/knowledgeos_kernel/research/step-291/exec/t291_transcript.txt	m1
1092	DONE	PRIMARY	tier2	critical	docs/knowledgeos/brainstorming/phase_measure_theory/knowledgeos_kernel/research/step-291/11_VNEXT-CLOSURE-AUDIT.md	m1
1093	DONE	PRIMARY	tier2	major	docs/knowledgeos/brainstorming/phase_measure_theory/knowledgeos_kernel/research/REFINED-STEP-291.md	m1
1094	DONE	PRIMARY	tier2	major	docs/knowledgeos/brainstorming/phase_measure_theory/knowledgeos_kernel/research/REFINED-STEP-290.md	m1
1095	DONE	PRIMARY	tier2	major	docs/knowledgeos/brainstorming/phase_measure_theory/knowledgeos_kernel/research/16-GAP-UPDATE-FROM-GITA-CHAPTERS-05-06-07.md	m1
1096	DONE	PRIMARY	tier2	critical	docs/knowledgeos/brainstorming/phase_measure_theory/knowledgeos_kernel/research/19-GITA-CANDIDATE-TIERING-COMPLETED-ALL-18-CHAPTERS.md	m1
1097	DONE	PRIMARY	tier2	major	docs/knowledgeos/brainstorming/phase_measure_theory/knowledgeos_kernel/research/18-GITA-CANDIDATES-FOR-KNOWLEDGEOS-AND-THE-KERNEL.md	m1
1098	DONE	PRIMARY	tier2	critical	docs/knowledgeos/brainstorming/phase_measure_theory/knowledgeos_kernel/research/20-GITA-KERNEL-CANDIDATES-THE-CONVERGENCE.md	m1
1099	DONE	PRIMARY	tier2	critical	docs/knowledgeos/brainstorming/phase_measure_theory/knowledgeos_kernel/research/21-GITA-DIMENSION-AND-PURIFICATION-CANDIDATES.md	m1
1100	DONE	PRIMARY	tier2	critical	docs/knowledgeos/brainstorming/phase_measure_theory/knowledgeos_kernel/research/22-EXTERNAL-RESEARCH-GITA-THEORY-REVIEW-AND-GAP-OPTIMIZATION.md	m1
1101	DONE	PRIMARY	tier2	critical	docs/knowledgeos/brainstorming/phase_measure_theory/knowledgeos_kernel/research/23-GITA-CHAPTERS-10-15-KERNEL-RECONSTRUCTION.md	m1
1102	DONE	PRIMARY	tier2	critical	docs/knowledgeos/brainstorming/phase_measure_theory/knowledgeos_kernel/research/24-CHAPTER-16-CONTROLLED-COMPARISON-AND-THE-QUALIFY-REFINEMENT.md	m1
1103	DONE	PRIMARY	tier2	critical	docs/knowledgeos/brainstorming/phase_measure_theory/knowledgeos_kernel/research/25-GITA-TRACK-CLOSED-CH-17-18-05-AND-THE-GUNA-FORK.md	m1
1104	DONE	PRIMARY	tier2	major	docs/knowledgeos/brainstorming/phase_measure_theory/knowledgeos_kernel/research/26-THE-KERNEL-SIMULATION-AUDITED-AND-CH-04-03.md	m1
1105	DONE	PRIMARY	tier2	critical	docs/knowledgeos/brainstorming/phase_measure_theory/knowledgeos_kernel/research/27-CH-02-REFRAME-AND-SIX-CONTROLLED-COMPARISONS.md	m1
1106	DONE	PRIMARY	tier2	critical	docs/knowledgeos/brainstorming/phase_measure_theory/knowledgeos_kernel/research/28-CH-01-FAILURE-MODES-AND-THE-GITA-TRACK-CLOSED.md	m1
1107	DONE	PRIMARY	tier2	critical	docs/knowledgeos/brainstorming/phase_measure_theory/knowledgeos_kernel/research/29-TWO-SYNTHESES-AND-THE-STEP-NUMBER-COLLISION.md	m1
1108	DONE	PRIMARY	tier2	critical	docs/knowledgeos/brainstorming/phase_measure_theory/knowledgeos_kernel/research/31-STATE-VOCABULARY-THE-OPERATOR-CONTRACT-AND-SIX-COLLISIONS.md	m1
1109	DONE	PRIMARY	tier2	critical	docs/knowledgeos/brainstorming/phase_measure_theory/knowledgeos_kernel/research/30-THE-EIGHT-PRIMITIVES-HOLD-CONVERGENCE-ON-THE-ANSWER.md	m1
1110	DONE	PRIMARY	tier2	critical	docs/knowledgeos/brainstorming/phase_measure_theory/knowledgeos_kernel/research/32-THE-LANE-TURNS-ABSORPTION-NOT-ADJUDICATION.md	m1
1111	DONE	PRIMARY	tier2	critical	docs/knowledgeos/brainstorming/phase_measure_theory/knowledgeos_kernel/research/33-A-LIVE-ADJUDICATION-AND-THE-INHERITED-GATES.md	m1
1112	DONE	PRIMARY	tier2	critical	docs/knowledgeos/brainstorming/phase_measure_theory/knowledgeos_kernel/research/34-THE-UNSCHEDULABLE-PROGRAMME-AND-THE-DIMENSION-MODEL.md	m1
1113	DONE	PRIMARY	tier2	major	docs/knowledgeos/brainstorming/phase_measure_theory/knowledgeos_kernel/research/step-291/00_NUMBERING-COLLISION-REPORT.md	m1
1114	DONE	PRIMARY	tier2	critical	docs/knowledgeos/brainstorming/phase_measure_theory/knowledgeos_kernel/research/35-A-CANDIDATE-CARRIER-FOR-THE-MISSINGNESS-DEFECT.md	m1
1115	DONE	PRIMARY	tier2	critical	docs/knowledgeos/brainstorming/phase_measure_theory/knowledgeos_kernel/research/36-THE-PROBABILITY-SPACE-RE-RAISED-AND-THE-TOPOLOGICAL-LENS.md	m1
1116	DONE	PRIMARY	tier2	critical	docs/knowledgeos/brainstorming/phase_measure_theory/knowledgeos_kernel/research/17-GITA-PHILOSOPHY-VS-MATHEMATICAL-AND-STATISTICAL-MODELLING.md	m1
1117	DONE	PRIMARY	tier2	major	docs/knowledgeos/brainstorming/phase_measure_theory/knowledgeos_kernel/research/REFINED-STEP-286.md	m1
1118	DONE	PRIMARY	tier2	critical	docs/knowledgeos/brainstorming/phase_measure_theory/knowledgeos_kernel/research/00-INDEX.md	m1
1431	DONE	PRIMARY	tier2	critical	docs/knowledgeos/brainstorming/KnowledgeOS_Knowledge_Modeling_Knowledge_Transfer_Phase1_Measure_Theory.docx	m1
1432	DONE	PRIMARY	duplicate	minor	docs/knowledgeos/brainstorming/KnowledgeOS_Knowledge_Modeling_Knowledge_Transfer_Phase1_Measure_Theory.odt	m1
1440	DONE	PRIMARY	literature	minor	docs/knowledgeos/brainstorming/Thinking about mathematics - The philosophy of mathematics (2000) (Stewart Shapiro) (z-library.sk, 1lib.sk, z-lib.sk).pdf	m1
2225	DONE	PRIMARY	tier2	critical	docs/knowledgeos/brainstorming/phase_measure_theory/20260831-181552_step_286_gita-mapping-terms-to-knowledgeos-invalid-date-corrected.md	m1
2226	DONE	PRIMARY	tier2	critical	docs/knowledgeos/brainstorming/phase_measure_theory/20260831-195114_step_288_short-confirmation-of-equality-gap-position.md	m1
2227	DONE	PRIMARY	tier2	critical	docs/knowledgeos/brainstorming/phase_measure_theory/knowledgeos_kernel/20260831-201143_step_286_gita-kos-translation-register-working-notes.md	m1
2228	DONE	PRIMARY	tier2	critical	docs/knowledgeos/brainstorming/phase_measure_theory/knowledgeos_kernel/prompts/20260831-201424_step_287_reviewer-drafts-step-287-invariants-research-and-falsification-mandate.md	m1
2229	DONE	PRIMARY	tier2	major	docs/knowledgeos/brainstorming/phase_measure_theory/20260831-202101_step_287_reviewer-step-287-invariants-research-only-derivability-audit-triplicate.md	m1
2230	DONE	PRIMARY	tier2	critical	docs/knowledgeos/brainstorming/phase_measure_theory/knowledgeos_kernel/20260831-202404_step_286_cavell-must-we-mean-what-we-say-lenses-for-knowledgeos-kernel.md	m1
2231	DONE	PRIMARY	duplicate	minor	docs/knowledgeos/brainstorming/phase_measure_theory/knowledgeos_kernel/prompts/20260831-202424_step_287_reviewer-step-287-invariants-as-research-only-derivability-audit-not-normative.md	m1
2232	DONE	PRIMARY	tier2	critical	docs/knowledgeos/brainstorming/phase_measure_theory/knowledgeos_kernel/prompts/20260831-215513_step_288_refined-step-288-equality-decision-procedure-closure-programme-mandate.md	m1
2233	DONE	PRIMARY	duplicate	minor	docs/knowledgeos/brainstorming/phase_measure_theory/knowledgeos_kernel/prompts/20260831-221900_step_287_reviewer-step-287-invariants-research-only-derivability-audit-duplicate.md	m1
2234	DONE	PRIMARY	tier2	critical	docs/knowledgeos/brainstorming/phase_measure_theory/knowledgeos_kernel/prompts/20260831-222300_step_288_reviewer-b-step-288-equality-reconciliation-execution-mandate-post-287-baseline.md	m1
2235	DONE	PRIMARY	tier2	critical	docs/knowledgeos/brainstorming/phase_measure_theory/knowledgeos_kernel/prompts/20260831-224400_step_289_reviewer-b-dependency-graph-bootstrap-boundary-and-derivation-governance-separation-mandate.md	m1
2236	DONE	PRIMARY	tier2	minor	docs/knowledgeos/brainstorming/phase_measure_theory/knowledgeos_kernel/prompts/20260831-225400_step_289_reviewer-b-step-289-operations-mandate-superseded-by-2303-tightening.md	m1
2237	DONE	PRIMARY	tier2	critical	docs/knowledgeos/brainstorming/phase_measure_theory/knowledgeos_kernel/prompts/20260831-230100_step_290_reviewer-accepts-289-and-drafts-step-290-n1-equality-observational-adjudication-mandate.md	m1
2238	DONE	PRIMARY	tier2	critical	docs/knowledgeos/brainstorming/phase_measure_theory/knowledgeos_kernel/prompts/20260831-230300_step_289_reviewer-b-step-289-operations-and-transformation-semantics-tightened-mandate.md	m1
2239	DONE	PRIMARY	tier2	critical	docs/knowledgeos/brainstorming/phase_measure_theory/knowledgeos_kernel/prompts/20260831-231700_step_291_reviewer-b-omega-tau-closure-audit-and-n4-earliest-act-verification-mandate.md	m1
2240	DONE	PRIMARY	tier2	high	docs/knowledgeos/brainstorming/phase_measure_theory/knowledgeos_kernel/prompts/20260831-233128_step_290_reviewer-approves-290-with-one-architectural-caution.md	m1
2241	DONE	PRIMARY	tier2	high	docs/knowledgeos/brainstorming/phase_measure_theory/knowledgeos_kernel/prompts/20260831-233234_step_290_reviewer-b-accepts-290-as-correction-of-the-288-289-equality-thread.md	m1
2242	DONE	PRIMARY	tier2	high	docs/knowledgeos/brainstorming/phase_measure_theory/knowledgeos_kernel/prompts/20260831-233945_step_286_hpa-gita-chapter-05-karma-yoga-action-attribution-decomposition-hypothesis.md	m1
2243	DONE	PRIMARY	duplicate	minor	docs/knowledgeos/brainstorming/phase_measure_theory/knowledgeos_kernel/prompts/20260831-234034_step_286_hpa-gita-chapter-05-karma-yoga-duplicate.md	m1
2244	DONE	PRIMARY	tier2	critical	docs/knowledgeos/brainstorming/phase_measure_theory/knowledgeos_kernel/prompts/20260831-234046_step_291_reviewer-do-not-freeze-291-status-logic-and-overstatement-corrections.md	m1
2245	DONE	PRIMARY	tier2	high	docs/knowledgeos/brainstorming/phase_measure_theory/knowledgeos_kernel/prompts/20260831-234334_step_286_hpa-gita-chapter-05-atma-as-bounded-knower-locus-not-knowledge.md	m1
2246	DONE	PRIMARY	tier2	high	docs/knowledgeos/brainstorming/phase_measure_theory/knowledgeos_kernel/prompts/20260831-234601_step_286_hpa-gita-chapter-06-dhyana-yoga-epistemic-regulation-and-recovery-hypotheses.md	m1
2247	DONE	PRIMARY	duplicate	minor	docs/knowledgeos/brainstorming/phase_measure_theory/knowledgeos_kernel/prompts/20260901-000039_step_286_hpa-gita-chapter-06-dhyana-yoga-duplicate.md	m1
2248	DONE	PRIMARY	tier2	high	docs/knowledgeos/brainstorming/phase_measure_theory/knowledgeos_kernel/prompts/20260901-000332_step_286_hpa-gita-chapter-06-theory-of-epistemic-regulation-stabilization-progression.md	m1
2249	DONE	PRIMARY	tier2	high	docs/knowledgeos/brainstorming/phase_measure_theory/knowledgeos_kernel/prompts/20260901-001017_step_286_hpa-gita-chapter-06-kernel-as-mind-like-functional-analogy-not-identity.md	m1
2250	DONE	PRIMARY	duplicate	minor	docs/knowledgeos/brainstorming/phase_measure_theory/knowledgeos_kernel/prompts/20260901-001122_step_286_hpa-gita-chapter-06-kernel-as-mind-like-analogy-duplicate.md	m1
2251	DONE	PRIMARY	tier2	critical	docs/knowledgeos/brainstorming/phase_measure_theory/knowledgeos_kernel/prompts/20260901-002536_step_286_hpa-gita-chapter-07-knowledge-of-the-absolute-vocabulary-too-simplistic.md	m1
2252	DONE	PRIMARY	tier2	critical	docs/knowledgeos/brainstorming/phase_measure_theory/knowledgeos_kernel/prompts/20260901-002927_step_286_hpa-gita-chapters-06-07-combined-lens-not-architectural-specification.md	m1
2253	DONE	PRIMARY	tier2	high	docs/knowledgeos/brainstorming/phase_measure_theory/knowledgeos_kernel/prompts/20260901-002955_step_286_hpa-gita-chapter-06-stronger-interpretation-for-knowledgeos.md	m1
2254	DONE	PRIMARY	tier2	high	docs/knowledgeos/brainstorming/phase_measure_theory/knowledgeos_kernel/prompts/20260901-004205_step_286_hpa-gita-chapter-09-new-lens-with-chapters-06-07.md	m1
2255	DONE	PRIMARY	tier2	critical	docs/knowledgeos/brainstorming/phase_measure_theory/knowledgeos_kernel/prompts/20260901-004408_step_286_hpa-gita-chapter-08-attaining-the-supreme-structural-not-term-mapping.md	m1
2256	DONE	PRIMARY	tier2	high	docs/knowledgeos/brainstorming/phase_measure_theory/knowledgeos_kernel/prompts/20260901-004546_step_286_hpa-knowledge-state-is-time-indexed-evolving-not-constant.md	m1
2257	DONE	PRIMARY	duplicate	minor	docs/knowledgeos/brainstorming/phase_measure_theory/knowledgeos_kernel/prompts/20260901-004810_step_286_hpa-knowledge-state-time-indexed-duplicate.md	m1
2258	DONE	PRIMARY	tier2	high	docs/knowledgeos/brainstorming/phase_measure_theory/knowledgeos_kernel/prompts/20260901-004958_step_286_hpa-gita-chapter-03-locus-with-ch02-foundation-and-ch04-continuation.md	m1
2259	DONE	PRIMARY	duplicate	minor	docs/knowledgeos/brainstorming/phase_measure_theory/knowledgeos_kernel/prompts/20260901-005211_step_286_hpa-gita-chapter-03-locus-duplicate.md	m1
2260	DONE	PRIMARY	tier2	critical	docs/knowledgeos/brainstorming/phase_measure_theory/knowledgeos_kernel/prompts/20260901-005349_step_286_define-kernel-from-evidence-maths-and-ddd-with-gita-as-lens-only.md	m1
2261	DONE	PRIMARY	tier2	high	docs/knowledgeos/brainstorming/phase_measure_theory/knowledgeos_kernel/prompts/20260901-005458_step_286_hpa-gita-as-philosophical-lens-only-stronger-knowledgeos-hypothesis.md	m1
2262	DONE	PRIMARY	tier2	critical	docs/knowledgeos/brainstorming/phase_measure_theory/knowledgeos_kernel/prompts/20260901-005729_step_286_hpa-gita-chapter-11-hypotheses-for-knowledgeos-and-especially-the-kernel.md	m1
2263	DONE	PRIMARY	tier2	critical	docs/knowledgeos/brainstorming/phase_measure_theory/knowledgeos_kernel/prompts/20260901-010022_step_286_hpa-gita-chapter-12-bhakti-yoga-distinguished-from-chapter-11.md	m1
2264	DONE	PRIMARY	tier2	critical	docs/knowledgeos/brainstorming/phase_measure_theory/knowledgeos_kernel/prompts/20260901-010224_step_286_hpa-yoga-as-a-family-of-mathematical-simulations-analytical-lens.md	m1
2265	DONE	PRIMARY	tier2	critical	docs/knowledgeos/brainstorming/phase_measure_theory/knowledgeos_kernel/prompts/20260901-010553_step_286_purification-as-multi-dimensional-qualification-not-more-knowledge.md	m1
2266	DONE	PRIMARY	tier2	high	docs/knowledgeos/brainstorming/phase_measure_theory/knowledgeos_kernel/prompts/20260901-010705_step_286_sentence-as-candidate-representation-not-equal-to-dimension.md	m1
2267	DONE	PRIMARY	duplicate	minor	docs/knowledgeos/brainstorming/phase_measure_theory/knowledgeos_kernel/prompts/20260901-010904_step_286_sentence-vs-dimension-chapter-13-duplicate.md	m1
2268	DONE	PRIMARY	tier2	critical	docs/knowledgeos/brainstorming/phase_measure_theory/knowledgeos_kernel/prompts/20260901-011315_step_286_hpa-gita-chapter-14-three-modes-read.md	m1
2269	DONE	PRIMARY	tier2	high	docs/knowledgeos/brainstorming/phase_measure_theory/knowledgeos_kernel/prompts/20260901-011421_step_286_hpa-gita-chapters-13-plus-14-composed.md	m1
2270	DONE	PRIMARY	tier2	critical	docs/knowledgeos/brainstorming/phase_measure_theory/knowledgeos_kernel/prompts/20260901-011622_step_286_hpa-gita-chapters-13-plus-14-composed-variant.md	m1
2271	DONE	PRIMARY	tier2	critical	docs/knowledgeos/brainstorming/phase_measure_theory/knowledgeos_kernel/prompts/20260901-011731_step_286_hpa-gita-adding-chapter-11-changes-the-model.md	m1
2272	DONE	PRIMARY	tier2	high	docs/knowledgeos/brainstorming/phase_measure_theory/knowledgeos_kernel/prompts/20260901-011919_step_286_hpa-gita-adding-chapter-10-to-the-composition.md	m1
2273	DONE	PRIMARY	tier2	critical	docs/knowledgeos/brainstorming/phase_measure_theory/knowledgeos_kernel/prompts/20260901-012249_step_286_hpa-gita-chapter-15-highly-useful-for-knowledgeos.md	m1
2274	DONE	PRIMARY	tier2	high	docs/knowledgeos/brainstorming/phase_measure_theory/knowledgeos_kernel/prompts/20260901-012438_step_286_hpa-gita-adding-chapter-15-materially-strengthens.md	m1
2275	DONE	PRIMARY	tier2	critical	docs/knowledgeos/brainstorming/phase_measure_theory/knowledgeos_kernel/prompts/20260901-012726_step_286_gita-chapters-10-15-as-hypothesis-generating-lens-for-formal-kernel-reconstruction.md	m1
2276	DONE	PRIMARY	duplicate	minor	docs/knowledgeos/brainstorming/phase_measure_theory/knowledgeos_kernel/prompts/20260901-012831_step_286_gita-chapters-10-15-kernel-reconstruction-duplicate.md	m1
2277	DONE	PRIMARY	tier2	critical	docs/knowledgeos/brainstorming/phase_measure_theory/knowledgeos_kernel/prompts/20260901-013054_step_286_hpa-gita-chapter-16-divine-vs-demoniac-qualities-for-the-formal-kernel.md	m1
2278	DONE	PRIMARY	tier2	high	docs/knowledgeos/brainstorming/phase_measure_theory/knowledgeos_kernel/prompts/20260901-013244_step_286_hpa-gita-chapter-16-composed-kernel-internal-quality-control-behaviour.md	m1
2279	DONE	PRIMARY	tier2	critical	docs/knowledgeos/brainstorming/phase_measure_theory/knowledgeos_kernel/prompts/20260901-013804_step_286_refine-the-model-before-adding-chapters-buddhi-zero-qualify-purification.md	m1
2280	DONE	PRIMARY	duplicate	minor	docs/knowledgeos/brainstorming/phase_measure_theory/knowledgeos_kernel/prompts/20260901-014043_step_286_refine-the-model-before-adding-chapters-duplicate.md	m1
2281	DONE	PRIMARY	tier2	high	docs/knowledgeos/brainstorming/phase_measure_theory/knowledgeos_kernel/prompts/20260901-014309_step_286_hpa-gita-chapter-17-reread-with-the-chapters-06-16-model.md	m1
2282	DONE	PRIMARY	tier2	critical	docs/knowledgeos/brainstorming/phase_measure_theory/knowledgeos_kernel/prompts/20260901-014348_step_286_guna-as-a-mode-state-model-not-gita-metaphysics.md	m1
2283	DONE	PRIMARY	tier2	critical	docs/knowledgeos/brainstorming/phase_measure_theory/knowledgeos_kernel/prompts/20260901-014632_step_286_gita-chapter-18-as-the-final-chapter-read-against-the-built-model.md	m1
2284	DONE	PRIMARY	tier2	critical	docs/knowledgeos/brainstorming/phase_measure_theory/knowledgeos_kernel/prompts/20260901-014910_step_286_gita-chapter-05-reread-clarifies-implicit-kernel-mechanisms.md	m1
2285	DONE	PRIMARY	tier2	critical	docs/knowledgeos/brainstorming/phase_measure_theory/knowledgeos_kernel/prompts/20260901-015335_step_286_kernel-simulation-across-epistemic-situations-coherence-test.md	m1
2286	DONE	PRIMARY	tier2	high	docs/knowledgeos/brainstorming/phase_measure_theory/knowledgeos_kernel/prompts/20260901-015547_step_286_hpa-gita-chapter-04-transformation-doubt-resolution-knowledge-to-action.md	m1
2287	DONE	PRIMARY	tier2	high	docs/knowledgeos/brainstorming/phase_measure_theory/knowledgeos_kernel/prompts/20260901-015751_step_286_hpa-gita-chapter-03-karma-yoga-mechanisms-for-constructing-and-simulating-the-kernel.md	m1
2288	DONE	PRIMARY	tier2	high	docs/knowledgeos/brainstorming/phase_measure_theory/knowledgeos_kernel/prompts/20260901-020054_step_286_hpa-gita-chapter-02-read-against-the-accumulated-model.md	m1
2289	DONE	PRIMARY	tier2	high	docs/knowledgeos/brainstorming/phase_measure_theory/knowledgeos_kernel/prompts/20260901-020435_step_286_hpa-gita-chapter-02-refinement-not-merely-another-feature.md	m1
2290	DONE	PRIMARY	tier2	high	docs/knowledgeos/brainstorming/phase_measure_theory/knowledgeos_kernel/prompts/20260901-020447_step_286_hpa-gita-chapter-02-as-a-kernel-level-refinement.md	m1
2291	DONE	PRIMARY	tier2	critical	docs/knowledgeos/brainstorming/phase_measure_theory/knowledgeos_kernel/prompts/20260901-020820_step_286_hpa-gita-chapter-01-kernel-pathological-state-and-failure-modes.md	m1
2292	DONE	PRIMARY	tier2	high	docs/knowledgeos/brainstorming/phase_measure_theory/knowledgeos_kernel/prompts/20260901-021003_step_286_hpa-gita-chapter-01-as-the-opening-pathological-state-of-the-kernel.md	m1
2293	DONE	PRIMARY	tier2	critical	docs/knowledgeos/brainstorming/phase_measure_theory/knowledgeos_kernel/prompts/20260901-021321_step_286_gita-lens-model-of-knowledgeos-synthesis-of-chapters-01-18.md	m1
2294	DONE	PRIMARY	tier2	high	docs/knowledgeos/brainstorming/phase_measure_theory/knowledgeos_kernel/prompts/20260901-021752_step_286_all-18-chapters-as-one-corpus-formal-kernel-model-under-285-287-discipline.md	m1
2295	DONE	PRIMARY	tier2	high	docs/knowledgeos/brainstorming/phase_measure_theory/knowledgeos_kernel/prompts/20260901-021906_step_286_kernel-state-stays-at-the-eight-ratified-primitives-gita-as-lens-only.md	m1
2296	DONE	PRIMARY	no-tier2	low	docs/knowledgeos/brainstorming/phase_measure_theory/knowledgeos_kernel/prompts/20260901-022150_step_286_kernel-state-at-eight-primitives-duplicate.md	m1
2297	DONE	PRIMARY	tier2	high	docs/knowledgeos/brainstorming/phase_measure_theory/knowledgeos_kernel/prompts/20260901-022227_step_286_eight-primitives-are-a-state-vocabulary-not-eight-equal-fields.md	m1
2298	DONE	PRIMARY	tier2	critical	docs/knowledgeos/brainstorming/phase_measure_theory/knowledgeos_kernel/prompts/20260901-022425_step_286_operators-must-be-well-typed-and-invariant-preserving-not-analogy-driven.md	m1
2299	DONE	PRIMARY	tier2	high	docs/knowledgeos/brainstorming/phase_measure_theory/knowledgeos_kernel/prompts/20260901-022709_step_286_knowledge-space-vs-knowledge-state-vs-kernel-transformation.md	m1
2300	DONE	PRIMARY	tier2	critical	docs/knowledgeos/brainstorming/phase_measure_theory/knowledgeos_kernel/prompts/20260901-023023_step_286_stop-adding-philosophy-start-systematic-operator-discovery.md	m1
2301	DONE	PRIMARY	tier2	critical	docs/knowledgeos/brainstorming/phase_measure_theory/knowledgeos_kernel/prompts/20260901-023201_step_286_rewrite-the-model-it-jumps-to-a-kernel-before-steps-287-290-permit.md	m1
2302	DONE	PRIMARY	tier2	high	docs/knowledgeos/brainstorming/phase_measure_theory/knowledgeos_kernel/prompts/20260901-023405_step_286_refinement-separate-established-from-gita-derived-against-steps-287-290.md	m1
2303	DONE	PRIMARY	tier2	high	docs/knowledgeos/brainstorming/phase_measure_theory/ChatGPT Image 1. Sept. 2026, 02_37_26.png	m1
2304	DONE	PRIMARY	tier2	critical	docs/knowledgeos/brainstorming/phase_measure_theory/knowledgeos_kernel/prompts/20260901-024047_step_286_c4-views-for-the-refined-knowledgeos-model-kernel-as-a-c2-container.md	m1
2305	DONE	PRIMARY	tier2	high	docs/knowledgeos/brainstorming/phase_measure_theory/knowledgeos_kernel/prompts/20260901-024209_step_286_continue-into-the-operations-programme-with-the-289-290-boundary.md	m1
2306	DONE	PRIMARY	tier2	critical	docs/knowledgeos/brainstorming/phase_measure_theory/knowledgeos_kernel/prompts/20260901-024558_step_286_reconstruct-the-complete-gita-model-then-resolve-missing-concepts.md	m1
2307	DONE	PRIMARY	tier2	high	docs/knowledgeos/brainstorming/phase_measure_theory/knowledgeos_kernel/prompts/20260901-024659_step_286_hpa-direction-assessment-revised-gita-model-observation-first-breakthrough.md	m1
2308	DONE	PRIMARY	tier2	critical	docs/knowledgeos/brainstorming/phase_measure_theory/knowledgeos_kernel/prompts/20260901-024940_step_286_reviewer-does-not-approve-the-hpa-assessment-overreach-and-sequencing-contradiction.md	m1
2309	DONE	PRIMARY	tier2	critical	docs/knowledgeos/brainstorming/phase_measure_theory/knowledgeos_kernel/prompts/20260901-025223_step_286_change-the-mathematical-foundation-subset-model-cannot-express-dimension-change.md	m1
2310	DONE	PRIMARY	tier2	critical	docs/knowledgeos/brainstorming/phase_measure_theory/knowledgeos_kernel/prompts/20260901-025251_step_290_proposed-as-operation-semantics-research-step-collides-with-n1-adjudication.md	m1
2311	DONE	PRIMARY	no-tier2	low	docs/knowledgeos/brainstorming/phase_measure_theory/knowledgeos_kernel/prompts/20260901-025500_step_286_change-the-mathematical-foundation-duplicate.md	m1
2312	DONE	PRIMARY	tier2	high	docs/knowledgeos/brainstorming/phase_measure_theory/knowledgeos_kernel/prompts/20260901-025542_step_286_controlled-mathematical-and-ddd-refinement-mandate-for-the-evolving-dimensional-model.md	m1
2313	DONE	PRIMARY	no-tier2	low	docs/knowledgeos/brainstorming/phase_measure_theory/knowledgeos_kernel/prompts/20260901-025719_step_286_controlled-refinement-mandate-duplicate.md	m1
2314	DONE	PRIMARY	no-tier2	low	docs/knowledgeos/brainstorming/phase_measure_theory/20260901_0927_mathematical_theory_gita_inspired_knowelge-os-model.md	m1
2315	DONE	PRIMARY	tier2	critical	docs/knowledgeos/brainstorming/phase_measure_theory/knowledgeos_kernel/prompts/20260901-093906_step_286_topological-lens-for-knowledge-structure-connection-separation.md	m1
2316	DONE	PRIMARY	tier2	critical	docs/knowledgeos/brainstorming/phase_measure_theory/knowledgeos_kernel/prompts/20260901-094230_step_286_undefined-concepts-under-the-topological-infinite-dimensional-statistical-ddd-direction.md	m1
2317	DONE	PRIMARY	tier2	critical	docs/knowledgeos/brainstorming/phase_measure_theory/knowledgeos_kernel/prompts/20260901-094759_step_286_a-plausible-path-to-a-theoretical-breakthrough-carefully-defined.md	m1
2318	DONE	PRIMARY	tier2	critical	docs/knowledgeos/brainstorming/phase_measure_theory/knowledgeos_kernel/prompts/20260901-095800_step_286_working-hypothesis-knowledge-space-inside-a-probability-space.md	m1
2319	DONE	PRIMARY	tier2	critical	docs/knowledgeos/brainstorming/phase_measure_theory/knowledgeos_kernel/prompts/20260901-111523_step_286_independent-research-line-appears-to-have-arrived-at-the-same-result.md	m1
2320	DONE	PRIMARY	no-tier2	low	docs/knowledgeos/brainstorming/files_to_read_one_by_one.log	m1
2321	PENDING	-	-	-	docs/knowledgeos/brainstorming/phase_measure_theory/knowledgeos_kernel/prompts/20260901-115204_step_286_reviewer-two-mathematical-overstatements-in-artifact-36.md	-
2322	PENDING	-	-	-	docs/knowledgeos/brainstorming/phase_measure_theory/knowledgeos_kernel/prompts/Yes. I read the relevant material availa	-
2323	PENDING	-	-	-	docs/knowledgeos/brainstorming/phase_measure_theory/knowledgeos_kernel/research/37-TWO-CORRECTIONS-AND-THE-CONVERGENCE-PROTOCOL.md	-
2324	PENDING	-	-	-	docs/knowledgeos/brainstorming/phase_measure_theory/knowledgeos_kernel/research/38-THE-LAYERED-MODEL-AND-A-SECOND-IRREDUCIBLE-TRANSFORMATION.md	-
2325	EXCLUDED	EXCLUDED_VERIFICATION	-	-	docs/knowledgeos/brainstorming/verification/gap-discovery/theory-compatibility/01-DYNAMIC-EPISTEMIC-LOGIC.md	-
2326	EXCLUDED	EXCLUDED_VERIFICATION	-	-	docs/knowledgeos/brainstorming/verification/gap-discovery/theory-compatibility/02-BELIEF-REVISION.md	-
2327	EXCLUDED	EXCLUDED_VERIFICATION	-	-	docs/knowledgeos/brainstorming/verification/gap-discovery/theory-compatibility/04-INFORMATION-THEORY.md	-
2328	PENDING	-	-	-	docs/knowledgeos/brainstorming/20260902-122338-what-eleven-experiments-established-a-synthesis.md	-
2329	PENDING	-	-	-	docs/knowledgeos/brainstorming/20260902-160500_gita-on-contradiction-lenses-questions-and-candidate-register.md	-
2330	PENDING	-	-	-	docs/knowledgeos/brainstorming/kernel/20260902-185000_review-yes12345.md	-
2331	PENDING	-	-	-	docs/knowledgeos/brainstorming/phase_measure_theory/knowledgeos_kernel/prompts/step_290_Yes — **I agree with the direction of th	-
2332	PENDING	-	-	-	docs/knowledgeos/brainstorming/phase_measure_theory/knowledgeos_kernel/research/REFINED-STEP-292.md	-
2333	PENDING	-	-	-	docs/knowledgeos/brainstorming/phase_measure_theory/knowledgeos_kernel/research/step-292/00_INDEX.md	-
2334	PENDING	-	-	-	docs/knowledgeos/brainstorming/phase_measure_theory/knowledgeos_kernel/research/step-292/01_source-formal-model.md	-
2335	PENDING	-	-	-	docs/knowledgeos/brainstorming/phase_measure_theory/knowledgeos_kernel/research/step-292/02_knowledgeos-crosswalk.md	-
2336	PENDING	-	-	-	docs/knowledgeos/brainstorming/phase_measure_theory/knowledgeos_kernel/research/step-292/03_situation-state-history.md	-
2337	PENDING	-	-	-	docs/knowledgeos/brainstorming/phase_measure_theory/knowledgeos_kernel/research/step-292/04_delta-transition-audit.md	-
2338	PENDING	-	-	-	docs/knowledgeos/brainstorming/phase_measure_theory/knowledgeos_kernel/research/step-292/05_frame-problem-audit.md	-
2339	PENDING	-	-	-	docs/knowledgeos/brainstorming/phase_measure_theory/knowledgeos_kernel/research/step-292/06_operation-registry-audit.md	-
2340	PENDING	-	-	-	docs/knowledgeos/brainstorming/phase_measure_theory/knowledgeos_kernel/research/step-292/07_observation-sensing-qualify.md	-
2341	PENDING	-	-	-	docs/knowledgeos/brainstorming/phase_measure_theory/knowledgeos_kernel/research/step-292/08_regression-progression.md	-
2342	PENDING	-	-	-	docs/knowledgeos/brainstorming/phase_measure_theory/knowledgeos_kernel/research/step-292/09_equality-identity-audit.md	-
2343	PENDING	-	-	-	docs/knowledgeos/brainstorming/phase_measure_theory/knowledgeos_kernel/research/step-292/10_composition-reactivity.md	-
2344	PENDING	-	-	-	docs/knowledgeos/brainstorming/phase_measure_theory/knowledgeos_kernel/research/step-292/11_negative-tests.md	-
2345	PENDING	-	-	-	docs/knowledgeos/brainstorming/phase_measure_theory/knowledgeos_kernel/research/step-292/12_implementation-candidates.md	-
2346	PENDING	-	-	-	docs/knowledgeos/brainstorming/phase_measure_theory/knowledgeos_kernel/research/step-292/13_gap-update.md	-
2347	PENDING	-	-	-	docs/knowledgeos/brainstorming/phase_measure_theory/knowledgeos_kernel/research/step-292/14_governance-impact.md	-
2348	PENDING	-	-	-	docs/knowledgeos/brainstorming/phase_measure_theory/knowledgeos_kernel/research/step-292/exec/results/A1_history_state_collision.json	-
2349	PENDING	-	-	-	docs/knowledgeos/brainstorming/phase_measure_theory/knowledgeos_kernel/research/step-292/exec/results/A2_successor_state_axiom.json	-
2350	PENDING	-	-	-	docs/knowledgeos/brainstorming/phase_measure_theory/knowledgeos_kernel/research/step-292/exec/results/A3_regression_progression.json	-
2351	PENDING	-	-	-	docs/knowledgeos/brainstorming/phase_measure_theory/knowledgeos_kernel/research/step-292/exec/results/A4_poss_executability.json	-
2352	PENDING	-	-	-	docs/knowledgeos/brainstorming/phase_measure_theory/knowledgeos_kernel/research/step-292/exec/results/A5_observational_equivalence.json	-
2353	PENDING	-	-	-	docs/knowledgeos/brainstorming/phase_measure_theory/knowledgeos_kernel/research/step-292/exec/t292_reiter_audit.py	-
2354	PENDING	-	-	-	docs/knowledgeos/brainstorming/phase_measure_theory/knowledgeos_kernel/research/step-292/exec/t292_run.py	-
2355	EXCLUDED	EXCLUDED_VERIFICATION	-	-	docs/knowledgeos/brainstorming/verification/gap-discovery/gap-update-2026-09-02/00-NEW-ARTIFACT-INVENTORY.md	-
2356	EXCLUDED	EXCLUDED_VERIFICATION	-	-	docs/knowledgeos/brainstorming/verification/gap-discovery/gap-update-2026-09-02/01-WHAT-MOVED.md	-
2357	EXCLUDED	EXCLUDED_VERIFICATION	-	-	docs/knowledgeos/brainstorming/verification/gap-discovery/gap-update-2026-09-02/02-WHAT-DID-NOT-MOVE.md	-
2358	EXCLUDED	EXCLUDED_VERIFICATION	-	-	docs/knowledgeos/brainstorming/verification/gap-discovery/gap-update-2026-09-02/03-MY-OWN-CLAIMS-CORRECTED.md	-
2359	EXCLUDED	EXCLUDED_VERIFICATION	-	-	docs/knowledgeos/brainstorming/verification/gap-discovery/gap-update-2026-09-02/04-CONVERGENCES.md	-
2360	EXCLUDED	EXCLUDED_VERIFICATION	-	-	docs/knowledgeos/brainstorming/verification/gap-discovery/gap-update-2026-09-02/05-NEW-GAPS.md	-
2361	EXCLUDED	EXCLUDED_VERIFICATION	-	-	docs/knowledgeos/brainstorming/verification/gap-discovery/gap-update-2026-09-02/06-AUTHORITY-CLAIMS-AUDIT.md	-
2362	EXCLUDED	EXCLUDED_VERIFICATION	-	-	docs/knowledgeos/brainstorming/verification/gap-discovery/gap-update-2026-09-02/07-READINESS-DELTA.md	-
2363	EXCLUDED	EXCLUDED_VERIFICATION	-	-	docs/knowledgeos/brainstorming/verification/gap-discovery/gap-update-2026-09-02/08-SCOPE-ERROR-AND-CORRECTIONS.md	-
2364	EXCLUDED	EXCLUDED_VERIFICATION	-	-	docs/knowledgeos/brainstorming/verification/gap-discovery/gap-update-2026-09-02/README.md	-
2365	EXCLUDED	EXCLUDED_VERIFICATION	-	-	docs/knowledgeos/brainstorming/verification/gap-discovery/theory-compatibility/00-METHOD-AND-PROVENANCE.md	-
2366	EXCLUDED	EXCLUDED_VERIFICATION	-	-	docs/knowledgeos/brainstorming/verification/gap-discovery/theory-compatibility/03-PROBABILITY-THEORY.md	-
2367	EXCLUDED	EXCLUDED_VERIFICATION	-	-	docs/knowledgeos/brainstorming/verification/gap-discovery/theory-compatibility/05-STATISTICAL-DECISION-THEORY.md	-
2368	EXCLUDED	EXCLUDED_VERIFICATION	-	-	docs/knowledgeos/brainstorming/verification/gap-discovery/theory-compatibility/06-CROSS-THEORY-SYNTHESIS-AND-VERDICT.md	-
2369	EXCLUDED	EXCLUDED_VERIFICATION	-	-	docs/knowledgeos/brainstorming/verification/gap-discovery/theory-compatibility/README.md	-
2370	PENDING	-	-	-	docs/knowledgeos/brainstorming/20260902-183000_gita-on-elimination-tyaga-and-the-zero-algebra.md	-
2371	PENDING	-	-	-	docs/knowledgeos/brainstorming/20260902-185001_files-to-read-one-by-one.log.md	-
2372	PENDING	-	-	-	docs/knowledgeos/brainstorming/20260903-091500_gita-on-representation-reduction-and-preservation.md	-
2373	PENDING	-	-	-	docs/knowledgeos/brainstorming/20260903-121000_gita-on-audit-and-the-untested-assumption.md	-
2374	PENDING	-	-	-	docs/knowledgeos/brainstorming/phase_measure_theory/Yes. This is now **very close to a mathe	-
2375	PENDING	-	-	-	docs/knowledgeos/brainstorming/20260904-081500_gita-on-the-bridge-that-was-not-there.md	-
2376	PENDING	-	-	-	docs/knowledgeos/brainstorming/20260904-104500_gita-on-declared-reads-and-effective-reads.md	-
2321	DONE	PRIMARY	tier2	critical	docs/knowledgeos/brainstorming/phase_measure_theory/knowledgeos_kernel/prompts/20260901-115204_step_286_reviewer-two-mathematical-overstatements-in-artifact-36.md	m1
2322	DONE	PRIMARY	tier2	critical	docs/knowledgeos/brainstorming/phase_measure_theory/knowledgeos_kernel/prompts/Yes. I read the relevant material availa	x
2323	DONE	PRIMARY	tier2	critical	docs/knowledgeos/brainstorming/phase_measure_theory/knowledgeos_kernel/research/37-TWO-CORRECTIONS-AND-THE-CONVERGENCE-PROTOCOL.md	x
2324	DONE	PRIMARY	tier2	critical	docs/knowledgeos/brainstorming/phase_measure_theory/knowledgeos_kernel/research/38-THE-LAYERED-MODEL-AND-A-SECOND-IRREDUCIBLE-TRANSFORMATION.md	x
2328	DONE	PRIMARY	tier2	critical	docs/knowledgeos/brainstorming/20260902-122338-what-eleven-experiments-established-a-synthesis.md	c1
2329	DONE	PRIMARY	tier2	critical	docs/knowledgeos/brainstorming/20260902-160500_gita-on-contradiction-lenses-questions-and-candidate-register.md	g
2330	DONE	PRIMARY	tier2	critical	docs/knowledgeos/brainstorming/kernel/20260902-185000_review-yes12345.md	c2
2331	DONE	PRIMARY	tier2	high	docs/knowledgeos/brainstorming/phase_measure_theory/knowledgeos_kernel/prompts/step_290_Yes — **I agree with the direction of th	m1
2332	DONE	PRIMARY	tier2	critical	docs/knowledgeos/brainstorming/phase_measure_theory/knowledgeos_kernel/research/REFINED-STEP-292.md	c1
2333	DONE	PRIMARY	no-tier2	low	docs/knowledgeos/brainstorming/phase_measure_theory/knowledgeos_kernel/research/step-292/00_INDEX.md	c1
2334	DONE	PRIMARY	no-tier2	low	docs/knowledgeos/brainstorming/phase_measure_theory/knowledgeos_kernel/research/step-292/01_source-formal-model.md	b
2335	DONE	PRIMARY	tier2	high	docs/knowledgeos/brainstorming/phase_measure_theory/knowledgeos_kernel/research/step-292/02_knowledgeos-crosswalk.md	c1
2336	DONE	PRIMARY	tier2	high	docs/knowledgeos/brainstorming/phase_measure_theory/knowledgeos_kernel/research/step-292/03_situation-state-history.md	c1
2337	DONE	PRIMARY	tier2	high	docs/knowledgeos/brainstorming/phase_measure_theory/knowledgeos_kernel/research/step-292/04_delta-transition-audit.md	c1
2338	DONE	PRIMARY	tier2	high	docs/knowledgeos/brainstorming/phase_measure_theory/knowledgeos_kernel/research/step-292/05_frame-problem-audit.md	c1
2339	DONE	PRIMARY	tier2	high	docs/knowledgeos/brainstorming/phase_measure_theory/knowledgeos_kernel/research/step-292/06_operation-registry-audit.md	c1
2340	DONE	PRIMARY	tier2	high	docs/knowledgeos/brainstorming/phase_measure_theory/knowledgeos_kernel/research/step-292/07_observation-sensing-qualify.md	c1
2341	DONE	PRIMARY	tier2	high	docs/knowledgeos/brainstorming/phase_measure_theory/knowledgeos_kernel/research/step-292/08_regression-progression.md	c1
2342	DONE	PRIMARY	tier2	high	docs/knowledgeos/brainstorming/phase_measure_theory/knowledgeos_kernel/research/step-292/09_equality-identity-audit.md	c1
2343	DONE	PRIMARY	tier2	high	docs/knowledgeos/brainstorming/phase_measure_theory/knowledgeos_kernel/research/step-292/10_composition-reactivity.md	c1
2344	DONE	PRIMARY	tier2	high	docs/knowledgeos/brainstorming/phase_measure_theory/knowledgeos_kernel/research/step-292/11_negative-tests.md	c1
2345	DONE	PRIMARY	no-tier2	low	docs/knowledgeos/brainstorming/phase_measure_theory/knowledgeos_kernel/research/step-292/12_implementation-candidates.md	c1
2346	DONE	PRIMARY	no-tier2	low	docs/knowledgeos/brainstorming/phase_measure_theory/knowledgeos_kernel/research/step-292/13_gap-update.md	c1
2347	DONE	PRIMARY	no-tier2	low	docs/knowledgeos/brainstorming/phase_measure_theory/knowledgeos_kernel/research/step-292/14_governance-impact.md	c1
2348	DONE	PRIMARY	no-tier2	low	docs/knowledgeos/brainstorming/phase_measure_theory/knowledgeos_kernel/research/step-292/exec/results/A1_history_state_collision.json	c1
2349	DONE	PRIMARY	no-tier2	low	docs/knowledgeos/brainstorming/phase_measure_theory/knowledgeos_kernel/research/step-292/exec/results/A2_successor_state_axiom.json	c1
2350	DONE	PRIMARY	no-tier2	low	docs/knowledgeos/brainstorming/phase_measure_theory/knowledgeos_kernel/research/step-292/exec/results/A3_regression_progression.json	c1
2351	DONE	PRIMARY	no-tier2	low	docs/knowledgeos/brainstorming/phase_measure_theory/knowledgeos_kernel/research/step-292/exec/results/A4_poss_executability.json	c1
2352	DONE	PRIMARY	no-tier2	low	docs/knowledgeos/brainstorming/phase_measure_theory/knowledgeos_kernel/research/step-292/exec/results/A5_observational_equivalence.json	c1
2353	DONE	PRIMARY	no-tier2	low	docs/knowledgeos/brainstorming/phase_measure_theory/knowledgeos_kernel/research/step-292/exec/t292_reiter_audit.py	c1
2354	DONE	PRIMARY	no-tier2	low	docs/knowledgeos/brainstorming/phase_measure_theory/knowledgeos_kernel/research/step-292/exec/t292_run.py	c1
2370	DONE	PRIMARY	tier2	critical	docs/knowledgeos/brainstorming/20260902-183000_gita-on-elimination-tyaga-and-the-zero-algebra.md	g
2371	DONE	PRIMARY	no-tier2	low	docs/knowledgeos/brainstorming/20260902-185001_files-to-read-one-by-one.log.md	m1
2372	DONE	PRIMARY	tier2	high	docs/knowledgeos/brainstorming/20260903-091500_gita-on-representation-reduction-and-preservation.md	g
2373	DONE	PRIMARY	tier2	high	docs/knowledgeos/brainstorming/20260903-121000_gita-on-audit-and-the-untested-assumption.md	g
2374	DONE	PRIMARY	tier2	critical	docs/knowledgeos/brainstorming/phase_measure_theory/Yes. This is now **very close to a mathe	b
2375	DONE	PRIMARY	tier2	high	docs/knowledgeos/brainstorming/20260904-081500_gita-on-the-bridge-that-was-not-there.md	g
2376	DONE	PRIMARY	tier2	critical	docs/knowledgeos/brainstorming/20260904-104500_gita-on-declared-reads-and-effective-reads.md	g
