seq	bytes	mtime	ext	class	path	corpus_tier
0001	20733	2026-08-05	md	TEXT	docs/knowledgeos/2026-08-02-knowledgeos-architecture-baseline.md	OUT_OF_SCOPE_ROOT
0002	12566	2026-08-05	md	TEXT	docs/knowledgeos/KnowledgeOS_Architecture_Validation_Matrix.md	OUT_OF_SCOPE_ROOT
0003	13947	2026-08-05	md	TEXT	docs/knowledgeos/KnowledgeOS_Architecture_Synthesis_Matrix.md	OUT_OF_SCOPE_ROOT
0004	6185	2026-08-05	md	TEXT	docs/knowledgeos/KnowledgeOS_Architecture_Health_Dashboard.md	OUT_OF_SCOPE_ROOT
0005	17829	2026-08-05	md	TEXT	docs/knowledgeos/KnowledgeOS_Architecture_Fitness_Assessment.md	OUT_OF_SCOPE_ROOT
0006	17740	2026-08-05	md	TEXT	docs/knowledgeos/KnowledgeOS_ARB_Decision_Docket.md	OUT_OF_SCOPE_ROOT
0007	2134	2026-08-05	md	TEXT	docs/knowledgeos/AI_Workflow_Observation_Log.md	OUT_OF_SCOPE_ROOT
0008	18573	2026-08-05	md	TEXT	docs/knowledgeos/2026-08-02-mvk-bootstrap-validation-report.md	OUT_OF_SCOPE_ROOT
0009	23691	2026-08-05	md	TEXT	docs/knowledgeos/2026-08-02-knowledgeos-strategic-domain-discovery.md	OUT_OF_SCOPE_ROOT
0010	23119	2026-08-05	md	TEXT	docs/knowledgeos/2026-08-02-knowledgeos-strategic-boundary-consolidation.md	OUT_OF_SCOPE_ROOT
0011	27241	2026-08-05	md	TEXT	docs/knowledgeos/2026-08-02-knowledgeos-product-boundary-discovery.md	OUT_OF_SCOPE_ROOT
0012	21640	2026-08-05	md	TEXT	docs/knowledgeos/2026-08-02-knowledgeos-architecture-consolidation.md	OUT_OF_SCOPE_ROOT
0013	15020	2026-08-05	md	TEXT	docs/knowledgeos/KnowledgeOS_Meta_Model.md	OUT_OF_SCOPE_ROOT
0014	13718	2026-08-05	md	TEXT	docs/knowledgeos/KnowledgeOS_Lifecycle_Gap_Analysis.md	OUT_OF_SCOPE_ROOT
0015	14837	2026-08-05	md	TEXT	docs/knowledgeos/KnowledgeOS_Independent_Review_Phase_B.md	OUT_OF_SCOPE_ROOT
0016	10950	2026-08-05	md	TEXT	docs/knowledgeos/KnowledgeOS_Governed_Retrieval_Positioning_Validation.md	OUT_OF_SCOPE_ROOT
0017	9768	2026-08-05	md	TEXT	docs/knowledgeos/KnowledgeOS_External_Positioning_Comparison_Matrix.md	OUT_OF_SCOPE_ROOT
0018	16227	2026-08-05	md	TEXT	docs/knowledgeos/KnowledgeOS_Engineering_Progression_Model.md	OUT_OF_SCOPE_ROOT
0019	25779	2026-08-05	md	TEXT	docs/knowledgeos/KnowledgeOS_Engineering_Knowledge_Landscape.md	OUT_OF_SCOPE_ROOT
0020	23501	2026-08-05	md	TEXT	docs/knowledgeos/KnowledgeOS_Engineering_Knowledge_Domain_Model.md	OUT_OF_SCOPE_ROOT
0021	3161	2026-08-05	md	TEXT	docs/knowledgeos/KnowledgeOS_Engineering_Improvement_Cycle.md	OUT_OF_SCOPE_ROOT
0022	12389	2026-08-05	md	TEXT	docs/knowledgeos/KnowledgeOS_Engineering_Decision_Model_Validation.md	OUT_OF_SCOPE_ROOT
0023	15363	2026-08-05	md	TEXT	docs/knowledgeos/KnowledgeOS_Engineering_Decision_Model_Discovery.md	OUT_OF_SCOPE_ROOT
0024	13630	2026-08-05	md	TEXT	docs/knowledgeos/KnowledgeOS_Domain_Model_Falsification_Report.md	OUT_OF_SCOPE_ROOT
0025	21073	2026-08-05	md	TEXT	docs/knowledgeos/KnowledgeOS_Deferred_Architecture_Register.md	OUT_OF_SCOPE_ROOT
0026	11792	2026-08-05	md	TEXT	docs/knowledgeos/KnowledgeOS_Relationship_Validation_Matrix.md	OUT_OF_SCOPE_ROOT
0027	17525	2026-08-05	md	TEXT	docs/knowledgeos/KnowledgeOS_Relationship_Ontology.md	OUT_OF_SCOPE_ROOT
0028	9444	2026-08-05	md	TEXT	docs/knowledgeos/KnowledgeOS_Recommendation_Lifecycle_Discovery.md	OUT_OF_SCOPE_ROOT
0029	10767	2026-08-05	md	TEXT	docs/knowledgeos/KnowledgeOS_Platform_Discovery_Coverage_Map.md	OUT_OF_SCOPE_ROOT
0030	24068	2026-08-05	md	TEXT	docs/knowledgeos/KnowledgeOS_Platform_Capability_Model.md	OUT_OF_SCOPE_ROOT
0031	14731	2026-08-05	md	TEXT	docs/knowledgeos/KnowledgeOS_Phase_B_Evidence_Reconciliation.md	OUT_OF_SCOPE_ROOT
0032	9593	2026-08-05	md	TEXT	docs/knowledgeos/KnowledgeOS_Operational_Validation_Report.md	OUT_OF_SCOPE_ROOT
0033	9015	2026-08-05	md	TEXT	docs/knowledgeos/KnowledgeOS_Operational_Knowledge_Principles.md	OUT_OF_SCOPE_ROOT
0034	20388	2026-08-05	md	TEXT	docs/knowledgeos/KnowledgeOS_Operational_Evidence_Register.md	OUT_OF_SCOPE_ROOT
0035	18582	2026-08-05	md	TEXT	docs/knowledgeos/KnowledgeOS_Ontology_Discovery.md	OUT_OF_SCOPE_ROOT
0036	17556	2026-08-05	md	TEXT	docs/knowledgeos/KnowledgeOS_Ontology_Cross_Product_Validation.md	OUT_OF_SCOPE_ROOT
0037	17490	2026-08-05	md	TEXT	docs/knowledgeos/KnowledgeOS_Ontology_Architecture_Classification.md	OUT_OF_SCOPE_ROOT
0038	17047	2026-08-05	md	TEXT	docs/knowledgeos/KnowledgeOS_Mission_Discovery.md	OUT_OF_SCOPE_ROOT
0039	13509	2026-08-05	md	TEXT	docs/knowledgeos/KnowledgeOS_Meta_Model_Discovery.md	OUT_OF_SCOPE_ROOT
0040	804	2026-08-05	md	TEXT	docs/knowledgeos/README.md	OUT_OF_SCOPE_ROOT
0041	13537	2026-08-05	md	TEXT	docs/knowledgeos/OKF_KnowledgeOS_Architecture_Synthesis.md	OUT_OF_SCOPE_ROOT
0042	22323	2026-08-05	md	TEXT	docs/knowledgeos/KnowledgeOS_Vision_Mission_Clarification.md	OUT_OF_SCOPE_ROOT
0043	10223	2026-08-05	md	TEXT	docs/knowledgeos/KnowledgeOS_Viewpoint_Ownership_Discovery.md	OUT_OF_SCOPE_ROOT
0044	24945	2026-08-05	md	TEXT	docs/knowledgeos/KnowledgeOS_Strategic_Architecture_Discovery.md	OUT_OF_SCOPE_ROOT
0045	13196	2026-08-05	md	TEXT	docs/knowledgeos/KnowledgeOS_Semantic_Architecture_Reconciliation.md	OUT_OF_SCOPE_ROOT
0046	11606	2026-08-05	md	TEXT	docs/knowledgeos/KnowledgeOS_Research_Backlog.md	OUT_OF_SCOPE_ROOT
0047	12452	2026-08-19	md	TEXT	docs/knowledgeos/brainstorming/20260819-104748-ai-engineering-lifecycle-five-responsibilities-governance.md	PRIMARY
0048	52029	2026-08-21	png	IMAGE	docs/knowledgeos/brainstorming/_misc/20260821-150830-diagram.png	PRIMARY
0049	9121	2026-08-21	md	TEXT	docs/knowledgeos/brainstorming/20260816-204714-track2-eks-semantic-discovery.md	PRIMARY
0050	13902	2026-08-21	md	TEXT	docs/knowledgeos/brainstorming/20260817-145153-ai-engineering-platform-6-role-model.md	PRIMARY
0051	13972	2026-08-21	md	TEXT	docs/knowledgeos/brainstorming/20260818-213516-lcom4-multi-language-binding.md	PRIMARY
0052	55141	2026-08-21	md	TEXT	docs/knowledgeos/brainstorming/20260819-092449-research-on-role-separation.md	PRIMARY
0053	9192	2026-08-21	md	TEXT	docs/knowledgeos/brainstorming/20260819-104802-delegation-map-domain-owners.md	PRIMARY
0054	6904	2026-08-21	md	TEXT	docs/knowledgeos/brainstorming/20260819-104804-voting-election-outcome-refinement.md	PRIMARY
0055	24775	2026-08-21	md	TEXT	docs/knowledgeos/brainstorming/20260819-104823-four-session-role-model-refinement.md	PRIMARY
0056	14754	2026-08-21	md	TEXT	docs/knowledgeos/brainstorming/20260819-104830-election-only-mode-readiness.md	PRIMARY
0057	20172	2026-08-21	md	TEXT	docs/knowledgeos/brainstorming/20260819-204018-kos-product-architecture-v2.md	PRIMARY
0058	10847	2026-08-21	md	TEXT	docs/knowledgeos/brainstorming/20260819-204431-kos-ddd-architecture-review-v3.md	PRIMARY
0059	10921	2026-08-21	md	TEXT	docs/knowledgeos/brainstorming/20260819-205541-kos-ddd-architecture-v3-duplicate.md	PRIMARY
0060	20500	2026-08-21	md	TEXT	docs/knowledgeos/brainstorming/20260819-205757-ddd-correction-verification-verdict.md	PRIMARY
0061	19159	2026-08-21	md	TEXT	docs/knowledgeos/brainstorming/20260819-220806-kos-3-0-state-durability-ddd-boundary.md	PRIMARY
0062	26406	2026-08-21	md	TEXT	docs/knowledgeos/brainstorming/20260819-220924-spring-di-principle-for-kos.md	PRIMARY
0063	14082	2026-08-21	md	TEXT	docs/knowledgeos/brainstorming/20260820-115444-poa-vs-ddd-decision-hierarchy.md	PRIMARY
0064	14063	2026-08-21	md	TEXT	docs/knowledgeos/brainstorming/20260820-123902-kos-design-patterns.md	PRIMARY
0065	17289	2026-08-21	md	TEXT	docs/knowledgeos/brainstorming/20260820-231930-event-driven-architecture-refinement.md	PRIMARY
0066	13541	2026-08-21	md	TEXT	docs/knowledgeos/brainstorming/20260821-120633-kos-state-durability-assurance-integration.md	PRIMARY
0067	222924	2026-08-21	md	TEXT	docs/knowledgeos/brainstorming/20260821-120810-kos-governance-role-cost-optimization.md	PRIMARY
0068	9171	2026-08-21	md	TEXT	docs/knowledgeos/brainstorming/20260821-121929-business-translator-capability.md	PRIMARY
0069	17186	2026-08-21	md	TEXT	docs/knowledgeos/brainstorming/20260821-142748-event-driven-domain-loop-positioning.md	PRIMARY
0070	7952	2026-08-21	md	TEXT	docs/knowledgeos/brainstorming/_misc/20260819-221159-digitalization-robot-vision.md	PRIMARY
0071	33184	2026-08-21	md	TEXT	docs/knowledgeos/brainstorming/_misc/20260819-224159-linux-analogy-kernel-os-model.md	PRIMARY
0072	10863	2026-08-21	md	TEXT	docs/knowledgeos/brainstorming/_misc/20260819-225329-ip-protection-secrecy-strategy.md	PRIMARY
0073	5932	2026-08-21	md	TEXT	docs/knowledgeos/brainstorming/_misc/20260819-225332-kos-ipo-stock-market-variant.md	PRIMARY
0074	21656	2026-08-21	md	TEXT	docs/knowledgeos/brainstorming/_misc/20260819-225858-kos-ipo-stock-market-path.md	PRIMARY
0075	23563	2026-08-21	md	TEXT	docs/knowledgeos/brainstorming/20260821-2032-how-to-change-eks-into-knowledgeos-kernel.md	PRIMARY
0076	46345	2026-08-21	md	TEXT	docs/knowledgeos/brainstorming/20260821-2033-what-eks-is-today.md	PRIMARY
0077	55197	2026-08-21	md	TEXT	docs/knowledgeos/brainstorming/20260801-1231-eks-current-architecture-baseline.md	PRIMARY
0078	17443	2026-08-21	md	TEXT	docs/knowledgeos/brainstorming/20260821-2108-how-to-integrate-current-eks-into-knowledgeos-kernel.md	PRIMARY
0079	9081	2026-08-21	md	TEXT	docs/knowledgeos/brainstorming/20260821-2325-complex-numbers-in-knowledgeos-modeling-tool.md	PRIMARY
0080	83517	2026-08-21	md	TEXT	docs/knowledgeos/brainstorming/20260821-2351-independent-external-research-review-organizational-knowledge-systems.md	PRIMARY
0081	15964	2026-08-21	md	TEXT	docs/knowledgeos/brainstorming/_misc/20260821-2353-deepseek-investigation-eks-pks-aip-current-architecture.md	PRIMARY
0082	14852	2026-08-22	md	TEXT	docs/knowledgeos/brainstorming/20260822-0021-mathematical-models-for-knowledgeos-where-mathematics-belongs.md	PRIMARY
0083	26035	2026-08-22	md	TEXT	docs/knowledgeos/brainstorming/20260822-0113-research-review-expression-meaning-invariance.md	PRIMARY
0084	25101	2026-08-22	md	TEXT	docs/knowledgeos/brainstorming/20260822-0121-knowledgeos-zero-concept-research-extraction-prompt.md	PRIMARY
0085	6440	2026-08-22	md	TEXT	docs/knowledgeos/brainstorming/20260822-0123-knowledgeos-consolidation-review-kernel-boundary-filter.md	PRIMARY
0086	10331	2026-08-22	md	TEXT	docs/knowledgeos/brainstorming/20260822-0135-knowledgeos-conceptual-foundation-relationship-invariant-preservation.md	PRIMARY
0087	15158	2026-08-22	md	TEXT	docs/knowledgeos/brainstorming/20260822-0146-knowledgeos-epistemic-pipeline-veda-vedanta-analysis.md	PRIMARY
0088	24687	2026-08-22	md	TEXT	docs/knowledgeos/brainstorming/20260822-0159-epistemic-operating-system-research-foundations.md	PRIMARY
0089	13555	2026-08-22	md	TEXT	docs/knowledgeos/brainstorming/20260822-0200-knowledgeos-vs-epistemic-os-layer-separation-review.md	PRIMARY
0090	20569	2026-08-22	md	TEXT	docs/knowledgeos/brainstorming/20260822-0203-truth-seeking-machine-knowledgeos-core-question-refinement.md	PRIMARY
0091	18203	2026-08-22	md	TEXT	docs/knowledgeos/brainstorming/20260822-0207-knowledgeos-character-definition-strategic-synthesis.md	PRIMARY
0092	23540	2026-08-22	md	TEXT	docs/knowledgeos/brainstorming/20260822-0218-tarka-shastra-nyaya-epistemology-research-extraction.md	PRIMARY
0093	8900	2026-08-22	md	TEXT	docs/knowledgeos/brainstorming/20260822-0222-knowledgeos-reasoning-character-after-tarka-analysis.md	PRIMARY
0094	21074	2026-08-22	md	TEXT	docs/knowledgeos/brainstorming/20260822-0225-knowledgeos-extraction-navya-nyaya-relations-context.md	PRIMARY
0095	9528	2026-08-22	md	TEXT	docs/knowledgeos/brainstorming/20260822-0232-knowledgeos-extraction-tarka-nyaya-reasoning-lifecycle.md	PRIMARY
0096	9286	2026-08-22	md	TEXT	docs/knowledgeos/brainstorming/20260822-0234-knowledgeos-vyapti-inference-warranting-relation-layer.md	PRIMARY
0097	8145	2026-08-22	md	TEXT	docs/knowledgeos/brainstorming/20260822-0239-knowledgeos-pramana-registry-nyaya-sutra-extraction.md	PRIMARY
0098	7952	2026-08-22	md	TEXT	docs/knowledgeos/brainstorming/20260822-0241-knowledgeos-semantic-kernel-matilal-word-and-world.md	PRIMARY
0099	9801	2026-08-22	md	TEXT	docs/knowledgeos/brainstorming/20260822-0243-knowledgeos-hetvabhasa-reasoning-anti-corruption-layer.md	PRIMARY
0100	8815	2026-08-22	md	TEXT	docs/knowledgeos/brainstorming/20260822-0249-knowledgeos-tarka-sangraha-ontology-pramana-reasoning.md	PRIMARY
0101	9892	2026-08-22	md	TEXT	docs/knowledgeos/brainstorming/20260822-0252-knowledgeos-keith-indian-logic-atomism-ontology-epistemology.md	PRIMARY
0102	8863	2026-08-22	md	TEXT	docs/knowledgeos/brainstorming/20260822-0254-knowledgeos-chakra-architecture-transformation-pipeline.md	PRIMARY
0103	9269	2026-08-22	md	TEXT	docs/knowledgeos/brainstorming/20260822-0257-knowledgeos-cognitive-epistemology-architecture-yoga-sutra.md	PRIMARY
0104	9339	2026-08-22	md	TEXT	docs/knowledgeos/brainstorming/20260822-0258-knowledgeos-abhava-absence-structured-knowledge-lens.md	PRIMARY
0105	8544	2026-08-22	md	TEXT	docs/knowledgeos/brainstorming/20260822-0302-knowledgeos-final-character-synthesis.md	PRIMARY
0106	8222	2026-08-22	md	TEXT	docs/knowledgeos/brainstorming/20260822-0915-knowledgeos-p4-constitutional-invariant-map-launch-prompt.md	PRIMARY
0107	8069	2026-08-22	md	TEXT	docs/knowledgeos/brainstorming/20260822-101651-sakta-tantra-woodroffe-lens-extraction-duplicate.md	PRIMARY
0108	20074	2026-08-22	md	TEXT	docs/knowledgeos/brainstorming/20260822-101729-kashmiri-shaivism-prakasa-vimarsa-lens.md	PRIMARY
0109	8069	2026-08-22	md	TEXT	docs/knowledgeos/brainstorming/20260822-101842-sakta-tantra-woodroffe-lens-extraction.md	PRIMARY
0110	9013	2026-08-22	md	TEXT	docs/knowledgeos/brainstorming/20260822-103624-aip-s5-review-lane-instruction-vedic-zero-lens.md	PRIMARY
0111	9753	2026-08-22	md	TEXT	docs/knowledgeos/brainstorming/20260822-105719-quranic-epistemology-lens-al-haqq-isnad.md	PRIMARY
0112	8966	2026-08-22	md	TEXT	docs/knowledgeos/brainstorming/20260822-105921-negative-epistemology-what-knowledgeos-is-not.md	PRIMARY
0113	11042	2026-08-22	md	TEXT	docs/knowledgeos/brainstorming/20260822-110210-biblical-explanation-architecture-lens.md	PRIMARY
0114	10273	2026-08-22	md	TEXT	docs/knowledgeos/brainstorming/20260822-110850-moksha-lens-state-transformation-of-knower.md	PRIMARY
0115	9558	2026-08-22	md	TEXT	docs/knowledgeos/brainstorming/20260822-111434-shiva-shakti-unity-through-manifestation-convergence.md	PRIMARY
0116	7068	2026-08-22	md	TEXT	docs/knowledgeos/brainstorming/20260822-111626-leonardo-contextual-completeness-lens.md	PRIMARY
0117	16489	2026-08-22	md	TEXT	docs/knowledgeos/brainstorming/20260822-112442-bala-ganesha-wisdom-engine-lens.md	PRIMARY
0118	9416	2026-08-22	md	TEXT	docs/knowledgeos/brainstorming/20260822-112804-knowledgeos-consolidation-review-character-synthesis.md	PRIMARY
0119	8384	2026-08-22	md	TEXT	docs/knowledgeos/brainstorming/20260822-113910-ganesha-wisdom-integration-layer-review.md	PRIMARY
0120	25202	2026-08-22	md	TEXT	docs/knowledgeos/brainstorming/20260822-114551-wisdom-transformation-epistemic-humility-research-extraction.md	PRIMARY
0121	18428	2026-08-22	md	TEXT	docs/knowledgeos/brainstorming/20260822-114753-ganesha-wisdom-architecture-core-components.md	PRIMARY
0122	7594	2026-08-22	md	TEXT	docs/knowledgeos/brainstorming/20260822-115144-godel-truth-provability-boundary-lens.md	PRIMARY
0123	6929	2026-08-22	md	TEXT	docs/knowledgeos/brainstorming/20260822-115830-godel-numbering-knowledge-identity-numbers-reflection.md	PRIMARY
0124	10527	2026-08-22	md	TEXT	docs/knowledgeos/brainstorming/20260822-120635-math-music-hofstadter-fourier-harmonics-of-meaning.md	PRIMARY
0125	8092	2026-08-22	md	TEXT	docs/knowledgeos/brainstorming/20260822-120638-knowledgeos-math-music-lens-extraction-harmonic-knowledge.md	PRIMARY
0126	6376	2026-08-22	md	TEXT	docs/knowledgeos/brainstorming/20260822-122523-godel-not-architecture-formal-justification-boundaries.md	PRIMARY
0127	6217	2026-08-22	md	TEXT	docs/knowledgeos/brainstorming/20260822-122537-logic-in-classical-indian-philosophy-review-nyaya-trirupa.md	PRIMARY
0128	104945	2026-08-22	md	TEXT	docs/knowledgeos/brainstorming/20260822-122927-logic-in-classical-indian-philosophy-sep-source.md	PRIMARY
0129	9003	2026-08-22	md	TEXT	docs/knowledgeos/brainstorming/20260822-122930-escher-invariant-transformation-lens.md	PRIMARY
0130	23095	2026-08-22	md	TEXT	docs/knowledgeos/brainstorming/20260822-125015-vedic-sanskrit-grammar-v2-word-order-semantic-normal-form.md	PRIMARY
0131	61318	2026-08-22	md	TEXT	docs/knowledgeos/brainstorming/20260822-125831-sanskrit-inspired-semantic-language-artha-research-extraction.md	PRIMARY
0132	24474	2026-08-22	md	TEXT	docs/knowledgeos/brainstorming/20260822-124229-sanskrit-grammar-v1-dhatu-transformation-lens.md	PRIMARY
0133	3432	2026-08-22	md	TEXT	docs/knowledgeos/brainstorming/20260822-135214-po-arb-acceptance-decision-support-option-1-recommendation.md	PRIMARY
0134	8015	2026-08-22	md	TEXT	docs/knowledgeos/brainstorming/20260822-140426-research-phase-closure-ddd-refinement-review-prompt.md	PRIMARY
0135	19383	2026-08-22	md	TEXT	docs/knowledgeos/brainstorming/20260822-140622-paninian-grammar-compiler-architecture-parallel.md	PRIMARY
0136	36887	2026-08-22	md	TEXT	docs/knowledgeos/brainstorming/20260822-140939-knowledgeos-semantic-compiler-architecture-research-extraction.md	PRIMARY
0137	14637	2026-08-22	md	TEXT	docs/knowledgeos/brainstorming/20260822-141513-semantic-compiler-cpu-prototype-benchmark-first-run.md	PRIMARY
0138	39343	2026-08-22	md	TEXT	docs/knowledgeos/brainstorming/20260822-143217-benchmark-verification-reinterpreted-knowledgeos-v1-1-layers.md	PRIMARY
0139	20180	2026-08-22	md	TEXT	docs/knowledgeos/brainstorming/20260822-143421-semantic-compiler-kernel-boundary-refinement-kos-ev.md	PRIMARY
0140	9936	2026-08-22	md	TEXT	docs/knowledgeos/brainstorming/20260822-143844-next-steps-architecture-first-then-semantic-compiler-experiment.md	PRIMARY
0141	40065	2026-08-22	md	TEXT	docs/knowledgeos/brainstorming/20260822-154923-snf-measurement-framework-mathematical-review.md	PRIMARY
0142	52445	2026-08-22	md	TEXT	docs/knowledgeos/brainstorming/kernel/20260822-161933-snf-formula-research-review-and-measurement-framework.md	PRIMARY
0143	5943	2026-08-23	md	TEXT	docs/knowledgeos/brainstorming/20260823-103255-candidate-set-architecture-ah6-interpretation-execution-separation.md	PRIMARY
0144	12529	2026-08-23	md	TEXT	docs/knowledgeos/brainstorming/20260823-103606-kernel-eight-capacities-k1-k8-and-minimum-kernel.md	PRIMARY
0145	18957	2026-08-23	md	TEXT	docs/knowledgeos/brainstorming/20260823-104148-constitutional-knowledge-engine-six-pillars-and-state-machine.md	PRIMARY
0146	17604	2026-08-23	md	TEXT	docs/knowledgeos/brainstorming/20260823-104251-constitutional-dsl-intent-vocabulary-and-evidence-weighting-model.md	PRIMARY
0147	15743	2026-08-23	md	TEXT	docs/knowledgeos/brainstorming/20260823-105200-ddd-interrogation-intent-vs-command-and-evidence-weighting-red-flag.md	PRIMARY
0148	53569	2026-08-23	md	TEXT	docs/knowledgeos/brainstorming/kernel/20260823-110248-kernel-ddd-critical-review-god-object-conflations.md	PRIMARY
0149	10482	2026-08-23	md	TEXT	docs/knowledgeos/brainstorming/kernel/20260823-110305-f1-f5-closes-domain-discovery-gap-duplicate.md	PRIMARY
0150	45179	2026-08-23	md	TEXT	docs/knowledgeos/brainstorming/kernel/20260823-110950-kernel-domain-level-brainstorming-admission-hypotheses.md	PRIMARY
0151	36255	2026-08-23	md	TEXT	docs/knowledgeos/brainstorming/kernel/20260823-111647-epistemic-lifecycle-domain-discovery-admission-as-first-transition.md	PRIMARY
0152	64957	2026-08-23	md	TEXT	docs/knowledgeos/brainstorming/kernel/20260823-112155-perplexity-kernel-domain-responsibility-brainstorming.md	PRIMARY
0153	45420	2026-08-23	md	TEXT	docs/knowledgeos/brainstorming/kernel/20260823-112855-kimi-kernel-epistemic-accountability-core-ganesha-shiva-shakti.md	PRIMARY
0154	66330	2026-08-23	md	TEXT	docs/knowledgeos/brainstorming/kernel/20260823-113410-perplexity-smallest-consistency-boundary-investigation.md	PRIMARY
0155	44003	2026-08-23	md	TEXT	docs/knowledgeos/brainstorming/kernel/20260823-113645-deepseek-consistency-boundary-domain-discovery.md	PRIMARY
0156	84910	2026-08-23	md	TEXT	docs/knowledgeos/brainstorming/kernel/20260823-114358-deepseek-kernel-twelve-fundamental-questions.md	PRIMARY
0157	39013	2026-08-23	md	TEXT	docs/knowledgeos/brainstorming/kernel/20260823-114530-aggregate-hypothesis-falsification-atomicity-vs-relatedness.md	PRIMARY
0158	37042	2026-08-23	md	TEXT	docs/knowledgeos/brainstorming/kernel/20260823-123619-kernel-domain-discovery-twelve-questions-across-all-lenses.md	PRIMARY
0159	27211	2026-08-23	md	TEXT	docs/knowledgeos/brainstorming/kernel/20260823-123630-kernel-brainstorming-phase-consolidated-summary.md	PRIMARY
0160	5725	2026-08-23	md	TEXT	docs/knowledgeos/brainstorming/20260823_1239_working_state.md	PRIMARY
0161	24311	2026-08-23	md	TEXT	docs/knowledgeos/brainstorming/20260823-205735-knowledgeos-lens-system-twenty-six-lenses-consolidated.md	PRIMARY
0162	13742	2026-08-23	md	TEXT	docs/knowledgeos/brainstorming/20260823-210001-topological-lens-boundaries-connectedness-and-failure-modes.md	PRIMARY
0163	37829	2026-08-23	md	TEXT	docs/knowledgeos/brainstorming/00_INDEX.md	PRIMARY
0164	41335	2026-08-23	md	TEXT	docs/knowledgeos/brainstorming/kernel/20260823-225038-knowledgeos-kernel-multi-lens-domain-discovery.md	PRIMARY
0165	17968	2026-08-23	md	TEXT	docs/knowledgeos/brainstorming/kernel/20260823-225443-lens-system-read-through-ddd-separation-of-concerns.md	PRIMARY
0166	29789	2026-08-23	md	TEXT	docs/knowledgeos/brainstorming/kernel/20260823-230117-chinese-philosophical-lenses-value-assessment-for-kernel-finding.md	PRIMARY
0167	20151	2026-08-23	md	TEXT	docs/knowledgeos/brainstorming/kernel/20260823-232146-adr-kos-kernel-001-kernel-scope-and-boundary-proposal.md	PRIMARY
0168	15672	2026-08-23	md	TEXT	docs/knowledgeos/brainstorming/kernel/20260823-232815-kimi-adversarial-stress-test-compared-with-deepseek-and-perplexity.md	PRIMARY
0169	241117	2026-08-23	md	TEXT	docs/knowledgeos/brainstorming/kernel/20260823-233040-research-commission-chinese-philosophical-lenses-for-knowledge-kernel.md	PRIMARY
0170	12405	2026-08-23	md	TEXT	docs/knowledgeos/brainstorming/kernel/20260823-234750-tarka-sangraha-nyaya-lens-nine-attack-families-for-kernel.md	PRIMARY
0171	17735	2026-08-23	md	TEXT	docs/knowledgeos/brainstorming/kernel/20260823-235306-williamson-knowledge-and-its-limits-extraction.md	PRIMARY
0172	22956	2026-08-23	md	TEXT	docs/knowledgeos/brainstorming/kernel/20260823-235825-audi-epistemology-three-kinds-of-grounding-extraction.md	PRIMARY
0173	28257	2026-08-24	md	TEXT	docs/knowledgeos/brainstorming/kernel/20260824-000400-shieber-external-epistemic-lens-knowledge-is-not-one-thing.md	PRIMARY
0174	39582	2026-08-24	md	TEXT	docs/knowledgeos/brainstorming/kernel/20260824-001005-critical-thinking-source-inquiry-and-question-primitive.md	PRIMARY
0175	24052	2026-08-24	md	TEXT	docs/knowledgeos/brainstorming/kernel/20260824-001108-knowledge-kernel-philosophical-lenses-integration-chinese-tarka-audi.md	PRIMARY
0176	32560	2026-08-24	md	TEXT	docs/knowledgeos/brainstorming/kernel/20260824-001634-decision-power-model-aims-information-evaluation-decision.md	PRIMARY
0177	25063	2026-08-24	md	TEXT	docs/knowledgeos/brainstorming/kernel/20260824-002008-nyaya-sutra-lenses-critical-extraction.md	PRIMARY
0178	25380	2026-08-24	md	TEXT	docs/knowledgeos/brainstorming/kernel/20260824-002503-quine-word-and-object-stress-test-of-multi-lens-method.md	PRIMARY
0179	20902	2026-08-24	md	TEXT	docs/knowledgeos/brainstorming/kernel/20260824-002740-tractatus-logico-philosophicus-lenses-for-kernel.md	PRIMARY
0180	33257	2026-08-24	md	TEXT	docs/knowledgeos/brainstorming/kernel/20260824-003307-managing-memory-for-ai-agents-agent-memory-is-not-knowledgeos.md	PRIMARY
0181	33257	2026-08-24	md	TEXT	docs/knowledgeos/brainstorming/kernel/20260824-004125-managing-memory-for-ai-agents-agent-memory-is-not-knowledgeos-duplicate.md	PRIMARY
0182	25871	2026-08-24	md	TEXT	docs/knowledgeos/brainstorming/kernel/20260824-004343-review-of-deepseek-tractatus-extraction-entity-claim-status-distinction.md	PRIMARY
0183	13227	2026-08-24	md	TEXT	docs/knowledgeos/brainstorming/kernel/20260824-005129-inquiry-and-question-layer-refinement.md	PRIMARY
0184	22119	2026-08-24	md	TEXT	docs/knowledgeos/brainstorming/kernel/20260824-005427-cavell-must-we-mean-what-we-say-knowing-versus-acknowledging.md	PRIMARY
0185	21954	2026-08-24	md	TEXT	docs/knowledgeos/brainstorming/kernel/20260824-005813-davidson-lens-interpretation-must-not-become-admission-reaktion-2.md	PRIMARY
0186	27637	2026-08-24	md	TEXT	docs/knowledgeos/brainstorming/kernel/20260824-005850-davidson-lens-truth-interpretation-and-epistemic-accountability.md	PRIMARY
0187	2782	2026-08-24	md	TEXT	docs/knowledgeos/brainstorming/kernel/20260824-010352-brainstorming-phase-closure-recommendation-and-synthesis-dossier.md	PRIMARY
0188	31845	2026-08-24	md	TEXT	docs/knowledgeos/brainstorming/kernel/20260824-010419-knowledgeos-multi-lens-brainstorming-synthesis-dossier.md	PRIMARY
0189	49507	2026-08-24	docx	OFFICE_EXTRACTABLE	docs/knowledgeos/brainstorming/kernel/20260824-010504-knowledgeos-multi-lens-brainstorming-synthesis-dossier.docx	PRIMARY
0190	31845	2026-08-24	md	TEXT	docs/knowledgeos/brainstorming/kernel/20260824-010537-knowledgeos-multi-lens-brainstorming-synthesis-dossier-duplicate.md	PRIMARY
0191	22772	2026-08-24	md	TEXT	docs/knowledgeos/brainstorming/kernel/20260824-010840-research-extraction-agent-prompt-for-book-knowledge-extraction.md	PRIMARY
0192	13252	2026-08-24	md	TEXT	docs/knowledgeos/brainstorming/20260824-011536-quine-review-assessment-eight-findings-for-kernel-work.md	PRIMARY
0193	40526	2026-08-24	md	TEXT	docs/knowledgeos/brainstorming/kernel/20260824-013116-logitica-extraction-preserve-reasoning-structure-not-solutions.md	PRIMARY
0194	60313	2026-08-24	md	TEXT	docs/knowledgeos/brainstorming/kernel/20260824-013721-philosophy-of-complex-systems-situated-model-mediated-knowledge.md	PRIMARY
0195	63479	2026-08-24	md	TEXT	docs/knowledgeos/brainstorming/kernel/20260824-014614-chalmers-conscious-mind-conceptual-distinction-before-functional-modeling.md	PRIMARY
0196	7922	2026-08-24	md	TEXT	docs/knowledgeos/brainstorming/kernel/20260824-020611-wave-1-kernel-extent-versus-contents-adjudication-status.md	PRIMARY
0197	33813	2026-08-24	md	TEXT	docs/knowledgeos/brainstorming/kernel/20260824-020936-chalmers-conscious-mind-research-extraction-protocol-rerun.md	PRIMARY
0198	33813	2026-08-24	md	TEXT	docs/knowledgeos/brainstorming/kernel/20260824-021011-chalmers-conscious-mind-research-extraction-protocol-rerun-duplicate.md	PRIMARY
0199	36268	2026-08-24	md	TEXT	docs/knowledgeos/brainstorming/kernel/20260824-021526-williamson-modal-logic-as-metaphysics-extraction.md	PRIMARY
0200	9340	2026-08-24	md	TEXT	docs/knowledgeos/brainstorming/kernel/20260824-022039-research-direction-formal-model-before-technical-scenario-testing.md	PRIMARY
0201	41237	2026-08-24	md	TEXT	docs/knowledgeos/brainstorming/kernel/20260824-023136-nyaya-vaisesika-indian-logic-and-atomism-extraction.md	PRIMARY
0202	89445	2026-08-24	md	TEXT	docs/knowledgeos/brainstorming/kernel/20260824-024119-architecture-patterns-with-python-technical-pattern-set-extraction.md	PRIMARY
0203	40341	2026-08-24	md	TEXT	docs/knowledgeos/brainstorming/kernel/20260824-024726-rag-as-controlled-knowledge-access-layer-not-knowledge-model.md	PRIMARY
0204	27156	2026-08-24	md	TEXT	docs/knowledgeos/brainstorming/kernel/20260824-025232-human-ai-collaboration-layer-outside-the-kernel.md	PRIMARY
0205	27095	2026-08-24	md	TEXT	docs/knowledgeos/brainstorming/kernel/20260824-030300-freedman-statistical-models-no-inference-without-explicit-basis.md	PRIMARY
0206	57778	2026-08-24	md	TEXT	docs/knowledgeos/brainstorming/kernel/20260824-032208-pattern-recognition-twelve-knowledgeos-statistical-techniques.md	PRIMARY
0207	55197	2026-08-24	md	TEXT	docs/knowledgeos/brainstorming/kernel/20260824-032219-eks-current-architecture-baseline-reconstruction.md	PRIMARY
0208	25682	2026-08-24	md	TEXT	docs/knowledgeos/brainstorming/kernel/20260824-032635-causal-inference-what-if-association-versus-intervention.md	PRIMARY
0209	22317	2026-08-24	md	TEXT	docs/knowledgeos/brainstorming/kernel/20260824-032927-causal-inference-through-zero-ddd-and-wisdom-lenses.md	PRIMARY
0210	21341	2026-08-24	md	TEXT	docs/knowledgeos/brainstorming/kernel/20260824-033419-book-of-evidence-evidence-acquisition-is-its-own-domain.md	PRIMARY
0211	17600	2026-08-24	md	TEXT	docs/knowledgeos/brainstorming/kernel/20260824-033614-zero-and-chinese-lenses-on-minimum-structure-before-evidence.md	PRIMARY
0212	40134	2026-08-24	md	TEXT	docs/knowledgeos/brainstorming/kernel/20260824-094406-chivers-everything-is-predictable-uncertainty-and-belief-revision.md	PRIMARY
0213	21238	2026-08-24	md	TEXT	docs/knowledgeos/brainstorming/kernel/20260824-094545-seven-pillars-of-statistical-wisdom-lenses-for-kernel.md	PRIMARY
0214	22232	2026-08-24	md	TEXT	docs/knowledgeos/brainstorming/kernel/20260824-094638-daoist-ziran-challenge-to-the-kernel-identity-invariant.md	PRIMARY
0215	45001	2026-08-24	md	TEXT	docs/knowledgeos/brainstorming/kernel/20260824-111102-stigler-seven-pillars-observations-into-defensible-knowledge.md	PRIMARY
0216	43639	2026-08-24	md	TEXT	docs/knowledgeos/brainstorming/kernel/20260824-111317-knowledgeos-epistemic-architecture-synthesis-ddd-consolidation.md	PRIMARY
0217	43639	2026-08-24	md	TEXT	docs/knowledgeos/brainstorming/kernel/20260824-111611-knowledgeos-epistemic-architecture-synthesis-ddd-consolidation-duplicate.md	PRIMARY
0218	6200	2026-08-24	md	TEXT	docs/knowledgeos/brainstorming/kernel/20260824-111730-knowledge-aggregate-too-large-correction-and-synthesis-handover.md	PRIMARY
0219	19897	2026-08-24	md	TEXT	docs/knowledgeos/brainstorming/kernel/20260824-112051-knowledge-kernel-architecture-integrative-summary-seven-works.md	PRIMARY
0220	19897	2026-08-24	md	TEXT	docs/knowledgeos/brainstorming/kernel/20260824-113404-knowledge-kernel-architecture-integrative-summary-seven-works-duplicate.md	PRIMARY
0221	22459	2026-08-24	md	TEXT	docs/knowledgeos/brainstorming/kernel/20260824-115021-ammerman-singer-belief-knowledge-and-truth-anthology-extraction.md	PRIMARY
0222	42725	2026-08-24	md	TEXT	docs/knowledgeos/brainstorming/kernel/20260824-120203-shieber-theories-of-knowledge-what-must-stay-outside-the-kernel.md	PRIMARY
0223	55195	2026-08-24	md	TEXT	docs/knowledgeos/brainstorming/kernel/20260824-121835-rescorla-bayesian-models-of-the-mind-pluggable-reasoning-mechanisms.md	PRIMARY
0224	55174	2026-08-24	md	TEXT	docs/knowledgeos/brainstorming/kernel/20260824-122855-mathematical-modelling-typed-mathematical-epistemic-model.md	PRIMARY
0225	35275	2026-08-24	md	TEXT	docs/knowledgeos/brainstorming/kernel/20260824-124529-hidden-semi-markov-models-hidden-epistemic-state-layer.md	PRIMARY
0226	32083	2026-08-24	md	TEXT	docs/knowledgeos/brainstorming/kernel/20260824-131125-hybrid-evidence-gated-temporal-inference-architecture.md	PRIMARY
0227	24679	2026-08-24	md	TEXT	docs/knowledgeos/brainstorming/kernel/20260824-135335-kernel-as-ai-efficiency-adaptive-inference-use-case.md	PRIMARY
0228	62197	2026-08-24	md	TEXT	docs/knowledgeos/brainstorming/kernel/20260824-140348-statistical-learning-first-pass-ddd-assessment-of-reasoning-patterns.md	PRIMARY
0229	22512	2026-08-24	md	TEXT	docs/knowledgeos/brainstorming/kernel/20260824-140628-zero-and-leonardo-lenses-on-the-adaptive-inference-kernel.md	PRIMARY
0230	42322	2026-08-24	md	TEXT	docs/knowledgeos/brainstorming/kernel/20260824-141231-bishop-prml-adaptive-inference-fabric-beyond-hmm-hsmm-hybrid.md	PRIMARY
0231	45520	2026-08-24	md	TEXT	docs/knowledgeos/brainstorming/kernel/20260824-141924-elements-of-statistical-learning-source-versus-interpretation.md	PRIMARY
0232	37752	2026-08-24	md	TEXT	docs/knowledgeos/brainstorming/kernel/20260824-142630-session-handover-package-for-book-extraction-and-ddd-analysis.md	PRIMARY
0233	8841	2026-08-24	md	TEXT	docs/knowledgeos/brainstorming/kernel/20260824-142848-astrom-stochastic-control-theory-initial-assessment.md	PRIMARY
0234	17535	2026-08-24	md	TEXT	docs/knowledgeos/brainstorming/kernel/20260824-145220-ten-statistical-capability-families-for-knowledge-state-assessment.md	PRIMARY
0235	23516	2026-08-24	md	TEXT	docs/knowledgeos/brainstorming/20260824-145631-topological-extraction-of-astrom-stochastic-control-theory-duplicate.md	PRIMARY
0236	23516	2026-08-24	md	TEXT	docs/knowledgeos/brainstorming/kernel/20260824-151311-topological-extraction-of-astrom-stochastic-control-theory.md	PRIMARY
0237	21380	2026-08-24	md	TEXT	docs/knowledgeos/brainstorming/kernel/20260824-151337-sankshipt-ganit-shabdkosh-multi-lens-extraction-knowledge-ontology.md	PRIMARY
0238	15019	2026-08-24	md	TEXT	docs/knowledgeos/brainstorming/kernel/20260824-151951-sanskrit-paninian-lens-as-semantic-instrument-not-fifth-arb-lens.md	PRIMARY
0239	14642	2026-08-24	md	TEXT	docs/knowledgeos/brainstorming/kernel/20260824-152254-swar-gyan-orthographic-decomposition-pipeline-for-dhatu-extraction.md	PRIMARY
0240	9427	2026-08-24	md	TEXT	docs/knowledgeos/brainstorming/kernel/20260824-152415-zero-lens-definition-structure-recoverable-from-source-alone.md	PRIMARY
0241	15483	2026-08-24	md	TEXT	docs/knowledgeos/brainstorming/kernel/20260824-152751-solution-mindset-decomposition-of-problem-solving-operations.md	PRIMARY
0242	16574	2026-08-24	md	TEXT	docs/knowledgeos/brainstorming/kernel/20260824-152955-statistical-learning-as-quantitative-companion-to-solution-mindset.md	PRIMARY
0243	19925	2026-08-24	md	TEXT	docs/knowledgeos/brainstorming/kernel/20260824-153124-prml-probabilistic-representation-of-hidden-structure.md	PRIMARY
0244	13467	2026-08-24	md	TEXT	docs/knowledgeos/brainstorming/kernel/20260824-154254-inverse-approach-define-not-knowledge-and-infer-residual-structure.md	PRIMARY
0245	21074	2026-08-24	md	TEXT	docs/knowledgeos/brainstorming/kernel/20260824-154256-fraser-hidden-markov-models-and-dynamical-systems-extraction.md	PRIMARY
0246	21074	2026-08-24	md	TEXT	docs/knowledgeos/brainstorming/kernel/20260824-155130-fraser-hidden-markov-models-and-dynamical-systems-extraction-duplicate.md	PRIMARY
0247	23618	2026-08-24	md	TEXT	docs/knowledgeos/brainstorming/kernel/20260824-160023-knowledge-as-measurable-construct-not-true-information.md	PRIMARY
0248	23618	2026-08-24	md	TEXT	docs/knowledgeos/brainstorming/kernel/20260824-160339-knowledge-as-measurable-construct-not-true-information-duplicate.md	PRIMARY
0249	5169	2026-08-24	md	TEXT	docs/knowledgeos/brainstorming/kernel/20260824-160637-knowledge-as-a-continuously-changing-body-of-facts.md	PRIMARY
0250	5169	2026-08-24	md	TEXT	docs/knowledgeos/brainstorming/kernel/20260824-160645-knowledge-as-a-continuously-changing-body-of-facts-duplicate.md	PRIMARY
0251	7718	2026-08-24	md	TEXT	docs/knowledgeos/brainstorming/kernel/20260824-160927-paul-elder-elements-of-thought-as-knowledge-state-extraction.md	PRIMARY
0252	20962	2026-08-24	md	TEXT	docs/knowledgeos/brainstorming/kernel/20260824-161931-consciousness-model-refined-multi-lens-not-a-vertical-stack.md	PRIMARY
0253	18329	2026-08-24	md	TEXT	docs/knowledgeos/brainstorming/kernel/20260824-162039-consciousness-architecture-as-analogy-for-knowledge-layers.md	PRIMARY
0254	14043	2026-08-24	md	TEXT	docs/knowledgeos/brainstorming/kernel/20260824-163046-godel-escher-bach-extraction-knowledge-emerges-between-levels.md	PRIMARY
0255	14456	2026-08-24	md	TEXT	docs/knowledgeos/brainstorming/kernel/20260824-163920-nasadiya-sukta-and-geb-convergence-on-pre-differentiated-levels.md	PRIMARY
0256	22400	2026-08-24	md	TEXT	docs/knowledgeos/brainstorming/kernel/20260824-163922-source-article-concept-of-time-in-vedas-and-quantum-physics.md	PRIMARY
0257	14186	2026-08-24	md	TEXT	docs/knowledgeos/brainstorming/kernel/20260824-164328-pramana-as-epistemic-acquisition-layer-and-claim-provenance.md	PRIMARY
0258	12803	2026-08-24	md	TEXT	docs/knowledgeos/brainstorming/kernel/20260824-164447-scientific-attitude-four-properties-as-knowledge-candidate-rules.md	PRIMARY
0259	12750	2026-08-24	md	TEXT	docs/knowledgeos/brainstorming/kernel/20260824-164653-catuskoti-logic-lens-truth-need-not-be-binary.md	PRIMARY
0260	13292	2026-08-24	md	TEXT	docs/knowledgeos/brainstorming/kernel/20260824-164746-cosmology-article-worlds-perspectives-processes-and-transitions.md	PRIMARY
0261	12520	2026-08-24	md	TEXT	docs/knowledgeos/brainstorming/kernel/20260824-164817-cosmological-world-model-lens-for-knowledge-claims.md	PRIMARY
0262	13258	2026-08-24	md	TEXT	docs/knowledgeos/brainstorming/kernel/20260824-165411-eschatology-lens-terminal-state-and-transformation-model.md	PRIMARY
0263	12361	2026-08-24	md	TEXT	docs/knowledgeos/brainstorming/kernel/20260824-165635-catuskoti-four-valued-epistemic-status-logic-layer-tightening.md	PRIMARY
0264	18842	2026-08-24	md	TEXT	docs/knowledgeos/brainstorming/kernel/20260824-171203-tractatus-centenary-edition-reality-to-knowledge-claim-chain.md	PRIMARY
0265	23250	2026-08-25	md	TEXT	docs/knowledgeos/brainstorming/kernel/20260825-101801-shannon-weaver-information-is-not-meaning-is-not-knowledge.md	PRIMARY
0266	70966	2026-08-25	md	TEXT	docs/knowledgeos/brainstorming/kernel/20260825-103542-principal-architect-review-bounded-dynamic-knowledge-model.md	PRIMARY
0267	85871	2026-08-25	md	TEXT	docs/knowledgeos/brainstorming/kernel/20260825-110525-plantuml-model-knowledge-space-language-questions-and-evaluation.md	PRIMARY
0268	20187	2026-08-25	md	TEXT	docs/knowledgeos/brainstorming/kernel/20260825-111545-what-are-we-actually-building-when-we-say-knowledgeos.md	PRIMARY
0269	18784	2026-08-25	md	TEXT	docs/knowledgeos/brainstorming/kernel/20260825-113243-preservation-unit-versus-consistency-boundary-do-not-freeze-assertion-aggregate.md	PRIMARY
0270	18062	2026-08-25	md	TEXT	docs/knowledgeos/brainstorming/kernel/20260825-113718-merricks-objects-and-persons-useful-concept-is-not-fundamental-object.md	PRIMARY
0271	11312	2026-08-25	md	TEXT	docs/knowledgeos/brainstorming/kernel/20260825-113938-ontological-reduction-and-non-redundancy-model-research-direction.md	PRIMARY
0272	14619	2026-08-25	md	TEXT	docs/knowledgeos/brainstorming/kernel/20260825-114640-merricks-truth-and-ontology-truthmaker-thesis-rejected.md	PRIMARY
0273	31044	2026-08-25	md	TEXT	docs/knowledgeos/brainstorming/kernel/20260825-115235-mcginn-logical-properties-assessment-as-parallel-analytical-tool.md	PRIMARY
0274	27913	2026-08-25	md	TEXT	docs/knowledgeos/brainstorming/kernel/20260825-115604-oconnor-persons-and-causes-agency-and-causal-powers.md	PRIMARY
0275	15260	2026-08-25	md	TEXT	docs/knowledgeos/brainstorming/kernel/20260825-115932-information-theory-as-a-lens-for-knowledgeos.md	PRIMARY
0276	16373	2026-08-25	md	TEXT	docs/knowledgeos/brainstorming/kernel/20260825-120122-mcginn-logical-properties-as-structural-primitives-of-knowledge-space.md	PRIMARY
0277	40437	2026-08-25	md	TEXT	docs/knowledgeos/brainstorming/kernel/20260825-120319-information-theory-extracting-the-knowledge-space-architecture.md	PRIMARY
0278	29287	2026-08-25	md	TEXT	docs/knowledgeos/brainstorming/kernel/20260825-120514-zero-lens-on-mcginn-the-kernel-is-not-knowledge.md	PRIMARY
0279	16600	2026-08-25	md	TEXT	docs/knowledgeos/brainstorming/kernel/20260825-121403-recommended-next-research-set-before-freezing-knowledge-space-kernel.md	PRIMARY
0280	28144	2026-08-25	md	TEXT	docs/knowledgeos/brainstorming/kernel/20260825-122752-floridi-philosophy-of-information-levels-of-abstraction-extraction.md	PRIMARY
0281	9725	2026-08-25	md	TEXT	docs/knowledgeos/brainstorming/kernel/20260825-124325-dretske-knowledge-and-the-flow-of-information-initial-reading.md	PRIMARY
0282	26010	2026-08-25	md	TEXT	docs/knowledgeos/brainstorming/kernel/20260825-125708-fagin-halpern-reasoning-about-knowledge-formal-knowledge-space-model.md	PRIMARY
0283	6690	2026-08-25	md	TEXT	docs/knowledgeos/brainstorming/kernel/20260825-130339-critical-review-of-fagin-halpern-terminal-scrollback-partial.md	PRIMARY
0284	18413	2026-08-25	md	TEXT	docs/knowledgeos/brainstorming/kernel/20260825-130514-critical-review-of-fagin-halpern-extraction-and-research-direction.md	PRIMARY
0285	16727	2026-08-25	md	TEXT	docs/knowledgeos/brainstorming/kernel/20260825-130932-fagin-regime-not-kernel-acceptance-of-critique.md	PRIMARY
0286	14743	2026-08-25	md	TEXT	docs/knowledgeos/brainstorming/kernel/20260825-132329-fagin-chapters-verified-ascribed-versus-computable-knowledge.md	PRIMARY
0287	34321	2026-08-25	md	TEXT	docs/knowledgeos/brainstorming/kernel/20260825-133456-gardenfors-knowledge-in-flux-epistemic-state-as-primary-model.md	PRIMARY
0288	18872	2026-08-25	md	TEXT	docs/knowledgeos/brainstorming/kernel/20260825-135642-evolving-knowledge-space-imagination-additions-not-yet-architecture.md	PRIMARY
0289	9558	2026-08-25	md	TEXT	docs/knowledgeos/brainstorming/kernel/20260825-140251-per-agent-projection-divergence-without-divergent-reality.md	PRIMARY
0290	9558	2026-08-25	md	TEXT	docs/knowledgeos/brainstorming/kernel/20260825-145918-per-agent-projection-divergence-without-divergent-reality-duplicate.md	PRIMARY
0291	23250	2026-08-25	md	TEXT	docs/knowledgeos/brainstorming/kernel/20260825-145948-shannon-weaver-information-is-not-meaning-is-not-knowledge-duplicate.md	PRIMARY
0292	18329	2026-08-25	md	TEXT	docs/knowledgeos/brainstorming/kernel/20260825-150010-consciousness-architecture-as-analogy-for-knowledge-layers-duplicate.md	PRIMARY
0293	29287	2026-08-25	md	TEXT	docs/knowledgeos/brainstorming/kernel/20260825-155035-searle-construction-of-social-reality-institutional-layer.md	PRIMARY
0294	5085	2026-08-25	md	TEXT	docs/knowledgeos/brainstorming/kernel/20260825-155510-knowledge-as-capacity-distinguished-from-information.md	PRIMARY
0295	0	2026-08-25	gitkeep	EMPTY_PLACEHOLDER	docs/knowledgeos/brainstorming/corpus/original/.gitkeep	EXCLUDED_CORPUS
0296	0	2026-08-25	gitkeep	EMPTY_PLACEHOLDER	docs/knowledgeos/brainstorming/synthesis/identity/.gitkeep	EXCLUDED_SYNTHESIS
0297	0	2026-08-25	gitkeep	EMPTY_PLACEHOLDER	docs/knowledgeos/brainstorming/synthesis/epistemic-state/.gitkeep	EXCLUDED_SYNTHESIS
0298	0	2026-08-25	gitkeep	EMPTY_PLACEHOLDER	docs/knowledgeos/brainstorming/synthesis/evidence/.gitkeep	EXCLUDED_SYNTHESIS
0299	0	2026-08-25	gitkeep	EMPTY_PLACEHOLDER	docs/knowledgeos/brainstorming/synthesis/boundary/.gitkeep	EXCLUDED_SYNTHESIS
0300	0	2026-08-25	gitkeep	EMPTY_PLACEHOLDER	docs/knowledgeos/brainstorming/falsification/candidates/.gitkeep	EXCLUDED_FALSIFICATION
0301	0	2026-08-25	gitkeep	EMPTY_PLACEHOLDER	docs/knowledgeos/brainstorming/falsification/attacks/.gitkeep	EXCLUDED_FALSIFICATION
0302	0	2026-08-25	gitkeep	EMPTY_PLACEHOLDER	docs/knowledgeos/brainstorming/falsification/results/.gitkeep	EXCLUDED_FALSIFICATION
0303	0	2026-08-25	gitkeep	EMPTY_PLACEHOLDER	docs/knowledgeos/brainstorming/kernel/corpus/original/.gitkeep	PRIMARY
0304	0	2026-08-25	gitkeep	EMPTY_PLACEHOLDER	docs/knowledgeos/brainstorming/kernel/synthesis/identity/.gitkeep	PRIMARY
0305	0	2026-08-25	gitkeep	EMPTY_PLACEHOLDER	docs/knowledgeos/brainstorming/kernel/synthesis/epistemic-state/.gitkeep	PRIMARY
0306	0	2026-08-25	gitkeep	EMPTY_PLACEHOLDER	docs/knowledgeos/brainstorming/kernel/synthesis/evidence/.gitkeep	PRIMARY
0307	0	2026-08-25	gitkeep	EMPTY_PLACEHOLDER	docs/knowledgeos/brainstorming/kernel/synthesis/boundary/.gitkeep	PRIMARY
0308	0	2026-08-25	gitkeep	EMPTY_PLACEHOLDER	docs/knowledgeos/brainstorming/kernel/falsification/candidates/.gitkeep	PRIMARY
0309	0	2026-08-25	gitkeep	EMPTY_PLACEHOLDER	docs/knowledgeos/brainstorming/kernel/falsification/attacks/.gitkeep	PRIMARY
0310	0	2026-08-25	gitkeep	EMPTY_PLACEHOLDER	docs/knowledgeos/brainstorming/kernel/falsification/results/.gitkeep	PRIMARY
0311	5754	2026-08-25	md	TEXT	docs/knowledgeos/brainstorming/kernel/classification/dependency-map.md	PRIMARY
0312	1055	2026-08-25	md	TEXT	docs/knowledgeos/brainstorming/classification/README.md	EXCLUDED_CLASSIFICATION
0313	707	2026-08-25	md	TEXT	docs/knowledgeos/brainstorming/corpus/README.md	EXCLUDED_CORPUS
0314	731	2026-08-25	md	TEXT	docs/knowledgeos/brainstorming/synthesis/README.md	EXCLUDED_SYNTHESIS
0315	651	2026-08-25	md	TEXT	docs/knowledgeos/brainstorming/falsification/README.md	EXCLUDED_FALSIFICATION
0316	1069	2026-08-25	md	TEXT	docs/knowledgeos/brainstorming/kernel/classification/README.md	PRIMARY
0317	850	2026-08-25	md	TEXT	docs/knowledgeos/brainstorming/kernel/corpus/README.md	PRIMARY
0318	1009	2026-08-25	md	TEXT	docs/knowledgeos/brainstorming/kernel/synthesis/README.md	PRIMARY
0319	1072	2026-08-25	md	TEXT	docs/knowledgeos/brainstorming/kernel/falsification/README.md	PRIMARY
0320	32607	2026-08-25	md	TEXT	docs/knowledgeos/brainstorming/kernel/20260825-162824-williamson-knowledge-as-primitive-stop-reductive-modelling.md	PRIMARY
0321	30487	2026-08-25	md	TEXT	docs/knowledgeos/brainstorming/kernel/20260825-163936-brandom-making-it-explicit-inferential-commitment-layer.md	PRIMARY
0322	37065	2026-08-25	md	TEXT	docs/knowledgeos/brainstorming/kernel/20260825-171008-gelfond-kahl-knowledge-representation-bounded-agent-test.md	PRIMARY
0323	22585	2026-08-25	md	TEXT	docs/knowledgeos/brainstorming/kernel/20260825-171853-c15-reframed-knowledge-at-a-time-in-evolving-knowledge-space.md	PRIMARY
0324	30620	2026-08-25	md	TEXT	docs/knowledgeos/brainstorming/kernel/20260825-172121-knowledge-element-versus-state-and-what-can-be-quantified.md	PRIMARY
0325	26829	2026-08-25	md	TEXT	docs/knowledgeos/brainstorming/kernel/20260825-180730-brachman-levesque-infinite-belief-finite-representation.md	PRIMARY
0326	3828	2026-08-25	md	TEXT	docs/knowledgeos/brainstorming/kernel/20260825-180828-knowledge-as-discriminate-select-decide-capability.md	PRIMARY
0327	15972	2026-08-25	md	TEXT	docs/knowledgeos/brainstorming/kernel/20260825-181038-knowledge-measure-theory-v0-1-projection-as-measure.md	PRIMARY
0328	16202	2026-08-25	md	TEXT	docs/knowledgeos/brainstorming/kernel/20260825-181719-challenge-to-knowledge-measure-theory-projection-is-not-a-measure.md	PRIMARY
0329	10186	2026-08-25	md	TEXT	docs/knowledgeos/brainstorming/kernel/classification/cluster-map.md	PRIMARY
0330	6865	2026-08-25	md	TEXT	docs/knowledgeos/brainstorming/classification/corpus-index.md	EXCLUDED_CLASSIFICATION
0331	18632	2026-08-25	md	TEXT	docs/knowledgeos/brainstorming/kernel/20260825-183652-critique-of-knowledge-measurement-theory-v0-2.md	PRIMARY
0332	25769	2026-08-25	md	TEXT	docs/knowledgeos/brainstorming/kernel/20260825-184234-roberts-measurement-theory-meaningfulness-and-scale-types.md	PRIMARY
0333	25212	2026-08-25	md	TEXT	docs/knowledgeos/brainstorming/kernel/20260825-184332-aggoun-elliott-measure-theory-and-filtering-verification.md	PRIMARY
0334	28181	2026-08-25	md	TEXT	docs/knowledgeos/brainstorming/kernel/20260825-184616-knowledge-is-not-conditional-expectation-correction.md	PRIMARY
0335	17546	2026-08-25	md	TEXT	docs/knowledgeos/brainstorming/kernel/20260825-184755-six-category-errors-in-the-mathematical-synthesis.md	PRIMARY
0336	23343	2026-08-25	md	TEXT	docs/knowledgeos/brainstorming/synthesis/KNOWLEDGE-CONCEPT-EXTRACTION-001.md	EXCLUDED_SYNTHESIS
0337	37346	2026-08-25	md	TEXT	docs/knowledgeos/brainstorming/kernel/20260825-190319-rejection-of-complete-mathematical-framework-claim.md	PRIMARY
0338	9085	2026-08-25	md	TEXT	docs/knowledgeos/brainstorming/kernel/refinement_phase/20260825-190639_much-better-than-the-previous-version.md	PRIMARY
0339	8109	2026-08-25	md	TEXT	docs/knowledgeos/brainstorming/synthesis/KNOWLEDGE-RECONSTRUCTION-LEDGER.md	EXCLUDED_SYNTHESIS
0340	29862	2026-08-25	md	TEXT	docs/knowledgeos/brainstorming/kernel/20260825-192351-relational-logical-structure-as-core-mathematics-as-regimes.md	PRIMARY
0341	5368	2026-08-25	md	TEXT	docs/knowledgeos/brainstorming/kernel/refinement_phase/20260825-192549_this-is-exactly-the-behaviour-we-want.md	PRIMARY
0342	21206	2026-08-25	md	TEXT	docs/knowledgeos/brainstorming/kernel/00_CENSUS.md	PRIMARY
0343	46103	2026-08-25	md	TEXT	docs/knowledgeos/brainstorming/kernel/20260825-192931-critical-analysis-of-the-senior-mathematical-judgment.md	PRIMARY
0344	29862	2026-08-25	md	TEXT	docs/knowledgeos/brainstorming/kernel/20260825-192948-relational-logical-structure-as-core-mathematics-as-regimes-duplicate.md	PRIMARY
0345	13605	2026-08-25	md	TEXT	docs/knowledgeos/brainstorming/kernel/classification/contradiction-map.md	PRIMARY
0346	28786	2026-08-25	md	TEXT	docs/knowledgeos/brainstorming/synthesis/EXTRACTION-LEDGER.md	EXCLUDED_SYNTHESIS
0347	9701	2026-08-25	md	TEXT	docs/knowledgeos/brainstorming/phase_measure_theory/20260825-204244_where-to-concentrate-measure-theory-vs-knowledgeos-definition.md	PRIMARY
0348	35114	2026-08-25	md	TEXT	docs/knowledgeos/brainstorming/phase_measure_theory/20260825-210750_phase-1-redefinition-what-phase-1-should-accomplish.md	PRIMARY
0349	39470	2026-08-25	md	TEXT	docs/knowledgeos/brainstorming/phase_measure_theory/20260825-211612_where-to-concentrate-measure-theory-vs-knowledgeos-definition-expanded.md	PRIMARY
0350	12586	2026-08-25	md	TEXT	docs/knowledgeos/brainstorming/phase_measure_theory/20260825-214434_independent-research-programme-knowledgeos-as-brain-of-a-computer.md	PRIMARY
0351	28333	2026-08-25	md	TEXT	docs/knowledgeos/brainstorming/phase_measure_theory/20260825-214833_knowledge-is-probably-not-the-kernel-object.md	PRIMARY
0352	28333	2026-08-25	md	TEXT	docs/knowledgeos/brainstorming/phase_measure_theory/20260825-215434_knowledge-is-probably-not-the-kernel-object-duplicate.md	PRIMARY
0353	13511	2026-08-25	md	TEXT	docs/knowledgeos/brainstorming/phase_measure_theory/20260825-215831_refusal-research-hypothesis-must-not-become-frozen-kernel-contract.md	PRIMARY
0354	29233	2026-08-25	md	TEXT	docs/knowledgeos/brainstorming/phase_measure_theory/20260825-220537_correctness-and-completeness-are-different.md	PRIMARY
0355	25345	2026-08-25	md	TEXT	docs/knowledgeos/brainstorming/phase_measure_theory/20260825-220941_the-tuple-is-reasonable-but-not-yet-proven.md	PRIMARY
0356	20195	2026-08-25	md	TEXT	docs/knowledgeos/brainstorming/phase_measure_theory/20260825-221301_next-research-direction-after-measure-theory.md	PRIMARY
0357	15781	2026-08-25	md	TEXT	docs/knowledgeos/brainstorming/phase_measure_theory/20260825-222327_doignon-falmagne-knowledge-spaces-source-identified.md	PRIMARY
0358	21960	2026-08-25	md	TEXT	docs/knowledgeos/brainstorming/phase_measure_theory/20260825-222915_session-1-not-executing-continuously-process-observation.md	PRIMARY
0359	17849	2026-08-25	md	TEXT	docs/knowledgeos/brainstorming/phase_measure_theory/20260825-224434_how-can-an-acquired-knowledge-state-be-represented-mathematically.md	PRIMARY
0360	94409	2026-08-25	md	TEXT	docs/knowledgeos/brainstorming/phase_measure_theory/20260825-224907_research-extraction-knowledge-spaces-doignon-falmagne.md	PRIMARY
0361	8480	2026-08-25	md	TEXT	docs/knowledgeos/brainstorming/phase_measure_theory/20260825-225609_knowledge-is-not-merely-an-entity.md	PRIMARY
0362	16520	2026-08-25	md	TEXT	docs/knowledgeos/brainstorming/phase_measure_theory/20260825-225949_knowledge-is-temporally-situated-and-potentially-evolving.md	PRIMARY
0363	19308	2026-08-25	md	TEXT	docs/knowledgeos/brainstorming/phase_measure_theory/20260825-230151_what-should-the-knowledgeos-kernel-contain.md	PRIMARY
0364	35029	2026-08-25	md	TEXT	docs/knowledgeos/brainstorming/phase_measure_theory/20260825-231022_probability-becomes-more-fundamental.md	PRIMARY
0365	17713	2026-08-25	md	TEXT	docs/knowledgeos/brainstorming/phase_measure_theory/20260825-231629_model-clarification-round.md	PRIMARY
0366	63248	2026-08-25	md	TEXT	docs/knowledgeos/brainstorming/phase_measure_theory/20260825-233107_knowledge-qualification-problem-research-framework.md	PRIMARY
0367	8004	2026-08-25	md	TEXT	docs/knowledgeos/brainstorming/phase_measure_theory/20260825-233112_evidence-connects-observation-to-facts.md	PRIMARY
0368	5144	2026-08-25	md	TEXT	docs/knowledgeos/brainstorming/phase_measure_theory/20260825-233525_justification-comes-from-predetermined-facts-and-rules.md	PRIMARY
0369	10602	2026-08-25	md	TEXT	docs/knowledgeos/brainstorming/phase_measure_theory/20260825-233821_logical-lens-round.md	PRIMARY
0370	15342	2026-08-25	md	TEXT	docs/knowledgeos/brainstorming/phase_measure_theory/20260825-233950_use-all-lenses-in-a-more-disciplined-mathematical-way.md	PRIMARY
0371	12856	2026-08-25	md	TEXT	docs/knowledgeos/brainstorming/phase_measure_theory/20260825-234405_extraction-retrieves-material-determination-establishes-warrant.md	PRIMARY
0372	13605	2026-08-25	md	TEXT	docs/knowledgeos/brainstorming/phase_measure_theory/20260825-234546_refinement-of-the-model.md	PRIMARY
0373	5657	2026-08-25	md	TEXT	docs/knowledgeos/brainstorming/phase_measure_theory/20260825-234727_better-formulation-of-the-position.md	PRIMARY
0374	7348	2026-08-25	md	TEXT	docs/knowledgeos/brainstorming/phase_measure_theory/20260825-235105_important-correction-to-the-framework.md	PRIMARY
0375	9379	2026-08-25	md	TEXT	docs/knowledgeos/brainstorming/phase_measure_theory/20260825-235738_correction-to-the-synthesis-conclusion.md	PRIMARY
0376	18155	2026-08-25	md	TEXT	docs/knowledgeos/brainstorming/phase_measure_theory/20260825-235754_conditional-evidence-problem-research-synthesis.md	PRIMARY
0377	12746	2026-08-25	md	TEXT	docs/knowledgeos/brainstorming/phase_measure_theory/20260825-235804_kernel-problem-minimum-substrate-for-conditional-determination.md	PRIMARY
0378	11094	2026-08-25	md	TEXT	docs/knowledgeos/brainstorming/phase_measure_theory/20260825-235855_determination-is-the-missing-mathematical-object.md	PRIMARY
0379	12746	2026-08-25	md	TEXT	docs/knowledgeos/brainstorming/phase_measure_theory/20260825-235913_kernel-problem-minimum-substrate-for-conditional-determination-duplicate.md	PRIMARY
0380	25624	2026-08-26	md	TEXT	docs/knowledgeos/brainstorming/phase_measure_theory/20260826-000209_conditional-evidence-and-reasoning-combine-v1.md	PRIMARY
0381	38372	2026-08-26	md	TEXT	docs/knowledgeos/brainstorming/phase_measure_theory/20260826-000339_conditional-evidence-and-reasoning-combine-v2-expanded.md	PRIMARY
0382	8611	2026-08-26	md	TEXT	docs/knowledgeos/brainstorming/phase_measure_theory/20260826-000501_business-example-of-the-conditional-problem.md	PRIMARY
0383	9989	2026-08-26	md	TEXT	docs/knowledgeos/brainstorming/phase_measure_theory/20260826-000839_major-clarification-of-the-model.md	PRIMARY
0384	4609	2026-08-26	md	TEXT	docs/knowledgeos/brainstorming/phase_measure_theory/20260826-001111_new-important-distinction-introduced.md	PRIMARY
0385	3767	2026-08-26	md	TEXT	docs/knowledgeos/brainstorming/phase_measure_theory/20260826-001150_every-information-clarification.md	PRIMARY
0386	5870	2026-08-26	md	TEXT	docs/knowledgeos/brainstorming/phase_measure_theory/20260826-001700_example-exposes-flaw-in-the-previous-model.md	PRIMARY
0387	5870	2026-08-26	md	TEXT	docs/knowledgeos/brainstorming/phase_measure_theory/20260826-002116_example-exposes-flaw-in-the-previous-model-duplicate.md	PRIMARY
0388	5870	2026-08-26	md	TEXT	docs/knowledgeos/brainstorming/phase_measure_theory/20260826-002517_example-exposes-flaw-in-the-previous-model-duplicate-2-ideal-state.md	PRIMARY
0389	9430	2026-08-26	md	TEXT	docs/knowledgeos/brainstorming/phase_measure_theory/20260826-002828_very-important-refinement-of-the-model.md	PRIMARY
0390	5495	2026-08-26	md	TEXT	docs/knowledgeos/brainstorming/phase_measure_theory/20260826-002857_the-key-distinction.md	PRIMARY
0391	14783	2026-08-26	md	TEXT	docs/knowledgeos/brainstorming/phase_measure_theory/20260826-003242_where-we-started-model-challenge.md	PRIMARY
0392	25814	2026-08-26	md	TEXT	docs/knowledgeos/brainstorming/phase_measure_theory/20260826-004057_dimensions-facts-and-values-model-challenge-expanded.md	PRIMARY
0393	7091	2026-08-26	md	TEXT	docs/knowledgeos/brainstorming/phase_measure_theory/20260826-004302_important-correction-to-the-model.md	PRIMARY
0394	7091	2026-08-26	md	TEXT	docs/knowledgeos/brainstorming/phase_measure_theory/20260826-005108_important-correction-to-the-model-duplicate.md	PRIMARY
0395	9858	2026-08-26	md	TEXT	docs/knowledgeos/brainstorming/phase_measure_theory/20260826-015913_conceptual-problems-solved-but-not-all.md	PRIMARY
0396	112796	2026-08-26	md	TEXT	docs/knowledgeos/brainstorming/phase_measure_theory/20260826-102307_important-correction-to-the-model-extended-full-thread.md	PRIMARY
0397	14658	2026-08-26	md	TEXT	docs/knowledgeos/brainstorming/phase_measure_theory/20260826-102337_most-important-correction-review-of-research-summary.md	PRIMARY
0398	10796	2026-08-26	md	TEXT	docs/knowledgeos/brainstorming/phase_measure_theory/20260826-102412_second-research-synthesis-fits-earlier-position.md	PRIMARY
0399	5843	2026-08-26	md	TEXT	docs/knowledgeos/brainstorming/phase_measure_theory/20260826-102458_close-to-what-you-have-been-describing.md	PRIMARY
0400	10995	2026-08-26	md	TEXT	docs/knowledgeos/brainstorming/phase_measure_theory/20260826-103245_promising-direction-analysing-your-sentence.md	PRIMARY
0401	9577	2026-08-26	md	TEXT	docs/knowledgeos/brainstorming/phase_measure_theory/20260826-103249_sanskrit-grammar-lens-can-help-significantly.md	PRIMARY
0402	8280	2026-08-26	md	TEXT	docs/knowledgeos/brainstorming/phase_measure_theory/20260826-103508_a-dimension-is-an-aspect-along-which-a-state-is-characterized.md	PRIMARY
0403	8071	2026-08-26	md	TEXT	docs/knowledgeos/brainstorming/phase_measure_theory/20260826-103946_state-of-knowledge-depends-on-its-known-dimensions.md	PRIMARY
0404	8071	2026-08-26	md	TEXT	docs/knowledgeos/brainstorming/phase_measure_theory/20260826-104002_state-of-knowledge-depends-on-its-known-dimensions-duplicate.md	PRIMARY
0405	11790	2026-08-26	md	TEXT	docs/knowledgeos/brainstorming/phase_measure_theory/20260826-105126_zero-lens-what-is-absent-undefined-unrepresented-assumed-away.md	PRIMARY
0406	8694	2026-08-26	md	TEXT	docs/knowledgeos/brainstorming/phase_measure_theory/20260826-105229_research-synthesis-zero-lens-infinite-knowledge-space-mithya.md	PRIMARY
0407	6872	2026-08-26	md	TEXT	docs/knowledgeos/brainstorming/phase_measure_theory/20260826-105641_zero-lens-analysis-of-ashtavakra-gita.md	PRIMARY
0408	15698	2026-08-26	md	TEXT	docs/knowledgeos/brainstorming/phase_measure_theory/20260826-105717_research-synthesis-quine-word-and-object-multi-lens.md	PRIMARY
0409	17868	2026-08-26	md	TEXT	docs/knowledgeos/brainstorming/phase_measure_theory/20260826-111026_metaphor-change-for-the-model.md	PRIMARY
0410	45179	2026-08-26	md	TEXT	docs/knowledgeos/brainstorming/phase_measure_theory/20260826-111721_research-synthesis-upanishads-as-lens-on-infinite-knowledge-space.md	PRIMARY
0411	23944	2026-08-26	md	TEXT	docs/knowledgeos/brainstorming/phase_measure_theory/20260826-112128_zero-lens-as-foundational-epistemic-and-architectural-lens.md	PRIMARY
0412	23944	2026-08-26	md	TEXT	docs/knowledgeos/brainstorming/phase_measure_theory/20260826-112545_zero-lens-as-foundational-epistemic-and-architectural-lens-duplicate.md	PRIMARY
0413	20884	2026-08-26	md	TEXT	docs/knowledgeos/brainstorming/phase_measure_theory/20260826-113213_lord-lens-infinite-knowledge-space.md	PRIMARY
0414	18076	2026-08-26	md	TEXT	docs/knowledgeos/brainstorming/phase_measure_theory/20260826-114050_ganapati-atharvashirsha-reading.md	PRIMARY
0415	10936	2026-08-26	md	TEXT	docs/knowledgeos/brainstorming/phase_measure_theory/20260826-114101_lord-lens-infinite-knowledge-space-and-knowledge-as-element.md	PRIMARY
0416	11498	2026-08-26	md	TEXT	docs/knowledgeos/brainstorming/phase_measure_theory/20260826-114249_lord-lens-infinite-knowledge-space-revised-and-deepened.md	PRIMARY
0417	12315	2026-08-26	md	TEXT	docs/knowledgeos/brainstorming/phase_measure_theory/20260826-114611_research-synthesis-universe-according-to-the-vedas-lord-and-zero-lens.md	PRIMARY
0418	13094	2026-08-26	md	TEXT	docs/knowledgeos/brainstorming/phase_measure_theory/20260826-114948_ganapati-atharvashirsha-synthesis-review.md	PRIMARY
0419	15410	2026-08-26	md	TEXT	docs/knowledgeos/brainstorming/phase_measure_theory/20260826-115711_what-exactly-is-the-ideal-state.md	PRIMARY
0420	12148	2026-08-26	md	TEXT	docs/knowledgeos/brainstorming/phase_measure_theory/20260826-115757_research-synthesis-24-undefined-questions-path-forward.md	PRIMARY
0421	12474	2026-08-26	md	TEXT	docs/knowledgeos/brainstorming/phase_measure_theory/20260826-121829_strategic-analysis-bhagavad-gita-as-lens-for-research-questions.md	PRIMARY
0422	10936	2026-08-26	md	TEXT	docs/knowledgeos/brainstorming/phase_measure_theory/20260826-121909_lord-lens-infinite-knowledge-space-and-knowledge-as-element-duplicate.md	PRIMARY
0423	36442	2026-08-26	md	TEXT	docs/knowledgeos/brainstorming/phase_measure_theory/20260826-122156_most-important-discovery-of-the-round.md	PRIMARY
0424	16896	2026-08-26	md	TEXT	docs/knowledgeos/brainstorming/phase_measure_theory/20260826-122435_remaining-undefined-things-in-the-model.md	PRIMARY
0425	15867	2026-08-26	md	TEXT	docs/knowledgeos/brainstorming/phase_measure_theory/20260826-123719_cleaner-formulation-for-knowledgeos.md	PRIMARY
0426	5217	2026-08-26	md	TEXT	docs/knowledgeos/brainstorming/phase_measure_theory/20260826-134120_using-the-gita-differently-from-an-ordinary-research-source.md	PRIMARY
0427	12660	2026-08-26	md	TEXT	docs/knowledgeos/brainstorming/phase_measure_theory/20260826-135515_gita-chapter-1-as-first-observation.md	PRIMARY
0428	12648	2026-08-26	md	TEXT	docs/knowledgeos/brainstorming/phase_measure_theory/20260826-135525_gita-chapter-1-as-first-observation-variant.md	PRIMARY
0429	10658	2026-08-26	md	TEXT	docs/knowledgeos/brainstorming/phase_measure_theory/20260826-135936_strongest-architectural-mapping-so-far-chapter-01.md	PRIMARY
0430	8821	2026-08-26	md	TEXT	docs/knowledgeos/brainstorming/phase_measure_theory/20260826-140137_two-epistemic-layers-as-strong-architecture.md	PRIMARY
0431	9600	2026-08-26	md	TEXT	docs/knowledgeos/brainstorming/phase_measure_theory/20260826-142856_validating-and-formalizing-the-principles.md	PRIMARY
0432	9600	2026-08-26	md	TEXT	docs/knowledgeos/brainstorming/phase_measure_theory/20260826-143046_validating-and-formalizing-the-principles-duplicate.md	PRIMARY
0433	6903	2026-08-26	md	TEXT	docs/knowledgeos/brainstorming/phase_measure_theory/20260826-143231_refining-the-krishna-lens.md	PRIMARY
0434	8126	2026-08-26	md	TEXT	docs/knowledgeos/brainstorming/phase_measure_theory/20260826-143500_masterful-synthesis-lord-lens-omega.md	PRIMARY
0435	26256	2026-08-26	md	TEXT	docs/knowledgeos/brainstorming/phase_measure_theory/20260826-144017_gita-chapter-2-reading.md	PRIMARY
0436	41243	2026-08-26	md	TEXT	docs/knowledgeos/brainstorming/phase_measure_theory/20260826-151225_rigorous-analysis-of-the-sanjaya-layer.md	PRIMARY
0437	11129	2026-08-26	md	TEXT	docs/knowledgeos/brainstorming/phase_measure_theory/20260826-151244_second-correction-sarathi-does-not-own-the-frame.md	PRIMARY
0438	5904	2026-08-26	md	TEXT	docs/knowledgeos/brainstorming/phase_measure_theory/20260826-151534_right-architectural-interpretation-now.md	PRIMARY
0439	8196	2026-08-26	md	TEXT	docs/knowledgeos/brainstorming/phase_measure_theory/20260826-152140_zero-reveals-relevant-is-still-undefined.md	PRIMARY
0440	10105	2026-08-26	md	TEXT	docs/knowledgeos/brainstorming/phase_measure_theory/20260826-155127_zero-findings-formal-summary.md	PRIMARY
0441	13189	2026-08-26	md	TEXT	docs/knowledgeos/brainstorming/phase_measure_theory/20260826-155403_krishna-lens.md	PRIMARY
0442	13189	2026-08-26	md	TEXT	docs/knowledgeos/brainstorming/phase_measure_theory/20260826-155520_krishna-lens-duplicate.md	PRIMARY
0443	19714	2026-08-26	md	TEXT	docs/knowledgeos/brainstorming/phase_measure_theory/20260826-160024_the-human-knower-cleaner-formulation.md	PRIMARY
0444	10350	2026-08-26	md	TEXT	docs/knowledgeos/brainstorming/phase_measure_theory/20260826-160322_core-architecture-lord-krishna-knowledgeos-human-knower.md	PRIMARY
0445	13483	2026-08-26	md	TEXT	docs/knowledgeos/brainstorming/phase_measure_theory/20260826-160657_what-we-have-solved-and-what-remains.md	PRIMARY
0446	19950	2026-08-26	md	TEXT	docs/knowledgeos/brainstorming/phase_measure_theory/20260826-161035_start-with-the-underlying-reality.md	PRIMARY
0447	22929	2026-08-26	md	TEXT	docs/knowledgeos/brainstorming/phase_measure_theory/20260826-161309_knowledgeos-a-mathematical-architecture-for-epistemic-systems.md	PRIMARY
0448	22929	2026-08-26	md	TEXT	docs/knowledgeos/brainstorming/phase_measure_theory/20260826-161551_knowledgeos-a-mathematical-architecture-for-epistemic-systems-duplicate.md	PRIMARY
0449	11258	2026-08-26	md	TEXT	docs/knowledgeos/brainstorming/phase_measure_theory/20260826-162358_proposed-order-of-investigation.md	PRIMARY
0450	18748	2026-08-26	md	TEXT	docs/knowledgeos/brainstorming/phase_measure_theory/20260826-162527_phase-1-what-is-being-observed.md	PRIMARY
0451	32246	2026-08-26	md	TEXT	docs/knowledgeos/brainstorming/phase_measure_theory/20260826-163610_arjuna-as-observer-a-knowledgeos-analysis.md	PRIMARY
0452	9350	2026-08-26	md	TEXT	docs/knowledgeos/brainstorming/phase_measure_theory/20260826-163735_the-investigation-is-progressive.md	PRIMARY
0453	27632	2026-08-26	md	TEXT	docs/knowledgeos/brainstorming/phase_measure_theory/20260826-164123_what-zero-does-does-zero-belong-to-knowledgeos.md	PRIMARY
0454	22678	2026-08-26	md	TEXT	docs/knowledgeos/brainstorming/phase_measure_theory/20260826-165743_question-2-what-is-a-dimension.md	PRIMARY
0455	24404	2026-08-26	md	TEXT	docs/knowledgeos/brainstorming/phase_measure_theory/20260826-170313_observer-asks-knowledgeos-reconstructs-the-dimensions.md	PRIMARY
0456	29503	2026-08-26	md	TEXT	docs/knowledgeos/brainstorming/phase_measure_theory/20260826-170948_why-a-c-type-parser-is-useful.md	PRIMARY
0457	30736	2026-08-26	md	TEXT	docs/knowledgeos/brainstorming/phase_measure_theory/20260826-171411_mathematical-redefinition-dimension-discovery-and-natural-language-parsing.md	PRIMARY
0458	6199	2026-08-26	md	TEXT	docs/knowledgeos/brainstorming/phase_measure_theory/20260826-171508_why-parsing-belongs-inside-knowledgeos.md	PRIMARY
0459	25730	2026-08-26	md	TEXT	docs/knowledgeos/brainstorming/phase_measure_theory/20260826-171848_architectural-ownership-of-semantic-reconstruction.md	PRIMARY
0460	24466	2026-08-26	md	TEXT	docs/knowledgeos/brainstorming/phase_measure_theory/20260826-172247_mathematical-review-of-the-knowledgeos-model.md	PRIMARY
0461	40631	2026-08-26	md	TEXT	docs/knowledgeos/brainstorming/phase_measure_theory/20260826-172732_the-knowledgeos-knowledge-atom.md	PRIMARY
0462	23796	2026-08-26	md	TEXT	docs/knowledgeos/brainstorming/phase_measure_theory/20260826-172933_question-4-evidence-and-epistemic-state-transition.md	PRIMARY
0463	22143	2026-08-26	md	TEXT	docs/knowledgeos/brainstorming/phase_measure_theory/20260826-173048_question-5-comparing-and-challenging-assertions.md	PRIMARY
0464	24214	2026-08-26	md	TEXT	docs/knowledgeos/brainstorming/phase_measure_theory/20260826-173211_question-5-comparing-and-challenging-assertions-v2.md	PRIMARY
0465	12342	2026-08-26	md	TEXT	docs/knowledgeos/brainstorming/phase_measure_theory/20260826-173318_question-4a-what-exactly-is-an-epistemic-state.md	PRIMARY
0466	11367	2026-08-26	md	TEXT	docs/knowledgeos/brainstorming/phase_measure_theory/20260826-173337_review-comparison-should-compare-propositions-first.md	PRIMARY
0467	26597	2026-08-26	md	TEXT	docs/knowledgeos/brainstorming/phase_measure_theory/20260826-173435_question-5-updating-and-preserving-assertions.md	PRIMARY
0468	13025	2026-08-26	md	TEXT	docs/knowledgeos/brainstorming/phase_measure_theory/20260826-173537_review-an-update-does-not-necessarily-create-a-new-assertion.md	PRIMARY
0469	12058	2026-08-26	md	TEXT	docs/knowledgeos/brainstorming/phase_measure_theory/20260826-173853_question-6-what-is-a-knowledge-state.md	PRIMARY
0470	38481	2026-08-26	md	TEXT	docs/knowledgeos/brainstorming/phase_measure_theory/20260826-174215_knowledgeos-the-complete-mathematical-model.md	PRIMARY
0471	43132	2026-08-26	md	TEXT	docs/knowledgeos/brainstorming/phase_measure_theory/20260826-174810_question-7-what-is-knowledge-itself.md	PRIMARY
0472	41314	2026-08-26	md	TEXT	docs/knowledgeos/brainstorming/phase_measure_theory/20260826-175140_question-8-what-makes-a-knowledge-state-coherent.md	PRIMARY
0473	12143	2026-08-26	md	TEXT	docs/knowledgeos/brainstorming/phase_measure_theory/20260826-175149_verdict-on-the-preceding-question.md	PRIMARY
0474	22698	2026-08-26	md	TEXT	docs/knowledgeos/brainstorming/phase_measure_theory/20260826-175458_question-9-what-is-a-conflict-and-how-is-it-resolved.md	PRIMARY
0475	29550	2026-08-26	md	TEXT	docs/knowledgeos/brainstorming/phase_measure_theory/20260826-175731_question-10-what-is-a-gap-and-how-does-it-differ-from-a-conflict.md	PRIMARY
0476	28778	2026-08-26	md	TEXT	docs/knowledgeos/brainstorming/phase_measure_theory/20260826-180258_question-11-what-is-the-ideal-state.md	PRIMARY
0477	38446	2026-08-26	md	TEXT	docs/knowledgeos/brainstorming/phase_measure_theory/20260826-180537_question-12-how-do-we-measure-distance-to-the-ideal-state.md	PRIMARY
0478	29270	2026-08-26	md	TEXT	docs/knowledgeos/brainstorming/phase_measure_theory/20260826-181048_question-12a-measuring-distance-current-to-corresponding-ideal.md	PRIMARY
0479	25221	2026-08-26	md	TEXT	docs/knowledgeos/brainstorming/phase_measure_theory/20260826-181441_question-13-formal-structure-of-the-knowledge-state.md	PRIMARY
0480	35424	2026-08-26	md	TEXT	docs/knowledgeos/brainstorming/phase_measure_theory/20260826-182409_question-14-the-knowledgeos-type-system-complete-formal-definition.md	PRIMARY
0481	53901	2026-08-26	md	TEXT	docs/knowledgeos/brainstorming/phase_measure_theory/20260826-183128_question-15-state-transition-how-kt-becomes-kt-plus-1.md	PRIMARY
0482	58936	2026-08-26	md	TEXT	docs/knowledgeos/brainstorming/phase_measure_theory/20260826-183636_question-16-epistemic-logic-observation-evidence-inference-contradiction.md	PRIMARY
0483	85671	2026-08-26	md	TEXT	docs/knowledgeos/brainstorming/phase_measure_theory/20260826-184000_question-17-how-zero-lord-and-sarathi-interact-with-the-transition-system.md	PRIMARY
0484	25722	2026-08-26	md	TEXT	docs/knowledgeos/brainstorming/phase_measure_theory/20260826-184327_question-18-how-does-the-ideal-state-evolve-and-who-controls-it.md	PRIMARY
0485	31687	2026-08-26	md	TEXT	docs/knowledgeos/brainstorming/phase_measure_theory/20260826-184707_question-19-distance-measuring-the-difference-between-states.md	PRIMARY
0486	55192	2026-08-26	md	TEXT	docs/knowledgeos/brainstorming/phase_measure_theory/20260826-184858_question-20-the-complete-system-state-and-how-it-evolves.md	PRIMARY
0487	9557	2026-08-26	md	TEXT	docs/knowledgeos/brainstorming/phase_measure_theory/20260826-184944_question-19-representing-and-measuring-discrepancy-filed-as-q21.md	PRIMARY
0488	17545	2026-08-26	md	TEXT	docs/knowledgeos/brainstorming/phase_measure_theory/20260826-185100_question-19-what-is-a-discrepancy-between-current-and-ideal-filed-as-q21.md	PRIMARY
0489	25195	2026-08-26	md	TEXT	docs/knowledgeos/brainstorming/phase_measure_theory/20260826-185440_question-22-how-do-we-prioritize-which-deficiencies-to-address-first.md	PRIMARY
0490	28606	2026-08-26	md	TEXT	docs/knowledgeos/brainstorming/phase_measure_theory/20260826-185636_question-23-when-to-stop-investigating-and-present-a-decision.md	PRIMARY
0491	38060	2026-08-26	md	TEXT	docs/knowledgeos/brainstorming/phase_measure_theory/20260826-185755_question-24-presenting-the-decision-ready-state-to-the-knower.md	PRIMARY
0492	26191	2026-08-26	md	TEXT	docs/knowledgeos/brainstorming/phase_measure_theory/20260826-221512_reality-observation-representation-and-knowledge-missing-distinction.md	PRIMARY
0493	36688	2026-08-26	md	TEXT	docs/knowledgeos/brainstorming/phase_measure_theory/20260826-223053_what-we-are-actually-validating.md	PRIMARY
0494	33209	2026-08-26	md	TEXT	docs/knowledgeos/brainstorming/phase_measure_theory/20260826-231807_correction-chapter-3-is-not-primarily-an-epistemic-chapter.md	PRIMARY
0495	33209	2026-08-26	md	TEXT	docs/knowledgeos/brainstorming/phase_measure_theory/20260826-232221_correction-chapter-3-is-not-primarily-an-epistemic-chapter-duplicate.md	PRIMARY
0496	5898	2026-08-27	md	TEXT	docs/knowledgeos/brainstorming/phase_measure_theory/20260827-081318_what-chapter-3-strongly-supports.md	PRIMARY
0497	17511	2026-08-27	md	TEXT	docs/knowledgeos/brainstorming/phase_measure_theory/20260827-082029_knowledgeos-becomes-an-epistemic-operating-system.md	PRIMARY
0498	14859	2026-08-27	md	TEXT	docs/knowledgeos/brainstorming/phase_measure_theory/20260827-082901_ai-today-vs-knowledgeos.md	PRIMARY
0499	27204	2026-08-27	md	TEXT	docs/knowledgeos/brainstorming/phase_measure_theory/20260827-083550_where-does-a-chatgpt-like-llm-get-its-information.md	PRIMARY
0500	4542	2026-08-27	md	TEXT	docs/knowledgeos/brainstorming/phase_measure_theory/20260827-085131_atman-in-the-conceptual-model.md	PRIMARY
0501	8066	2026-08-27	md	TEXT	docs/knowledgeos/brainstorming/phase_measure_theory/20260827-085756_atman-within-our-knowledgeos-theory.md	PRIMARY
0502	8066	2026-08-27	md	TEXT	docs/knowledgeos/brainstorming/phase_measure_theory/20260827-090130_atman-within-our-knowledgeos-theory-duplicate.md	PRIMARY
0503	2209	2026-08-27	md	TEXT	docs/knowledgeos/brainstorming/phase_measure_theory/20260827-090258_atma-and-kernel-are-the-same-underlying-idea.md	PRIMARY
0504	6045	2026-08-27	md	TEXT	docs/knowledgeos/brainstorming/phase_measure_theory/20260827-090350_atma-can-be-the-knowledgeos-kernel.md	PRIMARY
0505	5054	2026-08-27	md	TEXT	docs/knowledgeos/brainstorming/phase_measure_theory/20260827-090518_human-knower-a-tma.md	PRIMARY
0506	18368	2026-08-27	md	TEXT	docs/knowledgeos/brainstorming/phase_measure_theory/20260827-091335_where-we-started.md	PRIMARY
0507	17573	2026-08-27	md	TEXT	docs/knowledgeos/brainstorming/phase_measure_theory/20260827-092106_computational-realizability-verification.md	PRIMARY
0508	6674	2026-08-27	md	TEXT	docs/knowledgeos/brainstorming/phase_measure_theory/20260827-093824_then-the-picture-is-this.md	PRIMARY
0509	8476	2026-08-27	md	TEXT	docs/knowledgeos/brainstorming/phase_measure_theory/20260827-093837_your-idea.md	PRIMARY
0510	39471	2026-08-27	md	TEXT	docs/knowledgeos/brainstorming/phase_measure_theory/20260827-093910_my-overall-assessment.md	PRIMARY
0511	756	2026-08-27	md	TEXT	docs/knowledgeos/brainstorming/phase_measure_theory/20260827-094000_question-16-epistemic-logic-file-contains-question-20-21-material.md	PRIMARY
0512	22119	2026-08-27	md	TEXT	docs/knowledgeos/brainstorming/kernel/20260827-094057_cavell-must-we-mean-what-we-say-lenses.md	PRIMARY
0513	15230	2026-08-27	md	TEXT	docs/knowledgeos/brainstorming/kernel/20260827-094108_question-5-updating-and-preserving-assertions.md	PRIMARY
0514	38130	2026-08-27	md	TEXT	docs/knowledgeos/brainstorming/phase_measure_theory/20260827-094200_book-identification.md	PRIMARY
0515	3767	2026-08-27	md	TEXT	docs/knowledgeos/brainstorming/phase_measure_theory/20260827-094244_then-your-model-becomes.md	PRIMARY
0516	9905	2026-08-27	md	TEXT	docs/knowledgeos/brainstorming/phase_measure_theory/20260827-094259_where-we-are-now.md	PRIMARY
0517	20962	2026-08-27	md	TEXT	docs/knowledgeos/brainstorming/phase_measure_theory/20260827-094318_correction-don-t-map-chakra-knowledge-layer.md	PRIMARY
0518	18329	2026-08-27	md	TEXT	docs/knowledgeos/brainstorming/phase_measure_theory/20260827-094345_the-key-idea-consciousness-is-not-represented-as-a-database.md	PRIMARY
0519	22011	2026-08-27	md	TEXT	docs/knowledgeos/brainstorming/phase_measure_theory/20260827-094409_the-elements-of-statistical-learning-zero-leonardo.md	PRIMARY
0520	40526	2026-08-27	md	TEXT	docs/knowledgeos/brainstorming/phase_measure_theory/20260827-094428_knowledgeos-research-extraction-logitica.md	PRIMARY
0521	17573	2026-08-27	md	TEXT	docs/knowledgeos/brainstorming/phase_measure_theory/20260827-112659_computational-realizability-verification-duplicate.md	PRIMARY
0522	14468	2026-08-27	md	TEXT	docs/knowledgeos/brainstorming/phase_measure_theory/20260827-113303_knowledgeos-does-not-have-one-input.md	PRIMARY
0523	14468	2026-08-27	md	TEXT	docs/knowledgeos/brainstorming/phase_measure_theory/20260827-113310_knowledgeos-does-not-have-one-input-duplicate.md	PRIMARY
0524	14468	2026-08-27	md	TEXT	docs/knowledgeos/brainstorming/phase_measure_theory/20260827-113443_knowledgeos-does-not-have-one-input-duplicate-2.md	PRIMARY
0525	11620	2026-08-27	md	TEXT	docs/knowledgeos/brainstorming/phase_measure_theory/20260827-113816_where-we-actually-stand.md	PRIMARY
0526	7528	2026-08-27	md	TEXT	docs/knowledgeos/brainstorming/phase_measure_theory/20260827-114304_phase-1-close-the-epistemic-primitives.md	PRIMARY
0527	7234	2026-08-27	md	TEXT	docs/knowledgeos/brainstorming/phase_measure_theory/20260827-124619_closure-01-observation-role-senior-mathematician-ddd-architect.md	PRIMARY
0528	8561	2026-08-27	md	TEXT	docs/knowledgeos/brainstorming/phase_measure_theory/20260827-125403_why-i-prefer-option-3.md	PRIMARY
0529	27669	2026-08-27	md	TEXT	docs/knowledgeos/brainstorming/phase_measure_theory/20260827-125515_the-core-insight-three-distinct-information-pathways.md	PRIMARY
0530	12374	2026-08-27	md	TEXT	docs/knowledgeos/brainstorming/phase_measure_theory/20260827-125608_closure-01-observation-working-model.md	PRIMARY
0531	20346	2026-08-27	md	TEXT	docs/knowledgeos/brainstorming/phase_measure_theory/20260827-130026_closure-02-interpretation.md	PRIMARY
0532	10296	2026-08-27	md	TEXT	docs/knowledgeos/brainstorming/phase_measure_theory/20260827-130226_closure-03-epistemic-admission.md	PRIMARY
0533	23305	2026-08-27	md	TEXT	docs/knowledgeos/brainstorming/phase_measure_theory/20260827-131702_closure-04-evidence.md	PRIMARY
0534	59959	2026-08-27	md	TEXT	docs/knowledgeos/brainstorming/phase_measure_theory/20260827-133340_closure-03-evidence.md	PRIMARY
0535	12241	2026-08-27	md	TEXT	docs/knowledgeos/brainstorming/phase_measure_theory/20260827-133711_closure-04a-mathematical-laws-of-evidence-assessment.md	PRIMARY
0536	16179	2026-08-27	md	TEXT	docs/knowledgeos/brainstorming/phase_measure_theory/20260827-134245_evidence-algebra-step-01-define-the-universe.md	PRIMARY
0537	11275	2026-08-27	md	TEXT	docs/knowledgeos/brainstorming/phase_measure_theory/20260827-134357_closure-04b-candidate-evidence-algebras.md	PRIMARY
0538	8115	2026-08-27	md	TEXT	docs/knowledgeos/brainstorming/phase_measure_theory/20260827-134514_next-experiment-four-evidence-algebras.md	PRIMARY
0539	8134	2026-08-27	md	TEXT	docs/knowledgeos/brainstorming/phase_measure_theory/20260827-135038_experimental-verdict.md	PRIMARY
0540	11898	2026-08-27	md	TEXT	docs/knowledgeos/brainstorming/phase_measure_theory/20260827-140232_evidence-identity-equivalence-and-dependency-calculus.md	PRIMARY
0541	8974	2026-08-27	md	TEXT	docs/knowledgeos/brainstorming/phase_measure_theory/20260827-140653_step-001-operational-independence.md	PRIMARY
0542	11898	2026-08-27	md	TEXT	docs/knowledgeos/brainstorming/phase_measure_theory/20260827-140705_evidence-identity-equivalence-and-dependency-calculus-duplicate.md	PRIMARY
0543	11004	2026-08-27	md	TEXT	docs/knowledgeos/brainstorming/phase_measure_theory/20260827-140919_step-002-what-does-it-mean-for-two-evidence-items-to-be-the-same.md	PRIMARY
0544	13853	2026-08-27	md	TEXT	docs/knowledgeos/brainstorming/phase_measure_theory/20260827-141118_step-003-evidence-assessment-algebra.md	PRIMARY
0545	14590	2026-08-27	md	TEXT	docs/knowledgeos/brainstorming/phase_measure_theory/20260827-142250_step-004-the-evidence-aggregation-axioms.md	PRIMARY
0546	14441	2026-08-27	md	TEXT	docs/knowledgeos/brainstorming/phase_measure_theory/20260827-142333_step-005-what-is-the-mathematical-object-being-aggregated.md	PRIMARY
0547	15220	2026-08-27	md	TEXT	docs/knowledgeos/brainstorming/phase_measure_theory/20260827-142514_step-006-information-gain-and-value-of-evidence.md	PRIMARY
0548	19567	2026-08-27	md	TEXT	docs/knowledgeos/brainstorming/phase_measure_theory/20260827-142709_step-007-how-does-new-evidence-change-the-knowledge-state.md	PRIMARY
0549	15690	2026-08-27	md	TEXT	docs/knowledgeos/brainstorming/phase_measure_theory/20260827-151920_step-008-epistemic-acceptance-and-commitment.md	PRIMARY
0550	17330	2026-08-27	md	TEXT	docs/knowledgeos/brainstorming/phase_measure_theory/20260827-152002_step-009-contradiction-paraconsistency-and-belief-revision.md	PRIMARY
0551	19164	2026-08-27	md	TEXT	docs/knowledgeos/brainstorming/phase_measure_theory/20260827-152413_step-011-uncertainty-propagation-and-derived-knowledge.md	PRIMARY
0552	23738	2026-08-27	md	TEXT	docs/knowledgeos/brainstorming/phase_measure_theory/20260827-153436_step-012-identity-entity-resolution-and-semantic-equivalence.md	PRIMARY
0553	17076	2026-08-27	md	TEXT	docs/knowledgeos/brainstorming/phase_measure_theory/20260827-153702_step-013-sufficiency-completeness-and-readiness-for-purpose.md	PRIMARY
0554	19844	2026-08-27	md	TEXT	docs/knowledgeos/brainstorming/phase_measure_theory/20260827-153750_step-010-inference-and-derivation.md	PRIMARY
0555	17076	2026-08-27	md	TEXT	docs/knowledgeos/brainstorming/phase_measure_theory/20260827-154223_step-013-sufficiency-completeness-and-readiness-for-purpose-duplicate.md	PRIMARY
0556	20251	2026-08-27	md	TEXT	docs/knowledgeos/brainstorming/phase_measure_theory/20260827-155259_step-014-causality-dependency-and-counterfactual-reasoning.md	PRIMARY
0557	19296	2026-08-27	md	TEXT	docs/knowledgeos/brainstorming/phase_measure_theory/20260827-155652_step-015-decision-theory-and-action-selection.md	PRIMARY
0558	25177	2026-08-27	md	TEXT	docs/knowledgeos/brainstorming/phase_measure_theory/20260827-160001_step-016-temporal-knowledge-events-state-evolution-and-knowledge-versioning.md	PRIMARY
0559	25177	2026-08-27	md	TEXT	docs/knowledgeos/brainstorming/phase_measure_theory/20260827-160217_step-016-temporal-knowledge-events-state-evolution-and-knowledge-versioning-duplicate.md	PRIMARY
0560	25246	2026-08-27	md	TEXT	docs/knowledgeos/brainstorming/phase_measure_theory/20260827-160410_step-017-ontology-concepts-semantics-and-domain-models.md	PRIMARY
0561	24227	2026-08-27	md	TEXT	docs/knowledgeos/brainstorming/phase_measure_theory/20260827-160659_step-018-rules-inference-logic-constraints-and-the-reasoning-engine.md	PRIMARY
0562	30048	2026-08-27	md	TEXT	docs/knowledgeos/brainstorming/phase_measure_theory/20260827-160922_step-019-authority-trust-evidence-weighting-source-reliability-and-knowledge-commitment.md	PRIMARY
0563	26139	2026-08-27	md	TEXT	docs/knowledgeos/brainstorming/phase_measure_theory/20260827-161157_step-020-uncertainty-probability-ambiguity-incompleteness-conflict-and-confidence.md	PRIMARY
0564	26445	2026-08-27	md	TEXT	docs/knowledgeos/brainstorming/phase_measure_theory/20260827-161423_step-021-goals-intentions-decisions-actions-utility-risk-constraints-and-outcomes.md	PRIMARY
0565	28055	2026-08-27	md	TEXT	docs/knowledgeos/brainstorming/phase_measure_theory/20260827-161800_step-022-identity-lineage-provenance-causality-and-traceability.md	PRIMARY
0566	31587	2026-08-27	md	TEXT	docs/knowledgeos/brainstorming/phase_measure_theory/20260827-162331_step-024-formal-composition-consistency-invariants-and-closure-of-the-knowledgeos-model.md	PRIMARY
0567	24359	2026-08-27	md	TEXT	docs/knowledgeos/brainstorming/phase_measure_theory/20260827-162545_step-023-epistemic-sufficiency-readiness-completeness-and-the-knowledge-boundary.md	PRIMARY
0568	27021	2026-08-27	md	TEXT	docs/knowledgeos/brainstorming/phase_measure_theory/20260827-162652_step-025-executable-knowledgeos-reference-model-and-adversarial-simulation.md	PRIMARY
0569	7220	2026-08-27	md	TEXT	docs/knowledgeos/brainstorming/phase_measure_theory/20260827-162919_step-026-further-steps-freeze-the-conceptual-construction.md	PRIMARY
0570	24316	2026-08-27	md	TEXT	docs/knowledgeos/brainstorming/phase_measure_theory/20260827-181041_knowledgeos-historical-experimental-knowledge-extraction.md	PRIMARY
0571	7221	2026-08-27	md	TEXT	docs/knowledgeos/brainstorming/phase_measure_theory/20260827-181126_freeze-the-conceptual-construction-temporarily.md	PRIMARY
0572	11479	2026-08-27	md	TEXT	docs/knowledgeos/brainstorming/phase_measure_theory/20260827-181325_step-025a-1-minimal-formal-state-and-type-system.md	PRIMARY
0573	17994	2026-08-27	md	TEXT	docs/knowledgeos/brainstorming/phase_measure_theory/20260827-181510_step-025a-2-evidence-to-assessment-to-assertion.md	PRIMARY
0574	18233	2026-08-27	md	TEXT	docs/knowledgeos/brainstorming/phase_measure_theory/20260827-181716_step-025a-3-knowledge-state-revision-conflict-temporal-validity-and-retraction.md	PRIMARY
0575	14360	2026-08-27	md	TEXT	docs/knowledgeos/brainstorming/phase_measure_theory/20260827-181825_step-025a-4-executable-knowledge-state-model.md	PRIMARY
0576	16272	2026-08-27	md	TEXT	docs/knowledgeos/brainstorming/phase_measure_theory/20260827-182235_step-025a-5-property-based-falsification-of-the-knowledge-state.md	PRIMARY
0577	20569	2026-08-27	md	TEXT	docs/knowledgeos/brainstorming/phase_measure_theory/20260827-182411_step-025b-adversarial-end-to-end-knowledgeos-simulation.md	PRIMARY
0578	17377	2026-08-27	md	TEXT	docs/knowledgeos/brainstorming/phase_measure_theory/20260827-182534_step-025c-evidence-aggregation-algebra.md	PRIMARY
0579	15458	2026-08-27	md	TEXT	docs/knowledgeos/brainstorming/phase_measure_theory/20260827-182708_step-025c-1-compare-candidate-evidence-algebras.md	PRIMARY
0580	17143	2026-08-27	md	TEXT	docs/knowledgeos/brainstorming/phase_measure_theory/20260827-182835_step-025c-2-independent-evidence-combination.md	PRIMARY
0581	16975	2026-08-27	md	TEXT	docs/knowledgeos/brainstorming/phase_measure_theory/20260827-182955_step-025c-3-evidence-dependence-and-information-value.md	PRIMARY
0582	20053	2026-08-27	md	TEXT	docs/knowledgeos/brainstorming/phase_measure_theory/20260827-183142_step-025d-formal-zero-algebra.md	PRIMARY
0583	17621	2026-08-27	md	TEXT	docs/knowledgeos/brainstorming/phase_measure_theory/20260827-183320_step-025e-formal-epistemic-contract-algebra.md	PRIMARY
0584	23001	2026-08-27	md	TEXT	docs/knowledgeos/brainstorming/phase_measure_theory/20260827-183529_step-025f-governance-conflict-algebra.md	PRIMARY
0585	20036	2026-08-27	md	TEXT	docs/knowledgeos/brainstorming/phase_measure_theory/20260827-183746_step-025g-formal-lord-algebra-choosing-the-next-action.md	PRIMARY
0586	19350	2026-08-28	md	TEXT	docs/knowledgeos/brainstorming/phase_measure_theory/20260828-092308_step-025h-formal-sa-rathi-algebra-decision-utility-risk-and-authorization.md	PRIMARY
0587	22163	2026-08-28	md	TEXT	docs/knowledgeos/brainstorming/phase_measure_theory/20260828-093700_step-025i-knowledge-identity-algebra.md	PRIMARY
0588	21048	2026-08-28	md	TEXT	docs/knowledgeos/brainstorming/phase_measure_theory/20260828-093812_step-025j-semantic-equivalence-refinement-contradiction-and-knowledge-merge.md	PRIMARY
0589	20445	2026-08-28	md	TEXT	docs/knowledgeos/brainstorming/phase_measure_theory/20260828-093925_step-025k-knowledge-state-algebra-and-closure.md	PRIMARY
0590	18006	2026-08-28	md	TEXT	docs/knowledgeos/brainstorming/phase_measure_theory/20260828-094013_step-025l-distributed-knowledge-merge-convergence-and-consistency.md	PRIMARY
0591	14042	2026-08-28	md	TEXT	docs/knowledgeos/brainstorming/phase_measure_theory/20260828-094115_step-025m-epistemic-error-refutation-retraction-correction-and-revision.md	PRIMARY
0592	21154	2026-08-28	md	TEXT	docs/knowledgeos/brainstorming/phase_measure_theory/20260828-094210_step-025n-evidence-aggregation-algebra.md	PRIMARY
0593	17754	2026-08-28	md	TEXT	docs/knowledgeos/brainstorming/phase_measure_theory/20260828-094256_step-025o-truth-validity-belief-knowledge-and-epistemic-status.md	PRIMARY
0594	18167	2026-08-28	md	TEXT	docs/knowledgeos/brainstorming/phase_measure_theory/20260828-094407_step-025p-causality-counterfactuals-interventions-and-root-cause-knowledge.md	PRIMARY
0595	16314	2026-08-28	md	TEXT	docs/knowledgeos/brainstorming/phase_measure_theory/20260828-100603_step-025q-models-hypotheses-prediction-model-selection-and-scientific-revision.md	PRIMARY
0596	18429	2026-08-28	md	TEXT	docs/knowledgeos/brainstorming/phase_measure_theory/20260828-100659_step-025r-decision-theory-utility-risk-value-of-information-and-rational-action.md	PRIMARY
0597	18876	2026-08-28	md	TEXT	docs/knowledgeos/brainstorming/phase_measure_theory/20260828-100737_step-025s-identity-entity-resolution-same-as-distinct-from-and-knowledge-atma.md	PRIMARY
0598	21324	2026-08-28	md	TEXT	docs/knowledgeos/brainstorming/phase_measure_theory/20260828-100823_step-025t-formal-inference-derivation-rules-proof-constraints-and-verifiable-reasoning.md	PRIMARY
0599	20986	2026-08-28	md	TEXT	docs/knowledgeos/brainstorming/phase_measure_theory/20260828-100905_step-025u-multi-agent-knowledge-conflict-resolution-consensus-trust-and-distributed-epistemics.md	PRIMARY
0600	20499	2026-08-28	md	TEXT	docs/knowledgeos/brainstorming/phase_measure_theory/20260828-101022_step-025v-semantics-ontology-bounded-contexts-meaning-alignment-and-semantic-interoperability.md	PRIMARY
0601	19719	2026-08-28	md	TEXT	docs/knowledgeos/brainstorming/phase_measure_theory/20260828-101108_step-025w-temporal-consistency-bitemporal-knowledge-version-alignment-and-snapshot-semantics.md	PRIMARY
0602	19072	2026-08-28	md	TEXT	docs/knowledgeos/brainstorming/phase_measure_theory/20260828-101153_step-025x-distributed-epistemics-consistency-models-event-ordering-causality-and-knowledge-conver.md	PRIMARY
0603	19027	2026-08-28	md	TEXT	docs/knowledgeos/brainstorming/phase_measure_theory/20260828-101241_step-025y-evidence-integrity-cryptographic-provenance-authenticity-tamper-detection-and-chain-of.md	PRIMARY
0604	25361	2026-08-28	md	TEXT	docs/knowledgeos/brainstorming/phase_measure_theory/20260828-101325_step-025z-action-intervention-control-risk-and-feedback.md	PRIMARY
0605	21094	2026-08-28	md	TEXT	docs/knowledgeos/brainstorming/phase_measure_theory/20260828-101406_step-026-model-boundary-abstraction-observability-identifiability-and-epistemic-blind-spots.md	PRIMARY
0606	23657	2026-08-28	md	TEXT	docs/knowledgeos/brainstorming/phase_measure_theory/20260828-101458_step-027-uncertainty-calculus-probability-confidence-belief-and-evidence-weight.md	PRIMARY
0607	21601	2026-08-28	md	TEXT	docs/knowledgeos/brainstorming/phase_measure_theory/20260828-101530_step-028-epistemic-conflict-belief-revision-multiple-authorities-and-contradiction.md	PRIMARY
0608	21815	2026-08-28	md	TEXT	docs/knowledgeos/brainstorming/phase_measure_theory/20260828-101614_step-029-knowledge-consistency-constraints-invariants-satisfiability-and-dependency.md	PRIMARY
0609	20820	2026-08-28	md	TEXT	docs/knowledgeos/brainstorming/phase_measure_theory/20260828-102009_step-030-epistemic-calibration-reality-alignment-validation-ground-truth-and-model-drift.md	PRIMARY
0610	16714	2026-08-28	md	TEXT	docs/knowledgeos/brainstorming/phase_measure_theory/20260828-102145_step-030-analysis-preliminary-verdict.md	PRIMARY
0611	24547	2026-08-28	md	TEXT	docs/knowledgeos/brainstorming/phase_measure_theory/20260828-102251_step-031-mathematical-formalization-and-consistency-audit-of-knowledgeos.md	PRIMARY
0612	25279	2026-08-28	md	TEXT	docs/knowledgeos/brainstorming/phase_measure_theory/20260828-102341_step-032-epistemic-algebra-type-closure-composition-laws-and-state-transition-semantics.md	PRIMARY
0613	26265	2026-08-28	md	TEXT	docs/knowledgeos/brainstorming/phase_measure_theory/20260828-102424_step-033-uncertainty-propagation-dependence-correlation-error-propagation-and-epistemic-risk.md	PRIMARY
0614	21236	2026-08-28	md	TEXT	docs/knowledgeos/brainstorming/phase_measure_theory/20260828-102459_step-034-information-acquisition-value-of-information-active-learning-and-the-next-best-epistemic.md	PRIMARY
0615	21958	2026-08-28	md	TEXT	docs/knowledgeos/brainstorming/phase_measure_theory/20260828-102539_step-035-epistemic-resource-allocation-attention-scheduling-knowledge-triage-and-portfolio-optimi.md	PRIMARY
0616	25075	2026-08-28	md	TEXT	docs/knowledgeos/brainstorming/phase_measure_theory/20260828-102624_step-036-epistemic-calibration-reliability-meta-validation-and-knowledge-system-health.md	PRIMARY
0617	28530	2026-08-28	md	TEXT	docs/knowledgeos/brainstorming/phase_measure_theory/20260828-102747_step-037-adversarial-epistemology-epistemic-integrity-trust-manipulation-and-strategic-behavior.md	PRIMARY
0618	24075	2026-08-28	md	TEXT	docs/knowledgeos/brainstorming/phase_measure_theory/20260828-102917_step-038-identity-entity-resolution-equivalence-reference-integrity-and-the-mathematics-of-same.md	PRIMARY
0619	22984	2026-08-28	md	TEXT	docs/knowledgeos/brainstorming/phase_measure_theory/20260828-102953_step-039-bounded-context-translation-semantic-mapping-conceptual-alignment-and-knowledge-interope.md	PRIMARY
0620	20645	2026-08-28	md	TEXT	docs/knowledgeos/brainstorming/phase_measure_theory/20260828-103049_step-040-cross-context-consistency-contradiction-reconciliation-and-epistemic-authority.md	PRIMARY
0621	14179	2026-08-28	md	TEXT	docs/knowledgeos/brainstorming/phase_measure_theory/20260828-103343_step-001-40-review-where-we-are-now.md	PRIMARY
0622	21361	2026-08-28	md	TEXT	docs/knowledgeos/brainstorming/phase_measure_theory/20260828-103429_step-041-epistemic-sufficiency-decision-preconditions-and-assurance-composition.md	PRIMARY
0623	19087	2026-08-28	md	TEXT	docs/knowledgeos/brainstorming/phase_measure_theory/20260828-103509_step-042-assurance-composition-invariants-safety-gates-and-formal-decision-contracts.md	PRIMARY
0624	23969	2026-08-28	md	TEXT	docs/knowledgeos/brainstorming/phase_measure_theory/20260828-103559_step-043-causal-reasoning-intervention-counterfactuals-and-learning-from-outcomes.md	PRIMARY
0625	24470	2026-08-28	md	TEXT	docs/knowledgeos/brainstorming/phase_measure_theory/20260828-103643_step-044-dynamic-causal-systems-feedback-loops-cascades-stability-and-second-order-effects.md	PRIMARY
0626	22604	2026-08-28	md	TEXT	docs/knowledgeos/brainstorming/phase_measure_theory/20260828-103723_step-045-adaptive-learning-model-revision-concept-drift-and-knowledge-evolution.md	PRIMARY
0627	645	2026-08-28	md	TEXT	docs/knowledgeos/brainstorming/phase_measure_theory/20260828-103922_step-046-learning-stability-self-correction-feedback-safety-and-epistemic-control.md	PRIMARY
0628	22165	2026-08-28	md	TEXT	docs/knowledgeos/brainstorming/phase_measure_theory/20260828-104043_step-047-epistemic-control-self-correction-feedback-safety-and-prevention-of-knowledgeos-self-dec.md	PRIMARY
0629	24049	2026-08-28	md	TEXT	docs/knowledgeos/brainstorming/phase_measure_theory/20260828-104102_step-048-global-invariants-compositional-verification-and-the-formal-correctness-contract.md	PRIMARY
0630	25791	2026-08-28	md	TEXT	docs/knowledgeos/brainstorming/phase_measure_theory/20260828-104146_step-049-formal-model-reduction-consistency-checking-primitive-identification-and-computability.md	PRIMARY
0631	20964	2026-08-28	md	TEXT	docs/knowledgeos/brainstorming/phase_measure_theory/20260828-113416_step-050-formal-consistency-audit-attempting-to-break-the-knowledgeos-model.md	PRIMARY
0632	16971	2026-08-28	md	TEXT	docs/knowledgeos/brainstorming/phase_measure_theory/20260828-113444_step-051-executable-reference-model.md	PRIMARY
0633	20969	2026-08-28	md	TEXT	docs/knowledgeos/brainstorming/phase_measure_theory/20260828-113550_step-052-mathematical-kernel-to-ddd-bounded-context-mapping.md	PRIMARY
0634	20969	2026-08-28	md	TEXT	docs/knowledgeos/brainstorming/phase_measure_theory/20260828-113622_step-052-mathematical-kernel-to-ddd-bounded-context-mapping-duplicate.md	PRIMARY
0635	20936	2026-08-28	md	TEXT	docs/knowledgeos/brainstorming/phase_measure_theory/20260828-113646_step-053-context-contract-algebra.md	PRIMARY
0636	21141	2026-08-28	md	TEXT	docs/knowledgeos/brainstorming/phase_measure_theory/20260828-113723_step-054-mathematical-types-to-ddd-domain-types-to-executable-contracts.md	PRIMARY
0637	22289	2026-08-28	md	TEXT	docs/knowledgeos/brainstorming/phase_measure_theory/20260828-113800_step-055-reference-implementation-specification.md	PRIMARY
0638	15593	2026-08-28	md	TEXT	docs/knowledgeos/brainstorming/phase_measure_theory/20260828-113826_step-056-build-and-execute-the-knowledgeos-reference-machine.md	PRIMARY
0639	18394	2026-08-28	md	TEXT	docs/knowledgeos/brainstorming/phase_measure_theory/20260828-113901_step-057-liveness-and-progress-calculus.md	PRIMARY
0640	19627	2026-08-28	md	TEXT	docs/knowledgeos/brainstorming/phase_measure_theory/20260828-113932_step-058-compositional-correctness.md	PRIMARY
0641	20310	2026-08-28	md	TEXT	docs/knowledgeos/brainstorming/phase_measure_theory/20260828-114004_step-059-concurrency-and-interleaving-calculus.md	PRIMARY
0642	22678	2026-08-28	md	TEXT	docs/knowledgeos/brainstorming/phase_measure_theory/20260828-114040_step-060-epistemic-algebra-and-knowledge-state-ordering.md	PRIMARY
0643	18563	2026-08-28	md	TEXT	docs/knowledgeos/brainstorming/phase_measure_theory/20260828-114401_step-061-information-gain-uncertainty-and-epistemic-quality.md	PRIMARY
0644	645	2026-08-28	md	TEXT	docs/knowledgeos/brainstorming/phase_measure_theory/20260828-114426_step-046-learning-stability-self-correction-feedback-safety-and-epistemic-control-duplicate.md	PRIMARY
0645	19926	2026-08-28	md	TEXT	docs/knowledgeos/brainstorming/phase_measure_theory/20260828-114457_step-062-decision-theory-and-the-knowledge-to-action-boundary.md	PRIMARY
0646	18056	2026-08-28	md	TEXT	docs/knowledgeos/brainstorming/phase_measure_theory/20260828-114528_step-063-causal-reasoning-and-intervention.md	PRIMARY
0647	20891	2026-08-28	md	TEXT	docs/knowledgeos/brainstorming/phase_measure_theory/20260828-114659_step-064-model-uncertainty-distribution-shift-and-self-validation.md	PRIMARY
0648	19573	2026-08-28	md	TEXT	docs/knowledgeos/brainstorming/phase_measure_theory/20260828-115002_step-066-partial-observability-and-the-epistemic-boundary.md	PRIMARY
0649	22978	2026-08-28	md	TEXT	docs/knowledgeos/brainstorming/phase_measure_theory/20260828-115054_step-065-multi-agent-epistemic-independence-and-error-propagation.md	PRIMARY
0650	23295	2026-08-28	md	TEXT	docs/knowledgeos/brainstorming/phase_measure_theory/20260828-120419_step-067-the-epistemic-type-system.md	PRIMARY
0651	23295	2026-08-28	md	TEXT	docs/knowledgeos/brainstorming/phase_measure_theory/20260828-120450_step-067-the-epistemic-type-system-duplicate.md	PRIMARY
0652	17198	2026-08-28	md	TEXT	docs/knowledgeos/brainstorming/phase_measure_theory/20260828-120509_step-068-contradiction-paraconsistency-and-knowledge-revision.md	PRIMARY
0653	19445	2026-08-28	md	TEXT	docs/knowledgeos/brainstorming/phase_measure_theory/20260828-120543_step-069-computability-state-space-and-executable-knowledge.md	PRIMARY
0654	20779	2026-08-28	md	TEXT	docs/knowledgeos/brainstorming/phase_measure_theory/20260828-120623_step-070-the-minimal-knowledgeos-kernel.md	PRIMARY
0655	19419	2026-08-28	md	TEXT	docs/knowledgeos/brainstorming/phase_measure_theory/20260828-120653_step-071-compositional-correctness-of-knowledgeos.md	PRIMARY
0656	15885	2026-08-28	md	TEXT	docs/knowledgeos/brainstorming/phase_measure_theory/20260828-120724_step-072-epistemic-consistency-under-concurrency.md	PRIMARY
0657	20397	2026-08-28	md	TEXT	docs/knowledgeos/brainstorming/phase_measure_theory/20260828-120900_step-073-identity-trust-and-cryptographic-provenance.md	PRIMARY
0658	19596	2026-08-28	md	TEXT	docs/knowledgeos/brainstorming/phase_measure_theory/20260828-120906_step-074-causal-knowledge-from-correlation-to-intervention.md	PRIMARY
0659	16881	2026-08-28	md	TEXT	docs/knowledgeos/brainstorming/phase_measure_theory/20260828-120938_step-075-decision-theory-under-uncertainty.md	PRIMARY
0660	15831	2026-08-28	md	TEXT	docs/knowledgeos/brainstorming/phase_measure_theory/20260828-121008_step-076-multi-objective-decisions-and-governance-of-values.md	PRIMARY
0661	19071	2026-08-28	md	TEXT	docs/knowledgeos/brainstorming/phase_measure_theory/20260828-121039_step-077-governance-of-the-decision-model.md	PRIMARY
0662	20509	2026-08-28	md	TEXT	docs/knowledgeos/brainstorming/phase_measure_theory/20260828-121113_step-078-organizational-agency-and-the-multi-agent-boundary.md	PRIMARY
0663	20133	2026-08-28	md	TEXT	docs/knowledgeos/brainstorming/phase_measure_theory/20260828-121150_step-079-emergence-systemic-risk-and-collective-correctness.md	PRIMARY
0664	20001	2026-08-28	md	TEXT	docs/knowledgeos/brainstorming/phase_measure_theory/20260828-121233_step-080-organizational-control-and-feedback.md	PRIMARY
0665	20001	2026-08-28	md	TEXT	docs/knowledgeos/brainstorming/phase_measure_theory/20260828-121311_step-080-organizational-control-and-feedback-duplicate.md	PRIMARY
0666	21102	2026-08-28	md	TEXT	docs/knowledgeos/brainstorming/phase_measure_theory/20260828-121328_step-081-observability-and-identifiability.md	PRIMARY
0667	21191	2026-08-28	md	TEXT	docs/knowledgeos/brainstorming/phase_measure_theory/20260828-121413_step-082-uncertainty-propagation.md	PRIMARY
0668	20108	2026-08-28	md	TEXT	docs/knowledgeos/brainstorming/phase_measure_theory/20260828-121447_step-083-temporal-reasoning-and-time-dependent-truth.md	PRIMARY
0669	19854	2026-08-28	md	TEXT	docs/knowledgeos/brainstorming/phase_measure_theory/20260828-121516_step-084-counterfactual-reasoning.md	PRIMARY
0670	24201	2026-08-28	md	TEXT	docs/knowledgeos/brainstorming/phase_measure_theory/20260828-121630_step-085-strategic-behavior-and-game-theory.md	PRIMARY
0671	26060	2026-08-28	md	TEXT	docs/knowledgeos/brainstorming/phase_measure_theory/20260828-121717_step-086-mechanism-design-and-institutional-equilibrium.md	PRIMARY
0672	22193	2026-08-28	md	TEXT	docs/knowledgeos/brainstorming/phase_measure_theory/20260828-121755_step-087-collective-choice-preference-aggregation-and-legitimate-decision.md	PRIMARY
0673	24724	2026-08-28	md	TEXT	docs/knowledgeos/brainstorming/phase_measure_theory/20260828-121847_step-088-information-theory-information-sufficiency-and-safe-knowledge-compression.md	PRIMARY
0674	23140	2026-08-28	md	TEXT	docs/knowledgeos/brainstorming/phase_measure_theory/20260828-121923_step-089-computability-decidability-and-the-limits-of-knowledgeos.md	PRIMARY
0675	22938	2026-08-28	md	TEXT	docs/knowledgeos/brainstorming/phase_measure_theory/20260828-122002_step-090-complexity-scalability-and-computational-economics.md	PRIMARY
0676	25684	2026-08-28	md	TEXT	docs/knowledgeos/brainstorming/phase_measure_theory/20260828-122043_step-091-formal-specification-and-refinement.md	PRIMARY
0677	24329	2026-08-28	md	TEXT	docs/knowledgeos/brainstorming/phase_measure_theory/20260828-122128_step-092-concurrency-distributed-state-and-invariant-preservation.md	PRIMARY
0678	22110	2026-08-28	md	TEXT	docs/knowledgeos/brainstorming/phase_measure_theory/20260828-122208_step-093-reliability-fault-tolerance-and-recovery.md	PRIMARY
0679	22341	2026-08-28	md	TEXT	docs/knowledgeos/brainstorming/phase_measure_theory/20260828-122245_step-094-security-adversarial-behavior-and-trust.md	PRIMARY
0680	23713	2026-08-28	md	TEXT	docs/knowledgeos/brainstorming/phase_measure_theory/20260828-122408_step-095-privacy-information-boundaries-and-controlled-knowledge.md	PRIMARY
0681	24044	2026-08-28	md	TEXT	docs/knowledgeos/brainstorming/phase_measure_theory/20260828-122444_step-096-learning-adaptation-and-model-evolution.md	PRIMARY
0682	25018	2026-08-28	md	TEXT	docs/knowledgeos/brainstorming/phase_measure_theory/20260828-122523_step-097-human-ai-organizations-responsibility-and-collective-intelligence.md	PRIMARY
0683	24246	2026-08-28	md	TEXT	docs/knowledgeos/brainstorming/phase_measure_theory/20260828-122620_step-098-economics-resource-constraints-and-optimization.md	PRIMARY
0684	23539	2026-08-28	md	TEXT	docs/knowledgeos/brainstorming/phase_measure_theory/20260828-122654_step-099-observability-runtime-measurement-and-empirical-assurance.md	PRIMARY
0685	21576	2026-08-28	md	TEXT	docs/knowledgeos/brainstorming/phase_measure_theory/20260828-122730_step-100-architecture-closure-test.md	PRIMARY
0686	21741	2026-08-28	md	TEXT	docs/knowledgeos/brainstorming/phase_measure_theory/20260828-122800_step-101-architecture-to-reality-conformance.md	PRIMARY
0687	19279	2026-08-28	md	TEXT	docs/knowledgeos/brainstorming/phase_measure_theory/20260828-122915_step-102-knowledgeos-architectural-inventory.md	PRIMARY
0688	23871	2026-08-28	md	TEXT	docs/knowledgeos/brainstorming/phase_measure_theory/20260828-122954_step-103-semantic-model-conformance.md	PRIMARY
0689	24666	2026-08-28	md	TEXT	docs/knowledgeos/brainstorming/phase_measure_theory/20260828-123048_step-104-governance-conformance.md	PRIMARY
0690	24283	2026-08-28	md	TEXT	docs/knowledgeos/brainstorming/phase_measure_theory/20260828-123122_step-105-agent-architecture-conformance.md	PRIMARY
0691	22675	2026-08-28	md	TEXT	docs/knowledgeos/brainstorming/phase_measure_theory/20260828-123216_step-106-runtime-architecture-conformance.md	PRIMARY
0692	18361	2026-08-28	md	TEXT	docs/knowledgeos/brainstorming/phase_measure_theory/20260828-123314_step-107-architecture-drift-analysis.md	PRIMARY
0693	23366	2026-08-28	md	TEXT	docs/knowledgeos/brainstorming/phase_measure_theory/20260828-123356_step-108-knowledgeos-conformance-matrix.md	PRIMARY
0694	25206	2026-08-28	md	TEXT	docs/knowledgeos/brainstorming/phase_measure_theory/20260828-123438_step-109-evidence-based-repository-reconstruction.md	PRIMARY
0695	20096	2026-08-28	md	TEXT	docs/knowledgeos/brainstorming/phase_measure_theory/20260828-123520_step-110-knowledgeos-system-boundary-reconstruction.md	PRIMARY
0696	20779	2026-08-28	md	TEXT	docs/knowledgeos/brainstorming/phase_measure_theory/20260828-123552_step-111-actual-knowledgeos-component-inventory.md	PRIMARY
0697	19027	2026-08-28	md	TEXT	docs/knowledgeos/brainstorming/phase_measure_theory/20260828-123645_step-112-semantic-ownership-reconstruction.md	PRIMARY
0698	21591	2026-08-28	md	TEXT	docs/knowledgeos/brainstorming/phase_measure_theory/20260828-123718_step-113-knowledgeos-semantic-core-reconstruction.md	PRIMARY
0699	19158	2026-08-28	md	TEXT	docs/knowledgeos/brainstorming/phase_measure_theory/20260828-124104_step-114-semantic-core-evidence-test.md	PRIMARY
0700	20443	2026-08-28	md	TEXT	docs/knowledgeos/brainstorming/phase_measure_theory/20260828-124203_step-115-semantic-graph-reconstruction.md	PRIMARY
0701	18741	2026-08-28	md	TEXT	docs/knowledgeos/brainstorming/phase_measure_theory/20260828-124238_step-116-actual-knowledgeos-graph-extraction.md	PRIMARY
0702	21670	2026-08-28	md	TEXT	docs/knowledgeos/brainstorming/phase_measure_theory/20260828-124321_step-117-knowledgeos-traceability-experiment.md	PRIMARY
0703	20804	2026-08-28	md	TEXT	docs/knowledgeos/brainstorming/phase_measure_theory/20260828-124359_step-118-governance-to-engineering-closure-test.md	PRIMARY
0704	19035	2026-08-28	md	TEXT	docs/knowledgeos/brainstorming/phase_measure_theory/20260828-124431_step-119-knowledgeos-control-loop-evidence-test.md	PRIMARY
0705	21852	2026-08-28	md	TEXT	docs/knowledgeos/brainstorming/phase_measure_theory/20260828-124510_step-120-knowledgeos-constitutional-invariants.md	PRIMARY
0706	20452	2026-08-28	md	TEXT	docs/knowledgeos/brainstorming/phase_measure_theory/20260828-124552_step-121-constitution-to-implementation-conformance-test.md	PRIMARY
0707	20622	2026-08-28	md	TEXT	docs/knowledgeos/brainstorming/phase_measure_theory/20260828-124629_step-122-knowledgeos-evidence-execution-protocol.md	PRIMARY
0708	15771	2026-08-28	md	TEXT	docs/knowledgeos/brainstorming/phase_measure_theory/20260828-124716_step-123-self-verification-of-knowledgeos.md	PRIMARY
0709	19121	2026-08-28	md	TEXT	docs/knowledgeos/brainstorming/phase_measure_theory/20260828-124814_step-124-knowledgeos-self-verification-vs-self-governance.md	PRIMARY
0710	20384	2026-08-28	md	TEXT	docs/knowledgeos/brainstorming/phase_measure_theory/20260828-124910_step-125-knowledgeos-operating-model.md	PRIMARY
0711	22478	2026-08-28	md	TEXT	docs/knowledgeos/brainstorming/phase_measure_theory/20260828-125024_step-126-knowledgeos-information-model.md	PRIMARY
0712	19396	2026-08-28	md	TEXT	docs/knowledgeos/brainstorming/phase_measure_theory/20260828-125128_step-127-knowledgeos-domain-bounded-context-test.md	PRIMARY
0713	19396	2026-08-28	md	TEXT	docs/knowledgeos/brainstorming/phase_measure_theory/20260828-125203_step-127-knowledgeos-domain-bounded-context-test.md	PRIMARY
0714	20866	2026-08-28	md	TEXT	docs/knowledgeos/brainstorming/phase_measure_theory/20260828-125255_step-128-knowledgeos-context-map-and-dependency-direction.md	PRIMARY
0715	18717	2026-08-28	md	TEXT	docs/knowledgeos/brainstorming/phase_measure_theory/20260828-125345_step-129-knowledgeos-architecture-fitness-model.md	PRIMARY
0716	22268	2026-08-28	md	TEXT	docs/knowledgeos/brainstorming/phase_measure_theory/20260828-125449_step-130-the-knowledgeos-assurance-graph.md	PRIMARY
0717	28593	2026-08-28	md	TEXT	docs/knowledgeos/brainstorming/phase_measure_theory/20260828-125526_step-131-from-assurance-graph-to-knowledgeos-logical-architecture.md	PRIMARY
0718	17279	2026-08-28	md	TEXT	docs/knowledgeos/brainstorming/phase_measure_theory/20260828-125554_step-132-current-state-reconstruction.md	PRIMARY
0719	18122	2026-08-28	md	TEXT	docs/knowledgeos/brainstorming/phase_measure_theory/20260828-125624_step-133-repository-artifact-archaeology.md	PRIMARY
0720	18122	2026-08-28	md	TEXT	docs/knowledgeos/brainstorming/phase_measure_theory/20260828-125635_step-133-repository-artifact-archaeology-duplicate.md	PRIMARY
0721	18435	2026-08-28	md	TEXT	docs/knowledgeos/brainstorming/phase_measure_theory/20260828-125701_step-134-actual-repository-reconstruction.md	PRIMARY
0722	21174	2026-08-28	md	TEXT	docs/knowledgeos/brainstorming/phase_measure_theory/20260828-125726_step-135-semantic-ownership-matrix.md	PRIMARY
0723	19932	2026-08-28	md	TEXT	docs/knowledgeos/brainstorming/phase_measure_theory/20260828-125802_step-136-bounded-context-boundary-tests.md	PRIMARY
0724	21601	2026-08-28	md	TEXT	docs/knowledgeos/brainstorming/phase_measure_theory/20260828-125843_step-137-the-knowledgeos-domain-model.md	PRIMARY
0725	20304	2026-08-28	md	TEXT	docs/knowledgeos/brainstorming/phase_measure_theory/20260828-125937_step-138-aggregates-commands-and-domain-events.md	PRIMARY
0726	24235	2026-08-28	md	TEXT	docs/knowledgeos/brainstorming/phase_measure_theory/20260828-130007_step-139-knowledgeos-context-map-and-integration-contracts.md	PRIMARY
0727	24983	2026-08-28	md	TEXT	docs/knowledgeos/brainstorming/phase_measure_theory/20260828-130050_step-140-knowledgeos-logical-component-architecture.md	PRIMARY
0728	24057	2026-08-28	md	TEXT	docs/knowledgeos/brainstorming/phase_measure_theory/20260828-130122_step-141-deployment-and-runtime-architecture.md	PRIMARY
0729	21758	2026-08-28	md	TEXT	docs/knowledgeos/brainstorming/phase_measure_theory/20260828-130217_step-142-current-state-runtime-archaeology.md	PRIMARY
0730	23552	2026-08-28	md	TEXT	docs/knowledgeos/brainstorming/phase_measure_theory/20260828-130247_step-143-current-to-target-architecture-delta.md	PRIMARY
0731	22992	2026-08-28	md	TEXT	docs/knowledgeos/brainstorming/phase_measure_theory/20260828-130340_step-144-knowledgeos-evolution-roadmap.md	PRIMARY
0732	20541	2026-08-28	md	TEXT	docs/knowledgeos/brainstorming/phase_measure_theory/20260828-130748_step-145-golden-trace-specification.md	PRIMARY
0733	24419	2026-08-28	md	TEXT	docs/knowledgeos/brainstorming/phase_measure_theory/20260828-130841_step-146-golden-trace-to-implementable-domain-model.md	PRIMARY
0734	22721	2026-08-28	md	TEXT	docs/knowledgeos/brainstorming/phase_measure_theory/20260828-130912_step-147-domain-events-and-integration-contracts.md	PRIMARY
0735	24983	2026-08-28	md	TEXT	docs/knowledgeos/brainstorming/phase_measure_theory/20260828-130939_step-148-knowledgeos-api-and-contract-architecture.md	PRIMARY
0736	32933	2026-08-28	md	TEXT	docs/knowledgeos/brainstorming/phase_measure_theory/20260828-131018_step-156a-chapter-4-validation-of-knowledgeos.md	PRIMARY
0737	20664	2026-08-28	md	TEXT	docs/knowledgeos/brainstorming/phase_measure_theory/20260828-131204_step-149-persistence-and-data-architecture.md	PRIMARY
0738	26935	2026-08-28	md	TEXT	docs/knowledgeos/brainstorming/phase_measure_theory/20260828-131303_step-150-knowledgeos-runtime-architecture.md	PRIMARY
0739	25838	2026-08-28	md	TEXT	docs/knowledgeos/brainstorming/phase_measure_theory/20260828-131421_step-151-knowledgeos-vertical-slice-v0-1.md	PRIMARY
0740	23688	2026-08-28	md	TEXT	docs/knowledgeos/brainstorming/phase_measure_theory/20260828-131532_step-152-knowledgeos-implementation-architecture-constitution-v1-0.md	PRIMARY
0741	28516	2026-08-28	md	TEXT	docs/knowledgeos/brainstorming/phase_measure_theory/20260828-131618_step-153-knowledgeos-architecture-registry.md	PRIMARY
0742	21674	2026-08-28	md	TEXT	docs/knowledgeos/brainstorming/phase_measure_theory/20260828-131705_step-154-knowledgeos-self-assurance-engine.md	PRIMARY
0743	20107	2026-08-28	md	TEXT	docs/knowledgeos/brainstorming/phase_measure_theory/20260828-131736_step-155-knowledgeos-governance-runtime.md	PRIMARY
0744	24834	2026-08-28	md	TEXT	docs/knowledgeos/brainstorming/phase_measure_theory/20260828-133736_step-156-knowledgeos-operating-model.md	PRIMARY
0745	32017	2026-08-28	md	TEXT	docs/knowledgeos/brainstorming/phase_measure_theory/20260828-134443_step-155a-knowledgeos-epistemic-and-provenance-kernel-review.md	PRIMARY
0746	26935	2026-08-28	md	TEXT	docs/knowledgeos/brainstorming/phase_measure_theory/20260828-134457_step-150-knowledgeos-runtime-architecture-duplicate.md	PRIMARY
0747	22992	2026-08-28	md	TEXT	docs/knowledgeos/brainstorming/phase_measure_theory/20260828-134500_step-144-knowledgeos-evolution-roadmap-duplicate.md	PRIMARY
0748	18717	2026-08-28	md	TEXT	docs/knowledgeos/brainstorming/phase_measure_theory/20260828-134504_step-129-knowledgeos-architecture-fitness-model-duplicate.md	PRIMARY
0749	32017	2026-08-28	md	TEXT	docs/knowledgeos/brainstorming/phase_measure_theory/20260828-135017_step-155a-knowledgeos-epistemic-and-provenance-kernel-review-duplicate.md	PRIMARY
0750	25198	2026-08-28	md	TEXT	docs/knowledgeos/brainstorming/phase_measure_theory/20260828-135032_step-156-knowledgeos-operating-model-revision.md	PRIMARY
0751	36508	2026-08-28	md	TEXT	docs/knowledgeos/brainstorming/phase_measure_theory/20260828-135255_step-157-knowledgeos-domain-model-and-bounded-context-validation.md	PRIMARY
0752	11067	2026-08-28	md	TEXT	docs/knowledgeos/brainstorming/phase_measure_theory/20260828-135842_step-158-preparation-gita-chapter-4-characters-and-their-roles.md	PRIMARY
0753	14015	2026-08-28	md	TEXT	docs/knowledgeos/brainstorming/phase_measure_theory/20260828-140338_gita-chapter-4-what-to-do-versus-what-not-to-do-distinction.md	PRIMARY
0754	14015	2026-08-28	md	TEXT	docs/knowledgeos/brainstorming/phase_measure_theory/how_to_combine/20260828-140743_two-missing-distinctions-in-the-chapter-4-analysis-duplicate.md	PRIMARY
0755	27928	2026-08-28	md	TEXT	docs/knowledgeos/brainstorming/phase_measure_theory/how_to_combine/20260828-141333_master-prompt-reconstruct-evolution-of-thought-before-flattening-into-topics.md	PRIMARY
0756	10568	2026-08-28	md	TEXT	docs/knowledgeos/brainstorming/phase_measure_theory/how_to_combine/20260828-142652_step_combine_combine-prompt-1.md	PRIMARY
0757	5143	2026-08-28	md	TEXT	docs/knowledgeos/brainstorming/phase_measure_theory/how_to_combine/20260828-144815_step_combine_combine-prompt-2.md	PRIMARY
0758	16234	2026-08-28	md	TEXT	docs/knowledgeos/brainstorming/phase_measure_theory/how_to_combine/20260828-145246_step_combine_combine-prompt-3.md	PRIMARY
0759	13580	2026-08-28	md	TEXT	docs/knowledgeos/brainstorming/phase_measure_theory/how_to_combine/20260828-150140_step_combine_combine-prompt-4.md	PRIMARY
0760	6893	2026-08-28	md	TEXT	docs/knowledgeos/brainstorming/phase_measure_theory/how_to_combine/20260828-151722_step_combine_combine-prompt-5.md	PRIMARY
0761	6428	2026-08-28	md	TEXT	docs/knowledgeos/brainstorming/phase_measure_theory/how_to_combine/20260828-160329_how-to-combine-issue-the-next-instruction.md	PRIMARY
0762	193	2026-08-28	md	TEXT	docs/knowledgeos/brainstorming/phase_measure_theory/external_research/20260828-225100_step_286_external-research-readme.md	PRIMARY
0763	17647	2026-08-28	md	TEXT	docs/knowledgeos/brainstorming/phase_measure_theory/external_research/20260828-225107_c4-architecture-diagrams-system-context-to-component.md	PRIMARY
0764	5753	2026-08-28	md	TEXT	docs/knowledgeos/brainstorming/phase_measure_theory/external_research/20260828-225129_hpa-ruling-gn-31.md	PRIMARY
0765	18169	2026-08-28	md	TEXT	docs/knowledgeos/brainstorming/phase_measure_theory/external_research/20260828-225522_distribution-theory-in-knowledgeos.md	PRIMARY
0766	10917	2026-08-28	md	TEXT	docs/knowledgeos/brainstorming/phase_measure_theory/external_research/20260828-225632_methodological-discipline-second-order-reflection.md	PRIMARY
0767	10466	2026-08-28	md	TEXT	docs/knowledgeos/brainstorming/phase_measure_theory/external_research/20260828-225646_three-distinct-information-pathways.md	PRIMARY
0768	19836	2026-08-28	md	TEXT	docs/knowledgeos/brainstorming/phase_measure_theory/external_research/20260828-225752_what-we-can-directly-use-practical-assessment.md	PRIMARY
0769	7197	2026-08-28	md	TEXT	docs/knowledgeos/brainstorming/phase_measure_theory/how_to_combine/20260828-230119_step_combine_remaining-todos.md	PRIMARY
0770	7283	2026-08-28	md	TEXT	docs/knowledgeos/brainstorming/phase_measure_theory/how_to_combine/20260828-230300_how-to-combine-good-idea-with-a-qualification.md	PRIMARY
0771	20110	2026-08-28	md	TEXT	docs/knowledgeos/brainstorming/phase_measure_theory/how_to_combine/20260828-233241_step_combine_combine-prompt-6.md	PRIMARY
0772	28210	2026-08-28	md	TEXT	docs/knowledgeos/brainstorming/phase_measure_theory/external_research/gita_chapter4/20260828-235231_step_286_knowledgeos-mathematical-derivation-from-gita-chapter-4.md	PRIMARY
0773	41630	2026-08-28	md	TEXT	docs/knowledgeos/brainstorming/phase_measure_theory/external_research/gita_chapter4/20260828-235853_step_286_gita-chapter-04-additional-contributions.md	PRIMARY
0774	6273	2026-08-29	md	TEXT	docs/knowledgeos/brainstorming/phase_measure_theory/external_research/gita_chapter4/20260829-000019_step_286_agree-with-corrective-ruling-on-chapter-04.md	PRIMARY
0775	7494	2026-08-29	md	TEXT	docs/knowledgeos/brainstorming/phase_measure_theory/external_research/gita_chapter4/20260829-001332_step_286_the-more-interesting-reading-of-chapter-04.md	PRIMARY
0776	18917	2026-08-29	md	TEXT	docs/knowledgeos/brainstorming/phase_measure_theory/external_research/gita_chapter4/20260829-001713_step_286_gita-chapters-01-to-04-source-extract.md	PRIMARY
0777	14095	2026-08-29	md	TEXT	docs/knowledgeos/brainstorming/phase_measure_theory/external_research/gita_chapter4/20260829-001745_step_286_hpa-response-gita-chapters-1-4-philosophical-contributions.md	PRIMARY
0778	7689	2026-08-29	md	TEXT	docs/knowledgeos/brainstorming/phase_measure_theory/how_to_combine/20260829-002041_step_combine_halfway-point-progress-review.md	PRIMARY
0779	2904	2026-08-29	md	TEXT	docs/knowledgeos/brainstorming/phase_measure_theory/20260829-003330_step_155-156_recovery-of-earlier-step-155-156-material-sarathi-formulation.md	PRIMARY
0780	10649	2026-08-29	md	TEXT	docs/knowledgeos/brainstorming/phase_measure_theory/external_research/gita_chapter4/20260829-003716_step_286_short-confirmation-gita-chapter-4-derivation.md	PRIMARY
0781	28669	2026-08-29	md	TEXT	docs/knowledgeos/brainstorming/phase_measure_theory/20260829-010612_step_158_knowledgeos-architecture-conformance-audit.md	PRIMARY
0782	28669	2026-08-29	md	TEXT	docs/knowledgeos/brainstorming/phase_measure_theory/20260829-011045_step_158_knowledgeos-architecture-conformance-audit-duplicate.md	PRIMARY
0783	19087	2026-08-29	md	TEXT	docs/knowledgeos/brainstorming/phase_measure_theory/20260829-011128_step_159_knowledgeos-architecture-baseline.md	PRIMARY
0784	18388	2026-08-29	md	TEXT	docs/knowledgeos/brainstorming/phase_measure_theory/20260829-011213_step_160_current-state-evidence-mapping.md	PRIMARY
0785	23265	2026-08-29	md	TEXT	docs/knowledgeos/brainstorming/phase_measure_theory/20260829-011309_step_161_semantic-contract-reconstruction.md	PRIMARY
0786	19087	2026-08-29	md	TEXT	docs/knowledgeos/brainstorming/phase_measure_theory/20260829-011356_step_159_knowledgeos-architecture-baseline-duplicate.md	PRIMARY
0787	22379	2026-08-29	md	TEXT	docs/knowledgeos/brainstorming/phase_measure_theory/20260829-011552_step_162_invariant-and-boundary-derivation.md	PRIMARY
0788	22621	2026-08-29	md	TEXT	docs/knowledgeos/brainstorming/phase_measure_theory/20260829-011730_step_163_context-map-and-translation-boundaries.md	PRIMARY
0789	21537	2026-08-29	md	TEXT	docs/knowledgeos/brainstorming/phase_measure_theory/20260829-012048_step_164_domain-events-and-legitimate-state-transitions.md	PRIMARY
0790	24292	2026-08-29	md	TEXT	docs/knowledgeos/brainstorming/phase_measure_theory/20260829-012222_step_165_aggregate-and-consistency-boundary-derivation.md	PRIMARY
0791	26543	2026-08-29	md	TEXT	docs/knowledgeos/brainstorming/phase_measure_theory/20260829-012701_step_166_process-managers-sagas-and-long-running-consistency.md	PRIMARY
0792	19979	2026-08-29	md	TEXT	docs/knowledgeos/brainstorming/phase_measure_theory/20260829-012838_step_167_formal-verification-obligations.md	PRIMARY
0793	23933	2026-08-29	md	TEXT	docs/knowledgeos/brainstorming/phase_measure_theory/20260829-013134_step_168_the-verification-lattice.md	PRIMARY
0794	19430	2026-08-29	md	TEXT	docs/knowledgeos/brainstorming/phase_measure_theory/20260829-013327_step_169_falsification-of-the-knowledgeos-architecture.md	PRIMARY
0795	19775	2026-08-29	md	TEXT	docs/knowledgeos/brainstorming/phase_measure_theory/20260829-013526_step_170_the-end-to-end-knowledgeos-proof-chain.md	PRIMARY
0796	21288	2026-08-29	md	TEXT	docs/knowledgeos/brainstorming/phase_measure_theory/20260829-013701_step_171_the-authority-responsibility-evidence-matrix.md	PRIMARY
0797	14813	2026-08-29	md	TEXT	docs/knowledgeos/brainstorming/phase_measure_theory/20260829-013920_step_172_separation-of-duties-falsification-experiment.md	PRIMARY
0798	20367	2026-08-29	md	TEXT	docs/knowledgeos/brainstorming/phase_measure_theory/20260829-014058_step_173_the-bounded-context-discovery-experiment.md	PRIMARY
0799	15934	2026-08-29	md	TEXT	docs/knowledgeos/brainstorming/phase_measure_theory/20260829-014253_step_174_context-map-and-domain-contract-experiment.md	PRIMARY
0800	16636	2026-08-29	md	TEXT	docs/knowledgeos/brainstorming/phase_measure_theory/20260829-014420_step_175_the-state-does-not-know-its-past-experiment.md	PRIMARY
0801	16291	2026-08-29	md	TEXT	docs/knowledgeos/brainstorming/phase_measure_theory/20260829-014546_step_176_the-who-knows-experiment.md	PRIMARY
0802	16047	2026-08-29	md	TEXT	docs/knowledgeos/brainstorming/phase_measure_theory/20260829-014710_step_177_the-knowledge-is-not-truth-experiment.md	PRIMARY
0803	15919	2026-08-29	md	TEXT	docs/knowledgeos/brainstorming/phase_measure_theory/20260829-014843_step_178_the-what-should-we-do-experiment.md	PRIMARY
0804	18322	2026-08-29	md	TEXT	docs/knowledgeos/brainstorming/phase_measure_theory/20260829-015001_step_179_the-who-is-allowed-to-say-what-experiment.md	PRIMARY
0805	15828	2026-08-29	md	TEXT	docs/knowledgeos/brainstorming/phase_measure_theory/20260829-015147_step_180_the-can-the-system-know-that-it-does-not-know-experiment.md	PRIMARY
0806	17507	2026-08-29	md	TEXT	docs/knowledgeos/brainstorming/phase_measure_theory/20260829-015345_step_181_the-what-if-two-truths-disagree-experiment.md	PRIMARY
0807	15708	2026-08-29	md	TEXT	docs/knowledgeos/brainstorming/phase_measure_theory/20260829-015501_step_182_the-who-owns-the-truth-experiment.md	PRIMARY
0808	25411	2026-08-29	md	TEXT	docs/knowledgeos/brainstorming/phase_measure_theory/20260829-015928_step_183-pre_architecture-and-gita-alignment-review-of-steps-1-182.md	PRIMARY
0809	15173	2026-08-29	md	TEXT	docs/knowledgeos/brainstorming/phase_measure_theory/20260829-020210_step_183_the-reconstruction-experiment.md	PRIMARY
0810	13087	2026-08-29	md	TEXT	docs/knowledgeos/brainstorming/phase_measure_theory/20260829-020345_step_184_the-epistemic-gap-experiment.md	PRIMARY
0811	12629	2026-08-29	md	TEXT	docs/knowledgeos/brainstorming/phase_measure_theory/20260829-020511_step_185_change-correction-refinement-or-recontextualization.md	PRIMARY
0812	21348	2026-08-29	md	TEXT	docs/knowledgeos/brainstorming/phase_measure_theory/20260829-021046_step_186-pre_mathematical-architecture-of-knowledgeos.md	PRIMARY
0813	16553	2026-08-29	md	TEXT	docs/knowledgeos/brainstorming/phase_measure_theory/20260829-021226_step_186_mathematical-validation-of-the-knowledge-state-model.md	PRIMARY
0814	16345	2026-08-29	md	TEXT	docs/knowledgeos/brainstorming/phase_measure_theory/20260829-081618_step_187_authority-as-a-mathematical-relation.md	PRIMARY
0815	15815	2026-08-29	md	TEXT	docs/knowledgeos/brainstorming/phase_measure_theory/20260829-082439_step_188_the-hindsight-contamination-test.md	PRIMARY
0816	18750	2026-08-29	md	TEXT	docs/knowledgeos/brainstorming/phase_measure_theory/20260829-083044_step_189_the-formal-epistemic-state-machine.md	PRIMARY
0817	18088	2026-08-29	md	TEXT	docs/knowledgeos/brainstorming/phase_measure_theory/20260829-084105_step_190_ddd-aggregate-invariant-test.md	PRIMARY
0818	19476	2026-08-29	md	TEXT	docs/knowledgeos/brainstorming/phase_measure_theory/20260829-090129_step_191_semantic-transition-vs-technical-mutation.md	PRIMARY
0819	19472	2026-08-29	md	TEXT	docs/knowledgeos/brainstorming/phase_measure_theory/20260829-090618_step_192_the-boundary-of-truth.md	PRIMARY
0820	17613	2026-08-29	md	TEXT	docs/knowledgeos/brainstorming/phase_measure_theory/20260829-090816_step_193_the-temporal-epistemic-consistency-test.md	PRIMARY
0821	19173	2026-08-29	md	TEXT	docs/knowledgeos/brainstorming/phase_measure_theory/20260829-091044_step_194_the-causal-boundary.md	PRIMARY
0822	19172	2026-08-29	md	TEXT	docs/knowledgeos/brainstorming/phase_measure_theory/20260829-104418_step_195_the-identity-continuity-model.md	PRIMARY
0823	19004	2026-08-29	md	TEXT	docs/knowledgeos/brainstorming/phase_measure_theory/20260829-105816_step_196_the-authority-responsibility-model.md	PRIMARY
0824	17434	2026-08-29	md	TEXT	docs/knowledgeos/brainstorming/phase_measure_theory/20260829-105916_step_197_invariants-conservation-and-the-formal-transition-system.md	PRIMARY
0825	18872	2026-08-29	md	TEXT	docs/knowledgeos/brainstorming/phase_measure_theory/20260829-110056_step_198_composition-from-valid-transitions-to-valid-processes.md	PRIMARY
0826	19707	2026-08-29	md	TEXT	docs/knowledgeos/brainstorming/phase_measure_theory/20260829-110229_step_199_uncertainty-probability-ambiguity-and-the-unknown.md	PRIMARY
0827	23144	2026-08-29	md	TEXT	docs/knowledgeos/brainstorming/phase_measure_theory/20260829-110411_step_200_coherence-test-of-the-formal-knowledgeos-architecture.md	PRIMARY
0828	16091	2026-08-29	md	TEXT	docs/knowledgeos/brainstorming/phase_measure_theory/20260829-110712_step_201_refinement-review-program.md	PRIMARY
0829	19377	2026-08-29	md	TEXT	docs/knowledgeos/brainstorming/phase_measure_theory/20260829-110912_step_201_knowledgeos-canonical-vocabulary-freeze-v0-1.md	PRIMARY
0830	18105	2026-08-29	md	TEXT	docs/knowledgeos/brainstorming/phase_measure_theory/20260829-111045_step_202_formal-relation-matrix-from-vocabulary-to-architecture.md	PRIMARY
0831	19130	2026-08-29	md	TEXT	docs/knowledgeos/brainstorming/phase_measure_theory/20260829-111227_step_203_state-space-decomposition.md	PRIMARY
0832	19387	2026-08-29	md	TEXT	docs/knowledgeos/brainstorming/phase_measure_theory/20260829-114405_step_204_transition-algebra-and-invariant-preservation.md	PRIMARY
0833	21217	2026-08-29	md	TEXT	docs/knowledgeos/brainstorming/phase_measure_theory/20260829-114533_step_205_aggregate-derivation.md	PRIMARY
0834	20363	2026-08-30	md	TEXT	docs/knowledgeos/brainstorming/phase_measure_theory/20260830-011029_step_206_bounded-context-derivation.md	PRIMARY
0835	18684	2026-08-30	md	TEXT	docs/knowledgeos/brainstorming/phase_measure_theory/20260830-011110_step_207_context-contracts.md	PRIMARY
0836	19514	2026-08-30	md	TEXT	docs/knowledgeos/brainstorming/phase_measure_theory/20260830-011729_step_209_invariant-algebra.md	PRIMARY
0837	18172	2026-08-30	md	TEXT	docs/knowledgeos/brainstorming/phase_measure_theory/20260830-011829_step_208_semantic-contract-algebra.md	PRIMARY
0838	17958	2026-08-30	md	TEXT	docs/knowledgeos/brainstorming/phase_measure_theory/20260830-012034_step_210_invariant-verification-matrix.md	PRIMARY
0839	15485	2026-08-30	md	TEXT	docs/knowledgeos/brainstorming/phase_measure_theory/20260830-012320_step_211_architecture-assurance-graph.md	PRIMARY
0840	18246	2026-08-30	md	TEXT	docs/knowledgeos/brainstorming/phase_measure_theory/20260830-012424_step_212_architecture-gap-discovery.md	PRIMARY
0841	15887	2026-08-30	md	TEXT	docs/knowledgeos/brainstorming/phase_measure_theory/20260830-012547_step_213_evidence-first-reconstruction.md	PRIMARY
0842	16085	2026-08-30	md	TEXT	docs/knowledgeos/brainstorming/phase_measure_theory/20260830-014030_step_214_build-the-evidence-ledger.md	PRIMARY
0843	18192	2026-08-30	md	TEXT	docs/knowledgeos/brainstorming/phase_measure_theory/20260830-014143_step_215_reconstruct-steps-1-182.md	PRIMARY
0844	15751	2026-08-30	md	TEXT	docs/knowledgeos/brainstorming/phase_measure_theory/20260830-014501_step_216_freeze-the-method-before-we-reconstruct.md	PRIMARY
0845	15863	2026-08-30	md	TEXT	docs/knowledgeos/brainstorming/phase_measure_theory/20260830-015113_step_218_build-the-evidence-ledger-before-further-theory.md	PRIMARY
0846	16070	2026-08-30	md	TEXT	docs/knowledgeos/brainstorming/phase_measure_theory/20260830-091728_step_219_evidence-audit-establish-the-ground-truth.md	PRIMARY
0847	16307	2026-08-30	md	TEXT	docs/knowledgeos/brainstorming/phase_measure_theory/20260830-091849_step_220_concept-genealogy-find-the-origins-of-the-architecture.md	PRIMARY
0848	22292	2026-08-30	md	TEXT	docs/knowledgeos/brainstorming/phase_measure_theory/20260830-092132_step_221_build-the-concept-genealogy-map.md	PRIMARY
0849	19450	2026-08-30	md	TEXT	docs/knowledgeos/brainstorming/phase_measure_theory/20260830-092248_step_222_falsification-pass-try-to-break-the-candidate-architecture.md	PRIMARY
0850	14892	2026-08-30	md	TEXT	docs/knowledgeos/brainstorming/phase_measure_theory/20260830-092422_step_223_historical-falsification-audit-extraction-protocol.md	PRIMARY
0851	14580	2026-08-30	md	TEXT	docs/knowledgeos/brainstorming/phase_measure_theory/20260830-092512_step_224_historical-baseline-freeze-what-existed-at-step-182.md	PRIMARY
0852	15767	2026-08-30	md	TEXT	docs/knowledgeos/brainstorming/phase_measure_theory/20260830-092757_step_225_establish-the-historical-baseline-a-h.md	PRIMARY
0853	16599	2026-08-30	md	TEXT	docs/knowledgeos/brainstorming/phase_measure_theory/20260830-093751_step_226_reconstruct-the-architecture-timeline.md	PRIMARY
0854	17240	2026-08-30	md	TEXT	docs/knowledgeos/brainstorming/phase_measure_theory/20260830-093904_step_227_identify-the-architectural-phase-transitions.md	PRIMARY
0855	17863	2026-08-30	md	TEXT	docs/knowledgeos/brainstorming/phase_measure_theory/20260830-094439_step_228_falsification-matrix-for-the-candidate-architecture.md	PRIMARY
0856	23107	2026-08-30	md	TEXT	docs/knowledgeos/brainstorming/phase_measure_theory/20260830-094507_step_230_derive-the-minimal-architectural-kernel-of-knowledgeos.md	PRIMARY
0857	19633	2026-08-30	md	TEXT	docs/knowledgeos/brainstorming/phase_measure_theory/20260830-094626_step_231_define-the-mathematical-space-of-knowledge.md	PRIMARY
0858	21505	2026-08-30	md	TEXT	docs/knowledgeos/brainstorming/phase_measure_theory/20260830-095110_step_232_the-knowledge-state-algebra.md	PRIMARY
0859	16420	2026-08-30	md	TEXT	docs/knowledgeos/brainstorming/phase_measure_theory/20260830-095129_step_233_empirical-validation-of-the-mathematical-kernel-against-knowledgeos.md	PRIMARY
0860	13880	2026-08-30	md	TEXT	docs/knowledgeos/brainstorming/phase_measure_theory/20260830-100912_step_234_canonical-alignment-audit-framework.md	PRIMARY
0861	6663	2026-08-30	md	TEXT	docs/knowledgeos/brainstorming/phase_measure_theory/20260830-100915_step_235_phase-reconstruction-of-steps-1-182.md	PRIMARY
0862	12199	2026-08-30	md	TEXT	docs/knowledgeos/brainstorming/phase_measure_theory/20260830-101301_step_236_first-evidence-based-finding-we-have-a-problem-with-the-existing-reconstruction.md	PRIMARY
0863	15194	2026-08-30	md	TEXT	docs/knowledgeos/brainstorming/phase_measure_theory/20260830-101859_step_237_phase-1-archaeology-evidence-based-reconstruction.md	PRIMARY
0864	15427	2026-08-30	md	TEXT	docs/knowledgeos/brainstorming/phase_measure_theory/20260830-102251_step_238_regime-comparison-matrix.md	PRIMARY
0865	15748	2026-08-30	md	TEXT	docs/knowledgeos/brainstorming/phase_measure_theory/20260830-102425_step_239_kernel-genealogy-and-claim-registry.md	PRIMARY
0866	16535	2026-08-30	md	TEXT	docs/knowledgeos/brainstorming/phase_measure_theory/20260830-102547_step_240_contradiction-registry-the-mathematical-model-has-not-yet-stabilized.md	PRIMARY
0867	20243	2026-08-30	md	TEXT	docs/knowledgeos/brainstorming/phase_measure_theory/20260830-103825_step_241_dependency-graph-of-the-knowledgeos-theory.md	PRIMARY
0868	20443	2026-08-30	md	TEXT	docs/knowledgeos/brainstorming/phase_measure_theory/20260830-104201_step_241_dependency-graph-of-the-knowledgeos-theory-numbering-correction.md	PRIMARY
0869	27807	2026-08-30	md	TEXT	docs/knowledgeos/brainstorming/phase_measure_theory/20260830-104321_step_242_kernel-candidate-reconstruction-and-formal-comparison.md	PRIMARY
0870	12127	2026-08-30	md	TEXT	docs/knowledgeos/brainstorming/phase_measure_theory/20260830-105650_step_243_formal-reduction-and-layer-correspondence-test.md	PRIMARY
0871	12598	2026-08-30	md	TEXT	docs/knowledgeos/brainstorming/phase_measure_theory/20260830-110018_step_244_next-mandate-from-kernel-discussion-to-formal-construction.md	PRIMARY
0872	10546	2026-08-30	md	TEXT	docs/knowledgeos/brainstorming/phase_measure_theory/20260830-110509_step_245_constructing-an-actual-knowledge-state-k-0.md	PRIMARY
0873	10546	2026-08-30	md	TEXT	docs/knowledgeos/brainstorming/phase_measure_theory/20260830-110559_step_245_constructing-an-actual-knowledge-state-k-0-duplicate.md	PRIMARY
0874	15888	2026-08-30	md	TEXT	docs/knowledgeos/brainstorming/phase_measure_theory/20260830-111107_step_246_identity-equality-contradiction-and-uncertainty-stress-test.md	PRIMARY
0875	13987	2026-08-30	md	TEXT	docs/knowledgeos/brainstorming/phase_measure_theory/20260830-182415_step_248_transformation-congruence-and-state-sufficiency-test.md	PRIMARY
0876	12641	2026-08-30	md	TEXT	docs/knowledgeos/brainstorming/phase_measure_theory/20260830-182521_step_247_state-vs-history-sufficiency-test.md	PRIMARY
0877	13987	2026-08-30	md	TEXT	docs/knowledgeos/brainstorming/phase_measure_theory/20260830-182534_step_248_transformation-congruence-and-state-sufficiency-test-duplicate.md	PRIMARY
0878	21221	2026-08-30	md	TEXT	docs/knowledgeos/brainstorming/phase_measure_theory/20260830-183519_step_250_corpus-derived-transformation-ontology.md	PRIMARY
0879	16913	2026-08-30	md	TEXT	docs/knowledgeos/brainstorming/phase_measure_theory/20260830-183548_step_249_transformation-algebra-reconstruction.md	PRIMARY
0880	20973	2026-08-30	md	TEXT	docs/knowledgeos/brainstorming/phase_measure_theory/20260830-183629_step_251_full-historical-genealogy-and-reconciliation-of-the-transition-model.md	PRIMARY
0881	23386	2026-08-30	md	TEXT	docs/knowledgeos/brainstorming/phase_measure_theory/20260830-184148_step_252_ddd-ubiquitous-language-and-semantic-boundary-audit.md	PRIMARY
0882	28039	2026-08-30	md	TEXT	docs/knowledgeos/brainstorming/phase_measure_theory/20260830-184830_step_253_primitive-object-and-type-system-audit.md	PRIMARY
0883	27367	2026-08-30	md	TEXT	docs/knowledgeos/brainstorming/phase_measure_theory/20260830-185450_step_254_formal-minimality-and-reconstruction-tests.md	PRIMARY
0884	22647	2026-08-30	md	TEXT	docs/knowledgeos/brainstorming/phase_measure_theory/20260830-185734_step_255_state-history-congruence-and-counterexample-catalogue.md	PRIMARY
0885	18420	2026-08-30	md	TEXT	docs/knowledgeos/brainstorming/phase_measure_theory/20260830-185954_step_256_formal-operation-signature-registry.md	PRIMARY
0886	19751	2026-08-30	md	TEXT	docs/knowledgeos/brainstorming/phase_measure_theory/20260830-190222_step_257_formalization-of-the-four-discriminating-operations.md	PRIMARY
0887	18971	2026-08-30	md	TEXT	docs/knowledgeos/brainstorming/phase_measure_theory/20260830-190941_step_258_identity-equality-and-knowledge-state-equivalence.md	PRIMARY
0888	22039	2026-08-30	md	TEXT	docs/knowledgeos/brainstorming/phase_measure_theory/20260830-191956_step_260_minimality-of-the-knowledge-state.md	PRIMARY
0889	20246	2026-08-30	md	TEXT	docs/knowledgeos/brainstorming/phase_measure_theory/20260830-192058_step_259_congruence-matrix.md	PRIMARY
0890	22313	2026-08-30	md	TEXT	docs/knowledgeos/brainstorming/phase_measure_theory/20260830-192425_step_261_equality-and-identity.md	PRIMARY
0891	15406	2026-08-30	md	TEXT	docs/knowledgeos/brainstorming/phase_measure_theory/20260830-192707_step_262_proposition-assertion-type.md	PRIMARY
0892	17390	2026-08-30	md	TEXT	docs/knowledgeos/brainstorming/phase_measure_theory/20260830-192926_step_263_entity-dimension-value-type-system.md	PRIMARY
0893	18248	2026-08-30	md	TEXT	docs/knowledgeos/brainstorming/phase_measure_theory/20260830-193536_step_264_value-space-and-measurement-semantics.md	PRIMARY
0894	17074	2026-08-30	md	TEXT	docs/knowledgeos/brainstorming/phase_measure_theory/20260830-194332_step_265_provenance-placement.md	PRIMARY
0895	32612	2026-08-30	md	TEXT	docs/knowledgeos/brainstorming/phase_measure_theory/20260830-195450_step_266_computability-audit.md	PRIMARY
0896	26094	2026-08-30	md	TEXT	docs/knowledgeos/brainstorming/phase_measure_theory/20260830-195900_step_267_empirical-bridge-to-knowledgeos.md	PRIMARY
0897	20930	2026-08-30	md	TEXT	docs/knowledgeos/brainstorming/phase_measure_theory/20260830-200907_step_269_policy-semantics-and-the-final-formal-blocker.md	PRIMARY
0898	19425	2026-08-30	md	TEXT	docs/knowledgeos/brainstorming/phase_measure_theory/20260830-202840_step_270_adversarial-policy-evidence-assessment-closure-audit.md	PRIMARY
0899	20930	2026-08-30	md	TEXT	docs/knowledgeos/brainstorming/phase_measure_theory/20260830-202934_step_269_policy-semantics-and-the-final-formal-blocker-duplicate.md	PRIMARY
0900	22616	2026-08-30	md	TEXT	docs/knowledgeos/brainstorming/phase_measure_theory/20260830-204917_step_271_policy-semantic-minimality-and-assessment-boundary.md	PRIMARY
0901	21224	2026-08-30	md	TEXT	docs/knowledgeos/brainstorming/phase_measure_theory/20260830-214317_step_274_knowledge-state-algebra-and-closure.md	PRIMARY
0902	19151	2026-08-30	md	TEXT	docs/knowledgeos/brainstorming/phase_measure_theory/20260830-214401_step_273_knowledge-state-sufficiency-and-minimality.md	PRIMARY
0903	20198	2026-08-30	md	TEXT	docs/knowledgeos/brainstorming/phase_measure_theory/20260830-214639_step_275_epistemic-state-reconstruction-and-dimension-separation.md	PRIMARY
0904	18402	2026-08-30	md	TEXT	docs/knowledgeos/brainstorming/phase_measure_theory/20260830-215434_step_276_foundational-gap-reconciliation-and-closure-audit.md	PRIMARY
0905	18401	2026-08-30	md	TEXT	docs/knowledgeos/brainstorming/phase_measure_theory/20260830-215443_step_276_foundational-gap-reconciliation-and-closure-audit-variant.md	PRIMARY
0906	60867	2026-08-30	md	TEXT	docs/knowledgeos/brainstorming/phase_measure_theory/20260830-215918_step_276_foundational-gap-reconciliation-and-closure-audit-final.md	PRIMARY
0907	33427	2026-08-30	md	TEXT	docs/knowledgeos/brainstorming/phase_measure_theory/20260830-220134_step_277_transformation-inventory-and-o-core-closure.md	PRIMARY
0908	34721	2026-08-30	md	TEXT	docs/knowledgeos/brainstorming/phase_measure_theory/20260830-221415_step_278_policy-authority-integration-and-executable-semantics.md	PRIMARY
0909	47679	2026-08-30	md	TEXT	docs/knowledgeos/brainstorming/phase_measure_theory/20260830-221629_step_278_policy-authority-integration-and-executable-semantics-v2.md	PRIMARY
0910	35224	2026-08-30	md	TEXT	docs/knowledgeos/brainstorming/phase_measure_theory/20260830-222159_step_278_policy-authority-integration-temporal-semantics-and-governance-closure-final.md	PRIMARY
0911	26392	2026-08-30	md	TEXT	docs/knowledgeos/brainstorming/phase_measure_theory/20260830-224242_step_272a_core-operation-universe-derivation.md	PRIMARY
0912	38185	2026-08-30	md	TEXT	docs/knowledgeos/brainstorming/phase_measure_theory/20260830-225058_step_272b_minimum-epistemic-status-structure-derivation.md	PRIMARY
0913	36148	2026-08-30	md	TEXT	docs/knowledgeos/brainstorming/phase_measure_theory/20260830-230412_step_279_policy-and-authority-executable-implementation.md	PRIMARY
0914	31325	2026-08-30	md	TEXT	docs/knowledgeos/brainstorming/phase_measure_theory/20260830-230729_step_279_policy-and-authority-executable-implementation-revised.md	PRIMARY
0915	27184	2026-08-30	md	TEXT	docs/knowledgeos/brainstorming/phase_measure_theory/20260830-231637_step_280_end-to-end-empirical-closure-test.md	PRIMARY
0916	37340	2026-08-30	md	TEXT	docs/knowledgeos/brainstorming/phase_measure_theory/20260830-231840_step_280_end-to-end-empirical-closure-test-extended.md	PRIMARY
0917	24466	2026-08-30	md	TEXT	docs/knowledgeos/brainstorming/phase_measure_theory/20260830-233940_step_281_supervisory-commission-missingness-revision-and-gap-closure-verification.md	PRIMARY
0918	30764	2026-08-30	md	TEXT	docs/knowledgeos/brainstorming/phase_measure_theory/20260830-234402_step_281_correction-and-missing-part.md	PRIMARY
0919	26553	2026-08-31	md	TEXT	docs/knowledgeos/brainstorming/phase_measure_theory/20260831-000627_step_282_theory-closure-decision-and-readiness-determination.md	PRIMARY
0920	20471	2026-08-31	md	TEXT	docs/knowledgeos/brainstorming/phase_measure_theory/20260831-001049_step_282_required-completion-and-correction-part.md	PRIMARY
0921	19562	2026-08-31	md	TEXT	docs/knowledgeos/brainstorming/phase_measure_theory/20260831-001525_step_282_supervisory-review-of-original-step-282.md	PRIMARY
0922	8885	2026-08-31	md	TEXT	docs/knowledgeos/brainstorming/phase_measure_theory/20260831-001754_step_282_hpa-ruling-theory-criticality-and-residual-gap-classification.md	PRIMARY
0923	19181	2026-08-31	md	TEXT	docs/knowledgeos/brainstorming/phase_measure_theory/20260831-001927_step_282_claude-execution-prompt-residual-gap-closure-gate.md	PRIMARY
0924	18323	2026-08-31	md	TEXT	docs/knowledgeos/brainstorming/phase_measure_theory/20260831-002939_review-what-we-have-actually-built-so-far.md	PRIMARY
0925	19878	2026-08-31	md	TEXT	docs/knowledgeos/brainstorming/phase_measure_theory/20260831-003737_step_282_theory-closure-decision.md	PRIMARY
0926	46151	2026-08-31	md	TEXT	docs/knowledgeos/brainstorming/phase_measure_theory/20260831-005646_step_283_governance-ratification-and-authority-recording.md	PRIMARY
0927	31901	2026-08-31	md	TEXT	docs/knowledgeos/brainstorming/phase_measure_theory/20260831-005956_step_283_missing-part-governance-decision-protocol-authority-provenance-and-closure-criteria.md	PRIMARY
0928	15479	2026-08-31	md	TEXT	docs/knowledgeos/brainstorming/phase_measure_theory/20260831-010447_step_284_revised-post-step-283-roadmap-duplicate.md	PRIMARY
0929	15479	2026-08-31	md	TEXT	docs/knowledgeos/brainstorming/phase_measure_theory/20260831-011436_step_284_revised-post-step-283-roadmap.md	PRIMARY
0930	13969	2026-08-31	md	TEXT	docs/knowledgeos/brainstorming/phase_measure_theory/external_research/20260831-013900_hpa-supervisory-review-philosophical-inspiration-refined-and-corrected.md	PRIMARY
0931	10290	2026-08-31	md	TEXT	docs/knowledgeos/brainstorming/phase_measure_theory/20260827-114638_my-recommendation.md	PRIMARY
0932	14573	2026-08-31	md	TEXT	docs/knowledgeos/brainstorming/phase_measure_theory/external_research/20260831-141551_hpa-supervisory-review-integration-of-chapter-5-interpretation-with-sarath.md	PRIMARY
0933	24169	2026-08-31	md	TEXT	docs/knowledgeos/brainstorming/phase_measure_theory/external_research/20260831-141812_hpa-supervisory-review-chapter-4-integration-with-knowledgeos-theory.md	PRIMARY
0934	24295	2026-08-31	md	TEXT	docs/knowledgeos/brainstorming/phase_measure_theory/external_research/20260831-142130_step_25i_knowledge-atma-algebra-identity-continuity-and-transformation.md	PRIMARY
0935	26241	2026-08-31	md	TEXT	docs/knowledgeos/brainstorming/phase_measure_theory/external_research/20260831-143035_hpa-analysis-gita-chapter-06-philosophical-contributions-to-knowledgeos.md	PRIMARY
0936	21101	2026-08-31	md	TEXT	docs/knowledgeos/brainstorming/phase_measure_theory/external_research/20260831-143038_hpa-senior-review-gita-chapter-6-knowledgeos-as-epistemic-discipline.md	PRIMARY
0937	29668	2026-08-31	md	TEXT	docs/knowledgeos/brainstorming/phase_measure_theory/external_research/20260831-143235_step_25j_complete-knowledgeos-transition-system.md	PRIMARY
0938	19090	2026-08-31	md	TEXT	docs/knowledgeos/brainstorming/phase_measure_theory/external_research/20260831-151551_knowledgeos-complete-flowchart.md	PRIMARY
0939	41520	2026-08-31	md	TEXT	docs/knowledgeos/brainstorming/phase_measure_theory/external_research/20260831-151606_knowledgeos-complete-pseudo-algorithm.md	PRIMARY
0940	15031	2026-08-31	md	TEXT	docs/knowledgeos/brainstorming/phase_measure_theory/external_research/20260831-152721_hpa-response-distribution-theory-and-fourier-analysis-in-knowledgeos.md	PRIMARY
0941	19229	2026-08-31	md	TEXT	docs/knowledgeos/brainstorming/phase_measure_theory/external_research/20260831-153146_step_284_missings-of-architecture.md	PRIMARY
0942	14248	2026-08-31	md	TEXT	docs/knowledgeos/brainstorming/phase_measure_theory/external_research/20260831-153736_hpa-comprehensive-synthesis-missing-architecture-and-theory-of-knowledgeos.md	PRIMARY
0943	41740	2026-08-31	md	TEXT	docs/knowledgeos/brainstorming/phase_measure_theory/external_research/20260831-154147_hpa-analysis-gita-chapter-07-philosophical-contributions-to-knowledgeos.md	PRIMARY
0944	18169	2026-08-31	md	TEXT	docs/knowledgeos/brainstorming/phase_measure_theory/20260831-155137_step_284_assessment-of-current-state.md	PRIMARY
0945	17896	2026-08-31	md	TEXT	docs/knowledgeos/brainstorming/phase_measure_theory/external_research/20260831-161009_hpa-analysis-transformation-theory-in-the-bhagavad-gita.md	PRIMARY
0946	18459	2026-08-31	md	TEXT	docs/knowledgeos/brainstorming/phase_measure_theory/external_research/20260831-161028_hpa-analysis-gita-chapter-08-philosophical-contributions-to-knowledgeos.md	PRIMARY
0947	6096	2026-08-31	md	TEXT	docs/knowledgeos/brainstorming/phase_measure_theory/external_research/20260831-161041_hpa-final-ruling-knowledgeos-programme-transition-and-new-roadmap.md	PRIMARY
0948	16600	2026-08-31	md	TEXT	docs/knowledgeos/brainstorming/phase_measure_theory/external_research/20260831-164308_knowledgeos-complete-knowledge-transfer-document.md	PRIMARY
0949	7567	2026-08-31	md	TEXT	docs/knowledgeos/brainstorming/phase_measure_theory/20260831-164357_hpa-comprehensive-review-of-implementation-readiness-master-matrix.md	PRIMARY
0950	17125	2026-08-31	md	TEXT	docs/knowledgeos/brainstorming/phase_measure_theory/external_research/20260831-164704_hpa-complete-gita-knowledgeos-term-correspondence.md	PRIMARY
0951	17896	2026-08-31	md	TEXT	docs/knowledgeos/brainstorming/phase_measure_theory/external_research/20260831-165001_hpa-analysis-transformation-theory-in-the-bhagavad-gita-duplicate.md	PRIMARY
0952	18459	2026-08-31	md	TEXT	docs/knowledgeos/brainstorming/phase_measure_theory/external_research/20260831-165053_hpa-analysis-gita-chapter-08-philosophical-contributions-duplicate.md	PRIMARY
0953	27893	2026-08-31	md	TEXT	docs/knowledgeos/brainstorming/phase_measure_theory/external_research/20260831-165319_hpa-analysis-gita-chapter-09-royal-knowledge-and-the-transformation-of-all.md	PRIMARY
0954	23072	2026-08-31	md	TEXT	docs/knowledgeos/brainstorming/phase_measure_theory/external_research/20260831-165523_hpa-analysis-gita-chapter-10-the-complete-ontology-of-transformation.md	PRIMARY
0955	29895	2026-08-31	md	TEXT	docs/knowledgeos/brainstorming/phase_measure_theory/external_research/20260831-165824_hpa-analysis-gita-chapter-11-the-cosmic-form-and-the-ultimate-transformatio.md	PRIMARY
0956	17672	2026-08-31	md	TEXT	docs/knowledgeos/brainstorming/phase_measure_theory/external_research/20260831-170040_hpa-analysis-gita-chapter-12-bhakti-yoga-and-the-final-synthesis-of-knowled.md	PRIMARY
0957	26425	2026-08-31	md	TEXT	docs/knowledgeos/brainstorming/phase_measure_theory/external_research/20260831-170234_hpa-analysis-gita-chapter-13-the-field-and-the-knower-of-the-field.md	PRIMARY
0958	20669	2026-08-31	md	TEXT	docs/knowledgeos/brainstorming/phase_measure_theory/external_research/20260831-170403_hpa-analysis-gita-chapter-14-the-three-modes-of-material-nature-and-their-t.md	PRIMARY
0959	19011	2026-08-31	md	TEXT	docs/knowledgeos/brainstorming/phase_measure_theory/external_research/20260831-170546_hpa-analysis-gita-chapter-15-the-complete-theory-of-knowledge-identity-and.md	PRIMARY
0960	17877	2026-08-31	md	TEXT	docs/knowledgeos/brainstorming/phase_measure_theory/external_research/20260831-171736_hpa-analysis-gita-chapter-16-philosophical-contributions-to-knowledgeos.md	PRIMARY
0961	15079	2026-08-31	md	TEXT	docs/knowledgeos/brainstorming/phase_measure_theory/external_research/20260831-171849_hpa-analysis-gita-chapter-17-philosophical-contributions-to-knowledgeos.md	PRIMARY
0962	26162	2026-08-31	md	TEXT	docs/knowledgeos/brainstorming/phase_measure_theory/external_research/20260831-172006_hpa-analysis-gita-chapter-18-philosophical-contributions-to-knowledgeos.md	PRIMARY
0963	19682	2026-08-31	md	TEXT	docs/knowledgeos/brainstorming/phase_measure_theory/external_research/20260831-172125_hpa-analysis-gita-chapter-01-philosophical-contributions-to-knowledgeos.md	PRIMARY
0964	21260	2026-08-31	md	TEXT	docs/knowledgeos/brainstorming/phase_measure_theory/external_research/20260831-172247_hpa-analysis-gita-chapter-02-philosophical-contributions-to-knowledgeos.md	PRIMARY
0965	25791	2026-08-31	md	TEXT	docs/knowledgeos/brainstorming/phase_measure_theory/external_research/20260831-172407_hpa-analysis-gita-chapter-03-application-to-knowledgeos-theory.md	PRIMARY
0966	30853	2026-08-31	md	TEXT	docs/knowledgeos/brainstorming/phase_measure_theory/external_research/20260831-172517_hpa-analysis-gita-chapter-04-application-to-knowledgeos-theory.md	PRIMARY
0967	24429	2026-08-31	md	TEXT	docs/knowledgeos/brainstorming/phase_measure_theory/external_research/20260831-172642_hpa-analysis-gita-chapter-05-application-to-knowledgeos-theory.md	PRIMARY
0968	22693	2026-08-31	md	TEXT	docs/knowledgeos/brainstorming/phase_measure_theory/20260831-172744_review-overall-verdict.md	PRIMARY
0969	19792	2026-08-31	md	TEXT	docs/knowledgeos/brainstorming/phase_measure_theory/20260831-173224_step_285_canonical-state-reconciliation.md	PRIMARY
0970	29123	2026-08-31	md	TEXT	docs/knowledgeos/brainstorming/phase_measure_theory/external_research/20260831-142000_step_285_gita-informed-reading-canonical-state-research.md	PRIMARY
0971	29206	2026-08-31	md	TEXT	docs/knowledgeos/brainstorming/phase_measure_theory/external_research/20260831-175438_step_286_knowledgeos-complete-gita-integration-synthesis.md	PRIMARY
0972	33331	2026-08-31	md	TEXT	docs/knowledgeos/brainstorming/phase_measure_theory/knowledgeos_kernel/20260831-180039_step_285_canonical-state-reconciliation-gita-informed-lens.md	PRIMARY
0973	20445	2026-08-31	md	TEXT	docs/knowledgeos/brainstorming/phase_measure_theory/knowledgeos_kernel/20260831-182217_step_286_draft-gita-hypothesis-programme-dictionary-as-input-layer.md	PRIMARY
0974	4916	2026-08-31	py	CODE	docs/knowledgeos/brainstorming/phase_measure_theory/knowledgeos_kernel/research/exec/t285_reconcile.py	PRIMARY
0975	3766	2026-08-31	md	TEXT	docs/knowledgeos/brainstorming/phase_measure_theory/knowledgeos_kernel/research/D285-8-GITA-RESEARCH-APPENDIX.md	PRIMARY
0976	3016	2026-08-31	md	TEXT	docs/knowledgeos/brainstorming/phase_measure_theory/knowledgeos_kernel/research/R1-SOURCE-EVIDENCE-REGISTER.md	PRIMARY
0977	4085	2026-08-31	txt	TEXT	docs/knowledgeos/brainstorming/phase_measure_theory/knowledgeos_kernel/research/exec/OUT-t285.txt	PRIMARY
0978	24375	2026-08-31	md	TEXT	docs/knowledgeos/brainstorming/phase_measure_theory/knowledgeos_kernel/20260831-183219_step_286_revised-gita-knowledgeos-hypothesis-research-programme.md	PRIMARY
0979	11644	2026-08-31	md	TEXT	docs/knowledgeos/brainstorming/phase_measure_theory/knowledgeos_kernel/research/01-GAP-UPDATE-FROM-REVISED-286.md	PRIMARY
0980	7167	2026-08-31	md	TEXT	docs/knowledgeos/brainstorming/phase_measure_theory/knowledgeos_kernel/research/R4-FALSIFICATION-INDEPENDENCE-REPORT.md	PRIMARY
0981	8478	2026-08-31	md	TEXT	docs/knowledgeos/brainstorming/phase_measure_theory/knowledgeos_kernel/prompts/20260831-184644_step_285_hpa-supervisory-review-d285-5-accepted-and-d285x-template-mandate.md	PRIMARY
0982	2997	2026-08-31	py	CODE	docs/knowledgeos/brainstorming/phase_measure_theory/knowledgeos_kernel/research/exec/t285_equality.py	PRIMARY
0983	2262	2026-08-31	txt	TEXT	docs/knowledgeos/brainstorming/phase_measure_theory/knowledgeos_kernel/research/exec/OUT-t285-equality.txt	PRIMARY
0984	12400	2026-08-31	md	TEXT	docs/knowledgeos/brainstorming/phase_measure_theory/knowledgeos_kernel/prompts/20260831-185218_step_285_d285-research-protocol-frozen-seven-stage-typing-mandate.md	PRIMARY
0985	8671	2026-08-31	md	TEXT	docs/knowledgeos/brainstorming/phase_measure_theory/knowledgeos_kernel/research/02-GAP-UPDATE-FROM-HPA-REVIEW-D285-5.md	PRIMARY
0986	5490	2026-08-31	md	TEXT	docs/knowledgeos/brainstorming/phase_measure_theory/knowledgeos_kernel/research/D285-2-KNOWER-STATE-BOUNDARY.md	PRIMARY
0987	4697	2026-08-31	md	TEXT	docs/knowledgeos/brainstorming/phase_measure_theory/knowledgeos_kernel/research/D285-4-TRANSFORMATION-TAXONOMY.md	PRIMARY
0988	13154	2026-08-31	md	TEXT	docs/knowledgeos/brainstorming/phase_measure_theory/knowledgeos_kernel/prompts/20260831-190025_step_286_reviewer-a-senior-review-of-r1-r5-with-nine-corrections.md	PRIMARY
0989	16559	2026-08-31	md	TEXT	docs/knowledgeos/brainstorming/phase_measure_theory/knowledgeos_kernel/prompts/20260831-190114_step_287_reviewer-b-equality-identity-semantics-observability-research-mandate.md	PRIMARY
0990	10122	2026-08-31	md	TEXT	docs/knowledgeos/brainstorming/phase_measure_theory/knowledgeos_kernel/prompts/20260831-190336_step_286_hpa-prompt-instructions-gap-update-and-methodological-standardization.md	PRIMARY
0991	5115	2026-08-31	py	CODE	docs/knowledgeos/brainstorming/phase_measure_theory/knowledgeos_kernel/research/exec/e_equality.py	PRIMARY
0992	3478	2026-08-31	txt	TEXT	docs/knowledgeos/brainstorming/phase_measure_theory/knowledgeos_kernel/research/exec/OUT-e-equality.txt	PRIMARY
0993	11387	2026-08-31	md	TEXT	docs/knowledgeos/brainstorming/phase_measure_theory/knowledgeos_kernel/research/04-GAP-UPDATE-TWO-REVIEWER-ANALYSIS.md	PRIMARY
0994	8608	2026-08-31	md	TEXT	docs/knowledgeos/brainstorming/phase_measure_theory/knowledgeos_kernel/research/E1-E7-EQUALITY-INVESTIGATION.md	PRIMARY
0995	5192	2026-08-31	md	TEXT	docs/knowledgeos/brainstorming/phase_measure_theory/knowledgeos_kernel/research/R3-HYPOTHESIS-REGISTER.md	PRIMARY
0996	12306	2026-08-31	md	TEXT	docs/knowledgeos/brainstorming/phase_measure_theory/knowledgeos_kernel/research/03-D285-PROTOCOL-CONFORMANT-HYPOTHESIS-DOSSIER.md	PRIMARY
0997	4850	2026-08-31	md	TEXT	docs/knowledgeos/brainstorming/phase_measure_theory/knowledgeos_kernel/research/R2-TRANSLATION-REGISTER.md	PRIMARY
0998	6427	2026-08-31	md	TEXT	docs/knowledgeos/brainstorming/phase_measure_theory/knowledgeos_kernel/research/R5-RESEARCH-TO-ARCHITECTURE-REPORT.md	PRIMARY
0999	11628	2026-08-31	md	TEXT	docs/knowledgeos/brainstorming/phase_measure_theory/knowledgeos_kernel/prompts/20260831-191402_step_285_reviewer-a-d285-package-readiness-review-with-scope-tightenings.md	PRIMARY
1000	3642	2026-08-31	md	TEXT	docs/knowledgeos/brainstorming/phase_measure_theory/knowledgeos_kernel/prompts/20260831-191435_step_285_reviewer-b-d285-package-synthesis-layered-model-confirmed.md	PRIMARY
1001	5996	2026-08-31	md	TEXT	docs/knowledgeos/brainstorming/phase_measure_theory/knowledgeos_kernel/prompts/20260831-194012_step_286_reviewer-b-gap-update-review-and-four-way-gap-classification.md	PRIMARY
1002	6708	2026-08-31	md	TEXT	docs/knowledgeos/brainstorming/phase_measure_theory/knowledgeos_kernel/prompts/20260831-195256_step_288_reviewer-b-evidence-freeze-and-d288-decision-procedure-closure-mandate.md	PRIMARY
1003	8536	2026-08-31	md	TEXT	docs/knowledgeos/brainstorming/phase_measure_theory/knowledgeos_kernel/research/05-GAP-UPDATE-TWO-REVIEWERS-FIVE-FILES.md	PRIMARY
1004	6708	2026-08-31	md	TEXT	docs/knowledgeos/brainstorming/phase_measure_theory/knowledgeos_kernel/prompts/20260831-195744_step_288_reviewer-b-evidence-freeze-and-d288-decision-procedure-closure-mandate-duplicate.md	PRIMARY
1005	7515	2026-08-31	md	TEXT	docs/knowledgeos/brainstorming/phase_measure_theory/knowledgeos_kernel/research/D288-SCOPE-DECISION-PROCEDURE-CLOSURE.md	PRIMARY
1006	5661	2026-08-31	md	TEXT	docs/knowledgeos/brainstorming/phase_measure_theory/knowledgeos_kernel/research/D285-1-STATE-ONTOLOGY-MATRIX.md	PRIMARY
1007	4869	2026-08-31	md	TEXT	docs/knowledgeos/brainstorming/phase_measure_theory/knowledgeos_kernel/research/D285-6-STATE-CANDIDATE-EVALUATION.md	PRIMARY
1008	4344	2026-08-31	md	TEXT	docs/knowledgeos/brainstorming/phase_measure_theory/knowledgeos_kernel/research/D285-7-KERNEL-CONSEQUENCE-MATRIX.md	PRIMARY
1009	5453	2026-08-31	md	TEXT	docs/knowledgeos/brainstorming/phase_measure_theory/knowledgeos_kernel/research/D285-5-ACTION-RESULT-TEST.md	PRIMARY
1010	9201	2026-08-31	md	TEXT	docs/knowledgeos/brainstorming/phase_measure_theory/knowledgeos_kernel/prompts/20260831-200239_step_284_hpa-supervisory-review-status-report-analysis-and-next-steps.md	PRIMARY
1011	13407	2026-08-31	md	TEXT	docs/knowledgeos/brainstorming/phase_measure_theory/knowledgeos_kernel/prompts/20260831-200600_step_286_gita-kos-conceptual-translation-register-v0.1.md	PRIMARY
1012	22693	2026-08-31	md	TEXT	docs/knowledgeos/brainstorming/phase_measure_theory/knowledgeos_kernel/prompts/20260831-200801_step_285_reviewer-a-knowledgeos-kernel-research-programme-steps-285-298.md	PRIMARY
1013	6708	2026-08-31	md	TEXT	docs/knowledgeos/brainstorming/phase_measure_theory/knowledgeos_kernel/prompts/20260831-201654_step_288_reviewer-b-evidence-freeze-d288-mandate-duplicate-2.md	PRIMARY
1014	3475	2026-08-31	md	TEXT	docs/knowledgeos/brainstorming/phase_measure_theory/knowledgeos_kernel/prompts/20260831-201712_step_288_reviewer-b-confirms-discovery-vs-formal-gap-correction.md	PRIMARY
1015	8114	2026-08-31	md	TEXT	docs/knowledgeos/brainstorming/phase_measure_theory/knowledgeos_kernel/research/06-GAP-UPDATE-FROM-TRANSLATION-REGISTER-AND-KERNEL-PROGRAMME.md	PRIMARY
1016	3997	2026-08-31	md	TEXT	docs/knowledgeos/brainstorming/phase_measure_theory/knowledgeos_kernel/research/07-GK-REGISTRY-RECONCILIATION.md	PRIMARY
1017	6631	2026-08-31	md	TEXT	docs/knowledgeos/brainstorming/phase_measure_theory/knowledgeos_kernel/prompts/20260831-203836_step_286_reviewer-sequencing-286-ontology-then-287-invariants-both-research-only.md	PRIMARY
1018	4899	2026-08-31	md	TEXT	docs/knowledgeos/brainstorming/phase_measure_theory/knowledgeos_kernel/prompts/20260831-203928_step_288_reviewer-b-consolidated-position-one-irreducible-blocker-qualify.md	PRIMARY
1019	11108	2026-08-31	md	TEXT	docs/knowledgeos/brainstorming/phase_measure_theory/knowledgeos_kernel/prompts/20260831-204016_step_285_hpa-supervisory-review-of-08-q-series-findings-accepted.md	PRIMARY
1020	6535	2026-08-31	md	TEXT	docs/knowledgeos/brainstorming/phase_measure_theory/knowledgeos_kernel/research/09-GAP-UPDATE-FROM-CAVELL-AND-REVIEW-ACCEPTANCE.md	PRIMARY
1021	5217	2026-08-31	md	TEXT	docs/knowledgeos/brainstorming/phase_measure_theory/knowledgeos_kernel/research/10-GOVERNANCE-HANDOFF-STEP-285-RATIFICATION.md	PRIMARY
1022	11386	2026-08-31	md	TEXT	docs/knowledgeos/brainstorming/phase_measure_theory/knowledgeos_kernel/prompts/20260831-210431_step_285_reviewer-review-of-refined-step-285-accept-with-seven-corrections.md	PRIMARY
1023	16207	2026-08-31	md	TEXT	docs/knowledgeos/brainstorming/phase_measure_theory/knowledgeos_kernel/prompts/20260831-211014_step_286_reviewer-review-of-refined-step-286-accept-with-five-corrections.md	PRIMARY
1024	11409	2026-08-31	md	TEXT	docs/knowledgeos/brainstorming/phase_measure_theory/knowledgeos_kernel/prompts/20260831-211057_step_286_reviewer-review-of-step-286-accept-with-tightening-two-hypotheses-split.md	PRIMARY
1025	14728	2026-08-31	md	TEXT	docs/knowledgeos/brainstorming/phase_measure_theory/knowledgeos_kernel/prompts/20260831-211125_step_285_reviewer-joint-review-of-refined-285-and-286-with-status-line-fixes.md	PRIMARY
1026	12107	2026-08-31	md	TEXT	docs/knowledgeos/brainstorming/phase_measure_theory/knowledgeos_kernel/prompts/20260831-211415_step_287_reviewer-review-of-refined-step-287-keep-open-four-surgical-edits.md	PRIMARY
1027	16398	2026-08-31	md	TEXT	docs/knowledgeos/brainstorming/phase_measure_theory/knowledgeos_kernel/prompts/20260831-211449_step_288_reviewer-accepts-287-as-research-diagnosis-and-drafts-step-288-mandate.md	PRIMARY
1028	15796	2026-08-31	md	TEXT	docs/knowledgeos/brainstorming/phase_measure_theory/knowledgeos_kernel/research/REFINED-STEP-285.md	PRIMARY
1029	19456	2026-08-31	md	TEXT	docs/knowledgeos/brainstorming/phase_measure_theory/knowledgeos_kernel/prompts/20260831-211536_step_287_reviewer-do-not-freeze-287-four-red-four-orange-issues.md	PRIMARY
1030	15215	2026-08-31	md	TEXT	docs/knowledgeos/brainstorming/phase_measure_theory/knowledgeos_kernel/prompts/20260831-212225_step_287_reviewer-accepts-corrections-and-issues-nine-audit-prompts-for-287-vnext.md	PRIMARY
1031	12912	2026-08-31	md	TEXT	docs/knowledgeos/brainstorming/phase_measure_theory/knowledgeos_kernel/research/11-STEP-287-AUDITS-P1-P9.md	PRIMARY
1032	9404	2026-08-31	md	TEXT	docs/knowledgeos/brainstorming/phase_measure_theory/knowledgeos_kernel/research/12-FINAL-STEP-287-CLOSURE-AUDIT.md	PRIMARY
1033	11827	2026-08-31	md	TEXT	docs/knowledgeos/brainstorming/phase_measure_theory/knowledgeos_kernel/research/08-FINDINGS-FROM-THE-20260826-Q-SERIES.md	PRIMARY
1034	7997	2026-08-31	md	TEXT	docs/knowledgeos/brainstorming/phase_measure_theory/knowledgeos_kernel/research/13-CLOSURE-AUDIT-RERUN.md	PRIMARY
1035	11851	2026-08-31	md	TEXT	docs/knowledgeos/brainstorming/phase_measure_theory/knowledgeos_kernel/research/REFINED-STEP-287-INVARIANTS.md	PRIMARY
1036	26756	2026-08-31	md	TEXT	docs/knowledgeos/brainstorming/phase_measure_theory/knowledgeos_kernel/research/REFINED-STEP-287.md	PRIMARY
1037	18346	2026-08-31	md	TEXT	docs/knowledgeos/brainstorming/phase_measure_theory/knowledgeos_kernel/research/14-GAP-UPDATE-FROM-THE-025-ALGEBRA-SEAM.md	PRIMARY
1038	18640	2026-08-31	md	TEXT	docs/knowledgeos/brainstorming/phase_measure_theory/knowledgeos_kernel/research/15-GAP-UPDATE-FROM-STEPS-012-038-195.md	PRIMARY
1039	8989	2026-08-31	py	CODE	docs/knowledgeos/brainstorming/phase_measure_theory/knowledgeos_kernel/research/step-288/exec/t288_audits.py	PRIMARY
1040	3857	2026-08-31	txt	TEXT	docs/knowledgeos/brainstorming/phase_measure_theory/knowledgeos_kernel/research/step-288/exec/OUT-t288_audits.txt	PRIMARY
1041	7022	2026-08-31	md	TEXT	docs/knowledgeos/brainstorming/phase_measure_theory/knowledgeos_kernel/research/step-288/01-EQUALITY-REGISTER-RECONCILIATION.md	PRIMARY
1042	7678	2026-08-31	md	TEXT	docs/knowledgeos/brainstorming/phase_measure_theory/knowledgeos_kernel/research/step-288/02-IDENTITY-REGISTER.md	PRIMARY
1043	8413	2026-08-31	md	TEXT	docs/knowledgeos/brainstorming/phase_measure_theory/knowledgeos_kernel/research/step-288/03-DECISION-PROCEDURE-MATRIX.md	PRIMARY
1044	9847	2026-08-31	md	TEXT	docs/knowledgeos/brainstorming/phase_measure_theory/knowledgeos_kernel/research/step-288/04-CONGRUENCE-AND-OPERATION-MATRIX.md	PRIMARY
1045	6281	2026-08-31	md	TEXT	docs/knowledgeos/brainstorming/phase_measure_theory/knowledgeos_kernel/research/step-288/05-STEP-261-GATE-AUDIT.md	PRIMARY
1046	7383	2026-08-31	md	TEXT	docs/knowledgeos/brainstorming/phase_measure_theory/knowledgeos_kernel/research/step-288/06-STEP-288-MATHEMATICAL-AUDITS.md	PRIMARY
1047	7659	2026-08-31	md	TEXT	docs/knowledgeos/brainstorming/phase_measure_theory/knowledgeos_kernel/research/step-288/07-NORMATIVE-DECISION-REGISTER.md	PRIMARY
1048	6266	2026-08-31	md	TEXT	docs/knowledgeos/brainstorming/phase_measure_theory/knowledgeos_kernel/research/step-288/08-GAP-UPDATE.md	PRIMARY
1049	7889	2026-08-31	py	CODE	docs/knowledgeos/brainstorming/phase_measure_theory/knowledgeos_kernel/research/step-289/exec/t289_bootstrap.py	PRIMARY
1050	7844	2026-08-31	py	CODE	docs/knowledgeos/brainstorming/phase_measure_theory/knowledgeos_kernel/research/step-289/exec/t289_bootstrap_v2.py	PRIMARY
1051	1462	2026-08-31	txt	TEXT	docs/knowledgeos/brainstorming/phase_measure_theory/knowledgeos_kernel/research/step-289/exec/OUT-t289_bootstrap.txt	PRIMARY
1052	1551	2026-08-31	txt	TEXT	docs/knowledgeos/brainstorming/phase_measure_theory/knowledgeos_kernel/research/step-289/exec/OUT-t289_bootstrap_v2.txt	PRIMARY
1053	5030	2026-08-31	md	TEXT	docs/knowledgeos/brainstorming/phase_measure_theory/knowledgeos_kernel/research/step-289/01-dependency-graph.md	PRIMARY
1054	3708	2026-08-31	md	TEXT	docs/knowledgeos/brainstorming/phase_measure_theory/knowledgeos_kernel/research/step-289/02-cycle-reconstruction.md	PRIMARY
1055	4728	2026-08-31	md	TEXT	docs/knowledgeos/brainstorming/phase_measure_theory/knowledgeos_kernel/research/step-289/03-bootstrap-boundary.md	PRIMARY
1056	6879	2026-08-31	md	TEXT	docs/knowledgeos/brainstorming/phase_measure_theory/knowledgeos_kernel/research/step-289/07-sigma-k-boundary-audit.md	PRIMARY
1057	5296	2026-08-31	md	TEXT	docs/knowledgeos/brainstorming/phase_measure_theory/knowledgeos_kernel/research/step-289/08-degeneracy-audit.md	PRIMARY
1058	4484	2026-08-31	md	TEXT	docs/knowledgeos/brainstorming/phase_measure_theory/knowledgeos_kernel/research/step-289/05-step-261-gate-audit.md	PRIMARY
1059	5887	2026-08-31	md	TEXT	docs/knowledgeos/brainstorming/phase_measure_theory/knowledgeos_kernel/research/step-289/04-derivation-governance-matrix.md	PRIMARY
1060	4743	2026-08-31	md	TEXT	docs/knowledgeos/brainstorming/phase_measure_theory/knowledgeos_kernel/research/step-289/06-register-reconciliation.md	PRIMARY
1061	7953	2026-08-31	md	TEXT	docs/knowledgeos/brainstorming/phase_measure_theory/knowledgeos_kernel/research/step-289/09-normative-decision-register.md	PRIMARY
1062	3119	2026-08-31	md	TEXT	docs/knowledgeos/brainstorming/phase_measure_theory/knowledgeos_kernel/research/step-289/10-closure-contract.md	PRIMARY
1063	7979	2026-08-31	py	CODE	docs/knowledgeos/brainstorming/phase_measure_theory/knowledgeos_kernel/research/step-290/exec/t290_n1_audit.py	PRIMARY
1064	4958	2026-08-31	txt	TEXT	docs/knowledgeos/brainstorming/phase_measure_theory/knowledgeos_kernel/research/step-290/exec/OUT-t290_n1_audit.txt	PRIMARY
1065	4496	2026-08-31	md	TEXT	docs/knowledgeos/brainstorming/phase_measure_theory/knowledgeos_kernel/research/step-290/01-relation-register.md	PRIMARY
1066	3706	2026-08-31	md	TEXT	docs/knowledgeos/brainstorming/phase_measure_theory/knowledgeos_kernel/research/step-290/03-distinguishability-audit.md	PRIMARY
1067	3588	2026-08-31	md	TEXT	docs/knowledgeos/brainstorming/phase_measure_theory/knowledgeos_kernel/research/step-290/02-definition-comparison.md	PRIMARY
1068	2468	2026-08-31	md	TEXT	docs/knowledgeos/brainstorming/phase_measure_theory/knowledgeos_kernel/research/step-290/04-observational-family-audit.md	PRIMARY
1069	3164	2026-08-31	md	TEXT	docs/knowledgeos/brainstorming/phase_measure_theory/knowledgeos_kernel/research/step-290/05-congruence-audit.md	PRIMARY
1070	2806	2026-08-31	md	TEXT	docs/knowledgeos/brainstorming/phase_measure_theory/knowledgeos_kernel/research/step-290/06-declaration-derivation-audit.md	PRIMARY
1071	2772	2026-08-31	md	TEXT	docs/knowledgeos/brainstorming/phase_measure_theory/knowledgeos_kernel/research/step-290/07-step-261-gate-audit.md	PRIMARY
1072	4090	2026-08-31	md	TEXT	docs/knowledgeos/brainstorming/phase_measure_theory/knowledgeos_kernel/research/step-290/08-decision-register.md	PRIMARY
1073	4521	2026-08-31	md	TEXT	docs/knowledgeos/brainstorming/phase_measure_theory/knowledgeos_kernel/research/step-290/09-gap-update.md	PRIMARY
1074	3513	2026-08-31	md	TEXT	docs/knowledgeos/brainstorming/phase_measure_theory/knowledgeos_kernel/research/step-290/10-evidence-index.md	PRIMARY
1075	7119	2026-08-31	py	CODE	docs/knowledgeos/brainstorming/phase_measure_theory/knowledgeos_kernel/research/step-291/exec/t291_bootstrap.py	PRIMARY
1076	5288	2026-08-31	py	CODE	docs/knowledgeos/brainstorming/phase_measure_theory/knowledgeos_kernel/research/step-291/exec/t291_omega_tau_audit.py	PRIMARY
1077	4411	2026-08-31	py	CODE	docs/knowledgeos/brainstorming/phase_measure_theory/knowledgeos_kernel/research/step-291/exec/t291_equality.py	PRIMARY
1078	3722	2026-08-31	md	TEXT	docs/knowledgeos/brainstorming/phase_measure_theory/knowledgeos_kernel/research/step-291/01_omega-tau-reconciliation.md	PRIMARY
1079	5535	2026-08-31	md	TEXT	docs/knowledgeos/brainstorming/phase_measure_theory/knowledgeos_kernel/research/step-291/04_closure-analysis.md	PRIMARY
1080	4595	2026-08-31	md	TEXT	docs/knowledgeos/brainstorming/phase_measure_theory/knowledgeos_kernel/research/step-291/03_operation-registry-audit.md	PRIMARY
1081	3040	2026-08-31	md	TEXT	docs/knowledgeos/brainstorming/phase_measure_theory/knowledgeos_kernel/research/step-291/02_observation-inventory.md	PRIMARY
1082	3034	2026-08-31	md	TEXT	docs/knowledgeos/brainstorming/phase_measure_theory/knowledgeos_kernel/research/step-291/05_dependency-graph.md	PRIMARY
1083	3940	2026-08-31	md	TEXT	docs/knowledgeos/brainstorming/phase_measure_theory/knowledgeos_kernel/research/step-291/08_equality-impact.md	PRIMARY
1084	3626	2026-08-31	md	TEXT	docs/knowledgeos/brainstorming/phase_measure_theory/knowledgeos_kernel/research/step-291/06_261-gate-audit.md	PRIMARY
1085	3850	2026-08-31	md	TEXT	docs/knowledgeos/brainstorming/phase_measure_theory/knowledgeos_kernel/research/step-291/07_governance-vs-derivation.md	PRIMARY
1086	4307	2026-08-31	md	TEXT	docs/knowledgeos/brainstorming/phase_measure_theory/knowledgeos_kernel/research/step-291/09_negative-results.md	PRIMARY
1087	4424	2026-08-31	md	TEXT	docs/knowledgeos/brainstorming/phase_measure_theory/knowledgeos_kernel/research/step-291/10_recommendation-and-next-act.md	PRIMARY
1088	30518	2026-08-31	md	TEXT	docs/knowledgeos/brainstorming/phase_measure_theory/knowledgeos_kernel/research/REFINED-STEP-288.md	PRIMARY
1089	20250	2026-08-31	md	TEXT	docs/knowledgeos/brainstorming/phase_measure_theory/knowledgeos_kernel/research/REFINED-STEP-289.md	PRIMARY
1090	4146	2026-08-31	py	CODE	docs/knowledgeos/brainstorming/phase_measure_theory/knowledgeos_kernel/research/step-291/exec/t291b_graph_universe.py	PRIMARY
1091	15171	2026-08-31	txt	TEXT	docs/knowledgeos/brainstorming/phase_measure_theory/knowledgeos_kernel/research/step-291/exec/t291_transcript.txt	PRIMARY
1092	17072	2026-08-31	md	TEXT	docs/knowledgeos/brainstorming/phase_measure_theory/knowledgeos_kernel/research/step-291/11_VNEXT-CLOSURE-AUDIT.md	PRIMARY
1093	16420	2026-08-31	md	TEXT	docs/knowledgeos/brainstorming/phase_measure_theory/knowledgeos_kernel/research/REFINED-STEP-291.md	PRIMARY
1094	17026	2026-08-31	md	TEXT	docs/knowledgeos/brainstorming/phase_measure_theory/knowledgeos_kernel/research/REFINED-STEP-290.md	PRIMARY
1095	14353	2026-09-01	md	TEXT	docs/knowledgeos/brainstorming/phase_measure_theory/knowledgeos_kernel/research/16-GAP-UPDATE-FROM-GITA-CHAPTERS-05-06-07.md	PRIMARY
1096	10980	2026-09-01	md	TEXT	docs/knowledgeos/brainstorming/phase_measure_theory/knowledgeos_kernel/research/19-GITA-CANDIDATE-TIERING-COMPLETED-ALL-18-CHAPTERS.md	PRIMARY
1097	15822	2026-09-01	md	TEXT	docs/knowledgeos/brainstorming/phase_measure_theory/knowledgeos_kernel/research/18-GITA-CANDIDATES-FOR-KNOWLEDGEOS-AND-THE-KERNEL.md	PRIMARY
1098	11848	2026-09-01	md	TEXT	docs/knowledgeos/brainstorming/phase_measure_theory/knowledgeos_kernel/research/20-GITA-KERNEL-CANDIDATES-THE-CONVERGENCE.md	PRIMARY
1099	9561	2026-09-01	md	TEXT	docs/knowledgeos/brainstorming/phase_measure_theory/knowledgeos_kernel/research/21-GITA-DIMENSION-AND-PURIFICATION-CANDIDATES.md	PRIMARY
1100	11265	2026-09-01	md	TEXT	docs/knowledgeos/brainstorming/phase_measure_theory/knowledgeos_kernel/research/22-EXTERNAL-RESEARCH-GITA-THEORY-REVIEW-AND-GAP-OPTIMIZATION.md	PRIMARY
1101	9778	2026-09-01	md	TEXT	docs/knowledgeos/brainstorming/phase_measure_theory/knowledgeos_kernel/research/23-GITA-CHAPTERS-10-15-KERNEL-RECONSTRUCTION.md	PRIMARY
1102	9714	2026-09-01	md	TEXT	docs/knowledgeos/brainstorming/phase_measure_theory/knowledgeos_kernel/research/24-CHAPTER-16-CONTROLLED-COMPARISON-AND-THE-QUALIFY-REFINEMENT.md	PRIMARY
1103	8737	2026-09-01	md	TEXT	docs/knowledgeos/brainstorming/phase_measure_theory/knowledgeos_kernel/research/25-GITA-TRACK-CLOSED-CH-17-18-05-AND-THE-GUNA-FORK.md	PRIMARY
1104	8180	2026-09-01	md	TEXT	docs/knowledgeos/brainstorming/phase_measure_theory/knowledgeos_kernel/research/26-THE-KERNEL-SIMULATION-AUDITED-AND-CH-04-03.md	PRIMARY
1105	6922	2026-09-01	md	TEXT	docs/knowledgeos/brainstorming/phase_measure_theory/knowledgeos_kernel/research/27-CH-02-REFRAME-AND-SIX-CONTROLLED-COMPARISONS.md	PRIMARY
1106	7930	2026-09-01	md	TEXT	docs/knowledgeos/brainstorming/phase_measure_theory/knowledgeos_kernel/research/28-CH-01-FAILURE-MODES-AND-THE-GITA-TRACK-CLOSED.md	PRIMARY
1107	9120	2026-09-01	md	TEXT	docs/knowledgeos/brainstorming/phase_measure_theory/knowledgeos_kernel/research/29-TWO-SYNTHESES-AND-THE-STEP-NUMBER-COLLISION.md	PRIMARY
1108	8250	2026-09-01	md	TEXT	docs/knowledgeos/brainstorming/phase_measure_theory/knowledgeos_kernel/research/31-STATE-VOCABULARY-THE-OPERATOR-CONTRACT-AND-SIX-COLLISIONS.md	PRIMARY
1109	8006	2026-09-01	md	TEXT	docs/knowledgeos/brainstorming/phase_measure_theory/knowledgeos_kernel/research/30-THE-EIGHT-PRIMITIVES-HOLD-CONVERGENCE-ON-THE-ANSWER.md	PRIMARY
1110	7675	2026-09-01	md	TEXT	docs/knowledgeos/brainstorming/phase_measure_theory/knowledgeos_kernel/research/32-THE-LANE-TURNS-ABSORPTION-NOT-ADJUDICATION.md	PRIMARY
1111	8750	2026-09-01	md	TEXT	docs/knowledgeos/brainstorming/phase_measure_theory/knowledgeos_kernel/research/33-A-LIVE-ADJUDICATION-AND-THE-INHERITED-GATES.md	PRIMARY
1112	7439	2026-09-01	md	TEXT	docs/knowledgeos/brainstorming/phase_measure_theory/knowledgeos_kernel/research/34-THE-UNSCHEDULABLE-PROGRAMME-AND-THE-DIMENSION-MODEL.md	PRIMARY
1113	5818	2026-09-01	md	TEXT	docs/knowledgeos/brainstorming/phase_measure_theory/knowledgeos_kernel/research/step-291/00_NUMBERING-COLLISION-REPORT.md	PRIMARY
1114	7246	2026-09-01	md	TEXT	docs/knowledgeos/brainstorming/phase_measure_theory/knowledgeos_kernel/research/35-A-CANDIDATE-CARRIER-FOR-THE-MISSINGNESS-DEFECT.md	PRIMARY
1115	9032	2026-09-01	md	TEXT	docs/knowledgeos/brainstorming/phase_measure_theory/knowledgeos_kernel/research/36-THE-PROBABILITY-SPACE-RE-RAISED-AND-THE-TOPOLOGICAL-LENS.md	PRIMARY
1116	13955	2026-09-01	md	TEXT	docs/knowledgeos/brainstorming/phase_measure_theory/knowledgeos_kernel/research/17-GITA-PHILOSOPHY-VS-MATHEMATICAL-AND-STATISTICAL-MODELLING.md	PRIMARY
1117	66982	2026-09-01	md	TEXT	docs/knowledgeos/brainstorming/phase_measure_theory/knowledgeos_kernel/research/REFINED-STEP-286.md	PRIMARY
1118	125507	2026-09-01	md	TEXT	docs/knowledgeos/brainstorming/phase_measure_theory/knowledgeos_kernel/research/00-INDEX.md	PRIMARY
1119	3102	2026-08-16	md	TEXT	docs/knowledgeos/reviews/README.md	OUT_OF_SCOPE_ROOT
1120	5556	2026-08-16	md	TEXT	docs/knowledgeos/reviews/2026-08-16-knowledge-placement-requirement-registration.md	OUT_OF_SCOPE_ROOT
1121	2867	2026-08-16	md	TEXT	docs/knowledgeos/backlog/EKS-01-governed-knowledge-distribution.md	OUT_OF_SCOPE_ROOT
1122	2306	2026-08-16	md	TEXT	docs/knowledgeos/backlog/EKS-03-historical-document-relocation.md	OUT_OF_SCOPE_ROOT
1123	3039	2026-08-16	md	TEXT	docs/knowledgeos/backlog/EKS-04-lifecycle-handoff-ambiguity.md	OUT_OF_SCOPE_ROOT
1124	24581	2026-08-16	md	TEXT	docs/knowledgeos/reviews/2026-08-16-KOS-ATTR-ARCH-001-rev3-independent-architecture-review.md	OUT_OF_SCOPE_ROOT
1125	14413	2026-08-16	md	TEXT	docs/knowledgeos/reviews/2026-08-16-KOS-ATTR-ARCH-001-f1-f8-repair.md	OUT_OF_SCOPE_ROOT
1126	23352	2026-08-16	md	TEXT	docs/knowledgeos/reviews/2026-08-16-KOS-ATTR-ARCH-001-f1-f8-repair-independent-verification.md	OUT_OF_SCOPE_ROOT
1127	4929	2026-08-16	md	TEXT	docs/knowledgeos/reviews/2026-08-16-KOS-ATTR-ARCH-001-stage1-approval-registration.md	OUT_OF_SCOPE_ROOT
1128	12608	2026-08-16	md	TEXT	docs/knowledgeos/reviews/2026-08-16-KOS-ATTR-ARCH-001-review-decision-summary.md	OUT_OF_SCOPE_ROOT
1129	7209	2026-08-17	md	TEXT	docs/knowledgeos/reviews/2026-08-17-KOS-ARCH-BASELINE-001-producer-self-review-disclosure.md	OUT_OF_SCOPE_ROOT
1130	15918	2026-08-17	md	TEXT	docs/knowledgeos/reviews/2026-08-17-KOS-ARCH-BASELINE-001-phase-a-independent-verification.md	OUT_OF_SCOPE_ROOT
1131	19720	2026-08-17	md	TEXT	docs/knowledgeos/reviews/2026-08-17-KOS-ARCH-BASELINE-001-phase-a-v1.1-correction-verification.md	OUT_OF_SCOPE_ROOT
1132	3366	2026-08-17	md	TEXT	docs/knowledgeos/reviews/2026-08-17-KOS-ARCH-BASELINE-001-n1-n2-correction-delivery.md	OUT_OF_SCOPE_ROOT
1133	7198	2026-08-17	md	TEXT	docs/knowledgeos/reviews/2026-08-17-KOS-ARCH-BASELINE-001-verification-3-authorization.md	OUT_OF_SCOPE_ROOT
1134	9309	2026-08-17	md	TEXT	docs/knowledgeos/reviews/2026-08-17-KOS-ARCH-BASELINE-001-verification-3-n1-n2-report.md	OUT_OF_SCOPE_ROOT
1135	2281	2026-08-17	md	TEXT	docs/knowledgeos/reviews/2026-08-17-KOS-ARCH-BASELINE-001-verification-3-acceptance-registration.md	OUT_OF_SCOPE_ROOT
1136	3706	2026-08-17	md	TEXT	docs/knowledgeos/reviews/2026-08-17-KOS-ARCH-BASELINE-001-phase-a-acceptance-registration.md	OUT_OF_SCOPE_ROOT
1137	24048	2026-08-17	md	TEXT	docs/knowledgeos/reviews/2026-08-17-KOS-ATTR-ARCH-001-stage2-bounded-context-confirmation.md	OUT_OF_SCOPE_ROOT
1138	4322	2026-08-17	md	TEXT	docs/knowledgeos/reviews/2026-08-17-KOS-ARCH-BASELINE-002-commission.md	OUT_OF_SCOPE_ROOT
1139	12725	2026-08-17	md	TEXT	docs/knowledgeos/reviews/2026-08-17-KOS-ARCH-BASELINE-002-principal-review-registration.md	OUT_OF_SCOPE_ROOT
1140	3378	2026-08-17	md	TEXT	docs/knowledgeos/reviews/2026-08-17-KOS-ARCH-BASELINE-002-acceptance-registration.md	OUT_OF_SCOPE_ROOT
1141	18830	2026-08-17	md	TEXT	docs/knowledgeos/developer_guide/developer-guide-set-up-ai-agents-with-knowledgeos.md	OUT_OF_SCOPE_ROOT
1142	8179	2026-08-17	md	TEXT	docs/knowledgeos/reviews/2026-08-17-KOS-ARCH-BASELINE-002-context-map-v2.md	OUT_OF_SCOPE_ROOT
1143	4708	2026-08-17	md	TEXT	docs/knowledgeos/reviews/2026-08-17-KOS-ARCH-BASELINE-002-capability-map-v2.md	OUT_OF_SCOPE_ROOT
1144	25607	2026-08-17	md	TEXT	docs/knowledgeos/reviews/2026-08-17-KOS-ARCH-BASELINE-002-architecture-landscape-v2.md	OUT_OF_SCOPE_ROOT
1145	3417	2026-08-17	md	TEXT	docs/knowledgeos/reviews/2026-08-17-KOS-ARCH-BASELINE-003-commission.md	OUT_OF_SCOPE_ROOT
1146	38343	2026-08-17	md	TEXT	docs/knowledgeos/reviews/KOS-ARCH-BASELINE-003-bc7-domain-model-proposal.md	OUT_OF_SCOPE_ROOT
1147	12543	2026-08-17	md	TEXT	docs/knowledgeos/reviews/KOS-ARCH-BASELINE-003-verification-report.md	OUT_OF_SCOPE_ROOT
1148	26382	2026-08-17	md	TEXT	docs/knowledgeos/reviews/KOS-ARCH-BASELINE-003-verification-2-report.md	OUT_OF_SCOPE_ROOT
1149	13818	2026-08-17	md	TEXT	docs/knowledgeos/reviews/KOS-ARCH-BASELINE-003-correction-delivery-note.md	OUT_OF_SCOPE_ROOT
1150	27504	2026-08-17	md	TEXT	docs/knowledgeos/reviews/KOS-ARCH-BASELINE-003-verification-3-report.md	OUT_OF_SCOPE_ROOT
1151	3608	2026-08-17	md	TEXT	docs/knowledgeos/backlog/EKS-02-subject-derived-placement-enforcement.md	OUT_OF_SCOPE_ROOT
1152	5640	2026-08-17	md	TEXT	docs/knowledgeos/reviews/2026-08-17-KOS-ARCH-BASELINE-003-verification-3-acceptance-registration.md	OUT_OF_SCOPE_ROOT
1153	3745	2026-08-17	md	TEXT	docs/knowledgeos/reviews/2026-08-17-KOS-ARCH-BASELINE-003-acceptance-registration.md	OUT_OF_SCOPE_ROOT
1154	41265	2026-08-17	md	TEXT	docs/knowledgeos/reviews/KOS-ARCH-BASELINE-003-domain-model-refinement.md	OUT_OF_SCOPE_ROOT
1155	7927	2026-08-18	md	TEXT	docs/knowledgeos/reviews/2026-08-18-portfolio-lifecycle-reconciliation.md	OUT_OF_SCOPE_ROOT
1156	4230	2026-08-18	md	TEXT	docs/knowledgeos/reviews/2026-08-18-arb-sequencing-determination.md	OUT_OF_SCOPE_ROOT
1157	723	2026-08-18	md	TEXT	docs/knowledgeos/architecture/README.md	OUT_OF_SCOPE_ROOT
1158	723	2026-08-18	md	TEXT	docs/knowledgeos/architecture/README (1).md	OUT_OF_SCOPE_ROOT
1159	1374	2026-08-18	puml	TEXT	docs/knowledgeos/architecture/01-system-context.puml	OUT_OF_SCOPE_ROOT
1160	2419	2026-08-18	puml	TEXT	docs/knowledgeos/architecture/02-container-architecture.puml	OUT_OF_SCOPE_ROOT
1161	2151	2026-08-18	puml	TEXT	docs/knowledgeos/architecture/03-component-knowledgeos.puml	OUT_OF_SCOPE_ROOT
1162	1323	2026-08-18	puml	TEXT	docs/knowledgeos/architecture/04-contract-neutrality-fact-model.puml	OUT_OF_SCOPE_ROOT
1163	4097	2026-08-18	md	TEXT	docs/knowledgeos/reviews/2026-08-18-two-track-parallel-authorization.md	OUT_OF_SCOPE_ROOT
1164	4716	2026-08-18	md	TEXT	docs/knowledgeos/reviews/2026-08-18-KOS-AIP04-DISCOVERY-001-commission.md	OUT_OF_SCOPE_ROOT
1165	18221	2026-08-18	md	TEXT	docs/knowledgeos/reviews/2026-08-18-KOS-AIP04-DISCOVERY-001-independent-verification.md	OUT_OF_SCOPE_ROOT
1166	30460	2026-08-19	md	TEXT	docs/knowledgeos/reviews/2026-08-19-KOS-AIP04-DISCOVERY-001-independent-verification-2-amendment1.md	OUT_OF_SCOPE_ROOT
1167	87142	2026-08-19	md	TEXT	docs/knowledgeos/architecture/2026-08-18-KOS-AIP04-DISCOVERY-001-adr-aip-04-capability-discovery-proposal.md	OUT_OF_SCOPE_ROOT
1168	44594	2026-08-19	md	TEXT	docs/knowledgeos/reviews/2026-08-19-KOS-AIP04-DISCOVERY-001-independent-verification-3-correction2.md	OUT_OF_SCOPE_ROOT
1169	5682	2026-08-19	md	TEXT	docs/knowledgeos/reviews/2026-08-19-six-role-operating-model-adoption.md	OUT_OF_SCOPE_ROOT
1170	9527	2026-08-19	md	TEXT	docs/knowledgeos/reviews/2026-08-19-KOS-AIP04-DISCOVERY-001-verification-3-registration.md	OUT_OF_SCOPE_ROOT
1171	22532	2026-08-19	md	TEXT	docs/knowledgeos/reviews/2026-08-19-KOS-AIP04-DISCOVERY-001-record-integrity-disposition.md	OUT_OF_SCOPE_ROOT
1172	6215	2026-08-19	md	TEXT	docs/knowledgeos/reviews/2026-08-19-KOS-AIP04-DISCOVERY-001-capability-analysis-amendment.md	OUT_OF_SCOPE_ROOT
1173	6411	2026-08-19	md	TEXT	docs/knowledgeos/reviews/2026-08-19-KOS-AIP04-DISCOVERY-001-amd2-verification-registration.md	OUT_OF_SCOPE_ROOT
1174	10725	2026-08-19	md	TEXT	docs/knowledgeos/reviews/2026-08-19-KOS-AIP04-DISCOVERY-001-correction3-verification-stop.md	OUT_OF_SCOPE_ROOT
1175	29450	2026-08-19	md	TEXT	docs/knowledgeos/reviews/2026-08-19-KOS-AIP04-DISCOVERY-001-amd2-verification.md	OUT_OF_SCOPE_ROOT
1176	14697	2026-08-19	md	TEXT	docs/knowledgeos/reviews/2026-08-19-KOS-AIP04-DISCOVERY-001-amd2-verification-independence-refusal.md	OUT_OF_SCOPE_ROOT
1177	95425	2026-08-19	md	TEXT	docs/knowledgeos/architecture/KOS-AIP04-DISCOVERY-001-capability-architecture-analysis.md	OUT_OF_SCOPE_ROOT
1178	13323	2026-08-19	md	TEXT	docs/knowledgeos/reviews/2026-08-19-KOS-AIP04-DISCOVERY-001-correction3-verification-registration.md	OUT_OF_SCOPE_ROOT
1179	9447	2026-08-19	md	TEXT	docs/knowledgeos/reviews/2026-08-19-KOS-AIP04-DISCOVERY-001-correction3-verification-independence-refusal.md	OUT_OF_SCOPE_ROOT
1180	14829	2026-08-19	md	TEXT	docs/knowledgeos/reviews/2026-08-19-KOS-AIP04-DISCOVERY-001-provenance-reconciliation.md	OUT_OF_SCOPE_ROOT
1181	5771	2026-08-19	md	TEXT	docs/knowledgeos/reviews/2026-08-19-KOS-AIP04-DISCOVERY-001-c5-commission-canonical-discovery-stop.md	OUT_OF_SCOPE_ROOT
1182	11047	2026-08-19	md	TEXT	docs/knowledgeos/reviews/2026-08-19-KOS-AIP04-DISCOVERY-001-provenance-disposition-c5-correction3.md	OUT_OF_SCOPE_ROOT
1183	5824	2026-08-19	md	TEXT	docs/knowledgeos/reviews/2026-08-19-KOS-AIP04-DISCOVERY-001-c10-receipt-decision-boundary.md	OUT_OF_SCOPE_ROOT
1184	11947	2026-08-19	md	TEXT	docs/knowledgeos/reviews/2026-08-19-KOS-AIP04-DISCOVERY-001-c10-decision-1-receipt-semantics.md	OUT_OF_SCOPE_ROOT
1185	5720	2026-08-19	md	TEXT	docs/knowledgeos/reviews/2026-08-19-KOS-AIP04-DISCOVERY-001-c10-d1-second-act-conflict.md	OUT_OF_SCOPE_ROOT
1186	7791	2026-08-19	md	TEXT	docs/knowledgeos/reviews/2026-08-19-KOS-AIP04-DISCOVERY-001-c10-existence-decision-prep.md	OUT_OF_SCOPE_ROOT
1187	7016	2026-08-19	md	TEXT	docs/knowledgeos/reviews/2026-08-19-KOS-AIP04-DISCOVERY-001-c10-d3-decision-prep.md	OUT_OF_SCOPE_ROOT
1188	8546	2026-08-19	md	TEXT	docs/knowledgeos/reviews/2026-08-19-KOS-AIP04-DISCOVERY-001-c10-d4-decision-prep.md	OUT_OF_SCOPE_ROOT
1189	12302	2026-08-19	md	TEXT	docs/knowledgeos/reviews/2026-08-19-KOS-AIP04-DISCOVERY-001-c10-d4-2-condition-semantics.md	OUT_OF_SCOPE_ROOT
1190	10509	2026-08-19	md	TEXT	docs/knowledgeos/reviews/2026-08-19-KOS-AIP04-DISCOVERY-001-c10-d4-3-response-mapping.md	OUT_OF_SCOPE_ROOT
1191	15478	2026-08-19	md	TEXT	docs/knowledgeos/reviews/2026-08-19-KOS-AIP04-DISCOVERY-001-c10-d5-commission.md	OUT_OF_SCOPE_ROOT
1192	27244	2026-08-19	md	TEXT	docs/knowledgeos/architecture/KOS-AIP04-C10-D5-ESTABLISHMENT-CRITERIA-PROPOSAL.md	OUT_OF_SCOPE_ROOT
1193	8096	2026-08-19	md	TEXT	docs/knowledgeos/reviews/2026-08-19-KOS-AIP04-DISCOVERY-001-c10-d1-stabilization-act-registration.md	OUT_OF_SCOPE_ROOT
1194	8517	2026-08-19	md	TEXT	docs/knowledgeos/reviews/2026-08-19-KOS-AIP04-DISCOVERY-001-c10-d1-consolidation-prep.md	OUT_OF_SCOPE_ROOT
1195	51230	2026-08-19	md	TEXT	docs/knowledgeos/reviews/2026-08-19-KOS-AIP04-DISCOVERY-001-c10-d2-existence-decision.md	OUT_OF_SCOPE_ROOT
1196	10684	2026-08-19	md	TEXT	docs/knowledgeos/reviews/2026-08-19-KOS-AIP04-DISCOVERY-001-provenance-disposition.md	OUT_OF_SCOPE_ROOT
1197	22064	2026-08-19	md	TEXT	docs/knowledgeos/architecture/KOS-AIP04-C10-E2-RECEIPT-COMPLETENESS.md	OUT_OF_SCOPE_ROOT
1198	6061	2026-08-19	md	TEXT	docs/knowledgeos/reviews/2026-08-19-KOS-AIP04-DISCOVERY-001-c10-e2-assignment-regression.md	OUT_OF_SCOPE_ROOT
1199	8668	2026-08-19	md	TEXT	docs/knowledgeos/reviews/KOS-AIP04-C10-E2-GOVERNANCE-REVIEW.md	OUT_OF_SCOPE_ROOT
1200	4350	2026-08-19	md	TEXT	docs/knowledgeos/reviews/KOS-AIP04-C10-E2-FLAG-O-RESOLUTION.md	OUT_OF_SCOPE_ROOT
1201	5189	2026-08-19	md	TEXT	docs/knowledgeos/reviews/KOS-AIP04-C10-E2-ADOPTION-DECISION.md	OUT_OF_SCOPE_ROOT
1202	11681	2026-08-19	md	TEXT	docs/knowledgeos/reviews/KOS-AIP04-C10-D5-ADOPTION-DECISION.md	OUT_OF_SCOPE_ROOT
1203	17730	2026-08-19	md	TEXT	docs/knowledgeos/architecture/KOS-AIP-GOV-STATE-DURABILITY-ADR.md	OUT_OF_SCOPE_ROOT
1204	20091	2026-08-19	md	TEXT	docs/knowledgeos/reviews/2026-08-19-KOS-AIP-GOV-STATE-DURABILITY-po-arb-position-registration.md	OUT_OF_SCOPE_ROOT
1205	6919	2026-08-19	md	TEXT	docs/knowledgeos/reviews/KOS-AIP-GOV-STATE-DURABILITY-DECISION.md	OUT_OF_SCOPE_ROOT
1206	15618	2026-08-19	md	TEXT	docs/knowledgeos/architecture/KOS-AIP-GOV-STATE-DURABILITY-IMPLEMENTATION-DESIGN.md	OUT_OF_SCOPE_ROOT
1207	11200	2026-08-19	md	TEXT	docs/knowledgeos/how_far_we_are/202060819_2137_session.md	OUT_OF_SCOPE_ROOT
1208	12167	2026-08-19	md	TEXT	docs/knowledgeos/backlog/EKS-05-knowledge-evidence-boundary.md	OUT_OF_SCOPE_ROOT
1209	11362	2026-08-20	md	TEXT	docs/knowledgeos/reviews/KOS-AIP-GOV-STATE-DURABILITY-MIGRATION-PLAN-REVIEW.md	OUT_OF_SCOPE_ROOT
1210	9796	2026-08-20	md	TEXT	docs/knowledgeos/reviews/KOS-AIP-GOV-STATE-DURABILITY-OPEN-M3-DECISION-PREP.md	OUT_OF_SCOPE_ROOT
1211	8778	2026-08-20	md	TEXT	docs/knowledgeos/reviews/KOS-AIP-GOV-STATE-DURABILITY-MIGRATION-PLAN-GOVERNANCE-REVIEW.md	OUT_OF_SCOPE_ROOT
1212	36925	2026-08-20	md	TEXT	docs/knowledgeos/reviews/KOS-AIP-GOV-STATE-DURABILITY-MIGRATION-PLAN-ARCHITECTURE-REVIEW.md	OUT_OF_SCOPE_ROOT
1213	50104	2026-08-20	md	TEXT	docs/knowledgeos/reviews/KOS-AIP-GOV-STATE-DURABILITY-MIGRATION-PLAN-AMD3-ARCHITECTURE-REVIEW.md	OUT_OF_SCOPE_ROOT
1214	39008	2026-08-20	md	TEXT	docs/knowledgeos/reviews/KOS-AIP-GOV-STATE-DURABILITY-MIGRATION-PLAN-AMD4-ARCHITECTURE-REVIEW.md	OUT_OF_SCOPE_ROOT
1215	11106	2026-08-20	md	TEXT	docs/knowledgeos/architecture/KOS-AIP-GOV-STATE-DURABILITY-MIGRATION-PLAN-AMD4-SUMMARY.md	OUT_OF_SCOPE_ROOT
1216	15008	2026-08-20	md	TEXT	docs/knowledgeos/architecture/KOS-AIP-GOV-STATE-DURABILITY-MIGRATION-PLAN-AMD5-SUMMARY.md	OUT_OF_SCOPE_ROOT
1217	46946	2026-08-21	md	TEXT	docs/knowledgeos/reviews/KOS-AIP-GOV-STATE-DURABILITY-MIGRATION-PLAN-AMD5-ARCHITECTURE-REVIEW.md	OUT_OF_SCOPE_ROOT
1218	71121	2026-08-21	md	TEXT	docs/knowledgeos/reviews/KOS-AIP-GOV-STATE-DURABILITY-MIGRATION-PLAN-AMD6-ARCHITECTURE-REVIEW.md	OUT_OF_SCOPE_ROOT
1219	12398	2026-08-21	md	TEXT	docs/knowledgeos/reviews/2026-08-21-track2-phase0-historical-back-test-report.md	OUT_OF_SCOPE_ROOT
1220	4773	2026-08-21	md	TEXT	docs/knowledgeos/backlog/EKS-06-reference-register-identifier-families.md	OUT_OF_SCOPE_ROOT
1221	33338	2026-08-21	md	TEXT	docs/knowledgeos/reviews/2026-08-21-cost-optimization-governance-assurance-review.md	OUT_OF_SCOPE_ROOT
1222	13737	2026-08-21	md	TEXT	docs/knowledgeos/reviews/2026-08-21-track2-phase0-conformance-verification.md	OUT_OF_SCOPE_ROOT
1223	33101	2026-08-21	md	TEXT	docs/knowledgeos/reviews/KOS-AIP-GOV-STATE-DURABILITY-DV-CORRECTION-COMMISSION-REVIEWER-NOTE.md	OUT_OF_SCOPE_ROOT
1224	18126	2026-08-21	md	TEXT	docs/knowledgeos/reviews/2026-08-21-track2-phase1-adoption-evidence.md	OUT_OF_SCOPE_ROOT
1225	13216	2026-08-21	md	TEXT	docs/knowledgeos/architecture/01-KnowledgeOS-Domain-and-Context-Architecture.md	OUT_OF_SCOPE_ROOT
1226	12596	2026-08-21	md	TEXT	docs/knowledgeos/architecture/02-KnowledgeOS-Kernel-and-Platform-Architecture.md	OUT_OF_SCOPE_ROOT
1227	12599	2026-08-21	md	TEXT	docs/knowledgeos/architecture/03-KnowledgeOS-Evidence-Assurance-and-Governance.md	OUT_OF_SCOPE_ROOT
1228	8751	2026-08-21	md	TEXT	docs/knowledgeos/architecture/04-KnowledgeOS-Event-and-Integration-Architecture.md	OUT_OF_SCOPE_ROOT
1229	9043	2026-08-21	md	TEXT	docs/knowledgeos/architecture/05-KnowledgeOS-Architecture-Patterns-and-Technology.md	OUT_OF_SCOPE_ROOT
1230	10191	2026-08-21	md	TEXT	docs/knowledgeos/architecture/06-KnowledgeOS-Operating-Model-and-Product-Architecture.md	OUT_OF_SCOPE_ROOT
1231	23131	2026-08-21	md	TEXT	docs/knowledgeos/architecture/07-KnowledgeOS-Target-Architecture-Review.md	OUT_OF_SCOPE_ROOT
1232	7844	2026-08-21	md	TEXT	docs/knowledgeos/architecture/00-KnowledgeOS-Architecture-Review-Index.md	OUT_OF_SCOPE_ROOT
1233	29470	2026-08-21	md	TEXT	docs/knowledgeos/architecture/KOS-AIP-GOV-STATE-DURABILITY-MIGRATION-PLAN-AMD6-SUMMARY.md	OUT_OF_SCOPE_ROOT
1234	13444	2026-08-21	md	TEXT	docs/knowledgeos/reviews/KOS-AIP-GOV-STATE-DURABILITY-DV-CORRECTION-INDEPENDENCE-GATE-REFUSAL.md	OUT_OF_SCOPE_ROOT
1235	15493	2026-08-21	md	TEXT	docs/knowledgeos/reviews/KOS-AIP-GOV-STATE-DURABILITY-DV-CORRECTION-REVIEWER-ELIGIBILITY-DECLARATION.md	OUT_OF_SCOPE_ROOT
1236	30742	2026-08-21	md	TEXT	docs/knowledgeos/architecture/20260821_2032_EKS Current Architecture Baseline.md	OUT_OF_SCOPE_ROOT
1237	20241	2026-08-21	md	TEXT	docs/knowledgeos/reviews/KOS-AIP-GOV-STATE-DURABILITY-DV-CORRECTION-REVIEWER-ELIGIBILITY-DECLARATION-8a525719.md	OUT_OF_SCOPE_ROOT
1238	15590	2026-08-21	md	TEXT	docs/knowledgeos/reviews/KOS-AIP-GOV-STATE-DURABILITY-DV-CORRECTION-REVIEW-START-GATE-REFUSAL-8a525719.md	OUT_OF_SCOPE_ROOT
1239	16263	2026-08-21	md	TEXT	docs/knowledgeos/reviews/KOS-AIP-GOV-STATE-DURABILITY-DV-CORRECTION-REVIEW-START-GATE-REFUSAL-c11a5a12.md	OUT_OF_SCOPE_ROOT
1240	21990	2026-08-21	md	TEXT	docs/knowledgeos/reviews/2026-08-21-KOS-EP01-P2-pks-archaeology-launch-prompt-review.md	OUT_OF_SCOPE_ROOT
1241	10875	2026-08-21	md	TEXT	docs/knowledgeos/reviews/2026-08-21-KOS-EP01-P2-pks-baseline-hpa-review.md	OUT_OF_SCOPE_ROOT
1242	79930	2026-08-21	md	TEXT	docs/knowledgeos/architecture/20260821-2229-PKS-Current-Architecture-Baseline-Stage-2.md	OUT_OF_SCOPE_ROOT
1243	7400	2026-08-21	md	TEXT	docs/knowledgeos/reviews/2026-08-21-KOS-EP01-P3-landscape-launch-prompt-review.md	OUT_OF_SCOPE_ROOT
1244	11058	2026-08-21	md	TEXT	docs/knowledgeos/reviews/2026-08-21-KOS-EP01-P3-aip-reconstruction-hpa-review.md	OUT_OF_SCOPE_ROOT
1245	19132	2026-08-21	md	TEXT	docs/knowledgeos/reviews/2026-08-21-KOS-EP01-P3-findings-independent-verification.md	OUT_OF_SCOPE_ROOT
1246	87402	2026-08-21	md	TEXT	docs/knowledgeos/architecture/20260821-2344-KnowledgeOS-Epistemic-Architecture-Investigation.md	OUT_OF_SCOPE_ROOT
1247	10936	2026-08-22	md	TEXT	docs/knowledgeos/reviews/2026-08-22-KOS-EP01-R1-eks-corpus-completion-launch-prompt.md	OUT_OF_SCOPE_ROOT
1248	152337	2026-08-22	md	TEXT	docs/knowledgeos/architecture/20260821-2140-EKS-Current-Architecture-Baseline-Stage-1.md	OUT_OF_SCOPE_ROOT
1249	6013	2026-08-22	md	TEXT	docs/knowledgeos/backlog/EKS-08-representation-semantics-separation.md	OUT_OF_SCOPE_ROOT
1250	14184	2026-08-22	md	TEXT	docs/knowledgeos/KnowledgeOS_Conceptual_Foundation.md	OUT_OF_SCOPE_ROOT
1251	13578	2026-08-22	md	TEXT	docs/knowledgeos/KnowledgeOS_Epistemic_Control_Systems_Comparison.md	OUT_OF_SCOPE_ROOT
1252	11488	2026-08-22	md	TEXT	docs/knowledgeos/KnowledgeOS_Vedanta_Pramana_Lens.md	OUT_OF_SCOPE_ROOT
1253	9201	2026-08-22	md	TEXT	docs/knowledgeos/reviews/2026-08-22-KOS-EP01-P3-corrected-baseline-rereview-ruling.md	OUT_OF_SCOPE_ROOT
1254	44937	2026-08-22	md	TEXT	docs/knowledgeos/architecture/20260821-2259-AIP-Current-Architecture-Reconstruction-Stage-3.md	OUT_OF_SCOPE_ROOT
1255	4806	2026-08-22	md	TEXT	docs/knowledgeos/reviews/2026-08-22-KOS-EP01-P4-landscape-launch-prompt.md	OUT_OF_SCOPE_ROOT
1256	51977	2026-08-22	md	TEXT	docs/knowledgeos/architecture/20260822-0915-KOS-EP01-P4-Constitutional-Invariant-Map-v1.0.md	OUT_OF_SCOPE_ROOT
1257	6345	2026-08-22	md	TEXT	docs/knowledgeos/reviews/2026-08-22-KOS-EP01-P5-evidence-validation-launch-prompt.md	OUT_OF_SCOPE_ROOT
1258	36336	2026-08-22	md	TEXT	docs/knowledgeos/architecture/20260822-0927-KOS-EP01-P5-Constitutional-Invariant-Decision-Matrix-v1.0.md	OUT_OF_SCOPE_ROOT
1259	12638	2026-08-22	md	TEXT	docs/knowledgeos/architecture/20260822-0939-KOS-EP01-Step5-Kernel-Decision.md	OUT_OF_SCOPE_ROOT
1260	4450	2026-08-22	md	TEXT	docs/knowledgeos/reviews/20260822-0951-KOS-EP01-Constitution-v1.0-commissioning-prompt.md	OUT_OF_SCOPE_ROOT
1261	15659	2026-08-22	md	TEXT	docs/knowledgeos/architecture/20260822-0951-KOS-EP01-Constitution-v1.0.md	OUT_OF_SCOPE_ROOT
1262	4904	2026-08-22	md	TEXT	docs/knowledgeos/reviews/20260822-0955-KOS-EP01-Reference-Architecture-v1.0-commissioning-prompt.md	OUT_OF_SCOPE_ROOT
1263	20203	2026-08-22	md	TEXT	docs/knowledgeos/architecture/20260822-0955-KOS-EP01-Reference-Architecture-v1.0.md	OUT_OF_SCOPE_ROOT
1264	8315	2026-08-22	md	TEXT	docs/knowledgeos/reviews/20260822-1007-KOS-EP01-Vedic-Placement-Ruling.md	OUT_OF_SCOPE_ROOT
1265	14778	2026-08-22	md	TEXT	docs/knowledgeos/reviews/20260822-1010-KOS-EP01-Research-Lens-001-Transformation-without-identity-loss.md	OUT_OF_SCOPE_ROOT
1266	8493	2026-08-22	md	TEXT	docs/knowledgeos/reviews/20260822-1028-KOS-EP01-Research-Phase-Closure-Ratification.md	OUT_OF_SCOPE_ROOT
1267	15524	2026-08-22	md	TEXT	docs/knowledgeos/reviews/20260822-1100-KOS-EP01-Zero-Neutral-Ground-Architectural-Refinement.md	OUT_OF_SCOPE_ROOT
1268	37535	2026-08-22	md	TEXT	docs/knowledgeos/reviews/KOS-AIP-GOV-STATE-DURABILITY-DV-CORRECTION-INDEPENDENT-REVIEW.md	OUT_OF_SCOPE_ROOT
1269	10633	2026-08-22	md	TEXT	docs/knowledgeos/reviews/20260822-1115-KOS-EP01-Zero-Z-KOS-001-Ratification.md	OUT_OF_SCOPE_ROOT
1270	9835	2026-08-22	md	TEXT	docs/knowledgeos/reviews/20260822-1130-KOS-EP01-Zero-Final-Interpretation-and-Synthesis.md	OUT_OF_SCOPE_ROOT
1271	12197	2026-08-22	md	TEXT	docs/knowledgeos/reviews/20260822-1145-KOS-EP01-Quranic-Epistemology-Lens-Extraction.md	OUT_OF_SCOPE_ROOT
1272	11889	2026-08-22	md	TEXT	docs/knowledgeos/reviews/20260822-1200-KOS-EP01-Negative-Epistemology-Definition.md	OUT_OF_SCOPE_ROOT
1273	13544	2026-08-22	md	TEXT	docs/knowledgeos/reviews/20260822-1215-KOS-EP01-Biblical-Explanation-Architecture-Lens-Extraction.md	OUT_OF_SCOPE_ROOT
1274	13552	2026-08-22	md	TEXT	docs/knowledgeos/reviews/20260822-1230-KOS-EP01-Moksha-Liberation-State-Lens-Extraction.md	OUT_OF_SCOPE_ROOT
1275	12614	2026-08-22	md	TEXT	docs/knowledgeos/reviews/2026-08-22-KOS-AIP-GOV-STATE-DURABILITY-ADR-session-completion-handoff-protocol-governance-review.md	OUT_OF_SCOPE_ROOT
1276	24417	2026-08-22	md	TEXT	docs/knowledgeos/reviews/2026-08-22-KOS-AIP-GOV-STATE-DURABILITY-ADR-session-completion-handoff-protocol-independent-governance-review.md	OUT_OF_SCOPE_ROOT
1277	5928	2026-08-22	md	TEXT	docs/knowledgeos/reviews/2026-08-22-KOS-AIP-GOV-STATE-DURABILITY-ADR-session-completion-handoff-protocol-adoption-registration.md	OUT_OF_SCOPE_ROOT
1278	18333	2026-08-22	md	TEXT	docs/knowledgeos/reviews/20260822-1245-KOS-EP01-Goedel-Reflection-Lens-Extraction.md	OUT_OF_SCOPE_ROOT
1279	14568	2026-08-22	md	TEXT	docs/knowledgeos/reviews/20260822-1300-KOS-EP01-Goedel-Lens-Deeper-Analysis.md	OUT_OF_SCOPE_ROOT
1280	9321	2026-08-22	md	TEXT	docs/knowledgeos/reviews/2026-08-22-KOS-AIP-GOV-STATE-DURABILITY-ADR-session-completion-handoff-protocol-v1.1-independent-review.md	OUT_OF_SCOPE_ROOT
1281	24281	2026-08-22	md	TEXT	docs/knowledgeos/governance/SESSION-COMPLETION-HANDOFF-PROTOCOL.md	OUT_OF_SCOPE_ROOT
1282	15085	2026-08-22	md	TEXT	docs/knowledgeos/reviews/20260822-1315-KOS-EP01-Goedel-Numbering-Mechanism-Operationalization.md	OUT_OF_SCOPE_ROOT
1283	16884	2026-08-22	md	TEXT	docs/knowledgeos/reviews/20260822-1330-KOS-EP01-Escher-Lens-Transformation-Representation-Integrity.md	OUT_OF_SCOPE_ROOT
1284	7787	2026-08-22	md	TEXT	docs/knowledgeos/reviews/2026-08-22-KOS-AIP-GOV-STATE-DURABILITY-ADR-session-completion-handoff-protocol-operational-test.md	OUT_OF_SCOPE_ROOT
1285	3911	2026-08-22	md	TEXT	docs/knowledgeos/reviews/2026-08-22-KOS-AIP-GOV-STATE-DURABILITY-ADR-session-completion-handoff-protocol-test-acceptance-registration.md	OUT_OF_SCOPE_ROOT
1286	20321	2026-08-22	md	TEXT	docs/knowledgeos/reviews/20260822-1345-KOS-EP01-Sanskrit-Grammar-Semantic-Transformation-Integrity.md	OUT_OF_SCOPE_ROOT
1287	10025	2026-08-22	md	TEXT	docs/knowledgeos/reviews/2026-08-22-KOS-AIP-GOV-STATE-DURABILITY-DV-CORRECTION-GOVERNANCE-BOUNDED-REVIEW.md	OUT_OF_SCOPE_ROOT
1288	22904	2026-08-22	md	TEXT	docs/knowledgeos/reviews/20260822-1400-KOS-EP01-Sanskrit-Grammar-V2-Vedic-Paninian-Generative-System.md	OUT_OF_SCOPE_ROOT
1289	18577	2026-08-22	md	TEXT	docs/knowledgeos/reviews/20260822-1415-KOS-EP01-Sanskrit-Word-Order-Invariance-Semantic-Normal-Form.md	OUT_OF_SCOPE_ROOT
1290	186152	2026-08-22	md	TEXT	docs/knowledgeos/KnowledgeOS_Character_Definition.md	OUT_OF_SCOPE_ROOT
1291	5071	2026-08-22	md	TEXT	docs/knowledgeos/reviews/2026-08-22-KOS-AIP-GOV-STATE-DURABILITY-DV-CORRECTION-RV-REPAIR-COMMISSION-REGISTRATION.md	OUT_OF_SCOPE_ROOT
1292	38688	2026-08-22	md	TEXT	docs/knowledgeos/architecture/KOS-AIP-GOV-STATE-DURABILITY-DV-CORRECTION-SUMMARY.md	OUT_OF_SCOPE_ROOT
1293	198244	2026-08-22	md	TEXT	docs/knowledgeos/architecture/KOS-AIP-GOV-STATE-DURABILITY-MIGRATION-PLAN.md	OUT_OF_SCOPE_ROOT
1294	19016	2026-08-22	md	TEXT	docs/knowledgeos/reviews/2026-08-22-KOS-AIP-GOV-STATE-DURABILITY-DV-CORRECTION-RV-REPAIR-DISPOSITION.md	OUT_OF_SCOPE_ROOT
1295	17987	2026-08-22	md	TEXT	docs/knowledgeos/reviews/20260822-1430-KOS-BRAINSTORMING-INTAKE-INTEGRATION-ASSESSMENT.md	OUT_OF_SCOPE_ROOT
1296	10763	2026-08-22	md	TEXT	docs/knowledgeos/reviews/2026-08-22-KOS-AIP-GOV-STATE-DURABILITY-DV-CORRECTION-RV-REPAIR-GOVERNANCE-RE-VERIFICATION.md	OUT_OF_SCOPE_ROOT
1297	8514	2026-08-22	md	TEXT	docs/knowledgeos/reviews/2026-08-22-KOS-AIP-GOV-STATE-DURABILITY-DV-CORRECTION-ACCEPTANCE-REGISTRATION.md	OUT_OF_SCOPE_ROOT
1298	9027	2026-08-22	md	TEXT	docs/knowledgeos/reviews/2026-08-22-KOS-SESSION-BOOTSTRAP-001-diagnostic-and-activation-registration.md	OUT_OF_SCOPE_ROOT
1299	6764	2026-08-22	md	TEXT	docs/knowledgeos/governance/2026-08-22-KOS-SESSION-BOOTSTRAP-001-session-completion.md	OUT_OF_SCOPE_ROOT
1300	24548	2026-08-22	md	TEXT	docs/knowledgeos/reviews/2026-08-22-KOS-SESSION-BOOTSTRAP-001-INDEPENDENT-VERIFICATION.md	OUT_OF_SCOPE_ROOT
1301	7015	2026-08-22	md	TEXT	docs/knowledgeos/reviews/2026-08-22-KOS-SESSION-BOOTSTRAP-001-independent-verification-registration.md	OUT_OF_SCOPE_ROOT
1302	5868	2026-08-22	md	TEXT	docs/knowledgeos/reviews/2026-08-22-KOS-SESSION-BOOTSTRAP-001-CORRECTION-001-commission-registration.md	OUT_OF_SCOPE_ROOT
1303	6062	2026-08-22	md	TEXT	docs/knowledgeos/reviews/2026-08-22-KOS-SESSION-BOOTSTRAP-001-V8-DETERMINATION-registration.md	OUT_OF_SCOPE_ROOT
1304	16029	2026-08-22	md	TEXT	docs/knowledgeos/backlog/EKS-07-multi-process-coordination.md	OUT_OF_SCOPE_ROOT
1305	8977	2026-08-22	md	TEXT	docs/knowledgeos/reviews/2026-08-22-KOS-SESSION-BOOTSTRAP-001-CORRECTION-001-AUTHORING-commission-registration.md	OUT_OF_SCOPE_ROOT
1306	6798	2026-08-22	md	TEXT	docs/knowledgeos/reviews/2026-08-22-KOS-SESSION-BOOTSTRAP-001-CORRECTION-001-CANDIDATE-ELIGIBILITY-b51dba91-6fc4-4110-b2f2-ac76ad0f3808.md	OUT_OF_SCOPE_ROOT
1307	4080	2026-08-22	md	TEXT	docs/knowledgeos/reviews/2026-08-22-KOS-SESSION-BOOTSTRAP-001-CORRECTION-001-APPOINTMENT-b51dba91-registration.md	OUT_OF_SCOPE_ROOT
1308	18152	2026-08-22	md	TEXT	docs/knowledgeos/reviews/2026-08-22-KOS-SESSION-BOOTSTRAP-001-implementation-boundary-proposal.md	OUT_OF_SCOPE_ROOT
1309	11488	2026-08-22	md	TEXT	docs/knowledgeos/reviews/2026-08-22-KOS-SESSION-BOOTSTRAP-001-CORRECTION-001-ARCHITECTURE-CORRECTION-EVIDENCE-b51dba91-6fc4-4110-b2f2-ac76ad0f3808.md	OUT_OF_SCOPE_ROOT
1310	8622	2026-08-22	md	TEXT	docs/knowledgeos/governance/2026-08-22-KOS-SESSION-BOOTSTRAP-001-CORRECTION-001-session-completion.md	OUT_OF_SCOPE_ROOT
1311	13486	2026-08-22	md	TEXT	docs/knowledgeos/reviews/2026-08-22-KOS-SESSION-BOOTSTRAP-001-CORRECTION-001-RE-VERIFICATION-START-GATE-REFUSAL-8deac5de.md	OUT_OF_SCOPE_ROOT
1312	6043	2026-08-22	md	TEXT	docs/knowledgeos/reviews/2026-08-22-KOS-SESSION-BOOTSTRAP-001-CORRECTION-001-RE-VERIFICATION-APPOINTMENT-8deac5de-registration.md	OUT_OF_SCOPE_ROOT
1313	16870	2026-08-22	md	TEXT	docs/knowledgeos/reviews/2026-08-22-KOS-SESSION-BOOTSTRAP-001-CORRECTION-001-INDEPENDENT-RE-VERIFICATION.md	OUT_OF_SCOPE_ROOT
1314	7115	2026-08-22	md	TEXT	docs/knowledgeos/reviews/2026-08-22-KOS-SESSION-BOOTSTRAP-001-CORRECTION-001-INDEPENDENT-RE-VERIFICATION-registration.md	OUT_OF_SCOPE_ROOT
1315	16016	2026-08-22	md	TEXT	docs/knowledgeos/reviews/2026-08-22-KOS-SESSION-BOOTSTRAP-001-CORRECTION-001-RE-VERIFICATION-START-GATE-REFUSAL-d89af2f5.md	OUT_OF_SCOPE_ROOT
1316	12169	2026-08-22	md	TEXT	docs/knowledgeos/reviews/2026-08-22-KOS-SESSION-BOOTSTRAP-001-CORRECTION-001-GOVERNANCE-ADOPTION-REVIEW-START-GATE-REFUSAL-b51dba91.md	OUT_OF_SCOPE_ROOT
1317	16906	2026-08-22	md	TEXT	docs/knowledgeos/reviews/2026-08-22-KOS-SESSION-BOOTSTRAP-001-CORRECTION-001-GOVERNANCE-ADOPTION-REVIEW-START-GATE-REFUSAL-d31ea60f.md	OUT_OF_SCOPE_ROOT
1318	14347	2026-08-22	md	TEXT	docs/knowledgeos/reviews/2026-08-22-KOS-NEXT-ACTOR-ORCHESTRATION-001-implementation-prompt.md	OUT_OF_SCOPE_ROOT
1319	9683	2026-08-22	md	TEXT	docs/knowledgeos/reviews/2026-08-22-KOS-NEXT-ACTOR-ORCHESTRATION-001-commission-registration.md	OUT_OF_SCOPE_ROOT
1320	13986	2026-08-22	md	TEXT	docs/knowledgeos/reviews/2026-08-22-KOS-SESSION-BOOTSTRAP-001-CORRECTION-001-GOVERNANCE-LANE-ACTIVATION-START-GATE-REFUSAL-d89af2f5.md	OUT_OF_SCOPE_ROOT
1321	7339	2026-08-22	md	TEXT	docs/knowledgeos/reviews/2026-08-22-KOS-NEXT-ACTOR-ORCHESTRATION-001-APPOINTMENT-registration.md	OUT_OF_SCOPE_ROOT
1322	6743	2026-08-22	md	TEXT	docs/knowledgeos/reviews/2026-08-22-KOS-SESSION-BOOTSTRAP-001-CORRECTION-001-GOVERNANCE-ADOPTION-REVIEW-APPOINTMENT-d31ea60f-registration.md	OUT_OF_SCOPE_ROOT
1323	2715	2026-08-22	md	TEXT	docs/knowledgeos/reviews/2026-08-22-KOS-NEXT-ACTOR-ORCHESTRATION-001-CANDIDATE-DECLARATION-prompt.md	OUT_OF_SCOPE_ROOT
1324	10007	2026-08-22	md	TEXT	docs/knowledgeos/reviews/2026-08-22-KOS-NEXT-ACTOR-ORCHESTRATION-001-AMENDMENT-001-PrepareNextActorSession.md	OUT_OF_SCOPE_ROOT
1325	6883	2026-08-22	md	TEXT	docs/knowledgeos/reviews/2026-08-22-KOS-NEXT-ACTOR-ORCHESTRATION-001-FOLLOW-UP-observations.md	OUT_OF_SCOPE_ROOT
1326	11565	2026-08-22	md	TEXT	docs/knowledgeos/reviews/2026-08-22-KOS-NEXT-ACTOR-ORCHESTRATION-001-AST-018-INDEPENDENT-VERIFICATION-START-GATE-REFUSAL-7c2690ae.md	OUT_OF_SCOPE_ROOT
1327	30740	2026-08-22	md	TEXT	docs/knowledgeos/reviews/2026-08-22-KOS-OPERATING-MODEL-001-implementation-prompt.md	OUT_OF_SCOPE_ROOT
1328	16332	2026-08-22	md	TEXT	docs/knowledgeos/reviews/2026-08-22-KOS-OPERATING-MODEL-001-commission-registration.md	OUT_OF_SCOPE_ROOT
1329	9044	2026-08-22	md	TEXT	docs/knowledgeos/reviews/2026-08-22-KOS-OPERATING-MODEL-001-APPOINTMENT-registration.md	OUT_OF_SCOPE_ROOT
1330	7422	2026-08-22	md	TEXT	docs/knowledgeos/governance/2026-08-22-KOS-OPERATING-MODEL-001-session-completion.md	OUT_OF_SCOPE_ROOT
1331	9818	2026-08-22	md	TEXT	docs/knowledgeos/reviews/2026-08-22-KOS-OPERATING-MODEL-001-VERIFIER-APPOINTMENT-registration.md	OUT_OF_SCOPE_ROOT
1332	3462	2026-08-22	md	TEXT	docs/knowledgeos/reviews/2026-08-22-KOS-OPERATING-MODEL-001-VERIFIER-CANDIDATE-DECLARATION-prompt.md	OUT_OF_SCOPE_ROOT
1333	18476	2026-08-22	md	TEXT	docs/knowledgeos/reviews/2026-08-22-KOS-OPERATING-MODEL-001-FOLLOW-UP-continuation-capability-observation.md	OUT_OF_SCOPE_ROOT
1334	17392	2026-08-22	md	TEXT	docs/knowledgeos/reviews/2026-08-22-KOS-OPERATING-MODEL-001-INDEPENDENT-VERIFICATION.md	OUT_OF_SCOPE_ROOT
1335	13307	2026-08-22	md	TEXT	docs/knowledgeos/reviews/2026-08-22-KOS-OPERATING-MODEL-001-GOVERNANCE-ADOPTION-REVIEW-START-GATE-REFUSAL-fc59bb0a.md	OUT_OF_SCOPE_ROOT
1336	15223	2026-08-22	md	TEXT	docs/knowledgeos/reviews/2026-08-22-KOS-OPERATING-MODEL-001-GOVERNANCE-ADOPTION-REVIEW-START-GATE-REFUSAL-b51dba91.md	OUT_OF_SCOPE_ROOT
1337	12817	2026-08-22	md	TEXT	docs/knowledgeos/reviews/2026-08-22-KOS-OPERATING-MODEL-001-AMENDMENT-001-ActivateCommissionedFreshSession.md	OUT_OF_SCOPE_ROOT
1338	6387	2026-08-22	md	TEXT	docs/knowledgeos/reviews/2026-08-22-KOS-OPERATING-MODEL-001-AMENDMENT-001-session-completion.md	OUT_OF_SCOPE_ROOT
1339	12562	2026-08-23	md	TEXT	docs/knowledgeos/reviews/2026-08-22-KOS-OPERATING-MODEL-001-GOVERNANCE-ADOPTION-REVIEW-APPOINTMENT-registration.md	OUT_OF_SCOPE_ROOT
1340	10233	2026-08-23	md	TEXT	docs/knowledgeos/reviews/2026-08-22-KOS-OPERATING-MODEL-001-GOVERNANCE-ADOPTION-REVIEW-CANDIDATE-DECLARATION-prompt.md	OUT_OF_SCOPE_ROOT
1341	10215	2026-08-23	md	TEXT	docs/knowledgeos/reviews/2026-08-23-KOS-OPERATING-MODEL-001-GOVERNANCE-ADOPTION-REVIEW-CANDIDATE-DECLARATION-77b85fa3.md	OUT_OF_SCOPE_ROOT
1342	19093	2026-08-23	md	TEXT	docs/knowledgeos/reviews/2026-08-23-KOS-OPERATING-MODEL-001-GOVERNANCE-ADOPTION-REVIEW.md	OUT_OF_SCOPE_ROOT
1343	7036	2026-08-23	md	TEXT	docs/knowledgeos/governance/2026-08-23-KOS-OPERATING-MODEL-001-AUTHORIZATION-DECISION.md	OUT_OF_SCOPE_ROOT
1344	22863	2026-08-23	md	TEXT	docs/knowledgeos/governance/2026-08-22-KOS-OPERATING-MODEL-001-final-operating-model.md	OUT_OF_SCOPE_ROOT
1345	7609	2026-08-23	md	TEXT	docs/knowledgeos/governance/2026-08-23-KOS-OPERATING-MODEL-001-ADOPTION-DECISION.md	OUT_OF_SCOPE_ROOT
1346	13094	2026-08-23	md	TEXT	docs/knowledgeos/reviews/2026-08-23-KOS-OPERATING-MODEL-001-AMENDMENT-001-PRODUCER-IDENTITY-registration.md	OUT_OF_SCOPE_ROOT
1347	10206	2026-08-23	md	TEXT	docs/knowledgeos/reviews/2026-08-23-KOS-OPERATING-MODEL-001-AMENDMENT-001-VERIFIER-CANDIDATE-DECLARATION-prompt.md	OUT_OF_SCOPE_ROOT
1348	8582	2026-08-23	md	TEXT	docs/knowledgeos/reviews/2026-08-23-KOS-OPERATING-MODEL-001-AMENDMENT-001-VERIFIER-APPOINTMENT-registration.md	OUT_OF_SCOPE_ROOT
1349	20003	2026-08-23	md	TEXT	docs/knowledgeos/reviews/2026-08-23-KOS-OPERATING-MODEL-001-AMENDMENT-001-VERIFIER-CANDIDATE-DECLARATION-84c0f6f6.md	OUT_OF_SCOPE_ROOT
1350	13059	2026-08-23	md	TEXT	docs/knowledgeos/reviews/2026-08-23-KOS-OPERATING-MODEL-001-AMENDMENT-001-VERIFIER-ACTIVATION-84c0f6f6.md	OUT_OF_SCOPE_ROOT
1351	15301	2026-08-23	md	TEXT	docs/knowledgeos/reviews/2026-08-23-KOS-OPERATING-MODEL-001-AMENDMENT-001-APPOINTMENT-SEQUENCING-DEFECT-001.md	OUT_OF_SCOPE_ROOT
1352	27055	2026-08-23	md	TEXT	docs/knowledgeos/reviews/20260823-2212-KOS-BRAINSTORMING-KERNEL-THREAD-READING-REPORT.md	OUT_OF_SCOPE_ROOT
1353	33035	2026-08-23	md	TEXT	docs/knowledgeos/reviews/2026-08-23-KOS-OPERATING-MODEL-001-AMENDMENT-001-INDEPENDENT-VERIFICATION.md	OUT_OF_SCOPE_ROOT
1354	14823	2026-08-23	md	TEXT	docs/knowledgeos/reviews/2026-08-23-KOS-OPERATING-MODEL-001-AMENDMENT-001-FAIL-DISPOSITION-AND-REPAIR-PATH.md	OUT_OF_SCOPE_ROOT
1355	7782	2026-08-23	md	TEXT	docs/knowledgeos/reviews/2026-08-23-KOS-OPERATING-MODEL-001-AMENDMENT-001-OBSERVATION-O-5-process-identity-continuity.md	OUT_OF_SCOPE_ROOT
1356	13192	2026-08-23	md	TEXT	docs/knowledgeos/reviews/2026-08-23-KOS-OPERATING-MODEL-001-AMENDMENT-001-REPAIR-001-IMPLEMENTER-SELECTION-DECISION.md	OUT_OF_SCOPE_ROOT
1357	10834	2026-08-24	md	TEXT	docs/knowledgeos/reviews/2026-08-24-KOS-OPERATING-MODEL-001-AMENDMENT-001-REPAIR-001-IMPLEMENTER-APPOINTMENT-84e5c1f7.md	OUT_OF_SCOPE_ROOT
1358	11469	2026-08-24	md	TEXT	docs/knowledgeos/reviews/2026-08-23-KOS-OPERATING-MODEL-001-AMENDMENT-001-REPAIR-001-AUTHORIZATION.md	OUT_OF_SCOPE_ROOT
1359	10241	2026-08-24	md	TEXT	docs/knowledgeos/reviews/2026-08-23-KOS-OPERATING-MODEL-001-AMENDMENT-001-REPAIR-001-IMPLEMENTER-CANDIDATE-DECLARATION-prompt.md	OUT_OF_SCOPE_ROOT
1360	10977	2026-08-24	md	TEXT	docs/knowledgeos/reviews/2026-08-24-KOS-OPERATING-MODEL-001-AMENDMENT-001-REPAIR-001-RE-VERIFICATION-DETERMINATION.md	OUT_OF_SCOPE_ROOT
1361	5340	2026-08-24	md	TEXT	docs/knowledgeos/reviews/2026-08-24-KOS-OPERATING-MODEL-001-AMENDMENT-001-REPAIR-001-RE-VERIFIER-CANDIDATE-DECLARATION-prompt.md	OUT_OF_SCOPE_ROOT
1362	6455	2026-08-24	md	TEXT	docs/knowledgeos/reviews/2026-08-24-KOS-OPERATING-MODEL-001-AMENDMENT-001-REPAIR-001-IMPLEMENTATION-CLOSED-RE-VERIFICATION-OPENED.md	OUT_OF_SCOPE_ROOT
1363	8421	2026-08-24	md	TEXT	docs/knowledgeos/reviews/2026-08-24-KOS-OPERATING-MODEL-001-AMENDMENT-001-REPAIR-001-RE-VERIFIER-APPOINTMENT-be8aecec.md	OUT_OF_SCOPE_ROOT
1364	26980	2026-08-24	md	TEXT	docs/knowledgeos/reviews/2026-08-24-KOS-OPERATING-MODEL-001-AMENDMENT-001-REPAIR-001-INDEPENDENT-RE-VERIFICATION.md	OUT_OF_SCOPE_ROOT
1365	10756	2026-08-24	md	TEXT	docs/knowledgeos/reviews/2026-08-24-KOS-OPERATING-MODEL-001-AMENDMENT-001-AST-019-ADOPTION-DECISION-PREPARATION.md	OUT_OF_SCOPE_ROOT
1366	7200	2026-08-24	md	TEXT	docs/knowledgeos/governance/2026-08-24-AST-019-ADOPTION-DECISION.md	OUT_OF_SCOPE_ROOT
1367	5717	2026-08-24	md	TEXT	docs/knowledgeos/governance/2026-08-24-AST-019-AUTHORIZATION-DECISION.md	OUT_OF_SCOPE_ROOT
1368	5641	2026-08-24	md	TEXT	docs/knowledgeos/backlog/EKS-09-activation-write-atomicity.md	OUT_OF_SCOPE_ROOT
1369	3203	2026-08-24	md	TEXT	docs/knowledgeos/backlog/EKS-10-activation-failure-path-coverage.md	OUT_OF_SCOPE_ROOT
1370	3474	2026-08-24	md	TEXT	docs/knowledgeos/backlog/EKS-11-sole-writer-environment-override.md	OUT_OF_SCOPE_ROOT
1371	3371	2026-08-24	md	TEXT	docs/knowledgeos/backlog/00_index.md	OUT_OF_SCOPE_ROOT
1372	3745	2026-08-25	md	TEXT	docs/knowledgeos/reviews/kernel/session1/S1-F001-authority-temporal-semantics-gap.md	OUT_OF_SCOPE_ROOT
1373	3463	2026-08-25	md	TEXT	docs/knowledgeos/reviews/kernel/session1/S1-F002-ubiquitous-language-instability.md	OUT_OF_SCOPE_ROOT
1374	2394	2026-08-25	md	TEXT	docs/knowledgeos/reviews/kernel/session2/S2-F002-zero-of-twenty-is-a-schema-absence-not-a-rate.md	OUT_OF_SCOPE_ROOT
1375	2978	2026-08-25	md	TEXT	docs/knowledgeos/reviews/kernel/session2/S2-F003-the-model-time-indexes-the-claim-but-not-the-authority.md	OUT_OF_SCOPE_ROOT
1376	2525	2026-08-25	md	TEXT	docs/knowledgeos/reviews/kernel/session2/S2-F004-three-temporal-questions-grouped-as-one-family.md	OUT_OF_SCOPE_ROOT
1377	2762	2026-08-25	md	TEXT	docs/knowledgeos/reviews/kernel/session2/S2-F006-knowledge-boundaries-unclear-is-the-buried-headline.md	OUT_OF_SCOPE_ROOT
1378	6911	2026-08-25	md	TEXT	docs/knowledgeos/reviews/kernel/session1/S1-F003-kernel-member-candidates-diverge.md	OUT_OF_SCOPE_ROOT
1379	7071	2026-08-25	md	TEXT	docs/knowledgeos/reviews/kernel/session1/S1-F004-no-established-kernel-category-determinism-challenged.md	OUT_OF_SCOPE_ROOT
1380	4809	2026-08-25	md	TEXT	docs/knowledgeos/reviews/kernel/session2/S2-F007-ab-divergence-may-be-an-ill-typed-comparison.md	OUT_OF_SCOPE_ROOT
1381	4798	2026-08-25	md	TEXT	docs/knowledgeos/reviews/kernel/session2/S2-F001-evidence-class-inflation-report-is-not-persistence.md	OUT_OF_SCOPE_ROOT
1382	3628	2026-08-25	md	TEXT	docs/knowledgeos/reviews/kernel/session2/S2-F008-the-determinism-contradiction-may-be-modal-not-logical.md	OUT_OF_SCOPE_ROOT
1383	3484	2026-08-25	md	TEXT	docs/knowledgeos/reviews/kernel/session2/S2-F009-finding-1-undercuts-finding-2s-evidential-force.md	OUT_OF_SCOPE_ROOT
1384	7369	2026-08-25	md	TEXT	docs/knowledgeos/reviews/kernel/session2/S2-F005-restatement-is-not-independent-arrival.md	OUT_OF_SCOPE_ROOT
1385	4572	2026-08-25	md	TEXT	docs/knowledgeos/reviews/kernel/session2/S2-F010-membership-boundary-mechanism-semantics-are-not-separated.md	OUT_OF_SCOPE_ROOT
1386	4729	2026-08-25	md	TEXT	docs/knowledgeos/reviews/kernel/session2/S2-F011-altitude-test-on-determinism-two-results.md	OUT_OF_SCOPE_ROOT
1387	6232	2026-08-25	md	TEXT	docs/knowledgeos/reviews/kernel/session1/S1-F005-mathematics-as-description-not-kernel-and-a-third-member-list.md	OUT_OF_SCOPE_ROOT
1388	5979	2026-08-25	md	TEXT	docs/knowledgeos/reviews/kernel/session2/S2-F014-the-closeness-claim-has-no-measure-and-no-null-hypothesis.md	OUT_OF_SCOPE_ROOT
1389	5182	2026-08-25	md	TEXT	docs/knowledgeos/reviews/kernel/session2/S2-F015-persistence-of-a-position-is-not-convergence-on-it.md	OUT_OF_SCOPE_ROOT
1390	5939	2026-08-25	md	TEXT	docs/knowledgeos/reviews/kernel/session2/S2-F016-the-intersection-could-not-have-shrunk-and-authority-returns.md	OUT_OF_SCOPE_ROOT
1391	6295	2026-08-25	md	TEXT	docs/knowledgeos/reviews/kernel/session2/S2-F012-a-measured-absence-is-not-an-arrival-at-a-thesis.md	OUT_OF_SCOPE_ROOT
1392	5057	2026-08-25	md	TEXT	docs/knowledgeos/reviews/kernel/session1/S1-F006-semantic-measurement-is-knowledge-base-relative.md	OUT_OF_SCOPE_ROOT
1393	7360	2026-08-25	md	TEXT	docs/knowledgeos/reviews/kernel/session1/S1-F007-kernel-as-god-object-six-conflations.md	OUT_OF_SCOPE_ROOT
1394	6818	2026-08-25	md	TEXT	docs/knowledgeos/reviews/kernel/session1/S1-F008-nine-capability-minimum-map-derived-from-existing-law.md	OUT_OF_SCOPE_ROOT
1395	8373	2026-08-25	md	TEXT	docs/knowledgeos/reviews/kernel/session1/S1-F009-kernel-as-boundary-not-component-and-the-equilibrium-criterion.md	OUT_OF_SCOPE_ROOT
1396	8249	2026-08-25	md	TEXT	docs/knowledgeos/reviews/kernel/session1/S1-F010-admission-is-the-first-transition-not-the-core-act-and-a-rival-state-set.md	OUT_OF_SCOPE_ROOT
1397	8839	2026-08-25	md	TEXT	docs/knowledgeos/reviews/kernel/session1/S1-F011-kernel-as-transformation-boundary-and-a-sixteen-item-exclusion-set.md	OUT_OF_SCOPE_ROOT
1398	9716	2026-08-25	md	TEXT	docs/knowledgeos/reviews/kernel/session1/S1-F012-kernel-as-epistemic-accountability-core.md	OUT_OF_SCOPE_ROOT
1399	9381	2026-08-25	md	TEXT	docs/knowledgeos/reviews/kernel/session1/S1-F013-eight-fold-unresolved-verdict-and-the-classification-problem.md	OUT_OF_SCOPE_ROOT
1400	9356	2026-08-25	md	TEXT	docs/knowledgeos/reviews/kernel/session1/S1-F014-epistemic-states-as-derived-projections-of-relationships-and-assessments.md	OUT_OF_SCOPE_ROOT
1401	6918	2026-08-25	md	TEXT	docs/knowledgeos/reviews/kernel/session2/S2-F017-the-eight-formulation-count-is-inflated-four-ways.md	OUT_OF_SCOPE_ROOT
1402	5449	2026-08-25	md	TEXT	docs/knowledgeos/reviews/kernel/session2/S2-F018-f009-f010-is-a-scope-difference-not-a-reversal.md	OUT_OF_SCOPE_ROOT
1403	7219	2026-08-25	md	TEXT	docs/knowledgeos/reviews/kernel/session2/S2-F019-the-negative-result-has-the-same-provenance-weight-as-what-it-undercuts.md	OUT_OF_SCOPE_ROOT
1404	7558	2026-08-25	md	TEXT	docs/knowledgeos/reviews/kernel/session2/S2-F020-the-formulation-burst-may-have-been-produced-without-the-governing-law.md	OUT_OF_SCOPE_ROOT
1405	11615	2026-08-25	md	TEXT	docs/knowledgeos/reviews/kernel/session2/S2-F013-why-what-how-as-one-kernel-hypothesis-descent-declared.md	OUT_OF_SCOPE_ROOT
1406	8959	2026-08-25	md	TEXT	docs/knowledgeos/reviews/kernel/session1/S1-F015-twelve-question-discovery-sequence-and-the-content-mutability-question.md	OUT_OF_SCOPE_ROOT
1407	16490	2026-08-25	md	TEXT	docs/knowledgeos/reviews/kernel/session2/S2-F021-review-of-s1-f006-kb-relative-measurement.md	OUT_OF_SCOPE_ROOT
1408	13935	2026-08-25	md	TEXT	docs/knowledgeos/reviews/kernel/session2/S2-F022-review-of-s1-f007-god-object-six-conflations.md	OUT_OF_SCOPE_ROOT
1409	11785	2026-08-25	md	TEXT	docs/knowledgeos/reviews/kernel/session2/S2-F023-review-of-s1-f008-nine-capability-map.md	OUT_OF_SCOPE_ROOT
1410	8212	2026-08-25	md	TEXT	docs/knowledgeos/reviews/kernel/session1/S1-F017-phase-consolidation-falsification-confirmed-and-the-four-way-non-collapse-pipeline.md	OUT_OF_SCOPE_ROOT
1411	10458	2026-08-25	md	TEXT	docs/knowledgeos/reviews/kernel/session1/S1-F018-evidence-entity-or-value-object-is-the-central-boundary-question.md	OUT_OF_SCOPE_ROOT
1412	10446	2026-08-25	md	TEXT	docs/knowledgeos/reviews/kernel/session1/S1-F019-fourteen-lens-verdicts-converge-on-admission-boundary-but-the-lifecycle-gap-is-unclosable.md	OUT_OF_SCOPE_ROOT
1413	12402	2026-08-25	txt	TEXT	docs/knowledgeos/reviews/kernel/session1/.corpus-cutoff-20260825.txt	OUT_OF_SCOPE_ROOT
1414	11388	2026-08-25	txt	TEXT	docs/knowledgeos/reviews/kernel/session1/.remaining.txt	OUT_OF_SCOPE_ROOT
1415	6455	2026-08-25	md	TEXT	docs/knowledgeos/reviews/kernel/session1/S1-F020-adr-kos-kernel-001-knowledgeos-knowledgecore-kernel-separated.md	OUT_OF_SCOPE_ROOT
1416	6485	2026-08-25	md	TEXT	docs/knowledgeos/reviews/kernel/session1/S1-F021-lens-system-stratified-into-four-layers-and-the-boring-kernel-principle.md	OUT_OF_SCOPE_ROOT
1417	10329	2026-08-25	md	TEXT	docs/knowledgeos/reviews/kernel/session1/S1-F022-externally-cited-lens-commission-converts-philosophy-into-falsification-questions.md	OUT_OF_SCOPE_ROOT
1418	9947	2026-08-25	md	TEXT	docs/knowledgeos/reviews/kernel/session1/S1-F023-tarka-nine-family-falsification-instrument-and-the-typology-of-absence.md	OUT_OF_SCOPE_ROOT
1419	8542	2026-08-25	md	TEXT	docs/knowledgeos/reviews/kernel/session1/S1-F025-anti-reasoner-constraint-the-kernel-must-not-presuppose-the-judgement-it-governs.md	OUT_OF_SCOPE_ROOT
1420	8501	2026-08-25	md	TEXT	docs/knowledgeos/reviews/kernel/session1/S1-F026-phase-closure-the-books-prove-nothing-they-make-collapses-visible.md	OUT_OF_SCOPE_ROOT
1421	8924	2026-08-25	md	TEXT	docs/knowledgeos/reviews/kernel/session1/S1-F027-inference-licensing-constraints-and-the-evidential-bridge-requirement.md	OUT_OF_SCOPE_ROOT
1422	9101	2026-08-25	md	TEXT	docs/knowledgeos/reviews/kernel/session1/S1-F028-governance-artifact-inside-the-research-corpus-extent-versus-contents.md	OUT_OF_SCOPE_ROOT
1423	8780	2026-08-25	md	TEXT	docs/knowledgeos/reviews/kernel/session1/S1-F029-abstention-as-valid-output-and-construction-evidence-must-not-validate-itself.md	OUT_OF_SCOPE_ROOT
1424	8845	2026-08-25	md	TEXT	docs/knowledgeos/reviews/kernel/session1/S1-F030-evidence-acquisition-as-its-own-domain-and-the-acquisition-procedure-constitutes-evidence.md	OUT_OF_SCOPE_ROOT
1425	7968	2026-08-25	md	TEXT	docs/knowledgeos/reviews/kernel/session1/S1-F031-ziran-challenge-to-the-identity-invariant-three-axes.md	OUT_OF_SCOPE_ROOT
1426	10221	2026-08-25	md	TEXT	docs/knowledgeos/reviews/kernel/session1/S1-F016-aggregate-hypothesis-falsified-atomicity-fails-on-every-pair.md	OUT_OF_SCOPE_ROOT
1427	8637	2026-08-25	md	TEXT	docs/knowledgeos/reviews/kernel/session1/S1-F032-formal-regimes-are-supporting-mechanisms-not-the-kernel-and-there-is-no-single-knowledge-score.md	OUT_OF_SCOPE_ROOT
1428	8590	2026-08-25	md	TEXT	docs/knowledgeos/reviews/kernel/session1/S1-F033-epistemic-intermediate-representation-and-the-cost-argument-for-a-kernel.md	OUT_OF_SCOPE_ROOT
1429	10649	2026-08-25	md	TEXT	docs/knowledgeos/reviews/kernel/session1/S1-F034-sufficient-state-and-the-observable-is-not-the-state.md	OUT_OF_SCOPE_ROOT
1430	10417	2026-08-25	md	TEXT	docs/knowledgeos/reviews/kernel/session1/S1-F035-counterfactual-robustness-epistemic-route-and-completeness-versus-certainty.md	OUT_OF_SCOPE_ROOT
1431	50080	2026-08-25	docx	OFFICE_EXTRACTABLE	docs/knowledgeos/brainstorming/KnowledgeOS_Knowledge_Modeling_Knowledge_Transfer_Phase1_Measure_Theory.docx	PRIMARY
1432	62403	2026-08-25	odt	OFFICE_EXTRACTABLE	docs/knowledgeos/brainstorming/KnowledgeOS_Knowledge_Modeling_Knowledge_Transfer_Phase1_Measure_Theory.odt	PRIMARY
1433	8257	2026-08-26	md	TEXT	docs/knowledgeos/reviews/kernel/session1/S1-F037-primitives-must-not-be-decomposed-and-boundaries-are-boundaries-of-abstraction.md	OUT_OF_SCOPE_ROOT
1434	8700	2026-08-26	md	TEXT	docs/knowledgeos/reviews/kernel/session1/S1-F038-store-the-substrate-compute-the-measure-and-what-did-we-know-at-1347.md	OUT_OF_SCOPE_ROOT
1435	8684	2026-08-26	md	TEXT	docs/knowledgeos/reviews/kernel/session1/S1-F039-the-kernel-preserves-structures-that-enable-reasoning-it-does-not-reason.md	OUT_OF_SCOPE_ROOT
1436	12437	2026-08-26	md	TEXT	docs/knowledgeos/reviews/kernel/session1/S1-F040-the-measure-theory-cascade-one-proposal-five-refutations-one-resolution.md	OUT_OF_SCOPE_ROOT
1437	12564	2026-08-26	txt	TEXT	docs/knowledgeos/reviews/kernel/session1/.processed.txt	OUT_OF_SCOPE_ROOT
1438	12564	2026-08-26	txt	TEXT	docs/knowledgeos/reviews/kernel/session1/.corpus-cutoff-20260826.txt	OUT_OF_SCOPE_ROOT
1439	12735	2026-08-26	md	TEXT	docs/knowledgeos/reviews/kernel/session1/S1-F024-book-extraction-register-external-sources-and-their-kernel-dispositions.md	OUT_OF_SCOPE_ROOT
1440	26391786	2026-08-26	pdf	EXTERNAL_BOOK_PDF	docs/knowledgeos/brainstorming/Thinking about mathematics - The philosophy of mathematics (2000) (Stewart Shapiro) (z-library.sk, 1lib.sk, z-lib.sk).pdf	PRIMARY
1441	3043	2026-08-26	txt	TEXT	docs/knowledgeos/reviews/kernel/session1/.k34-worklist.txt	OUT_OF_SCOPE_ROOT
1442	16730	2026-08-26	md	TEXT	docs/knowledgeos/reviews/kernel/session1/S1-F036-minimum-preservation-unit-and-the-assertion-primitive-contested-in-one-document.md	OUT_OF_SCOPE_ROOT
1443	13004	2026-08-26	md	TEXT	docs/knowledgeos/reviews/kernel/session1/S1-COVERAGE-REPORT.md	OUT_OF_SCOPE_ROOT
1444	99	2026-08-26	txt	TEXT	docs/knowledgeos/reviews/kernel/session1/.fullread-done.txt	OUT_OF_SCOPE_ROOT
1445	7816	2026-08-28	md	TEXT	docs/knowledgeos/reviews/synthesis/analysis/corpus-inventory.md	OUT_OF_SCOPE_ROOT
1446	16322	2026-08-28	md	TEXT	docs/knowledgeos/reviews/synthesis/analysis/reasoning-timeline.md	OUT_OF_SCOPE_ROOT
1447	8499	2026-08-28	md	TEXT	docs/knowledgeos/reviews/synthesis/analysis/claim-registry.md	OUT_OF_SCOPE_ROOT
1448	5896	2026-08-28	md	TEXT	docs/knowledgeos/reviews/synthesis/analysis/decision-registry.md	OUT_OF_SCOPE_ROOT
1449	9351	2026-08-28	md	TEXT	docs/knowledgeos/reviews/synthesis/analysis/contradiction-registry.md	OUT_OF_SCOPE_ROOT
1450	4795	2026-08-28	md	TEXT	docs/knowledgeos/reviews/synthesis/analysis/open-questions.md	OUT_OF_SCOPE_ROOT
1451	5143	2026-08-28	md	TEXT	docs/knowledgeos/reviews/synthesis/analysis/phase-1-status.md	OUT_OF_SCOPE_ROOT
1452	1774	2026-08-28	md	TEXT	docs/knowledgeos/reviews/synthesis/analysis/phase-gate-ruling.md	OUT_OF_SCOPE_ROOT
1453	7275	2026-08-28	md	TEXT	docs/knowledgeos/reviews/synthesis/analysis/phase-2a-findings.md	OUT_OF_SCOPE_ROOT
1454	3875	2026-08-28	md	TEXT	docs/knowledgeos/reviews/synthesis/analysis/regime-comparison-matrix.md	OUT_OF_SCOPE_ROOT
1455	8942	2026-08-28	md	TEXT	docs/knowledgeos/reviews/synthesis/model/regime-transition-analysis.md	OUT_OF_SCOPE_ROOT
1456	4399	2026-08-28	md	TEXT	docs/knowledgeos/reviews/synthesis/model/lord-omega-analysis.md	OUT_OF_SCOPE_ROOT
1457	2637	2026-08-28	md	TEXT	docs/knowledgeos/reviews/synthesis/model/formalization-fidelity.md	OUT_OF_SCOPE_ROOT
1458	3771	2026-08-28	md	TEXT	docs/knowledgeos/reviews/synthesis/model/concern-map.md	OUT_OF_SCOPE_ROOT
1459	3621	2026-08-28	md	TEXT	docs/knowledgeos/reviews/synthesis/model/responsibility-map.md	OUT_OF_SCOPE_ROOT
1460	2634	2026-08-28	md	TEXT	docs/knowledgeos/reviews/synthesis/model/invariant-map.md	OUT_OF_SCOPE_ROOT
1461	3339	2026-08-28	md	TEXT	docs/knowledgeos/reviews/synthesis/model/dependency-graph.md	OUT_OF_SCOPE_ROOT
1462	3243	2026-08-28	md	TEXT	docs/knowledgeos/reviews/synthesis/model/logical-reconstruction.md	OUT_OF_SCOPE_ROOT
1463	7905	2026-08-28	md	TEXT	docs/knowledgeos/reviews/synthesis/analysis/semantic-lineage-map.md	OUT_OF_SCOPE_ROOT
1464	2870	2026-08-28	md	TEXT	docs/knowledgeos/reviews/synthesis/analysis/phase-2b-findings.md	OUT_OF_SCOPE_ROOT
1465	8605	2026-08-28	md	TEXT	docs/knowledgeos/reviews/synthesis/analysis/phase-2c-coherence-review.md	OUT_OF_SCOPE_ROOT
1466	6825	2026-08-28	md	TEXT	docs/knowledgeos/reviews/synthesis/analysis/phase-2d-closure.md	OUT_OF_SCOPE_ROOT
1467	8971	2026-08-28	md	TEXT	docs/knowledgeos/reviews/synthesis/analysis/phase-3b-falsification-report.md	OUT_OF_SCOPE_ROOT
1468	6817	2026-08-28	md	TEXT	docs/knowledgeos/reviews/synthesis/model/canonical-architecture-v0.2.md	OUT_OF_SCOPE_ROOT
1469	8835	2026-08-28	md	TEXT	docs/knowledgeos/reviews/synthesis/model/canonical-architecture.md	OUT_OF_SCOPE_ROOT
1470	10236	2026-08-28	md	TEXT	docs/knowledgeos/reviews/synthesis/analysis/phase-3c-scope-and-evidence-plan.md	OUT_OF_SCOPE_ROOT
1471	4434	2026-08-28	md	TEXT	docs/knowledgeos/reviews/synthesis/analysis/phase-3c-verdict-register.md	OUT_OF_SCOPE_ROOT
1472	5080	2026-08-28	md	TEXT	docs/knowledgeos/reviews/synthesis/analysis/phase-3c-report.md	OUT_OF_SCOPE_ROOT
1473	4599	2026-08-28	md	TEXT	docs/knowledgeos/reviews/synthesis/analysis/phase-archaeology-inventory.md	OUT_OF_SCOPE_ROOT
1474	2468	2026-08-28	md	TEXT	docs/knowledgeos/reviews/synthesis/analysis/phase-archaeology-experiments.md	OUT_OF_SCOPE_ROOT
1475	2352	2026-08-28	md	TEXT	docs/knowledgeos/reviews/synthesis/analysis/phase-archaeology-decisions.md	OUT_OF_SCOPE_ROOT
1476	3599	2026-08-28	md	TEXT	docs/knowledgeos/reviews/synthesis/analysis/phase-archaeology-findings.md	OUT_OF_SCOPE_ROOT
1477	3477	2026-08-28	md	TEXT	docs/knowledgeos/reviews/synthesis/analysis/phase-archaeology-to-v02-map.md	OUT_OF_SCOPE_ROOT
1478	2660	2026-08-28	md	TEXT	docs/knowledgeos/reviews/synthesis/analysis/phase-archaeology-provenance-index.md	OUT_OF_SCOPE_ROOT
1479	5367	2026-08-28	md	TEXT	docs/knowledgeos/reviews/synthesis/analysis/phase-3c-dispositions-resolution.md	OUT_OF_SCOPE_ROOT
1480	12875	2026-08-28	md	TEXT	docs/knowledgeos/reviews/synthesis/analysis/phase-3c-conformance-findings.md	OUT_OF_SCOPE_ROOT
1481	7501	2026-08-28	md	TEXT	docs/knowledgeos/reviews/synthesis/analysis/experiment-registry.md	OUT_OF_SCOPE_ROOT
1482	8674	2026-08-28	md	TEXT	docs/knowledgeos/reviews/synthesis/analysis/phase-archaeology-concept-evolution.md	OUT_OF_SCOPE_ROOT
1483	4629	2026-08-28	md	TEXT	docs/knowledgeos/reviews/synthesis/analysis/phase-archaeology-alternatives.md	OUT_OF_SCOPE_ROOT
1484	4456	2026-08-28	md	TEXT	docs/knowledgeos/reviews/synthesis/analysis/phase-archaeology-gate-report.md	OUT_OF_SCOPE_ROOT
1485	1200	2026-08-28	md	TEXT	docs/knowledgeos/reviews/synthesis/final-architecture/FA-2-reconciliation-ledger.md	OUT_OF_SCOPE_ROOT
1486	1933	2026-08-28	md	TEXT	docs/knowledgeos/reviews/synthesis/final-architecture/FA-4-concept-terminology-reconciliation.md	OUT_OF_SCOPE_ROOT
1487	2028	2026-08-28	md	TEXT	docs/knowledgeos/reviews/synthesis/final-architecture/FA-5-repository-correspondence-map.md	OUT_OF_SCOPE_ROOT
1488	1377	2026-08-28	md	TEXT	docs/knowledgeos/reviews/synthesis/final-architecture/FA-7-provenance-register.md	OUT_OF_SCOPE_ROOT
1489	5143	2026-08-28	md	TEXT	docs/knowledgeos/reviews/synthesis/final-architecture/FA-1-final-architecture-baseline.md	OUT_OF_SCOPE_ROOT
1490	4705	2026-08-28	md	TEXT	docs/knowledgeos/reviews/synthesis/final-architecture/FA-3-architecture-decision-register.md	OUT_OF_SCOPE_ROOT
1491	2031	2026-08-28	md	TEXT	docs/knowledgeos/reviews/synthesis/final-architecture/FA-6-open-questions-register.md	OUT_OF_SCOPE_ROOT
1492	2399	2026-08-28	md	TEXT	docs/knowledgeos/reviews/synthesis/final-architecture/FA-8-gate-report.md	OUT_OF_SCOPE_ROOT
1493	7160	2026-08-28	md	TEXT	docs/knowledgeos/reviews/synthesis/final-architecture/FA-9-ratification-packet.md	OUT_OF_SCOPE_ROOT
1494	7381	2026-08-28	md	TEXT	docs/knowledgeos/reviews/synthesis/analysis/book-architecture-authorization-packet.md	OUT_OF_SCOPE_ROOT
1495	2209	2026-08-28	md	TEXT	docs/knowledgeos/reviews/synthesis/book-architecture/BA-2-content-allocation-map.md	OUT_OF_SCOPE_ROOT
1496	1921	2026-08-28	md	TEXT	docs/knowledgeos/reviews/synthesis/book-architecture/BA-3-terminology-architecture.md	OUT_OF_SCOPE_ROOT
1497	1903	2026-08-28	md	TEXT	docs/knowledgeos/reviews/synthesis/book-architecture/BA-4-provenance-architecture.md	OUT_OF_SCOPE_ROOT
1498	1589	2026-08-28	md	TEXT	docs/knowledgeos/reviews/synthesis/book-architecture/BA-5-verification-architecture.md	OUT_OF_SCOPE_ROOT
1499	1696	2026-08-28	md	TEXT	docs/knowledgeos/reviews/synthesis/book-architecture/BA-6-production-specification.md	OUT_OF_SCOPE_ROOT
1500	1585	2026-08-28	md	TEXT	docs/knowledgeos/reviews/synthesis/book-architecture/BA-7-design-gate-report.md	OUT_OF_SCOPE_ROOT
1501	5138	2026-08-28	md	TEXT	docs/knowledgeos/reviews/synthesis/book-architecture/BA-1-book-structure.md	OUT_OF_SCOPE_ROOT
1502	3046	2026-08-28	md	TEXT	docs/knowledgeos/reviews/synthesis/book/part-3-architecture/03-01-the-five-layers/chapter.md	OUT_OF_SCOPE_ROOT
1503	634	2026-08-28	md	TEXT	docs/knowledgeos/reviews/synthesis/book/part-3-architecture/03-01-the-five-layers/evidence-map.md	OUT_OF_SCOPE_ROOT
1504	620	2026-08-28	md	TEXT	docs/knowledgeos/reviews/synthesis/book/part-3-architecture/03-01-the-five-layers/claims.md	OUT_OF_SCOPE_ROOT
1505	171	2026-08-28	md	TEXT	docs/knowledgeos/reviews/synthesis/book/part-3-architecture/03-01-the-five-layers/unresolved.md	OUT_OF_SCOPE_ROOT
1506	2786	2026-08-28	md	TEXT	docs/knowledgeos/reviews/synthesis/book/part-3-architecture/03-02-the-knower-and-the-frame/chapter.md	OUT_OF_SCOPE_ROOT
1507	691	2026-08-28	md	TEXT	docs/knowledgeos/reviews/synthesis/book/part-3-architecture/03-02-the-knower-and-the-frame/evidence-map.md	OUT_OF_SCOPE_ROOT
1508	562	2026-08-28	md	TEXT	docs/knowledgeos/reviews/synthesis/book/part-3-architecture/03-02-the-knower-and-the-frame/claims.md	OUT_OF_SCOPE_ROOT
1509	119	2026-08-28	md	TEXT	docs/knowledgeos/reviews/synthesis/book/part-3-architecture/03-02-the-knower-and-the-frame/unresolved.md	OUT_OF_SCOPE_ROOT
1510	2265	2026-08-28	md	TEXT	docs/knowledgeos/reviews/synthesis/book/part-3-architecture/03-03-knowledge-and-the-world/chapter.md	OUT_OF_SCOPE_ROOT
1511	758	2026-08-28	md	TEXT	docs/knowledgeos/reviews/synthesis/book/part-3-architecture/03-03-knowledge-and-the-world/evidence-map.md	OUT_OF_SCOPE_ROOT
1512	336	2026-08-28	md	TEXT	docs/knowledgeos/reviews/synthesis/book/part-3-architecture/03-03-knowledge-and-the-world/claims.md	OUT_OF_SCOPE_ROOT
1513	159	2026-08-28	md	TEXT	docs/knowledgeos/reviews/synthesis/book/part-3-architecture/03-03-knowledge-and-the-world/unresolved.md	OUT_OF_SCOPE_ROOT
1514	2491	2026-08-28	md	TEXT	docs/knowledgeos/reviews/synthesis/book/part-3-architecture/03-04-zero-the-gap-that-drives-inquiry/chapter.md	OUT_OF_SCOPE_ROOT
1515	622	2026-08-28	md	TEXT	docs/knowledgeos/reviews/synthesis/book/part-3-architecture/03-04-zero-the-gap-that-drives-inquiry/evidence-map.md	OUT_OF_SCOPE_ROOT
1516	404	2026-08-28	md	TEXT	docs/knowledgeos/reviews/synthesis/book/part-3-architecture/03-04-zero-the-gap-that-drives-inquiry/claims.md	OUT_OF_SCOPE_ROOT
1517	113	2026-08-28	md	TEXT	docs/knowledgeos/reviews/synthesis/book/part-3-architecture/03-04-zero-the-gap-that-drives-inquiry/unresolved.md	OUT_OF_SCOPE_ROOT
1518	2363	2026-08-28	md	TEXT	docs/knowledgeos/reviews/synthesis/book/part-3-architecture/03-05-evidence-and-its-algebra/chapter.md	OUT_OF_SCOPE_ROOT
1519	555	2026-08-28	md	TEXT	docs/knowledgeos/reviews/synthesis/book/part-3-architecture/03-05-evidence-and-its-algebra/evidence-map.md	OUT_OF_SCOPE_ROOT
1520	323	2026-08-28	md	TEXT	docs/knowledgeos/reviews/synthesis/book/part-3-architecture/03-05-evidence-and-its-algebra/claims.md	OUT_OF_SCOPE_ROOT
1521	314	2026-08-28	md	TEXT	docs/knowledgeos/reviews/synthesis/book/part-3-architecture/03-05-evidence-and-its-algebra/unresolved.md	OUT_OF_SCOPE_ROOT
1522	2685	2026-08-28	md	TEXT	docs/knowledgeos/reviews/synthesis/book/part-3-architecture/03-06-states-and-admission/chapter.md	OUT_OF_SCOPE_ROOT
1523	659	2026-08-28	md	TEXT	docs/knowledgeos/reviews/synthesis/book/part-3-architecture/03-06-states-and-admission/evidence-map.md	OUT_OF_SCOPE_ROOT
1524	359	2026-08-28	md	TEXT	docs/knowledgeos/reviews/synthesis/book/part-3-architecture/03-06-states-and-admission/claims.md	OUT_OF_SCOPE_ROOT
1525	238	2026-08-28	md	TEXT	docs/knowledgeos/reviews/synthesis/book/part-3-architecture/03-06-states-and-admission/unresolved.md	OUT_OF_SCOPE_ROOT
1526	2367	2026-08-28	md	TEXT	docs/knowledgeos/reviews/synthesis/book/part-3-architecture/03-07-decision-authorization-action/chapter.md	OUT_OF_SCOPE_ROOT
1527	654	2026-08-28	md	TEXT	docs/knowledgeos/reviews/synthesis/book/part-3-architecture/03-07-decision-authorization-action/evidence-map.md	OUT_OF_SCOPE_ROOT
1528	363	2026-08-28	md	TEXT	docs/knowledgeos/reviews/synthesis/book/part-3-architecture/03-07-decision-authorization-action/claims.md	OUT_OF_SCOPE_ROOT
1529	111	2026-08-28	md	TEXT	docs/knowledgeos/reviews/synthesis/book/part-3-architecture/03-07-decision-authorization-action/unresolved.md	OUT_OF_SCOPE_ROOT
1530	2379	2026-08-28	md	TEXT	docs/knowledgeos/reviews/synthesis/book/part-3-architecture/03-08-the-policy-that-governs-itself/chapter.md	OUT_OF_SCOPE_ROOT
1531	536	2026-08-28	md	TEXT	docs/knowledgeos/reviews/synthesis/book/part-3-architecture/03-08-the-policy-that-governs-itself/evidence-map.md	OUT_OF_SCOPE_ROOT
1532	291	2026-08-28	md	TEXT	docs/knowledgeos/reviews/synthesis/book/part-3-architecture/03-08-the-policy-that-governs-itself/claims.md	OUT_OF_SCOPE_ROOT
1533	230	2026-08-28	md	TEXT	docs/knowledgeos/reviews/synthesis/book/part-3-architecture/03-08-the-policy-that-governs-itself/unresolved.md	OUT_OF_SCOPE_ROOT
1534	2014	2026-08-28	md	TEXT	docs/knowledgeos/reviews/synthesis/book/part-3-architecture/03-09-three-kernels/chapter.md	OUT_OF_SCOPE_ROOT
1535	497	2026-08-28	md	TEXT	docs/knowledgeos/reviews/synthesis/book/part-3-architecture/03-09-three-kernels/evidence-map.md	OUT_OF_SCOPE_ROOT
1536	309	2026-08-28	md	TEXT	docs/knowledgeos/reviews/synthesis/book/part-3-architecture/03-09-three-kernels/claims.md	OUT_OF_SCOPE_ROOT
1537	158	2026-08-28	md	TEXT	docs/knowledgeos/reviews/synthesis/book/part-3-architecture/03-09-three-kernels/unresolved.md	OUT_OF_SCOPE_ROOT
1538	414	2026-08-28	md	TEXT	docs/knowledgeos/reviews/synthesis/book/part-3-architecture/03-10-the-invariants/evidence-map.md	OUT_OF_SCOPE_ROOT
1539	111	2026-08-28	md	TEXT	docs/knowledgeos/reviews/synthesis/book/part-3-architecture/03-10-the-invariants/unresolved.md	OUT_OF_SCOPE_ROOT
1540	2241	2026-08-28	md	TEXT	docs/knowledgeos/reviews/synthesis/book/part-1-discovery/01-01-the-problem-before-the-system/chapter.md	OUT_OF_SCOPE_ROOT
1541	621	2026-08-28	md	TEXT	docs/knowledgeos/reviews/synthesis/book/part-1-discovery/01-01-the-problem-before-the-system/evidence-map.md	OUT_OF_SCOPE_ROOT
1542	287	2026-08-28	md	TEXT	docs/knowledgeos/reviews/synthesis/book/part-1-discovery/01-01-the-problem-before-the-system/claims.md	OUT_OF_SCOPE_ROOT
1543	69	2026-08-28	md	TEXT	docs/knowledgeos/reviews/synthesis/book/part-1-discovery/01-01-the-problem-before-the-system/unresolved.md	OUT_OF_SCOPE_ROOT
1544	111	2026-08-28	md	TEXT	docs/knowledgeos/reviews/synthesis/book/part-1-discovery/01-02-the-constitutional-turn/unresolved.md	OUT_OF_SCOPE_ROOT
1545	2443	2026-08-28	md	TEXT	docs/knowledgeos/reviews/synthesis/book/part-1-discovery/01-03-the-lens-programme/chapter.md	OUT_OF_SCOPE_ROOT
1546	704	2026-08-28	md	TEXT	docs/knowledgeos/reviews/synthesis/book/part-1-discovery/01-03-the-lens-programme/evidence-map.md	OUT_OF_SCOPE_ROOT
1547	322	2026-08-28	md	TEXT	docs/knowledgeos/reviews/synthesis/book/part-1-discovery/01-03-the-lens-programme/claims.md	OUT_OF_SCOPE_ROOT
1548	188	2026-08-28	md	TEXT	docs/knowledgeos/reviews/synthesis/book/part-1-discovery/01-03-the-lens-programme/unresolved.md	OUT_OF_SCOPE_ROOT
1549	2383	2026-08-28	md	TEXT	docs/knowledgeos/reviews/synthesis/book/part-1-discovery/01-04-the-measure-theory-crisis/chapter.md	OUT_OF_SCOPE_ROOT
1550	582	2026-08-28	md	TEXT	docs/knowledgeos/reviews/synthesis/book/part-1-discovery/01-04-the-measure-theory-crisis/evidence-map.md	OUT_OF_SCOPE_ROOT
1551	382	2026-08-28	md	TEXT	docs/knowledgeos/reviews/synthesis/book/part-1-discovery/01-04-the-measure-theory-crisis/claims.md	OUT_OF_SCOPE_ROOT
1552	76	2026-08-28	md	TEXT	docs/knowledgeos/reviews/synthesis/book/part-1-discovery/01-04-the-measure-theory-crisis/unresolved.md	OUT_OF_SCOPE_ROOT
1553	2371	2026-08-28	md	TEXT	docs/knowledgeos/reviews/synthesis/book/part-1-discovery/01-05-questions-the-charioteer-and-the-lord/chapter.md	OUT_OF_SCOPE_ROOT
1554	631	2026-08-28	md	TEXT	docs/knowledgeos/reviews/synthesis/book/part-1-discovery/01-05-questions-the-charioteer-and-the-lord/evidence-map.md	OUT_OF_SCOPE_ROOT
1555	354	2026-08-28	md	TEXT	docs/knowledgeos/reviews/synthesis/book/part-1-discovery/01-05-questions-the-charioteer-and-the-lord/claims.md	OUT_OF_SCOPE_ROOT
1556	146	2026-08-28	md	TEXT	docs/knowledgeos/reviews/synthesis/book/part-1-discovery/01-05-questions-the-charioteer-and-the-lord/unresolved.md	OUT_OF_SCOPE_ROOT
1557	2400	2026-08-28	md	TEXT	docs/knowledgeos/reviews/synthesis/book/part-1-discovery/01-06-formalization-attacks-itself/chapter.md	OUT_OF_SCOPE_ROOT
1558	537	2026-08-28	md	TEXT	docs/knowledgeos/reviews/synthesis/book/part-1-discovery/01-06-formalization-attacks-itself/evidence-map.md	OUT_OF_SCOPE_ROOT
1559	278	2026-08-28	md	TEXT	docs/knowledgeos/reviews/synthesis/book/part-1-discovery/01-06-formalization-attacks-itself/claims.md	OUT_OF_SCOPE_ROOT
1560	171	2026-08-28	md	TEXT	docs/knowledgeos/reviews/synthesis/book/part-1-discovery/01-06-formalization-attacks-itself/unresolved.md	OUT_OF_SCOPE_ROOT
1561	543	2026-08-28	md	TEXT	docs/knowledgeos/reviews/synthesis/book/part-2-reconstruction/02-01-archaeology-before-architecture/evidence-map.md	OUT_OF_SCOPE_ROOT
1562	84	2026-08-28	md	TEXT	docs/knowledgeos/reviews/synthesis/book/part-2-reconstruction/02-01-archaeology-before-architecture/unresolved.md	OUT_OF_SCOPE_ROOT
1563	2163	2026-08-28	md	TEXT	docs/knowledgeos/reviews/synthesis/book/part-2-reconstruction/02-02-grades-and-the-final-rule/chapter.md	OUT_OF_SCOPE_ROOT
1564	536	2026-08-28	md	TEXT	docs/knowledgeos/reviews/synthesis/book/part-2-reconstruction/02-02-grades-and-the-final-rule/evidence-map.md	OUT_OF_SCOPE_ROOT
1565	205	2026-08-28	md	TEXT	docs/knowledgeos/reviews/synthesis/book/part-2-reconstruction/02-02-grades-and-the-final-rule/claims.md	OUT_OF_SCOPE_ROOT
1566	52	2026-08-28	md	TEXT	docs/knowledgeos/reviews/synthesis/book/part-2-reconstruction/02-02-grades-and-the-final-rule/unresolved.md	OUT_OF_SCOPE_ROOT
1567	493	2026-08-28	md	TEXT	docs/knowledgeos/reviews/synthesis/book/part-2-reconstruction/02-03-falsification-under-authority/evidence-map.md	OUT_OF_SCOPE_ROOT
1568	126	2026-08-28	md	TEXT	docs/knowledgeos/reviews/synthesis/book/part-2-reconstruction/02-03-falsification-under-authority/unresolved.md	OUT_OF_SCOPE_ROOT
1569	2358	2026-08-28	md	TEXT	docs/knowledgeos/reviews/synthesis/book/part-2-reconstruction/02-04-conformance-and-the-living-repository/chapter.md	OUT_OF_SCOPE_ROOT
1570	504	2026-08-28	md	TEXT	docs/knowledgeos/reviews/synthesis/book/part-2-reconstruction/02-04-conformance-and-the-living-repository/evidence-map.md	OUT_OF_SCOPE_ROOT
1571	217	2026-08-28	md	TEXT	docs/knowledgeos/reviews/synthesis/book/part-2-reconstruction/02-04-conformance-and-the-living-repository/claims.md	OUT_OF_SCOPE_ROOT
1572	148	2026-08-28	md	TEXT	docs/knowledgeos/reviews/synthesis/book/part-2-reconstruction/02-04-conformance-and-the-living-repository/unresolved.md	OUT_OF_SCOPE_ROOT
1573	2368	2026-08-28	md	TEXT	docs/knowledgeos/reviews/synthesis/book/part-4-implications/04-01-engineering-with-knowledgeos/chapter.md	OUT_OF_SCOPE_ROOT
1574	467	2026-08-28	md	TEXT	docs/knowledgeos/reviews/synthesis/book/part-4-implications/04-01-engineering-with-knowledgeos/evidence-map.md	OUT_OF_SCOPE_ROOT
1575	290	2026-08-28	md	TEXT	docs/knowledgeos/reviews/synthesis/book/part-4-implications/04-01-engineering-with-knowledgeos/claims.md	OUT_OF_SCOPE_ROOT
1576	127	2026-08-28	md	TEXT	docs/knowledgeos/reviews/synthesis/book/part-4-implications/04-01-engineering-with-knowledgeos/unresolved.md	OUT_OF_SCOPE_ROOT
1577	2228	2026-08-28	md	TEXT	docs/knowledgeos/reviews/synthesis/book/part-4-implications/04-02-ai-agents-under-epistemic-governance/chapter.md	OUT_OF_SCOPE_ROOT
1578	407	2026-08-28	md	TEXT	docs/knowledgeos/reviews/synthesis/book/part-4-implications/04-02-ai-agents-under-epistemic-governance/evidence-map.md	OUT_OF_SCOPE_ROOT
1579	238	2026-08-28	md	TEXT	docs/knowledgeos/reviews/synthesis/book/part-4-implications/04-02-ai-agents-under-epistemic-governance/claims.md	OUT_OF_SCOPE_ROOT
1580	120	2026-08-28	md	TEXT	docs/knowledgeos/reviews/synthesis/book/part-4-implications/04-02-ai-agents-under-epistemic-governance/unresolved.md	OUT_OF_SCOPE_ROOT
1581	1874	2026-08-28	md	TEXT	docs/knowledgeos/reviews/synthesis/book/part-4-implications/04-03-parallel-lanes-and-future-intake/chapter.md	OUT_OF_SCOPE_ROOT
1582	405	2026-08-28	md	TEXT	docs/knowledgeos/reviews/synthesis/book/part-4-implications/04-03-parallel-lanes-and-future-intake/evidence-map.md	OUT_OF_SCOPE_ROOT
1583	206	2026-08-28	md	TEXT	docs/knowledgeos/reviews/synthesis/book/part-4-implications/04-03-parallel-lanes-and-future-intake/claims.md	OUT_OF_SCOPE_ROOT
1584	94	2026-08-28	md	TEXT	docs/knowledgeos/reviews/synthesis/book/part-4-implications/04-03-parallel-lanes-and-future-intake/unresolved.md	OUT_OF_SCOPE_ROOT
1585	2932	2026-08-28	md	TEXT	docs/knowledgeos/reviews/synthesis/book/part-4-implications/04-04-what-remains-open/chapter.md	OUT_OF_SCOPE_ROOT
1586	319	2026-08-28	md	TEXT	docs/knowledgeos/reviews/synthesis/book/part-4-implications/04-04-what-remains-open/evidence-map.md	OUT_OF_SCOPE_ROOT
1587	244	2026-08-28	md	TEXT	docs/knowledgeos/reviews/synthesis/book/part-4-implications/04-04-what-remains-open/claims.md	OUT_OF_SCOPE_ROOT
1588	92	2026-08-28	md	TEXT	docs/knowledgeos/reviews/synthesis/book/part-4-implications/04-04-what-remains-open/unresolved.md	OUT_OF_SCOPE_ROOT
1589	2483	2026-08-28	md	TEXT	docs/knowledgeos/reviews/synthesis/book/part-4-implications/04-05-how-to-read-this-books-evidence/chapter.md	OUT_OF_SCOPE_ROOT
1590	430	2026-08-28	md	TEXT	docs/knowledgeos/reviews/synthesis/book/part-4-implications/04-05-how-to-read-this-books-evidence/evidence-map.md	OUT_OF_SCOPE_ROOT
1591	309	2026-08-28	md	TEXT	docs/knowledgeos/reviews/synthesis/book/part-4-implications/04-05-how-to-read-this-books-evidence/claims.md	OUT_OF_SCOPE_ROOT
1592	171	2026-08-28	md	TEXT	docs/knowledgeos/reviews/synthesis/book/part-4-implications/04-05-how-to-read-this-books-evidence/unresolved.md	OUT_OF_SCOPE_ROOT
1593	1965	2026-08-28	md	TEXT	docs/knowledgeos/reviews/synthesis/book/provenance-index.md	OUT_OF_SCOPE_ROOT
1594	6219	2026-08-28	md	TEXT	docs/knowledgeos/reviews/synthesis/analysis/book-review-acceptance-packet.md	OUT_OF_SCOPE_ROOT
1595	8094	2026-08-28	md	TEXT	docs/knowledgeos/reviews/synthesis/analysis/book-independent-review.md	OUT_OF_SCOPE_ROOT
1596	2780	2026-08-28	md	TEXT	docs/knowledgeos/reviews/synthesis/book/part-1-discovery/01-02-the-constitutional-turn/chapter.md	OUT_OF_SCOPE_ROOT
1597	852	2026-08-28	md	TEXT	docs/knowledgeos/reviews/synthesis/book/part-1-discovery/01-02-the-constitutional-turn/evidence-map.md	OUT_OF_SCOPE_ROOT
1598	561	2026-08-28	md	TEXT	docs/knowledgeos/reviews/synthesis/book/part-1-discovery/01-02-the-constitutional-turn/claims.md	OUT_OF_SCOPE_ROOT
1599	426	2026-08-28	md	TEXT	docs/knowledgeos/reviews/synthesis/book/part-3-architecture/03-10-the-invariants/claims.md	OUT_OF_SCOPE_ROOT
1600	2554	2026-08-28	md	TEXT	docs/knowledgeos/reviews/synthesis/book/part-2-reconstruction/02-03-falsification-under-authority/chapter.md	OUT_OF_SCOPE_ROOT
1601	334	2026-08-28	md	TEXT	docs/knowledgeos/reviews/synthesis/book/part-2-reconstruction/02-03-falsification-under-authority/claims.md	OUT_OF_SCOPE_ROOT
1602	2611	2026-08-28	md	TEXT	docs/knowledgeos/reviews/synthesis/book/part-2-reconstruction/02-01-archaeology-before-architecture/chapter.md	OUT_OF_SCOPE_ROOT
1603	366	2026-08-28	md	TEXT	docs/knowledgeos/reviews/synthesis/book/part-2-reconstruction/02-01-archaeology-before-architecture/claims.md	OUT_OF_SCOPE_ROOT
1604	2339	2026-08-28	md	TEXT	docs/knowledgeos/reviews/synthesis/book/part-3-architecture/03-10-the-invariants/chapter.md	OUT_OF_SCOPE_ROOT
1605	2759	2026-08-28	md	TEXT	docs/knowledgeos/reviews/synthesis/analysis/book-acceptance-packet.md	OUT_OF_SCOPE_ROOT
1606	1130	2026-08-28	md	TEXT	docs/knowledgeos/reviews/synthesis/book/00-book-index.md	OUT_OF_SCOPE_ROOT
1607	5498	2026-08-28	md	TEXT	docs/knowledgeos/reviews/synthesis/README.md	OUT_OF_SCOPE_ROOT
1608	44091	2026-08-28	md	TEXT	docs/knowledgeos/reviews/synthesis/analysis/book-depth-assessment.md	OUT_OF_SCOPE_ROOT
1609	20872	2026-08-28	md	TEXT	docs/knowledgeos/reviews/synthesis/analysis/book-edition-2-plan.md	OUT_OF_SCOPE_ROOT
1610	1038	2026-08-28	md	TEXT	docs/knowledgeos/reviews/synthesis/book-edition-2/part-3-architecture/03-01-the-five-layers/evidence-map.md	OUT_OF_SCOPE_ROOT
1611	134	2026-08-28	md	TEXT	docs/knowledgeos/reviews/synthesis/book-edition-2/part-3-architecture/03-01-the-five-layers/unresolved.md	OUT_OF_SCOPE_ROOT
1612	1263	2026-08-28	md	TEXT	docs/knowledgeos/reviews/synthesis/book-edition-2/part-3-architecture/03-02-the-knower-and-the-frame/evidence-map.md	OUT_OF_SCOPE_ROOT
1613	12456	2026-08-28	md	TEXT	docs/knowledgeos/reviews/kernel/session2/S2-F024-review-of-s1-f009-the-equilibrium-criterion-is-a-schema-not-a-criterion.md	OUT_OF_SCOPE_ROOT
1614	3898	2026-08-28	md	TEXT	docs/knowledgeos/reviews/kernel/session2/S2-R-F002-review-of-s1-f002-ubiquitous-language-instability.md	OUT_OF_SCOPE_ROOT
1615	4025	2026-08-28	md	TEXT	docs/knowledgeos/reviews/kernel/session2/S2-R-F003-review-of-s1-f003-kernel-member-candidates-diverge.md	OUT_OF_SCOPE_ROOT
1616	6311	2026-08-28	md	TEXT	docs/knowledgeos/reviews/kernel/session2/S2-R-F004-review-of-s1-f004-no-established-kernel-category-determinism.md	OUT_OF_SCOPE_ROOT
1617	5631	2026-08-28	md	TEXT	docs/knowledgeos/reviews/kernel/session2/S2-R-F005-review-of-s1-f005-mathematics-describes-kernel-protects.md	OUT_OF_SCOPE_ROOT
1618	9744	2026-08-28	md	TEXT	docs/knowledgeos/reviews/kernel/session2/S2-R-F010-review-of-s1-f010-admission-as-first-transition-and-withdrawn.md	OUT_OF_SCOPE_ROOT
1619	1585	2026-08-28	md	TEXT	docs/knowledgeos/reviews/synthesis/book-edition-2/part-3-architecture/03-05-evidence-and-its-algebra/evidence-map.md	OUT_OF_SCOPE_ROOT
1620	9646	2026-08-28	md	TEXT	docs/knowledgeos/reviews/kernel/session2/S2-R-F011-review-of-s1-f011-transformation-boundary-and-sixteen-exclusions.md	OUT_OF_SCOPE_ROOT
1621	10495	2026-08-28	md	TEXT	docs/knowledgeos/reviews/kernel/session2/S2-R-F012-review-of-s1-f012-epistemic-accountability-core.md	OUT_OF_SCOPE_ROOT
1622	2010	2026-08-28	md	TEXT	docs/knowledgeos/reviews/synthesis/book-edition-2/part-3-architecture/03-04-zero-the-gap-that-drives-inquiry/evidence-map.md	OUT_OF_SCOPE_ROOT
1623	9017	2026-08-28	md	TEXT	docs/knowledgeos/reviews/kernel/session2/S2-R-F013-review-of-s1-f013-eightfold-unresolved-and-the-classification-blocker.md	OUT_OF_SCOPE_ROOT
1624	1828	2026-08-28	md	TEXT	docs/knowledgeos/reviews/synthesis/book-edition-2/part-3-architecture/03-03-knowledge-and-the-world/evidence-map.md	OUT_OF_SCOPE_ROOT
1625	444	2026-08-28	md	TEXT	docs/knowledgeos/reviews/synthesis/book-edition-2/part-3-architecture/03-03-knowledge-and-the-world/unresolved.md	OUT_OF_SCOPE_ROOT
1626	7881	2026-08-28	md	TEXT	docs/knowledgeos/reviews/kernel/session2/S2-R-F014-review-of-s1-f014-states-as-projections-and-six-contradictions.md	OUT_OF_SCOPE_ROOT
1627	10338	2026-08-28	md	TEXT	docs/knowledgeos/reviews/kernel/session2/S2-R-F015-review-of-s1-f015-twelve-questions-and-content-mutability.md	OUT_OF_SCOPE_ROOT
1628	10419	2026-08-28	md	TEXT	docs/knowledgeos/reviews/kernel/session2/S2-R-F016-review-of-s1-f016-aggregate-falsification-and-the-arrival-count.md	OUT_OF_SCOPE_ROOT
1629	6273	2026-08-28	md	TEXT	docs/knowledgeos/reviews/kernel/session2/S2-R-F017-review-of-s1-f017-phase-consolidation.md	OUT_OF_SCOPE_ROOT
1630	8049	2026-08-28	md	TEXT	docs/knowledgeos/reviews/kernel/session2/S2-R-F018-review-of-s1-f018-evidence-entity-or-value-object.md	OUT_OF_SCOPE_ROOT
1631	1836	2026-08-28	md	TEXT	docs/knowledgeos/reviews/synthesis/book-edition-2/part-3-architecture/03-06-states-and-admission/evidence-map.md	OUT_OF_SCOPE_ROOT
1632	395	2026-08-28	md	TEXT	docs/knowledgeos/reviews/synthesis/book-edition-2/part-3-architecture/03-06-states-and-admission/unresolved.md	OUT_OF_SCOPE_ROOT
1633	9227	2026-08-28	md	TEXT	docs/knowledgeos/reviews/kernel/session2/S2-R-F019-review-of-s1-f019-fourteen-lens-vote.md	OUT_OF_SCOPE_ROOT
1634	1792	2026-08-28	md	TEXT	docs/knowledgeos/reviews/synthesis/book-edition-2/part-3-architecture/03-07-decision-authorization-action/evidence-map.md	OUT_OF_SCOPE_ROOT
1635	338	2026-08-28	md	TEXT	docs/knowledgeos/reviews/synthesis/book-edition-2/part-3-architecture/03-07-decision-authorization-action/unresolved.md	OUT_OF_SCOPE_ROOT
1636	6958	2026-08-28	md	TEXT	docs/knowledgeos/reviews/kernel/session2/S2-R-F020-review-of-s1-f020-adr-three-altitudes.md	OUT_OF_SCOPE_ROOT
1637	6608	2026-08-28	md	TEXT	docs/knowledgeos/reviews/kernel/session2/S2-R-F021-review-of-s1-f021-lens-layers-and-the-boring-kernel.md	OUT_OF_SCOPE_ROOT
1638	8460	2026-08-28	md	TEXT	docs/knowledgeos/reviews/kernel/session2/S2-R-F022-review-of-s1-f022-lens-commission-falsification-routing.md	OUT_OF_SCOPE_ROOT
1639	6774	2026-08-28	md	TEXT	docs/knowledgeos/reviews/kernel/session2/S2-R-F023-review-of-s1-f023-tarka-instrument-and-absence-typology.md	OUT_OF_SCOPE_ROOT
1640	1567	2026-08-28	md	TEXT	docs/knowledgeos/reviews/synthesis/book-edition-2/part-3-architecture/03-08-the-policy-that-governs-itself/evidence-map.md	OUT_OF_SCOPE_ROOT
1641	328	2026-08-28	md	TEXT	docs/knowledgeos/reviews/synthesis/book-edition-2/part-3-architecture/03-08-the-policy-that-governs-itself/unresolved.md	OUT_OF_SCOPE_ROOT
1642	8209	2026-08-28	md	TEXT	docs/knowledgeos/reviews/kernel/session2/S2-R-F024-review-of-s1-f024-book-extraction-register.md	OUT_OF_SCOPE_ROOT
1643	8489	2026-08-28	md	TEXT	docs/knowledgeos/reviews/kernel/session2/S2-R-F025-review-of-s1-f025-anti-reasoner-constraint.md	OUT_OF_SCOPE_ROOT
1644	5524	2026-08-28	md	TEXT	docs/knowledgeos/reviews/kernel/session2/S2-R-F026-review-of-s1-f026-phase-closure.md	OUT_OF_SCOPE_ROOT
1645	7208	2026-08-28	md	TEXT	docs/knowledgeos/reviews/kernel/session2/S2-R-F027-review-of-s1-f027-inference-licensing-constraints.md	OUT_OF_SCOPE_ROOT
1646	6373	2026-08-28	md	TEXT	docs/knowledgeos/reviews/kernel/session2/S2-R-F028-review-of-s1-f028-governance-artifact-and-a-provenance-loop.md	OUT_OF_SCOPE_ROOT
1647	10817	2026-08-28	md	TEXT	docs/knowledgeos/reviews/synthesis/book-edition-2/production-log.md	OUT_OF_SCOPE_ROOT
1648	6370	2026-08-28	md	TEXT	docs/knowledgeos/reviews/kernel/session2/S2-R-F029-review-of-s1-f029-abstention-and-evidence-roles.md	OUT_OF_SCOPE_ROOT
1649	6515	2026-08-28	md	TEXT	docs/knowledgeos/reviews/kernel/session2/S2-R-F030-review-of-s1-f030-evidence-acquisition.md	OUT_OF_SCOPE_ROOT
1650	6270	2026-08-28	md	TEXT	docs/knowledgeos/reviews/kernel/session2/S2-R-F031-review-of-s1-f031-ziran-identity-challenge.md	OUT_OF_SCOPE_ROOT
1651	18912	2026-08-28	md	TEXT	docs/knowledgeos/reviews/synthesis/book-edition-2/part-3-architecture/03-01-the-five-layers/chapter.md	OUT_OF_SCOPE_ROOT
1652	19625	2026-08-28	md	TEXT	docs/knowledgeos/reviews/synthesis/book-edition-2/part-3-architecture/03-03-knowledge-and-the-world/chapter.md	OUT_OF_SCOPE_ROOT
1653	17299	2026-08-28	md	TEXT	docs/knowledgeos/reviews/synthesis/book-edition-2/part-3-architecture/03-07-decision-authorization-action/chapter.md	OUT_OF_SCOPE_ROOT
1654	22136	2026-08-28	md	TEXT	docs/knowledgeos/reviews/synthesis/book-edition-2/part-3-architecture/03-04-zero-the-gap-that-drives-inquiry/chapter.md	OUT_OF_SCOPE_ROOT
1655	17991	2026-08-28	md	TEXT	docs/knowledgeos/reviews/synthesis/book-edition-2/part-3-architecture/03-08-the-policy-that-governs-itself/chapter.md	OUT_OF_SCOPE_ROOT
1656	340	2026-08-28	md	TEXT	docs/knowledgeos/reviews/synthesis/book-edition-2/part-3-architecture/03-02-the-knower-and-the-frame/unresolved.md	OUT_OF_SCOPE_ROOT
1657	524	2026-08-28	md	TEXT	docs/knowledgeos/reviews/synthesis/book-edition-2/part-3-architecture/03-04-zero-the-gap-that-drives-inquiry/unresolved.md	OUT_OF_SCOPE_ROOT
1658	492	2026-08-28	md	TEXT	docs/knowledgeos/reviews/synthesis/book-edition-2/part-3-architecture/03-05-evidence-and-its-algebra/unresolved.md	OUT_OF_SCOPE_ROOT
1659	21587	2026-08-28	md	TEXT	docs/knowledgeos/reviews/synthesis/book-edition-2/part-3-architecture/03-05-evidence-and-its-algebra/chapter.md	OUT_OF_SCOPE_ROOT
1660	1168	2026-08-28	md	TEXT	docs/knowledgeos/reviews/synthesis/book-edition-2/part-3-architecture/03-01-the-five-layers/claims.md	OUT_OF_SCOPE_ROOT
1661	1945	2026-08-28	md	TEXT	docs/knowledgeos/reviews/synthesis/book-edition-2/part-3-architecture/03-03-knowledge-and-the-world/claims.md	OUT_OF_SCOPE_ROOT
1662	2059	2026-08-28	md	TEXT	docs/knowledgeos/reviews/synthesis/book-edition-2/part-3-architecture/03-04-zero-the-gap-that-drives-inquiry/claims.md	OUT_OF_SCOPE_ROOT
1663	1672	2026-08-28	md	TEXT	docs/knowledgeos/reviews/synthesis/book-edition-2/part-3-architecture/03-05-evidence-and-its-algebra/claims.md	OUT_OF_SCOPE_ROOT
1664	2244	2026-08-28	md	TEXT	docs/knowledgeos/reviews/synthesis/book-edition-2/part-3-architecture/03-06-states-and-admission/claims.md	OUT_OF_SCOPE_ROOT
1665	1833	2026-08-28	md	TEXT	docs/knowledgeos/reviews/synthesis/book-edition-2/part-3-architecture/03-07-decision-authorization-action/claims.md	OUT_OF_SCOPE_ROOT
1666	1966	2026-08-28	md	TEXT	docs/knowledgeos/reviews/synthesis/book-edition-2/part-3-architecture/03-08-the-policy-that-governs-itself/claims.md	OUT_OF_SCOPE_ROOT
1667	5093	2026-08-28	md	TEXT	docs/knowledgeos/reviews/kernel/session2/S2-R-F032-review-of-s1-f032-formal-regimes-and-no-single-score.md	OUT_OF_SCOPE_ROOT
1668	5658	2026-08-28	md	TEXT	docs/knowledgeos/reviews/kernel/session2/S2-R-F033-review-of-s1-f033-eir-and-the-cost-argument.md	OUT_OF_SCOPE_ROOT
1669	7443	2026-08-28	md	TEXT	docs/knowledgeos/reviews/kernel/session2/S2-R-F034-review-of-s1-f034-sufficient-state.md	OUT_OF_SCOPE_ROOT
1670	16313	2026-08-28	md	TEXT	docs/knowledgeos/reviews/kernel/session2/S2-X-cross-track-observation-register.md	OUT_OF_SCOPE_ROOT
1671	8866	2026-08-28	md	TEXT	docs/knowledgeos/reviews/kernel/session2/S2-R-F001-review-of-s1-f001-authority-temporal-semantics-gap.md	OUT_OF_SCOPE_ROOT
1672	5864	2026-08-28	md	TEXT	docs/knowledgeos/reviews/kernel/session2/S2-R-F035-review-of-s1-f035-counterfactual-robustness-and-route.md	OUT_OF_SCOPE_ROOT
1673	11785	2026-08-28	md	TEXT	docs/knowledgeos/reviews/kernel/session2/S2-R-F036-review-of-s1-f036-minimum-preservation-unit.md	OUT_OF_SCOPE_ROOT
1674	7821	2026-08-28	md	TEXT	docs/knowledgeos/reviews/kernel/session2/S2-R-F037-review-of-s1-f037-modelling-prohibitions.md	OUT_OF_SCOPE_ROOT
1675	13726	2026-08-28	py	CODE	docs/knowledgeos/reviews/synthesis/analysis/mathematical-tests/exp01_recheck.py	OUT_OF_SCOPE_ROOT
1676	7503	2026-08-28	txt	TEXT	docs/knowledgeos/reviews/synthesis/analysis/mathematical-tests/exp01_recheck_output.txt	OUT_OF_SCOPE_ROOT
1677	7079	2026-08-28	py	CODE	docs/knowledgeos/reviews/synthesis/analysis/mathematical-tests/zero_reference.py	OUT_OF_SCOPE_ROOT
1678	7093	2026-08-28	py	CODE	docs/knowledgeos/reviews/synthesis/analysis/mathematical-tests/ladder_dc_reference.py	OUT_OF_SCOPE_ROOT
1679	1751	2026-08-28	txt	TEXT	docs/knowledgeos/reviews/synthesis/analysis/mathematical-tests/zero_reference_output.txt	OUT_OF_SCOPE_ROOT
1680	2080	2026-08-28	txt	TEXT	docs/knowledgeos/reviews/synthesis/analysis/mathematical-tests/ladder_dc_reference_output.txt	OUT_OF_SCOPE_ROOT
1681	5243	2026-08-28	md	TEXT	docs/knowledgeos/reviews/kernel/session2/S2-R-F038-review-of-s1-f038-substrate-and-measure.md	OUT_OF_SCOPE_ROOT
1682	6054	2026-08-28	md	TEXT	docs/knowledgeos/reviews/kernel/session2/S2-R-F039-review-of-s1-f039-preserve-not-perform.md	OUT_OF_SCOPE_ROOT
1683	7041	2026-08-28	md	TEXT	docs/knowledgeos/reviews/kernel/session2/S2-R-F040-review-of-s1-f040-measure-theory-cascade.md	OUT_OF_SCOPE_ROOT
1684	32120	2026-08-28	md	TEXT	docs/knowledgeos/reviews/kernel/session2/S2-00-register-index-and-review-framework.md	OUT_OF_SCOPE_ROOT
1685	58200	2026-08-28	md	TEXT	docs/knowledgeos/reviews/synthesis/analysis/mathematical-verification-report.md	OUT_OF_SCOPE_ROOT
1686	8395	2026-08-29	md	TEXT	docs/knowledgeos/reviews/kernel/session2/S2-R-COVERAGE-audit-of-s1-coverage-report.md	OUT_OF_SCOPE_ROOT
1687	7995	2026-08-29	md	TEXT	docs/knowledgeos/reviews/synthesis/analysis/findings-disposition-report.md	OUT_OF_SCOPE_ROOT
1688	15471	2026-08-29	md	TEXT	docs/knowledgeos/reviews/kernel/session2/S2-FINAL-KERNEL-REVIEW.md	OUT_OF_SCOPE_ROOT
1689	3566	2026-08-29	md	TEXT	docs/knowledgeos/reviews/kernel/session2/S2-01-review-state-ledger.md	OUT_OF_SCOPE_ROOT
1690	24590	2026-08-29	md	TEXT	docs/knowledgeos/reviews/synthesis/analysis/gn-48-findings-disposition.md	OUT_OF_SCOPE_ROOT
1691	14596	2026-08-29	md	TEXT	docs/knowledgeos/reviews/synthesis/book-edition-2/part-3-architecture/03-09-three-kernels/chapter.md	OUT_OF_SCOPE_ROOT
1692	1574	2026-08-29	md	TEXT	docs/knowledgeos/reviews/synthesis/book-edition-2/part-3-architecture/03-09-three-kernels/evidence-map.md	OUT_OF_SCOPE_ROOT
1693	425	2026-08-29	md	TEXT	docs/knowledgeos/reviews/synthesis/book-edition-2/part-3-architecture/03-09-three-kernels/unresolved.md	OUT_OF_SCOPE_ROOT
1694	1568	2026-08-29	md	TEXT	docs/knowledgeos/reviews/synthesis/book-edition-2/part-3-architecture/03-09-three-kernels/claims.md	OUT_OF_SCOPE_ROOT
1695	1374	2026-08-29	md	TEXT	docs/knowledgeos/reviews/synthesis/book-edition-2/part-3-architecture/03-10-the-invariants/evidence-map.md	OUT_OF_SCOPE_ROOT
1696	377	2026-08-29	md	TEXT	docs/knowledgeos/reviews/synthesis/book-edition-2/part-3-architecture/03-10-the-invariants/unresolved.md	OUT_OF_SCOPE_ROOT
1697	1002	2026-08-29	md	TEXT	docs/knowledgeos/reviews/synthesis/book-edition-2/00-edition-2-index.md	OUT_OF_SCOPE_ROOT
1698	1372	2026-08-29	md	TEXT	docs/knowledgeos/reviews/synthesis/book-edition-2/part-3-architecture/03-10-the-invariants/claims.md	OUT_OF_SCOPE_ROOT
1699	17881	2026-08-29	md	TEXT	docs/knowledgeos/reviews/synthesis/2026-08-23-KOS-OPERATING-MODEL-001-AMENDMENT-001-OBSERVATION-O-5-process-identity-continuity.md	OUT_OF_SCOPE_ROOT
1700	4070	2026-08-29	md	TEXT	docs/knowledgeos/reviews/synthesis/analysis/part-3-gate-report.md	OUT_OF_SCOPE_ROOT
1701	25385	2026-08-29	md	TEXT	docs/knowledgeos/reviews/synthesis/book-edition-2/part-3-architecture/03-02-the-knower-and-the-frame/chapter.md	OUT_OF_SCOPE_ROOT
1702	20636	2026-08-29	md	TEXT	docs/knowledgeos/reviews/synthesis/book-edition-2/part-3-architecture/03-06-states-and-admission/chapter.md	OUT_OF_SCOPE_ROOT
1703	23257	2026-08-29	md	TEXT	docs/knowledgeos/reviews/synthesis/book-edition-2/part-3-architecture/03-10-the-invariants/chapter.md	OUT_OF_SCOPE_ROOT
1704	1652	2026-08-29	md	TEXT	docs/knowledgeos/reviews/synthesis/book-edition-2/part-3-architecture/03-02-the-knower-and-the-frame/claims.md	OUT_OF_SCOPE_ROOT
1705	368	2026-08-29	md	TEXT	docs/knowledgeos/reviews/synthesis/book-edition-2/part-2-reconstruction/02-01-archaeology-before-architecture/unresolved.md	OUT_OF_SCOPE_ROOT
1706	205	2026-08-29	md	TEXT	docs/knowledgeos/reviews/synthesis/book-edition-2/part-2-reconstruction/02-02-grades-and-the-final-rule/unresolved.md	OUT_OF_SCOPE_ROOT
1707	260	2026-08-29	md	TEXT	docs/knowledgeos/reviews/synthesis/book-edition-2/part-2-reconstruction/02-03-falsification-under-authority/unresolved.md	OUT_OF_SCOPE_ROOT
1708	10597	2026-08-29	md	TEXT	docs/knowledgeos/reviews/synthesis/book-edition-2/part-2-reconstruction/02-03-falsification-under-authority/audit-three-lens.md	OUT_OF_SCOPE_ROOT
1709	7760	2026-08-29	md	TEXT	docs/knowledgeos/reviews/synthesis/book-architecture/BA-ED2-amendment.md	OUT_OF_SCOPE_ROOT
1710	2121	2026-08-29	md	TEXT	docs/knowledgeos/reviews/synthesis/book-edition-2/part-2-reconstruction/02-04-conformance-and-the-living-repository/evidence-map.md	OUT_OF_SCOPE_ROOT
1711	551	2026-08-29	md	TEXT	docs/knowledgeos/reviews/synthesis/book-edition-2/part-2-reconstruction/02-04-conformance-and-the-living-repository/unresolved.md	OUT_OF_SCOPE_ROOT
1712	6710	2026-08-29	md	TEXT	docs/knowledgeos/reviews/synthesis/book-edition-2/part-2-reconstruction/02-04-conformance-and-the-living-repository/audit-three-lens.md	OUT_OF_SCOPE_ROOT
1713	11806	2026-08-29	md	TEXT	docs/knowledgeos/reviews/synthesis/book-edition-2/part-2-reconstruction/02-04-conformance-and-the-living-repository/chapter.md	OUT_OF_SCOPE_ROOT
1714	18562	2026-08-29	md	TEXT	docs/knowledgeos/reviews/synthesis/analysis/part-2-gate-report.md	OUT_OF_SCOPE_ROOT
1715	14167	2026-08-29	md	TEXT	docs/knowledgeos/reviews/synthesis/book-edition-2/part-2-reconstruction/02-01-archaeology-before-architecture/chapter.md	OUT_OF_SCOPE_ROOT
1716	1486	2026-08-29	md	TEXT	docs/knowledgeos/reviews/synthesis/book-edition-2/part-2-reconstruction/02-04-conformance-and-the-living-repository/claims.md	OUT_OF_SCOPE_ROOT
1717	1445	2026-08-29	md	TEXT	docs/knowledgeos/reviews/synthesis/book-edition-2/part-2-reconstruction/02-02-grades-and-the-final-rule/evidence-map.md	OUT_OF_SCOPE_ROOT
1718	1736	2026-08-29	md	TEXT	docs/knowledgeos/reviews/synthesis/book-edition-2/part-2-reconstruction/02-03-falsification-under-authority/evidence-map.md	OUT_OF_SCOPE_ROOT
1719	1917	2026-08-29	md	TEXT	docs/knowledgeos/reviews/synthesis/book-edition-2/example-continuity-ledger.md	OUT_OF_SCOPE_ROOT
1720	2308	2026-08-29	md	TEXT	docs/knowledgeos/reviews/synthesis/book-edition-2/part-2-reconstruction/02-01-archaeology-before-architecture/evidence-map.md	OUT_OF_SCOPE_ROOT
1721	4900	2026-08-29	md	TEXT	docs/knowledgeos/reviews/synthesis/analysis/part-2-correction-matrix.md	OUT_OF_SCOPE_ROOT
1722	24801	2026-08-29	md	TEXT	docs/knowledgeos/brainstorming/verification/prompts/Yes.md	EXCLUDED_VERIFICATION
1723	17502	2026-08-29	none	TEXT	docs/knowledgeos/brainstorming/verification/prompts/# KNOWLEDGEOS THEORY VERIFICATION PROGRA	EXCLUDED_VERIFICATION
1724	30028	2026-08-29	md	TEXT	docs/knowledgeos/brainstorming/verification/V0-theory-corpus-map.md	EXCLUDED_VERIFICATION
1725	11476	2026-08-29	md	TEXT	docs/knowledgeos/brainstorming/verification/spec/A3-definition-register.md	EXCLUDED_VERIFICATION
1726	5475	2026-08-29	md	TEXT	docs/knowledgeos/brainstorming/verification/spec/A2-assumption-register.md	EXCLUDED_VERIFICATION
1727	16343	2026-08-29	md	TEXT	docs/knowledgeos/brainstorming/verification/spec/A6-statistical-register.md	EXCLUDED_VERIFICATION
1728	24220	2026-08-29	none	TEXT	docs/knowledgeos/brainstorming/verification/prompts/# KNOWLEDGEOS VERIFY SESSION	EXCLUDED_VERIFICATION
1729	16793	2026-08-29	md	TEXT	docs/knowledgeos/brainstorming/verification/spec/A3W-state-transition-register.md	EXCLUDED_VERIFICATION
1730	24472	2026-08-29	none	TEXT	docs/knowledgeos/brainstorming/verification/prompts/20260829_1453_prompt	EXCLUDED_VERIFICATION
1731	33858	2026-08-29	md	TEXT	docs/knowledgeos/brainstorming/verification/spec/A3X-algebra-invariant-register.md	EXCLUDED_VERIFICATION
1732	26204	2026-08-29	md	TEXT	docs/knowledgeos/brainstorming/verification/prompts/20260829_1459_prompt.md	EXCLUDED_VERIFICATION
1733	11364	2026-08-29	md	TEXT	docs/knowledgeos/brainstorming/verification/spec/A1-theory-inventory.md	EXCLUDED_VERIFICATION
1734	10035	2026-08-29	md	TEXT	docs/knowledgeos/brainstorming/verification/spec/K0-mathematical-kernel-candidate.md	EXCLUDED_VERIFICATION
1735	9261	2026-08-29	md	TEXT	docs/knowledgeos/brainstorming/verification/V2-dependency-graph.md	EXCLUDED_VERIFICATION
1736	4660	2026-08-29	md	TEXT	docs/knowledgeos/brainstorming/verification/V3-verification-priority-matrix.md	EXCLUDED_VERIFICATION
1737	7631	2026-08-29	md	TEXT	docs/knowledgeos/brainstorming/verification/reports/CHECKPOINT-1-3-supervisory-report.md	EXCLUDED_VERIFICATION
1738	4499	2026-08-29	md	TEXT	docs/knowledgeos/brainstorming/verification/findings/TV-F-001-monotonicity-scope.md	EXCLUDED_VERIFICATION
1739	5859	2026-08-29	md	TEXT	docs/knowledgeos/brainstorming/verification/findings/TV-F-002-004-wave1-recheck-findings.md	EXCLUDED_VERIFICATION
1740	21898	2026-08-29	md	TEXT	docs/knowledgeos/brainstorming/verification/prompts/20260829_1514_prompt.md	EXCLUDED_VERIFICATION
1741	14995	2026-08-29	md	TEXT	docs/knowledgeos/brainstorming/verification/spec/A4-derivation-register.md	EXCLUDED_VERIFICATION
1742	23826	2026-08-29	md	TEXT	docs/knowledgeos/brainstorming/verification/prompts/20260829_1518_prompt.md	EXCLUDED_VERIFICATION
1743	9534	2026-08-29	md	TEXT	docs/knowledgeos/brainstorming/verification/findings/TV-F-005-008-wave1-p1-findings.md	EXCLUDED_VERIFICATION
1744	2593	2026-08-29	md	TEXT	docs/knowledgeos/brainstorming/verification/reports/WAVE-1-closeout.md	EXCLUDED_VERIFICATION
1745	8038	2026-08-29	md	TEXT	docs/knowledgeos/brainstorming/verification/prompts/20260829_1521_prompt.md	EXCLUDED_VERIFICATION
1746	12374	2026-08-29	md	TEXT	docs/knowledgeos/brainstorming/verification/findings/TV-F-009-012-wave2-missing-middle.md	EXCLUDED_VERIFICATION
1747	13964	2026-08-29	md	TEXT	docs/knowledgeos/brainstorming/verification/reports/CHECKPOINT-A-L-v2-complete.md	EXCLUDED_VERIFICATION
1748	17176	2026-08-29	md	TEXT	docs/knowledgeos/brainstorming/verification/prompts/20260829_1525_prompt.md	EXCLUDED_VERIFICATION
1749	8345	2026-08-29	md	TEXT	docs/knowledgeos/brainstorming/verification/prompts/20260829_1527_prompt.md	EXCLUDED_VERIFICATION
1750	8262	2026-08-29	md	TEXT	docs/knowledgeos/brainstorming/verification/findings/TV-F-013-015-wave3-replay-statistics-taxonomies.md	EXCLUDED_VERIFICATION
1751	6898	2026-08-29	md	TEXT	docs/knowledgeos/brainstorming/verification/findings/TV-F-016-017-wave3-kt-adjudication-snf-audit.md	EXCLUDED_VERIFICATION
1752	8415	2026-08-29	md	TEXT	docs/knowledgeos/brainstorming/verification/findings/TV-F-018-019-wave3-codomain-ladder.md	EXCLUDED_VERIFICATION
1753	5588	2026-08-29	md	TEXT	docs/knowledgeos/brainstorming/verification/reports/CHECKPOINT-WAVE3.md	EXCLUDED_VERIFICATION
1754	14077	2026-08-29	md	TEXT	docs/knowledgeos/brainstorming/verification/prompts/20260829_1549_prompt.md	EXCLUDED_VERIFICATION
1755	5010	2026-08-29	md	TEXT	docs/knowledgeos/brainstorming/verification/spec/A5-proposition-register.md	EXCLUDED_VERIFICATION
1756	2960	2026-08-29	md	TEXT	docs/knowledgeos/brainstorming/verification/spec/A7-computational-register.md	EXCLUDED_VERIFICATION
1757	4263	2026-08-29	md	TEXT	docs/knowledgeos/brainstorming/verification/spec/A8-three-way-matrix.md	EXCLUDED_VERIFICATION
1758	3375	2026-08-29	md	TEXT	docs/knowledgeos/brainstorming/verification/spec/A9-counterexample-register.md	EXCLUDED_VERIFICATION
1759	2043	2026-08-29	md	TEXT	docs/knowledgeos/brainstorming/verification/spec/A10-book-fidelity-register.md	EXCLUDED_VERIFICATION
1760	3434	2026-08-29	md	TEXT	docs/knowledgeos/brainstorming/verification/spec/AM-measurement-register.md	EXCLUDED_VERIFICATION
1761	5487	2026-08-29	md	TEXT	docs/knowledgeos/brainstorming/verification/reports/CHECKPOINT-RECONSTRUCTION-COMPLETE.md	EXCLUDED_VERIFICATION
1762	3472	2026-08-29	md	TEXT	docs/knowledgeos/brainstorming/verification/spec/00-INDEX.md	EXCLUDED_VERIFICATION
1763	21835	2026-08-29	md	TEXT	docs/knowledgeos/brainstorming/verification/prompts/20260829_1556_prompt.md	EXCLUDED_VERIFICATION
1764	22069	2026-08-29	md	TEXT	docs/knowledgeos/brainstorming/verification/prompts/20260829_1600_prompt.md	EXCLUDED_VERIFICATION
1765	7248	2026-08-29	md	TEXT	docs/knowledgeos/brainstorming/verification/plan/00-END-TO-END-VERIFICATION-PLAN.md	EXCLUDED_VERIFICATION
1766	6767	2026-08-29	md	TEXT	docs/knowledgeos/brainstorming/verification/plan/01-ubiquitous-language-verification.md	EXCLUDED_VERIFICATION
1767	4343	2026-08-29	md	TEXT	docs/knowledgeos/brainstorming/verification/plan/02-definition-verification-register.md	EXCLUDED_VERIFICATION
1768	2588	2026-08-29	md	TEXT	docs/knowledgeos/brainstorming/verification/plan/03-derivation-verification-plan.md	EXCLUDED_VERIFICATION
1769	2902	2026-08-29	md	TEXT	docs/knowledgeos/brainstorming/verification/plan/04-computability-verification-plan.md	EXCLUDED_VERIFICATION
1770	2522	2026-08-29	md	TEXT	docs/knowledgeos/brainstorming/verification/plan/05-statistical-verification-plan.md	EXCLUDED_VERIFICATION
1771	2556	2026-08-29	md	TEXT	docs/knowledgeos/brainstorming/verification/plan/06-measurement-verification-plan.md	EXCLUDED_VERIFICATION
1772	3295	2026-08-29	md	TEXT	docs/knowledgeos/brainstorming/verification/plan/07-experimental-evidence-register.md	EXCLUDED_VERIFICATION
1773	2847	2026-08-29	md	TEXT	docs/knowledgeos/brainstorming/verification/plan/08-invariant-satisfiability-plan.md	EXCLUDED_VERIFICATION
1774	22583	2026-08-29	md	TEXT	docs/knowledgeos/brainstorming/verification/prompts/20260829_1606_prompt.md	EXCLUDED_VERIFICATION
1775	2866	2026-08-29	md	TEXT	docs/knowledgeos/brainstorming/verification/plan/09-state-phase-transition-verification.md	EXCLUDED_VERIFICATION
1776	2723	2026-08-29	md	TEXT	docs/knowledgeos/brainstorming/verification/plan/10-ddd-verification-plan.md	EXCLUDED_VERIFICATION
1777	2784	2026-08-29	md	TEXT	docs/knowledgeos/brainstorming/verification/plan/11-theory-to-architecture-traceability.md	EXCLUDED_VERIFICATION
1778	5245	2026-08-29	md	TEXT	docs/knowledgeos/brainstorming/verification/reports/CHECKPOINT-PLAN-COMPLETE.md	EXCLUDED_VERIFICATION
1779	17434	2026-08-29	md	TEXT	docs/knowledgeos/brainstorming/verification/prompts/20260829_1612_prompt.md	EXCLUDED_VERIFICATION
1780	8444	2026-08-29	md	TEXT	docs/knowledgeos/brainstorming/verification/spec/STEP-TRACE-B7-late-steps.md	EXCLUDED_VERIFICATION
1781	6235	2026-08-29	md	TEXT	docs/knowledgeos/brainstorming/verification/spec/STEP-TRACE-B3-20260826-q-series.md	EXCLUDED_VERIFICATION
1782	62041	2026-08-29	md	TEXT	docs/knowledgeos/brainstorming/verification/spec/STEP-TRACE-B1-20260825.md	EXCLUDED_VERIFICATION
1783	94786	2026-08-29	md	TEXT	docs/knowledgeos/brainstorming/verification/spec/STEP-TRACE-B2-20260826-early.md	EXCLUDED_VERIFICATION
1784	88701	2026-08-29	md	TEXT	docs/knowledgeos/brainstorming/verification/spec/STEP-TRACE-B4-20260827.md	EXCLUDED_VERIFICATION
1785	60681	2026-08-29	md	TEXT	docs/knowledgeos/brainstorming/verification/spec/STEP-TRACE-B6-20260828-late.md	EXCLUDED_VERIFICATION
1786	5820	2026-08-29	md	TEXT	docs/knowledgeos/brainstorming/verification/reports/PHASE2-BATCH-REPORT-1.md	EXCLUDED_VERIFICATION
1787	16408	2026-08-29	md	TEXT	docs/knowledgeos/brainstorming/verification/prompts/20260829_1910_prompt.md	EXCLUDED_VERIFICATION
1788	91710	2026-08-29	md	TEXT	docs/knowledgeos/brainstorming/verification/spec/STEP-TRACE-B5-20260828-early.md	EXCLUDED_VERIFICATION
1789	2465	2026-08-29	md	TEXT	docs/knowledgeos/brainstorming/verification/spec/STEP-TRACEABILITY-REGISTER.md	EXCLUDED_VERIFICATION
1790	5776	2026-08-29	md	TEXT	docs/knowledgeos/brainstorming/verification/findings/TV-F-020-021-steps-001-010-source-findings.md	EXCLUDED_VERIFICATION
1791	27177	2026-08-29	md	TEXT	docs/knowledgeos/brainstorming/verification/spec/STEP-VERIFY-001-010.md	EXCLUDED_VERIFICATION
1792	17940	2026-08-29	md	TEXT	docs/knowledgeos/brainstorming/verification/prompts/20260829_1946_prompt.md	EXCLUDED_VERIFICATION
1793	10057	2026-08-29	md	TEXT	docs/knowledgeos/brainstorming/verification/findings/TV-F-022-024-steps-011-025-source-findings.md	EXCLUDED_VERIFICATION
1794	25134	2026-08-29	md	TEXT	docs/knowledgeos/brainstorming/verification/spec/STEP-VERIFY-011-025.md	EXCLUDED_VERIFICATION
1795	19435	2026-08-29	md	TEXT	docs/knowledgeos/brainstorming/verification/prompts/20260829_1956_prompt.md	EXCLUDED_VERIFICATION
1796	24245	2026-08-29	md	TEXT	docs/knowledgeos/brainstorming/verification/DEFINITION-VERIFICATION-REGISTER.md	EXCLUDED_VERIFICATION
1797	66521	2026-08-29	md	TEXT	docs/knowledgeos/brainstorming/verification/spec/STEP-VERIFY-025a-025g.md	EXCLUDED_VERIFICATION
1798	65220	2026-08-29	md	TEXT	docs/knowledgeos/brainstorming/verification/spec/STEP-VERIFY-025h-025z.md	EXCLUDED_VERIFICATION
1799	12724	2026-08-30	md	TEXT	docs/knowledgeos/brainstorming/verification/findings/TV-F-025-028-025-series-findings.md	EXCLUDED_VERIFICATION
1800	11620	2026-08-30	md	TEXT	docs/knowledgeos/brainstorming/verification/200-STEP-VERIFICATION-CHECKPOINT.md	EXCLUDED_VERIFICATION
1801	80827	2026-08-30	md	TEXT	docs/knowledgeos/brainstorming/verification/spec/STEP-VERIFY-056-066.md	EXCLUDED_VERIFICATION
1802	12287	2026-08-30	md	TEXT	docs/knowledgeos/brainstorming/verification/findings/TV-F-029-033-steps-056-066-findings.md	EXCLUDED_VERIFICATION
1803	103118	2026-08-30	md	TEXT	docs/knowledgeos/brainstorming/verification/spec/STEP-VERIFY-041-055.md	EXCLUDED_VERIFICATION
1804	14737	2026-08-30	md	TEXT	docs/knowledgeos/brainstorming/verification/findings/TV-F-034-039-steps-041-055-findings.md	EXCLUDED_VERIFICATION
1805	151080	2026-08-30	md	TEXT	docs/knowledgeos/brainstorming/verification/spec/STEP-VERIFY-026-040.md	EXCLUDED_VERIFICATION
1806	13224	2026-08-30	md	TEXT	docs/knowledgeos/brainstorming/verification/spec/STEP-VERIFY-206-207.md	EXCLUDED_VERIFICATION
1807	18881	2026-08-30	md	TEXT	docs/knowledgeos/brainstorming/verification/prompts/20260830_0115_prompt.md	EXCLUDED_VERIFICATION
1808	133359	2026-08-30	md	TEXT	docs/knowledgeos/brainstorming/verification/spec/STEP-VERIFY-067-082.md	EXCLUDED_VERIFICATION
1809	89526	2026-08-30	md	TEXT	docs/knowledgeos/brainstorming/verification/spec/STEP-VERIFY-083-100.md	EXCLUDED_VERIFICATION
1810	109930	2026-08-30	md	TEXT	docs/knowledgeos/brainstorming/verification/spec/STEP-VERIFY-101-120.md	EXCLUDED_VERIFICATION
1811	31087	2026-08-30	md	TEXT	docs/knowledgeos/brainstorming/verification/findings/TV-F-042-055-steps-067-120-findings.md	EXCLUDED_VERIFICATION
1812	121541	2026-08-30	md	TEXT	docs/knowledgeos/brainstorming/verification/spec/STEP-VERIFY-121-140.md	EXCLUDED_VERIFICATION
1813	17609	2026-08-30	none	TEXT	docs/knowledgeos/brainstorming/verification/prompts/20260830_0139_prompt	EXCLUDED_VERIFICATION
1814	26787	2026-08-30	md	TEXT	docs/knowledgeos/brainstorming/verification/spec/AC-contradiction-register.md	EXCLUDED_VERIFICATION
1815	166686	2026-08-30	md	TEXT	docs/knowledgeos/brainstorming/verification/spec/STEP-VERIFY-141-158.md	EXCLUDED_VERIFICATION
1816	13088	2026-08-30	md	TEXT	docs/knowledgeos/brainstorming/verification/findings/TV-F-056-061-steps-141-158-findings.md	EXCLUDED_VERIFICATION
1817	165809	2026-08-30	md	TEXT	docs/knowledgeos/brainstorming/verification/spec/STEP-VERIFY-186-205.md	EXCLUDED_VERIFICATION
1818	18508	2026-08-30	md	TEXT	docs/knowledgeos/brainstorming/verification/findings/TV-F-062-070-steps-186-205-findings.md	EXCLUDED_VERIFICATION
1819	173235	2026-08-30	md	TEXT	docs/knowledgeos/brainstorming/verification/spec/STEP-VERIFY-159-185.md	EXCLUDED_VERIFICATION
1820	16890	2026-08-30	md	TEXT	docs/knowledgeos/brainstorming/verification/findings/TV-F-071-078-steps-158-185-findings.md	EXCLUDED_VERIFICATION
1821	16658	2026-08-30	md	TEXT	docs/knowledgeos/brainstorming/verification/PHASE-2C-CHECKPOINT-2026-08-30.md	EXCLUDED_VERIFICATION
1822	21997	2026-08-30	md	TEXT	docs/knowledgeos/brainstorming/verification/prompts/20260830_0150_prompt.md	EXCLUDED_VERIFICATION
1823	26383	2026-08-30	none	TEXT	docs/knowledgeos/brainstorming/verification/prompts/20260830_0157_prompt	EXCLUDED_VERIFICATION
1824	14698	2026-08-30	md	TEXT	docs/knowledgeos/brainstorming/verification/CORPUS-INVENTORY-001-218.md	EXCLUDED_VERIFICATION
1825	13645	2026-08-30	md	TEXT	docs/knowledgeos/brainstorming/verification/JOINT-SATISFIABILITY-REPORT.md	EXCLUDED_VERIFICATION
1826	24399	2026-08-30	md	TEXT	docs/knowledgeos/brainstorming/verification/00-VERIFY-SESSION-CHARTER.md	EXCLUDED_VERIFICATION
1827	177122	2026-08-30	md	TEXT	docs/knowledgeos/brainstorming/verification/spec/STEP-VERIFY-208-215.md	EXCLUDED_VERIFICATION
1828	42973	2026-08-30	md	TEXT	docs/knowledgeos/brainstorming/verification/spec/THRESHOLD-AUDIT-subdirs-and-loose-files.md	EXCLUDED_VERIFICATION
1829	15794	2026-08-30	md	TEXT	docs/knowledgeos/brainstorming/verification/findings/TV-F-079-088-steps-208-215-findings.md	EXCLUDED_VERIFICATION
1830	21531	2026-08-30	md	TEXT	docs/knowledgeos/brainstorming/verification/prompts/20260830_0914_prompt.md	EXCLUDED_VERIFICATION
1831	19941	2026-08-30	md	TEXT	docs/knowledgeos/brainstorming/verification/spec/STEP-VERIFY-216-219.md	EXCLUDED_VERIFICATION
1832	13043	2026-08-30	md	TEXT	docs/knowledgeos/brainstorming/verification/JOINT-SATISFIABILITY-REPORT-v2-ADJUDICATED.md	EXCLUDED_VERIFICATION
1833	15076	2026-08-30	md	TEXT	docs/knowledgeos/brainstorming/verification/spec/STEP-VERIFY-219-220-AND-CORRECTION.md	EXCLUDED_VERIFICATION
1834	11794	2026-08-30	md	TEXT	docs/knowledgeos/brainstorming/verification/spec/STEP-VERIFY-221-222.md	EXCLUDED_VERIFICATION
1835	110440	2026-08-30	md	TEXT	docs/knowledgeos/brainstorming/verification/spec/STEP-TO-THEORY-TRACEABILITY.md	EXCLUDED_VERIFICATION
1836	17351	2026-08-30	md	TEXT	docs/knowledgeos/brainstorming/verification/prompts/20260830_935_prompts.md	EXCLUDED_VERIFICATION
1837	12451	2026-08-30	md	TEXT	docs/knowledgeos/brainstorming/verification/EXECUTED-TEST-222-repairs.md	EXCLUDED_VERIFICATION
1838	17036	2026-08-30	md	TEXT	docs/knowledgeos/brainstorming/verification/prompts/20260830_0952_prompt.md	EXCLUDED_VERIFICATION
1839	15651	2026-08-30	md	TEXT	docs/knowledgeos/brainstorming/verification/KERNEL-AUDIT-230-232.md	EXCLUDED_VERIFICATION
1840	8263	2026-08-30	md	TEXT	docs/knowledgeos/brainstorming/verification/KNOWLEDGE-STATE-MODEL-AUDIT-231.md	EXCLUDED_VERIFICATION
1841	3662	2026-08-30	md	TEXT	docs/knowledgeos/brainstorming/verification/CORPUS-INVENTORY-CURRENT.md	EXCLUDED_VERIFICATION
1842	10260	2026-08-30	md	TEXT	docs/knowledgeos/brainstorming/verification/SUPERVISORY-CHECKPOINT-221-233.md	EXCLUDED_VERIFICATION
1843	17036	2026-08-30	md	TEXT	docs/knowledgeos/brainstorming/verification/prompts/20260830_1005_prompts.md	EXCLUDED_VERIFICATION
1844	12912	2026-08-30	md	TEXT	docs/knowledgeos/brainstorming/verification/STATE-TRANSITION-ALGEBRA-AUDIT-232.md	EXCLUDED_VERIFICATION
1845	6663	2026-08-30	md	TEXT	docs/knowledgeos/brainstorming/verification/prompts/20260830_1012_prompts.md	EXCLUDED_VERIFICATION
1846	12085	2026-08-30	md	TEXT	docs/knowledgeos/brainstorming/verification/PHASE-LEDGER-001-182.md	EXCLUDED_VERIFICATION
1847	14216	2026-08-30	md	TEXT	docs/knowledgeos/brainstorming/verification/prompts/20260830_1021_prompts.md	EXCLUDED_VERIFICATION
1848	12272	2026-08-30	md	TEXT	docs/knowledgeos/brainstorming/verification/KERNEL-RECONCILIATION-230-236.md	EXCLUDED_VERIFICATION
1849	9738	2026-08-30	md	TEXT	docs/knowledgeos/brainstorming/verification/RECONCILIATION-GATE-VERDICT.md	EXCLUDED_VERIFICATION
1850	6969	2026-08-30	md	TEXT	docs/knowledgeos/brainstorming/verification/FEEDBACK-LOOP-ADDENDUM-236-240.md	EXCLUDED_VERIFICATION
1851	16851	2026-08-30	md	TEXT	docs/knowledgeos/brainstorming/verification/prompts/20260830_1037_prompts.md	EXCLUDED_VERIFICATION
1852	12396	2026-08-30	md	TEXT	docs/knowledgeos/brainstorming/verification/THEORY-GAP-MAP-001.md	EXCLUDED_VERIFICATION
1853	16767	2026-08-30	md	TEXT	docs/knowledgeos/brainstorming/verification/prompts/20260830_1042_prompts.md	EXCLUDED_VERIFICATION
1854	11519	2026-08-30	md	TEXT	docs/knowledgeos/brainstorming/verification/EMPIRICAL-KERNEL-TEST.md	EXCLUDED_VERIFICATION
1855	12925	2026-08-30	md	TEXT	docs/knowledgeos/brainstorming/verification/prompts/20260830_1055_prompts.md	EXCLUDED_VERIFICATION
1856	12238	2026-08-30	md	TEXT	docs/knowledgeos/brainstorming/verification/BLOCKER-ANALYSIS-AND-EXECUTABLE-KERNEL.md	EXCLUDED_VERIFICATION
1857	13597	2026-08-30	md	TEXT	docs/knowledgeos/brainstorming/verification/prompts/20260830_1058.promts.md	EXCLUDED_VERIFICATION
1858	13608	2026-08-30	md	TEXT	docs/knowledgeos/brainstorming/verification/IDENTITY-ROUNDTRIP-AUDIT.md	EXCLUDED_VERIFICATION
1859	16108	2026-08-30	md	TEXT	docs/knowledgeos/brainstorming/verification/prompts/20260830_1110_prompts.md	EXCLUDED_VERIFICATION
1860	14318	2026-08-30	md	TEXT	docs/knowledgeos/brainstorming/verification/FORMAL-SYSTEM-RECONSTRUCTION-AUDIT-245-NEW.md	EXCLUDED_VERIFICATION
1861	17677	2026-08-30	md	TEXT	docs/knowledgeos/brainstorming/verification/prompts/20260830_1112_promtps.md	EXCLUDED_VERIFICATION
1862	11573	2026-08-30	md	TEXT	docs/knowledgeos/brainstorming/verification/KNOWLEDGEOS-THEORY-DISCOVERY-REPORT.md	EXCLUDED_VERIFICATION
1863	8659	2026-08-30	md	TEXT	docs/knowledgeos/brainstorming/verification/DECISION-SIGMA-EPISTEMIC-STATUS.md	EXCLUDED_VERIFICATION
1864	10379	2026-08-30	md	TEXT	docs/knowledgeos/brainstorming/verification/SELF-AUDIT-PROMPT-GAP-REGISTER.md	EXCLUDED_VERIFICATION
1865	15491	2026-08-30	md	TEXT	docs/knowledgeos/brainstorming/verification/prompts/20260830_1828_prompts.md	EXCLUDED_VERIFICATION
1866	12494	2026-08-30	md	TEXT	docs/knowledgeos/brainstorming/verification/KNOWLEDGE-STATE-REQUIREMENTS-AND-DERIVATION.md	EXCLUDED_VERIFICATION
1867	21522	2026-08-30	md	TEXT	docs/knowledgeos/brainstorming/verification/KNOWLEDGEOS-THEORY-CLOSURE-REPORT.md	EXCLUDED_VERIFICATION
1868	18303	2026-08-30	md	TEXT	docs/knowledgeos/brainstorming/verification/prompts/20260830_1852_prompts.md	EXCLUDED_VERIFICATION
1869	10736	2026-08-30	md	TEXT	docs/knowledgeos/brainstorming/verification/P-RECONSTRUCTION-AND-DERIVATION.md	EXCLUDED_VERIFICATION
1870	9448	2026-08-30	md	TEXT	docs/knowledgeos/brainstorming/verification/SIGMA-ADVERSARIAL-AUDIT.md	EXCLUDED_VERIFICATION
1871	5769	2026-08-30	md	TEXT	docs/knowledgeos/brainstorming/verification/RELATION-ALGEBRA.md	EXCLUDED_VERIFICATION
1872	6879	2026-08-30	md	TEXT	docs/knowledgeos/brainstorming/verification/KNOWLEDGE-STATE-ALGEBRA.md	EXCLUDED_VERIFICATION
1873	5474	2026-08-30	md	TEXT	docs/knowledgeos/brainstorming/verification/TRANSFORMATION-THEORY.md	EXCLUDED_VERIFICATION
1874	8417	2026-08-30	md	TEXT	docs/knowledgeos/brainstorming/verification/UL-CANONICAL-GLOSSARY.md	EXCLUDED_VERIFICATION
1875	4720	2026-08-30	md	TEXT	docs/knowledgeos/brainstorming/verification/COMPUTABILITY-MATRIX.md	EXCLUDED_VERIFICATION
1876	7978	2026-08-30	md	TEXT	docs/knowledgeos/brainstorming/verification/CLAUDE-CHATGPT-RECONCILIATION.md	EXCLUDED_VERIFICATION
1877	13370	2026-08-30	md	TEXT	docs/knowledgeos/brainstorming/verification/THEORY-COMPLETION-GAP-REGISTER.md	EXCLUDED_VERIFICATION
1878	16890	2026-08-30	md	TEXT	docs/knowledgeos/brainstorming/verification/prompts/20260830_1918_prompts.md	EXCLUDED_VERIFICATION
1879	6935	2026-08-30	md	TEXT	docs/knowledgeos/brainstorming/verification/CANONICAL-THEORY-TRIANGULATION.md	EXCLUDED_VERIFICATION
1880	6713	2026-08-30	md	TEXT	docs/knowledgeos/brainstorming/verification/ASSURANCE-RECONSTRUCTION-MATRIX.md	EXCLUDED_VERIFICATION
1881	5390	2026-08-30	md	TEXT	docs/knowledgeos/brainstorming/verification/PROPOSITION-RECONSTRUCTION-AUDIT.md	EXCLUDED_VERIFICATION
1882	7761	2026-08-30	md	TEXT	docs/knowledgeos/brainstorming/verification/KNOWLEDGE-STATE-CANONICAL-MODEL.md	EXCLUDED_VERIFICATION
1883	6252	2026-08-30	md	TEXT	docs/knowledgeos/brainstorming/verification/TRANSFORMATION-CANONICAL-MODEL.md	EXCLUDED_VERIFICATION
1884	4996	2026-08-30	md	TEXT	docs/knowledgeos/brainstorming/verification/STATE-HISTORY-SUFFICIENCY-RESULT.md	EXCLUDED_VERIFICATION
1885	6832	2026-08-30	md	TEXT	docs/knowledgeos/brainstorming/verification/THEORY-TO-EKP-CONFORMANCE-MATRIX.md	EXCLUDED_VERIFICATION
1886	5390	2026-08-30	md	TEXT	docs/knowledgeos/brainstorming/verification/END-TO-END-KNOWLEDGE-STATE-EXECUTION.md	EXCLUDED_VERIFICATION
1887	8173	2026-08-30	md	TEXT	docs/knowledgeos/brainstorming/verification/FINAL-THEORY-GAP-REGISTER.md	EXCLUDED_VERIFICATION
1888	8301	2026-08-30	md	TEXT	docs/knowledgeos/brainstorming/verification/CANONICAL-UBIQUITOUS-LANGUAGE.md	EXCLUDED_VERIFICATION
1889	7345	2026-08-30	md	TEXT	docs/knowledgeos/brainstorming/verification/POLICY-LINEAGE-AND-ARCHAEOLOGY.md	EXCLUDED_VERIFICATION
1890	5612	2026-08-30	md	TEXT	docs/knowledgeos/brainstorming/verification/POLICY-TYPE-RECONSTRUCTION.md	EXCLUDED_VERIFICATION
1891	5232	2026-08-30	md	TEXT	docs/knowledgeos/brainstorming/verification/POLICY-COUNTEREXAMPLES.md	EXCLUDED_VERIFICATION
1892	4398	2026-08-30	md	TEXT	docs/knowledgeos/brainstorming/verification/POLICY-EXECUTION-EXPERIMENT.md	EXCLUDED_VERIFICATION
1893	5204	2026-08-30	md	TEXT	docs/knowledgeos/brainstorming/verification/POLICY-EQUALITY-AND-COMPOSITION.md	EXCLUDED_VERIFICATION
1894	5966	2026-08-30	md	TEXT	docs/knowledgeos/brainstorming/verification/POLICY-EKP-CONFORMANCE.md	EXCLUDED_VERIFICATION
1895	6152	2026-08-30	md	TEXT	docs/knowledgeos/brainstorming/verification/SIGMA-RECONSTRUCTION-AFTER-POLICY.md	EXCLUDED_VERIFICATION
1896	7885	2026-08-30	md	TEXT	docs/knowledgeos/brainstorming/verification/FOUNDATIONAL-DEPENDENCY-CLOSURE.md	EXCLUDED_VERIFICATION
1897	4893	2026-08-30	md	TEXT	docs/knowledgeos/brainstorming/verification/NEXT-FOUNDATIONAL-GAP-AUDIT.md	EXCLUDED_VERIFICATION
1898	6501	2026-08-30	md	TEXT	docs/knowledgeos/brainstorming/verification/END-TO-END-CANONICAL-THEORY-TEST.md	EXCLUDED_VERIFICATION
1899	13168	2026-08-30	md	TEXT	docs/knowledgeos/brainstorming/verification/prompts/20260830_1931_prompts.md	EXCLUDED_VERIFICATION
1900	16561	2026-08-30	md	TEXT	docs/knowledgeos/brainstorming/verification/prompts/20260830_1953_prompts.md	EXCLUDED_VERIFICATION
1901	5596	2026-08-30	md	TEXT	docs/knowledgeos/brainstorming/verification/CANONICAL-THEORY-BASELINE.md	EXCLUDED_VERIFICATION
1902	5419	2026-08-30	md	TEXT	docs/knowledgeos/brainstorming/verification/THEORY-OBJECT-DEPENDENCY-GRAPH.md	EXCLUDED_VERIFICATION
1903	17145	2026-08-30	md	TEXT	docs/knowledgeos/brainstorming/verification/CANONICAL-KNOWLEDGEOS-THEORY.md	EXCLUDED_VERIFICATION
1904	14241	2026-08-30	md	TEXT	docs/knowledgeos/brainstorming/verification/THEORY-CLOSURE-AUDIT.md	EXCLUDED_VERIFICATION
1905	25382	2026-08-30	md	TEXT	docs/knowledgeos/brainstorming/verification/gap-discovery/01-THEORY-EVOLUTION-MAP.md	EXCLUDED_VERIFICATION
1906	5814	2026-08-30	py	CODE	docs/knowledgeos/brainstorming/verification/gap-discovery/exec/kos_kernel.py	EXCLUDED_VERIFICATION
1907	11627	2026-08-30	pyc	BINARY_NOT_ANALYZABLE	docs/knowledgeos/brainstorming/verification/gap-discovery/exec/__pycache__/kos_kernel.cpython-313.pyc	EXCLUDED_VERIFICATION
1908	7426	2026-08-30	py	CODE	docs/knowledgeos/brainstorming/verification/gap-discovery/exec/exp_congruence.py	EXCLUDED_VERIFICATION
1909	6245	2026-08-30	py	CODE	docs/knowledgeos/brainstorming/verification/gap-discovery/exec/exp_measurement.py	EXCLUDED_VERIFICATION
1910	8322	2026-08-30	py	CODE	docs/knowledgeos/brainstorming/verification/gap-discovery/exec/exp_identity.py	EXCLUDED_VERIFICATION
1911	630	2026-08-30	py	CODE	docs/knowledgeos/brainstorming/verification/gap-discovery/exec/yaml_lite.py	EXCLUDED_VERIFICATION
1912	19001	2026-08-30	md	TEXT	docs/knowledgeos/brainstorming/verification/INDEPENDENT-CLOSURE-REVERIFICATION.md	EXCLUDED_VERIFICATION
1913	1358	2026-08-30	pyc	BINARY_NOT_ANALYZABLE	docs/knowledgeos/brainstorming/verification/gap-discovery/exec/__pycache__/yaml_lite.cpython-313.pyc	EXCLUDED_VERIFICATION
1914	14013	2026-08-30	md	TEXT	docs/knowledgeos/brainstorming/verification/UNCERTAINTY-NONIDENTIFIABILITY-MISSINGNESS.md	EXCLUDED_VERIFICATION
1915	13633	2026-08-30	py	CODE	docs/knowledgeos/brainstorming/verification/gap-discovery/exec/exp_ekp_bridge.py	EXCLUDED_VERIFICATION
1916	10546	2026-08-30	md	TEXT	docs/knowledgeos/brainstorming/verification/KNOWLEDGE-STATE-FINAL-AUDIT.md	EXCLUDED_VERIFICATION
1917	10739	2026-08-30	md	TEXT	docs/knowledgeos/brainstorming/verification/gap-discovery/02-INDEPENDENT-THEORY-RECONSTRUCTION.md	EXCLUDED_VERIFICATION
1918	6788	2026-08-30	md	TEXT	docs/knowledgeos/brainstorming/verification/THEORY-CONSTRUCTION-TEST.md	EXCLUDED_VERIFICATION
1919	6572	2026-08-30	py	CODE	docs/knowledgeos/brainstorming/verification/gap-discovery/exec/exp_ontology.py	EXCLUDED_VERIFICATION
1920	10203	2026-08-30	md	TEXT	docs/knowledgeos/brainstorming/verification/DDD-UBIQUITOUS-LANGUAGE-AUDIT.md	EXCLUDED_VERIFICATION
1921	12262	2026-08-30	md	TEXT	docs/knowledgeos/brainstorming/verification/MATHEMATICAL-COMPLETENESS-AUDIT.md	EXCLUDED_VERIFICATION
1922	12465	2026-08-30	md	TEXT	docs/knowledgeos/brainstorming/verification/gap-discovery/03-FOUNDATIONAL-ONTOLOGY.md	EXCLUDED_VERIFICATION
1923	9874	2026-08-30	md	TEXT	docs/knowledgeos/brainstorming/verification/THEORY-GAP-REGISTER.md	EXCLUDED_VERIFICATION
1924	12156	2026-08-30	md	TEXT	docs/knowledgeos/brainstorming/verification/gap-discovery/04-K-GAP-ANALYSIS.md	EXCLUDED_VERIFICATION
1925	13619	2026-08-30	md	TEXT	docs/knowledgeos/brainstorming/verification/THEORY-STATUS-VERDICT.md	EXCLUDED_VERIFICATION
1926	7295	2026-08-30	py	CODE	docs/knowledgeos/brainstorming/verification/witnesses/reverify_construct.py	EXCLUDED_VERIFICATION
1927	3603	2026-08-30	py	CODE	docs/knowledgeos/brainstorming/verification/witnesses/reverify_kaudit.py	EXCLUDED_VERIFICATION
1928	2509	2026-08-30	txt	TEXT	docs/knowledgeos/brainstorming/verification/witnesses/reverify_construct_output.txt	EXCLUDED_VERIFICATION
1929	2471	2026-08-30	txt	TEXT	docs/knowledgeos/brainstorming/verification/witnesses/reverify_kaudit_output.txt	EXCLUDED_VERIFICATION
1930	5485	2026-08-30	py	CODE	docs/knowledgeos/brainstorming/verification/gap-discovery/exec/exp_assertion.py	EXCLUDED_VERIFICATION
1931	15217	2026-08-30	md	TEXT	docs/knowledgeos/reviews/synthesis/analysis/part-2-acceptance-review.md	OUT_OF_SCOPE_ROOT
1932	10346	2026-08-30	md	TEXT	docs/knowledgeos/brainstorming/verification/gap-discovery/05-ASSERTION-SEMANTICS.md	EXCLUDED_VERIFICATION
1933	6684	2026-08-30	py	CODE	docs/knowledgeos/brainstorming/verification/gap-discovery/exec/exp_sigma.py	EXCLUDED_VERIFICATION
1934	12365	2026-08-30	md	TEXT	docs/knowledgeos/brainstorming/verification/gap-discovery/06-SIGMA-GAP-ANALYSIS.md	EXCLUDED_VERIFICATION
1935	9999	2026-08-30	md	TEXT	docs/knowledgeos/brainstorming/verification/gap-discovery/07-MEASUREMENT-THEORY-GAP.md	EXCLUDED_VERIFICATION
1936	8316	2026-08-30	md	TEXT	docs/knowledgeos/brainstorming/verification/gap-discovery/08-EVIDENCE-GAP.md	EXCLUDED_VERIFICATION
1937	7129	2026-08-30	md	TEXT	docs/knowledgeos/brainstorming/verification/gap-discovery/09-TRANSFORMATION-GAP.md	EXCLUDED_VERIFICATION
1938	10793	2026-08-30	md	TEXT	docs/knowledgeos/brainstorming/verification/gap-discovery/10-GOVERNANCE-REFLEXIVITY-GAP.md	EXCLUDED_VERIFICATION
1939	7779	2026-08-30	py	CODE	docs/knowledgeos/brainstorming/verification/gap-discovery/exec/exp_provenance.py	EXCLUDED_VERIFICATION
1940	9193	2026-08-30	md	TEXT	docs/knowledgeos/brainstorming/verification/gap-discovery/11-PROVENANCE-LINEAGE-HISTORY.md	EXCLUDED_VERIFICATION
1941	9191	2026-08-30	md	TEXT	docs/knowledgeos/brainstorming/verification/gap-discovery/12-IDENTITY-EQUALITY-GAP.md	EXCLUDED_VERIFICATION
1942	11755	2026-08-30	md	TEXT	docs/knowledgeos/brainstorming/verification/gap-discovery/13-IMPLEMENTATION-REALITY-CHECK.md	EXCLUDED_VERIFICATION
1943	9969	2026-08-30	md	TEXT	docs/knowledgeos/brainstorming/verification/gap-discovery/14-FALSIFICATION-RESULTS.md	EXCLUDED_VERIFICATION
1944	10302	2026-08-30	md	TEXT	docs/knowledgeos/reviews/synthesis/book-edition-2/part-2-reconstruction/02-02-grades-and-the-final-rule/chapter.md	OUT_OF_SCOPE_ROOT
1945	10571	2026-08-30	md	TEXT	docs/knowledgeos/reviews/synthesis/book-edition-2/part-2-reconstruction/02-03-falsification-under-authority/chapter.md	OUT_OF_SCOPE_ROOT
1946	2587	2026-08-30	md	TEXT	docs/knowledgeos/reviews/synthesis/book-edition-2/part-2-reconstruction/02-01-archaeology-before-architecture/claims.md	OUT_OF_SCOPE_ROOT
1947	2017	2026-08-30	md	TEXT	docs/knowledgeos/reviews/synthesis/book-edition-2/part-2-reconstruction/02-02-grades-and-the-final-rule/claims.md	OUT_OF_SCOPE_ROOT
1948	2005	2026-08-30	md	TEXT	docs/knowledgeos/reviews/synthesis/book-edition-2/part-2-reconstruction/02-03-falsification-under-authority/claims.md	OUT_OF_SCOPE_ROOT
1949	9940	2026-08-30	md	TEXT	docs/knowledgeos/brainstorming/verification/gap-discovery/15-UBIQUITOUS-LANGUAGE-GAP.md	EXCLUDED_VERIFICATION
1950	16758	2026-08-30	md	TEXT	docs/knowledgeos/brainstorming/verification/gap-discovery/16-MASTER-GAP-REGISTER.md	EXCLUDED_VERIFICATION
1951	10042	2026-08-30	md	TEXT	docs/knowledgeos/reviews/synthesis/analysis/part-2-acceptance-closure.md	OUT_OF_SCOPE_ROOT
1952	23313	2026-08-30	md	TEXT	docs/knowledgeos/brainstorming/verification/gap-discovery/17-INDEPENDENT-GAP-DISCOVERY-VERDICT.md	EXCLUDED_VERIFICATION
1953	4873	2026-08-30	txt	TEXT	docs/knowledgeos/brainstorming/verification/gap-discovery/exec/OUT-assertion.txt	EXCLUDED_VERIFICATION
1954	3279	2026-08-30	txt	TEXT	docs/knowledgeos/brainstorming/verification/gap-discovery/exec/OUT-congruence.txt	EXCLUDED_VERIFICATION
1955	8261	2026-08-30	txt	TEXT	docs/knowledgeos/brainstorming/verification/gap-discovery/exec/OUT-ekp-bridge.txt	EXCLUDED_VERIFICATION
1956	4481	2026-08-30	txt	TEXT	docs/knowledgeos/brainstorming/verification/gap-discovery/exec/OUT-identity.txt	EXCLUDED_VERIFICATION
1957	4588	2026-08-30	txt	TEXT	docs/knowledgeos/brainstorming/verification/gap-discovery/exec/OUT-measurement.txt	EXCLUDED_VERIFICATION
1958	4855	2026-08-30	txt	TEXT	docs/knowledgeos/brainstorming/verification/gap-discovery/exec/OUT-ontology.txt	EXCLUDED_VERIFICATION
1959	5861	2026-08-30	txt	TEXT	docs/knowledgeos/brainstorming/verification/gap-discovery/exec/OUT-provenance.txt	EXCLUDED_VERIFICATION
1960	4042	2026-08-30	txt	TEXT	docs/knowledgeos/brainstorming/verification/gap-discovery/exec/OUT-sigma.txt	EXCLUDED_VERIFICATION
1961	3209	2026-08-30	md	TEXT	docs/knowledgeos/brainstorming/verification/independent/00-INDEPENDENT-MANDATE.md	EXCLUDED_VERIFICATION
1962	4590	2026-08-30	md	TEXT	docs/knowledgeos/brainstorming/verification/independent/01-CORPUS-INVENTORY.md	EXCLUDED_VERIFICATION
1963	3232	2026-08-30	md	TEXT	docs/knowledgeos/brainstorming/verification/gap-discovery/exec/README.md	EXCLUDED_VERIFICATION
1964	9960	2026-08-30	md	TEXT	docs/knowledgeos/brainstorming/verification/independent/02-THEORY-RECONSTRUCTION.md	EXCLUDED_VERIFICATION
1965	5454	2026-08-30	md	TEXT	docs/knowledgeos/brainstorming/verification/independent/03-DEPENDENCY-GRAPH.md	EXCLUDED_VERIFICATION
1966	6345	2026-08-30	md	TEXT	docs/knowledgeos/brainstorming/verification/independent/04-PRIMITIVE-CLOSURE-AUDIT.md	EXCLUDED_VERIFICATION
1967	6537	2026-08-30	md	TEXT	docs/knowledgeos/brainstorming/verification/independent/05-K-ATTACK.md	EXCLUDED_VERIFICATION
1968	4908	2026-08-30	md	TEXT	docs/knowledgeos/brainstorming/verification/independent/06-ASSERTION-ATTACK.md	EXCLUDED_VERIFICATION
1969	6222	2026-08-30	md	TEXT	docs/knowledgeos/brainstorming/verification/independent/07-SIGMA-GAMMA-ATTACK.md	EXCLUDED_VERIFICATION
1970	6875	2026-08-30	md	TEXT	docs/knowledgeos/brainstorming/verification/independent/08-POLICY-ATTACK.md	EXCLUDED_VERIFICATION
1971	3993	2026-08-30	md	TEXT	docs/knowledgeos/brainstorming/verification/independent/09-PROVENANCE-LINEAGE-ATTACK.md	EXCLUDED_VERIFICATION
1972	7839	2026-08-30	md	TEXT	docs/knowledgeos/brainstorming/verification/independent/10-MISSINGNESS-UNCERTAINTY.md	EXCLUDED_VERIFICATION
1973	6655	2026-08-30	md	TEXT	docs/knowledgeos/brainstorming/verification/independent/11-CONTRADICTION-REGISTRY.md	EXCLUDED_VERIFICATION
1974	7209	2026-08-30	md	TEXT	docs/knowledgeos/brainstorming/verification/independent/12-EXECUTION-RESULTS.md	EXCLUDED_VERIFICATION
1975	5737	2026-08-30	md	TEXT	docs/knowledgeos/brainstorming/verification/independent/13-GAP-MATRIX.md	EXCLUDED_VERIFICATION
1976	11153	2026-08-30	md	TEXT	docs/knowledgeos/brainstorming/verification/independent/14-INDEPENDENT-VERDICT.md	EXCLUDED_VERIFICATION
1977	14809	2026-08-30	md	TEXT	docs/knowledgeos/reviews/synthesis/analysis/BOOK-READINESS-AUDIT.md	OUT_OF_SCOPE_ROOT
1978	6900	2026-08-30	py	CODE	docs/knowledgeos/brainstorming/verification/independent/witnesses/attack.py	EXCLUDED_VERIFICATION
1979	2539	2026-08-30	py	CODE	docs/knowledgeos/brainstorming/verification/independent/witnesses/ledger.py	EXCLUDED_VERIFICATION
1980	4696	2026-08-30	txt	TEXT	docs/knowledgeos/brainstorming/verification/independent/witnesses/attack_output.txt	EXCLUDED_VERIFICATION
1981	5910	2026-08-30	md	TEXT	docs/knowledgeos/reviews/synthesis/analysis/THEORY-TO-BOOK-SYNCHRONIZATION-GATE.md	OUT_OF_SCOPE_ROOT
1982	3759	2026-08-30	md	TEXT	docs/knowledgeos/reviews/synthesis/analysis/BOOK-THEORY-IMPACT-MATRIX.md	OUT_OF_SCOPE_ROOT
1983	5277	2026-08-30	py	CODE	docs/knowledgeos/brainstorming/verification/gap-discovery/second-order/exec/so_model.py	EXCLUDED_VERIFICATION
1984	10706	2026-08-30	pyc	BINARY_NOT_ANALYZABLE	docs/knowledgeos/brainstorming/verification/gap-discovery/second-order/exec/__pycache__/so_model.cpython-313.pyc	EXCLUDED_VERIFICATION
1985	6538	2026-08-30	py	CODE	docs/knowledgeos/brainstorming/verification/gap-discovery/second-order/exec/so_exp01_congruence_matrix.py	EXCLUDED_VERIFICATION
1986	4700	2026-08-30	py	CODE	docs/knowledgeos/brainstorming/verification/gap-discovery/second-order/exec/so_exp02_invariant_expressibility.py	EXCLUDED_VERIFICATION
1987	6048	2026-08-30	py	CODE	docs/knowledgeos/brainstorming/verification/gap-discovery/second-order/exec/so_exp03_adversarial_operations.py	EXCLUDED_VERIFICATION
1988	9920	2026-08-30	pyc	BINARY_NOT_ANALYZABLE	docs/knowledgeos/brainstorming/verification/gap-discovery/second-order/exec/__pycache__/so_exp01_congruence_matrix.cpython-313.pyc	EXCLUDED_VERIFICATION
1989	5644	2026-08-30	py	CODE	docs/knowledgeos/brainstorming/verification/gap-discovery/second-order/exec/so_exp04_mandated_invariants.py	EXCLUDED_VERIFICATION
1990	7458	2026-08-30	py	CODE	docs/knowledgeos/brainstorming/verification/gap-discovery/second-order/exec/so_exp05_sigma_from_272.py	EXCLUDED_VERIFICATION
1991	14179	2026-08-30	md	TEXT	docs/knowledgeos/brainstorming/verification/gap-discovery/second-order/01-OPERATION-UNIVERSE-ANALYSIS.md	EXCLUDED_VERIFICATION
1992	9060	2026-08-30	md	TEXT	docs/knowledgeos/brainstorming/verification/gap-discovery/second-order/02-AUTHORITY-BOUNDARY-ANALYSIS.md	EXCLUDED_VERIFICATION
1993	8889	2026-08-30	md	TEXT	docs/knowledgeos/brainstorming/verification/gap-discovery/second-order/03-DETERMINATION-SCOPE-ANALYSIS.md	EXCLUDED_VERIFICATION
1994	10289	2026-08-30	md	TEXT	docs/knowledgeos/brainstorming/verification/gap-discovery/second-order/04-GAP-RECLASSIFICATION.md	EXCLUDED_VERIFICATION
1995	8540	2026-08-30	py	CODE	docs/knowledgeos/brainstorming/verification/gap-discovery/second-order/exec/so_exp06_closure.py	EXCLUDED_VERIFICATION
1996	7206	2026-08-30	md	TEXT	docs/knowledgeos/brainstorming/verification/gap-discovery/second-order/05-CANONICAL-DEPENDENCY-CLOSURE.md	EXCLUDED_VERIFICATION
1997	7392	2026-08-30	md	TEXT	docs/knowledgeos/brainstorming/verification/gap-discovery/second-order/06-NORMATIVE-DECISION-REGISTER.md	EXCLUDED_VERIFICATION
1998	12802	2026-08-30	md	TEXT	docs/knowledgeos/brainstorming/verification/gap-discovery/second-order/07-SECOND-ORDER-VERDICT.md	EXCLUDED_VERIFICATION
1999	3288	2026-08-30	md	TEXT	docs/knowledgeos/brainstorming/verification/gap-discovery/second-order/exec/README.md	EXCLUDED_VERIFICATION
2000	4003	2026-08-30	txt	TEXT	docs/knowledgeos/brainstorming/verification/gap-discovery/second-order/exec/OUT-01_congruence_matrix.txt	EXCLUDED_VERIFICATION
2001	2933	2026-08-30	txt	TEXT	docs/knowledgeos/brainstorming/verification/gap-discovery/second-order/exec/OUT-02_invariant_expressibility.txt	EXCLUDED_VERIFICATION
2002	8449	2026-08-30	txt	TEXT	docs/knowledgeos/brainstorming/verification/gap-discovery/second-order/exec/OUT-03_adversarial_operations.txt	EXCLUDED_VERIFICATION
2003	2254	2026-08-30	txt	TEXT	docs/knowledgeos/brainstorming/verification/gap-discovery/second-order/exec/OUT-04_mandated_invariants.txt	EXCLUDED_VERIFICATION
2004	3496	2026-08-30	txt	TEXT	docs/knowledgeos/brainstorming/verification/gap-discovery/second-order/exec/OUT-05_sigma_from_272.txt	EXCLUDED_VERIFICATION
2005	4760	2026-08-30	txt	TEXT	docs/knowledgeos/brainstorming/verification/gap-discovery/second-order/exec/OUT-06_closure.txt	EXCLUDED_VERIFICATION
2006	4238	2026-08-30	md	TEXT	docs/knowledgeos/brainstorming/verification/gap-discovery/second-order/00-ERRATA-TO-FIRST-ORDER.md	EXCLUDED_VERIFICATION
2007	6975	2026-08-30	py	CODE	docs/knowledgeos/brainstorming/verification/canonical-construction/exec/oderive.py	EXCLUDED_VERIFICATION
2008	3160	2026-08-30	py	CODE	docs/knowledgeos/brainstorming/verification/canonical-construction/exec/bandtest.py	EXCLUDED_VERIFICATION
2009	4521	2026-08-30	txt	TEXT	docs/knowledgeos/brainstorming/verification/canonical-construction/exec/OUT-oderive.txt	EXCLUDED_VERIFICATION
2010	3320	2026-08-30	txt	TEXT	docs/knowledgeos/brainstorming/verification/canonical-construction/exec/OUT-bandtest.txt	EXCLUDED_VERIFICATION
2011	6157	2026-08-30	md	TEXT	docs/knowledgeos/brainstorming/verification/canonical-construction/00-CONSTRUCTION-SCOPE.md	EXCLUDED_VERIFICATION
2012	7567	2026-08-30	md	TEXT	docs/knowledgeos/brainstorming/verification/canonical-construction/02-OPERATION-UNIVERSE.md	EXCLUDED_VERIFICATION
2013	5414	2026-08-30	md	TEXT	docs/knowledgeos/brainstorming/verification/canonical-construction/03-CANONICAL-K.md	EXCLUDED_VERIFICATION
2014	5757	2026-08-30	md	TEXT	docs/knowledgeos/brainstorming/verification/canonical-construction/01-GAP-RECLASSIFICATION.md	EXCLUDED_VERIFICATION
2015	8308	2026-08-30	md	TEXT	docs/knowledgeos/brainstorming/verification/canonical-construction/19-HUMAN-DECISION-REGISTER.md	EXCLUDED_VERIFICATION
2016	3961	2026-08-30	md	TEXT	docs/knowledgeos/brainstorming/verification/canonical-construction/BLOCKED-MANIFEST.md	EXCLUDED_VERIFICATION
2017	5787	2026-08-30	md	TEXT	docs/knowledgeos/brainstorming/verification/canonical-construction/21-THEORY-STATUS-VERDICT.md	EXCLUDED_VERIFICATION
2018	5408	2026-08-30	py	CODE	docs/knowledgeos/brainstorming/verification/gap-discovery/step-272/exec/premise_audit.py	EXCLUDED_VERIFICATION
2019	9066	2026-08-30	md	TEXT	docs/knowledgeos/brainstorming/verification/gap-discovery/step-272/04-ARCHITECT-ASSESSMENT-OF-THE-MANDATE.md	EXCLUDED_VERIFICATION
2020	10151	2026-08-30	md	TEXT	docs/knowledgeos/brainstorming/verification/gap-discovery/step-272/01-STEP-272-PREMISE-AUDIT.md	EXCLUDED_VERIFICATION
2021	8795	2026-08-30	md	TEXT	docs/knowledgeos/brainstorming/verification/gap-discovery/step-272/02-GAP-FULFILMENT-UPDATE.md	EXCLUDED_VERIFICATION
2022	7482	2026-08-30	md	TEXT	docs/knowledgeos/brainstorming/verification/gap-discovery/step-272/03-DECISION-BRIEF.md	EXCLUDED_VERIFICATION
2023	10246	2026-08-30	md	TEXT	docs/knowledgeos/brainstorming/verification/gap-discovery/second-order/REVIEWER-DOSSIER.md	EXCLUDED_VERIFICATION
2024	6422	2026-08-30	md	TEXT	docs/knowledgeos/brainstorming/verification/gap-discovery/INDEX.md	EXCLUDED_VERIFICATION
2025	5992	2026-08-30	py	CODE	docs/knowledgeos/brainstorming/verification/gap-discovery/step-272/exec/sigma0_check.py	EXCLUDED_VERIFICATION
2026	9180	2026-08-30	py	CODE	docs/knowledgeos/brainstorming/verification/gap-discovery/step-272/exec/falsify_sigma0.py	EXCLUDED_VERIFICATION
2027	8374	2026-08-30	py	CODE	docs/knowledgeos/brainstorming/verification/gap-discovery/step-272/exec/resolve_275_vs_272b.py	EXCLUDED_VERIFICATION
2028	9104	2026-08-30	md	TEXT	docs/knowledgeos/brainstorming/verification/gap-discovery/step-272/07-SIGMA-VS-STRENGTH-RESOLUTION.md	EXCLUDED_VERIFICATION
2029	7483	2026-08-30	md	TEXT	docs/knowledgeos/brainstorming/verification/gap-discovery/step-272/05-ADDENDUM-STEP-272A.md	EXCLUDED_VERIFICATION
2030	11211	2026-08-30	md	TEXT	docs/knowledgeos/brainstorming/verification/gap-discovery/step-272/06-STEP-272B-REVIEW.md	EXCLUDED_VERIFICATION
2031	24856	2026-08-30	md	TEXT	docs/knowledgeos/brainstorming/verification/gap-discovery/00-CORPUS-INVENTORY.md	EXCLUDED_VERIFICATION
2032	9504	2026-08-30	txt	TEXT	docs/knowledgeos/brainstorming/verification/gap-discovery/step-272/exec/OUT-falsify_sigma0.txt	EXCLUDED_VERIFICATION
2033	8477	2026-08-30	txt	TEXT	docs/knowledgeos/brainstorming/verification/gap-discovery/step-272/exec/OUT-resolve_275_vs_272b.txt	EXCLUDED_VERIFICATION
2034	4502	2026-08-30	txt	TEXT	docs/knowledgeos/brainstorming/verification/gap-discovery/step-272/exec/OUT-sigma0_check.txt	EXCLUDED_VERIFICATION
2035	11440	2026-08-30	md	TEXT	docs/knowledgeos/brainstorming/verification/gap-discovery/step-272/08-GAP-UPDATE-STEPS-272-279.md	EXCLUDED_VERIFICATION
2036	5248	2026-08-30	txt	TEXT	docs/knowledgeos/brainstorming/verification/gap-discovery/step-272/exec/OUT-premise_audit.txt	EXCLUDED_VERIFICATION
2037	7971	2026-08-30	py	CODE	docs/knowledgeos/brainstorming/verification/step-280/exec/kos279.py	EXCLUDED_VERIFICATION
2038	17111	2026-08-30	pyc	BINARY_NOT_ANALYZABLE	docs/knowledgeos/brainstorming/verification/step-280/exec/__pycache__/kos279.cpython-313.pyc	EXCLUDED_VERIFICATION
2039	5774	2026-08-30	py	CODE	docs/knowledgeos/brainstorming/verification/step-280/exec/corpus.py	EXCLUDED_VERIFICATION
2040	8517	2026-08-30	pyc	BINARY_NOT_ANALYZABLE	docs/knowledgeos/brainstorming/verification/step-280/exec/__pycache__/corpus.cpython-313.pyc	EXCLUDED_VERIFICATION
2041	11967	2026-08-30	py	CODE	docs/knowledgeos/brainstorming/verification/step-280/exec/run_e_tests.py	EXCLUDED_VERIFICATION
2042	5763	2026-08-30	py	CODE	docs/knowledgeos/brainstorming/verification/step-280/exec/run_f_tests.py	EXCLUDED_VERIFICATION
2043	5584	2026-08-30	py	CODE	docs/knowledgeos/brainstorming/verification/step-280/exec/run_real_and_stats.py	EXCLUDED_VERIFICATION
2044	2216	2026-08-30	txt	TEXT	docs/knowledgeos/brainstorming/verification/step-280/exec/OUT-E-EXECUTION.txt	EXCLUDED_VERIFICATION
2045	1622	2026-08-30	txt	TEXT	docs/knowledgeos/brainstorming/verification/step-280/exec/OUT-F-EXECUTION.txt	EXCLUDED_VERIFICATION
2046	4889	2026-08-30	txt	TEXT	docs/knowledgeos/brainstorming/verification/step-280/exec/OUT-REAL-AND-STATS.txt	EXCLUDED_VERIFICATION
2047	301	2026-08-30	txt	TEXT	docs/knowledgeos/brainstorming/verification/step-280/exec/OUT-CORPUS.txt	EXCLUDED_VERIFICATION
2048	49	2026-08-30	txt	TEXT	docs/knowledgeos/brainstorming/verification/step-280/exec/OUT-TIMESTAMP.txt	EXCLUDED_VERIFICATION
2049	5441	2026-08-30	md	TEXT	docs/knowledgeos/brainstorming/verification/step-280/09-EMPIRICAL-CLOSURE-VERDICT.md	EXCLUDED_VERIFICATION
2050	7729	2026-08-30	md	TEXT	docs/knowledgeos/brainstorming/verification/step-280/10-STEP-280-COMPLETE-REPORT.md	EXCLUDED_VERIFICATION
2051	966	2026-08-30	md	TEXT	docs/knowledgeos/brainstorming/verification/step-280/01-STEP-280-EXECUTION-PLAN.md	EXCLUDED_VERIFICATION
2052	1434	2026-08-30	md	TEXT	docs/knowledgeos/brainstorming/verification/step-280/02-TEST-CASE-SPECIFICATIONS.md	EXCLUDED_VERIFICATION
2053	2142	2026-08-30	md	TEXT	docs/knowledgeos/brainstorming/verification/step-280/03-END-TO-END-TEST-RESULTS.md	EXCLUDED_VERIFICATION
2054	2047	2026-08-30	md	TEXT	docs/knowledgeos/brainstorming/verification/step-280/04-FALSIFICATION-TEST-RESULTS.md	EXCLUDED_VERIFICATION
2055	868	2026-08-30	md	TEXT	docs/knowledgeos/brainstorming/verification/step-280/05-REPLAY-TEST-RESULTS.md	EXCLUDED_VERIFICATION
2056	1238	2026-08-30	md	TEXT	docs/knowledgeos/brainstorming/verification/step-280/06-EMPIRICAL-EVIDENCE-REGISTER.md	EXCLUDED_VERIFICATION
2057	838	2026-08-30	md	TEXT	docs/knowledgeos/brainstorming/verification/step-280/07-REPRODUCIBILITY-REPORT.md	EXCLUDED_VERIFICATION
2058	1850	2026-08-30	md	TEXT	docs/knowledgeos/brainstorming/verification/step-280/08-GAP-REGISTER-UPDATE.md	EXCLUDED_VERIFICATION
2059	4781	2026-08-30	py	CODE	docs/knowledgeos/brainstorming/verification/consolidation/exec/sigma.py	EXCLUDED_VERIFICATION
2060	4441	2026-08-30	txt	TEXT	docs/knowledgeos/brainstorming/verification/consolidation/exec/OUT-sigma.txt	EXCLUDED_VERIFICATION
2061	2440	2026-08-30	md	TEXT	docs/knowledgeos/brainstorming/verification/consolidation/00-FRONTIER-FREEZE.md	EXCLUDED_VERIFICATION
2062	3421	2026-08-30	md	TEXT	docs/knowledgeos/brainstorming/verification/consolidation/01-D0-AUTHORITY-STATUS.md	EXCLUDED_VERIFICATION
2063	4319	2026-08-30	md	TEXT	docs/knowledgeos/brainstorming/verification/consolidation/02-272-RECONCILIATION.md	EXCLUDED_VERIFICATION
2064	4812	2026-08-30	md	TEXT	docs/knowledgeos/brainstorming/verification/consolidation/03-SIGMA-STATUS.md	EXCLUDED_VERIFICATION
2065	3572	2026-08-30	md	TEXT	docs/knowledgeos/brainstorming/verification/consolidation/04-MISSINGNESS-STATUS.md	EXCLUDED_VERIFICATION
2066	3791	2026-08-30	md	TEXT	docs/knowledgeos/brainstorming/verification/consolidation/05-DETERMINATION-STATUS.md	EXCLUDED_VERIFICATION
2067	5043	2026-08-30	md	TEXT	docs/knowledgeos/brainstorming/verification/consolidation/06-AUTHORITY-ACT-ANALYSIS.md	EXCLUDED_VERIFICATION
2068	3506	2026-08-30	md	TEXT	docs/knowledgeos/brainstorming/verification/consolidation/07-RECONCILED-CLOSURE-REGISTER.md	EXCLUDED_VERIFICATION
2069	7181	2026-08-30	md	TEXT	docs/knowledgeos/brainstorming/verification/consolidation/08-HUMAN-DECISION-DOSSIER.md	EXCLUDED_VERIFICATION
2070	5032	2026-08-30	md	TEXT	docs/knowledgeos/brainstorming/verification/consolidation/09-NEXT-CONSTRUCTION-GATE.md	EXCLUDED_VERIFICATION
2071	10440	2026-08-30	md	TEXT	docs/knowledgeos/brainstorming/verification/gap-discovery/step-272/09-GAP-UPDATE-STEPS-280-281.md	EXCLUDED_VERIFICATION
2072	7971	2026-08-30	py	CODE	docs/knowledgeos/brainstorming/verification/step-281/exec/kos279.py	EXCLUDED_VERIFICATION
2073	2550	2026-08-30	py	CODE	docs/knowledgeos/brainstorming/verification/step-281/exec/repairs.py	EXCLUDED_VERIFICATION
2074	4846	2026-08-30	py	CODE	docs/knowledgeos/brainstorming/verification/step-281/exec/test_repair_selection.py	EXCLUDED_VERIFICATION
2075	4919	2026-08-30	pyc	BINARY_NOT_ANALYZABLE	docs/knowledgeos/brainstorming/verification/step-281/exec/__pycache__/repairs.cpython-313.pyc	EXCLUDED_VERIFICATION
2076	3638	2026-08-30	txt	TEXT	docs/knowledgeos/brainstorming/verification/step-281/exec/OUT-REPAIR-SELECTION.txt	EXCLUDED_VERIFICATION
2077	2088	2026-08-30	py	CODE	docs/knowledgeos/brainstorming/verification/step-281/exec/test_distinguishability.py	EXCLUDED_VERIFICATION
2078	928	2026-08-30	txt	TEXT	docs/knowledgeos/brainstorming/verification/step-281/exec/OUT-DISTINGUISHABILITY.txt	EXCLUDED_VERIFICATION
2079	2007	2026-08-30	py	CODE	docs/knowledgeos/brainstorming/verification/step-281/exec/test_invariant_preservation.py	EXCLUDED_VERIFICATION
2080	1216	2026-08-30	txt	TEXT	docs/knowledgeos/brainstorming/verification/step-281/exec/OUT-INVARIANTS.txt	EXCLUDED_VERIFICATION
2081	2486	2026-08-30	py	CODE	docs/knowledgeos/brainstorming/verification/step-281/exec/test_e4_rerun.py	EXCLUDED_VERIFICATION
2082	998	2026-08-30	txt	TEXT	docs/knowledgeos/brainstorming/verification/step-281/exec/OUT-E4-RERUN.txt	EXCLUDED_VERIFICATION
2083	2831	2026-08-30	py	CODE	docs/knowledgeos/brainstorming/verification/step-281/exec/test_affected_falsification.py	EXCLUDED_VERIFICATION
2084	17111	2026-08-30	pyc	BINARY_NOT_ANALYZABLE	docs/knowledgeos/brainstorming/verification/step-281/exec/__pycache__/kos279.cpython-313.pyc	EXCLUDED_VERIFICATION
2085	1044	2026-08-30	txt	TEXT	docs/knowledgeos/brainstorming/verification/step-281/exec/OUT-AFFECTED-TESTS.txt	EXCLUDED_VERIFICATION
2086	40	2026-08-30	txt	TEXT	docs/knowledgeos/brainstorming/verification/step-281/exec/OUT-TIMESTAMP.txt	EXCLUDED_VERIFICATION
2087	2420	2026-08-30	py	CODE	docs/knowledgeos/brainstorming/verification/step-281/exec/test_minimality.py	EXCLUDED_VERIFICATION
2088	1377	2026-08-30	txt	TEXT	docs/knowledgeos/brainstorming/verification/step-281/exec/OUT-MINIMALITY.txt	EXCLUDED_VERIFICATION
2089	2752	2026-08-30	md	TEXT	docs/knowledgeos/brainstorming/verification/step-281/01-REPAIR-SELECTION.md	EXCLUDED_VERIFICATION
2090	1413	2026-08-30	md	TEXT	docs/knowledgeos/brainstorming/verification/step-281/02-DISTINGUISHABILITY-PROOF.md	EXCLUDED_VERIFICATION
2091	1358	2026-08-30	md	TEXT	docs/knowledgeos/brainstorming/verification/step-281/03-MINIMALITY-PROOF.md	EXCLUDED_VERIFICATION
2092	1424	2026-08-30	md	TEXT	docs/knowledgeos/brainstorming/verification/step-281/04-INVARIANT-PRESERVATION-PROOF.md	EXCLUDED_VERIFICATION
2093	1185	2026-08-30	md	TEXT	docs/knowledgeos/brainstorming/verification/step-281/05-E4-RERUN-RESULTS.md	EXCLUDED_VERIFICATION
2094	1086	2026-08-30	md	TEXT	docs/knowledgeos/brainstorming/verification/step-281/06-AFFECTED-TESTS-RERUN-RESULTS.md	EXCLUDED_VERIFICATION
2095	1983	2026-08-30	md	TEXT	docs/knowledgeos/brainstorming/verification/step-281/07-GAP-REGISTER-UPDATE.md	EXCLUDED_VERIFICATION
2096	1994	2026-08-30	md	TEXT	docs/knowledgeos/brainstorming/verification/step-281/08-INTERNAL-CLOSURE-VERDICT.md	EXCLUDED_VERIFICATION
2097	4818	2026-08-30	md	TEXT	docs/knowledgeos/brainstorming/verification/step-281/09-STEP-281-COMPLETE-REPORT.md	EXCLUDED_VERIFICATION
2098	11097	2026-08-31	md	TEXT	docs/knowledgeos/brainstorming/verification/gap-discovery/step-272/10-GAP-UPDATE-STEPS-281-282.md	EXCLUDED_VERIFICATION
2099	108151	2026-08-31	md	TEXT	docs/knowledgeos/brainstorming/verification/gap-discovery/00A-CORPUS-FILE-INDEX.md	EXCLUDED_VERIFICATION
2100	7971	2026-08-31	py	CODE	docs/knowledgeos/brainstorming/verification/step-282/exec/kos279.py	EXCLUDED_VERIFICATION
2101	2550	2026-08-31	py	CODE	docs/knowledgeos/brainstorming/verification/step-282/exec/repairs.py	EXCLUDED_VERIFICATION
2102	5567	2026-08-31	py	CODE	docs/knowledgeos/brainstorming/verification/step-282/exec/f21_probability_necessity.py	EXCLUDED_VERIFICATION
2103	3904	2026-08-31	txt	TEXT	docs/knowledgeos/brainstorming/verification/step-282/exec/OUT-F21.txt	EXCLUDED_VERIFICATION
2104	440	2026-08-31	py	CODE	docs/knowledgeos/brainstorming/verification/step-282/exec/kosfix.py	EXCLUDED_VERIFICATION
2105	2897	2026-08-31	py	CODE	docs/knowledgeos/brainstorming/verification/step-282/exec/f15_nonidentifiability.py	EXCLUDED_VERIFICATION
2106	1835	2026-08-31	pyc	BINARY_NOT_ANALYZABLE	docs/knowledgeos/brainstorming/verification/step-282/exec/__pycache__/kosfix.cpython-313.pyc	EXCLUDED_VERIFICATION
2107	2159	2026-08-31	txt	TEXT	docs/knowledgeos/brainstorming/verification/step-282/exec/OUT-F15.txt	EXCLUDED_VERIFICATION
2108	3178	2026-08-31	py	CODE	docs/knowledgeos/brainstorming/verification/step-282/exec/f17_f18_qt.py	EXCLUDED_VERIFICATION
2109	2085	2026-08-31	txt	TEXT	docs/knowledgeos/brainstorming/verification/step-282/exec/OUT-F17-F18.txt	EXCLUDED_VERIFICATION
2110	5697	2026-08-31	py	CODE	docs/knowledgeos/brainstorming/verification/step-282/exec/f16_f19_f20.py	EXCLUDED_VERIFICATION
2111	17111	2026-08-31	pyc	BINARY_NOT_ANALYZABLE	docs/knowledgeos/brainstorming/verification/step-282/exec/__pycache__/kos279.cpython-313.pyc	EXCLUDED_VERIFICATION
2112	3405	2026-08-31	txt	TEXT	docs/knowledgeos/brainstorming/verification/step-282/exec/OUT-F16-F19-F20.txt	EXCLUDED_VERIFICATION
2113	7374	2026-08-31	py	CODE	docs/knowledgeos/brainstorming/verification/gap-discovery/step-272/exec/sufficiency.py	EXCLUDED_VERIFICATION
2114	2958	2026-08-31	txt	TEXT	docs/knowledgeos/brainstorming/verification/gap-discovery/step-272/exec/OUT-sufficiency.txt	EXCLUDED_VERIFICATION
2115	4735	2026-08-31	py	CODE	docs/knowledgeos/brainstorming/verification/step-282/exec/f14_and_contradictions.py	EXCLUDED_VERIFICATION
2116	4919	2026-08-31	pyc	BINARY_NOT_ANALYZABLE	docs/knowledgeos/brainstorming/verification/step-282/exec/__pycache__/repairs.cpython-313.pyc	EXCLUDED_VERIFICATION
2117	3851	2026-08-31	txt	TEXT	docs/knowledgeos/brainstorming/verification/step-282/exec/OUT-F14-CONTRADICTIONS.txt	EXCLUDED_VERIFICATION
2118	26	2026-08-31	txt	TEXT	docs/knowledgeos/brainstorming/verification/step-282/exec/OUT-TIMESTAMP.txt	EXCLUDED_VERIFICATION
2119	4966	2026-08-31	md	TEXT	docs/knowledgeos/brainstorming/verification/gap-discovery/step-272/11-E20-RECLASSIFICATION.md	EXCLUDED_VERIFICATION
2120	5981	2026-08-31	md	TEXT	docs/knowledgeos/brainstorming/verification/step-282/01-THEORY-CRITICALITY-REGISTER.md	EXCLUDED_VERIFICATION
2121	6882	2026-08-31	md	TEXT	docs/knowledgeos/brainstorming/verification/gap-discovery/step-272/12-SUFFICIENCY-DEFINITION.md	EXCLUDED_VERIFICATION
2122	1007	2026-08-31	json	TEXT	docs/knowledgeos/brainstorming/verification/step-281/OUT-E4-RERUN.json	EXCLUDED_VERIFICATION
2123	4156	2026-08-31	md	TEXT	docs/knowledgeos/brainstorming/verification/gap-discovery/step-272/README.md	EXCLUDED_VERIFICATION
2124	1757	2026-08-31	md	TEXT	docs/knowledgeos/brainstorming/verification/step-282/03-THEORY-SCOPE-DECLARATION.md	EXCLUDED_VERIFICATION
2125	1596	2026-08-31	md	TEXT	docs/knowledgeos/brainstorming/verification/step-282/04-T3-PROBABILITY-NECESSITY-RESULT.md	EXCLUDED_VERIFICATION
2126	1491	2026-08-31	md	TEXT	docs/knowledgeos/brainstorming/verification/step-282/05-T4-NONIDENTIFIABILITY-RESULT.md	EXCLUDED_VERIFICATION
2127	1530	2026-08-31	md	TEXT	docs/knowledgeos/brainstorming/verification/step-282/06-QT-REPLAY-SERIALIZATION-RESULT.md	EXCLUDED_VERIFICATION
2128	1493	2026-08-31	md	TEXT	docs/knowledgeos/brainstorming/verification/step-282/07-POLICY-KNOWLEDGE-SEPARATION-RESULT.md	EXCLUDED_VERIFICATION
2129	1729	2026-08-31	md	TEXT	docs/knowledgeos/brainstorming/verification/step-282/08-DEPENDENCY-CYCLE-RESULT.md	EXCLUDED_VERIFICATION
2130	2475	2026-08-31	md	TEXT	docs/knowledgeos/brainstorming/verification/step-282/09-CLOSURE-DIMENSION-MATRIX.md	EXCLUDED_VERIFICATION
2131	2208	2026-08-31	md	TEXT	docs/knowledgeos/brainstorming/verification/step-282/10-STEP-282-FALSIFICATION-RESULTS.md	EXCLUDED_VERIFICATION
2132	6891	2026-08-31	md	TEXT	docs/knowledgeos/brainstorming/verification/consolidation/10-REVIEW-AGAINST-STEPS-280-282.md	EXCLUDED_VERIFICATION
2133	2654	2026-08-31	md	TEXT	docs/knowledgeos/brainstorming/verification/step-282/11-STEP-282-HUMAN-DECISION-REGISTER.md	EXCLUDED_VERIFICATION
2134	4694	2026-08-31	md	TEXT	docs/knowledgeos/brainstorming/verification/step-282/12-STEP-282-SUPERVISORY-VERDICT.md	EXCLUDED_VERIFICATION
2135	5093	2026-08-31	py	CODE	docs/knowledgeos/brainstorming/verification/step-280/exec/kosmodel.py	EXCLUDED_VERIFICATION
2136	5093	2026-08-31	py	CODE	docs/knowledgeos/brainstorming/verification/step-281/exec/kosmodel.py	EXCLUDED_VERIFICATION
2137	5093	2026-08-31	py	CODE	docs/knowledgeos/brainstorming/verification/step-282/exec/kosmodel.py	EXCLUDED_VERIFICATION
2138	14470	2026-08-31	pyc	BINARY_NOT_ANALYZABLE	docs/knowledgeos/brainstorming/verification/step-280/exec/__pycache__/kosmodel.cpython-313.pyc	EXCLUDED_VERIFICATION
2139	7042	2026-08-31	json	TEXT	docs/knowledgeos/brainstorming/verification/step-280/exec/OUT-E-RESULTS.json	EXCLUDED_VERIFICATION
2140	2892	2026-08-31	json	TEXT	docs/knowledgeos/brainstorming/verification/step-280/exec/OUT-F-RESULTS.json	EXCLUDED_VERIFICATION
2141	14470	2026-08-31	pyc	BINARY_NOT_ANALYZABLE	docs/knowledgeos/brainstorming/verification/step-281/exec/__pycache__/kosmodel.cpython-313.pyc	EXCLUDED_VERIFICATION
2142	1007	2026-08-31	json	TEXT	docs/knowledgeos/brainstorming/verification/step-281/exec/OUT-E4-RERUN.json	EXCLUDED_VERIFICATION
2143	14470	2026-08-31	pyc	BINARY_NOT_ANALYZABLE	docs/knowledgeos/brainstorming/verification/step-282/exec/__pycache__/kosmodel.cpython-313.pyc	EXCLUDED_VERIFICATION
2144	2601	2026-08-31	md	TEXT	docs/knowledgeos/brainstorming/verification/step-282/13-C-NEW-CLOSURE-RECORD.md	EXCLUDED_VERIFICATION
2145	1984	2026-08-31	md	TEXT	docs/knowledgeos/brainstorming/verification/step-282/02-RESIDUAL-GAP-CLASSIFICATION.md	EXCLUDED_VERIFICATION
2146	799	2026-08-31	md	TEXT	docs/knowledgeos/brainstorming/verification/handoff/01-CORPUS-SNAPSHOT-FREEZE.md	EXCLUDED_VERIFICATION
2147	2861	2026-08-31	md	TEXT	docs/knowledgeos/brainstorming/verification/handoff/02-O-CORE-AUTHORITATIVE-DETERMINATION.md	EXCLUDED_VERIFICATION
2148	3128	2026-08-31	md	TEXT	docs/knowledgeos/brainstorming/verification/handoff/03-RECONCILIATION-272A-272B-273-275.md	EXCLUDED_VERIFICATION
2149	1950	2026-08-31	md	TEXT	docs/knowledgeos/brainstorming/verification/handoff/04-GOVERNANCE-COLLISION-REGISTER.md	EXCLUDED_VERIFICATION
2150	5507	2026-08-31	md	TEXT	docs/knowledgeos/brainstorming/verification/handoff/05-CANONICAL-CONSTRUCT-REGISTRY.md	EXCLUDED_VERIFICATION
2151	5097	2026-08-31	md	TEXT	docs/knowledgeos/brainstorming/verification/handoff/06-HANDOFF-VERDICT.md	EXCLUDED_VERIFICATION
2152	15808	2026-08-31	md	TEXT	docs/knowledgeos/reviews/synthesis/prompts/20260831_0050_prompts.md	OUT_OF_SCOPE_ROOT
2153	7325	2026-08-31	md	TEXT	docs/knowledgeos/reviews/synthesis/analysis/theory-sync/evidence-computational-empirical.md	OUT_OF_SCOPE_ROOT
2154	8913	2026-08-31	md	TEXT	docs/knowledgeos/reviews/synthesis/analysis/theory-sync/evidence-definitions-formal.md	OUT_OF_SCOPE_ROOT
2155	18585	2026-08-31	md	TEXT	docs/knowledgeos/reviews/synthesis/analysis/THEORY-TO-BOOK-CANONICAL-STATE.md	OUT_OF_SCOPE_ROOT
2156	14579	2026-08-31	md	TEXT	docs/knowledgeos/brainstorming/verification/prompts/20260831_0105_prompts.md	EXCLUDED_VERIFICATION
2157	23863	2026-08-31	md	TEXT	docs/knowledgeos/reviews/synthesis/prompts/20260831_0106_prompts.md	OUT_OF_SCOPE_ROOT
2158	7230	2026-08-31	md	TEXT	docs/knowledgeos/brainstorming/verification/consolidation/11-REVIEW-AGAINST-STEPS-283-284.md	EXCLUDED_VERIFICATION
2159	15053	2026-08-31	md	TEXT	docs/knowledgeos/reviews/synthesis/analysis/book-structure-crosswalk-proposal.md	OUT_OF_SCOPE_ROOT
2160	10182	2026-08-31	md	TEXT	docs/knowledgeos/reviews/synthesis/prompts/20260831_0144_prompts.md	OUT_OF_SCOPE_ROOT
2161	14602	2026-08-31	md	TEXT	docs/knowledgeos/reviews/synthesis/analysis/book-implementation-source-map.md	OUT_OF_SCOPE_ROOT
2162	5095	2026-08-31	md	TEXT	docs/knowledgeos/reviews/synthesis/prompts/20260831_0145_prompts.md	OUT_OF_SCOPE_ROOT
2163	8419	2026-08-31	md	TEXT	docs/knowledgeos/reviews/synthesis/analysis/canonical-implementation-contract-template.md	OUT_OF_SCOPE_ROOT
2164	5816	2026-08-31	md	TEXT	docs/knowledgeos/reviews/synthesis/analysis/OPERATION-CONTRACT-GAP.md	OUT_OF_SCOPE_ROOT
2165	4400	2026-08-31	md	TEXT	docs/knowledgeos/reviews/synthesis/analysis/TRANSFORMATION-CONTRACT-GAP.md	OUT_OF_SCOPE_ROOT
2166	10631	2026-08-31	md	TEXT	docs/knowledgeos/reviews/synthesis/analysis/DRAFT-HPA-RULING-operation-registry.md	OUT_OF_SCOPE_ROOT
2167	6960	2026-08-31	md	TEXT	docs/knowledgeos/reviews/synthesis/analysis/COMMISSION-operation-registry-derivation.md	OUT_OF_SCOPE_ROOT
2168	13041	2026-08-31	md	TEXT	docs/knowledgeos/reviews/synthesis/analysis/CANONICAL-IMPLEMENTATION-GAP.md	OUT_OF_SCOPE_ROOT
2169	4777	2026-08-31	py	CODE	docs/knowledgeos/reviews/synthesis/commission-operation-registry/exec/circularity.py	OUT_OF_SCOPE_ROOT
2170	13063	2026-08-31	py	CODE	docs/knowledgeos/reviews/synthesis/commission-operation-registry/exec/inventory.py	OUT_OF_SCOPE_ROOT
2171	11555	2026-08-31	py	CODE	docs/knowledgeos/reviews/synthesis/commission-operation-registry/exec/consistency.py	OUT_OF_SCOPE_ROOT
2172	248	2026-08-31	txt	TEXT	docs/knowledgeos/reviews/synthesis/OUT-consistency.txt	OUT_OF_SCOPE_ROOT
2173	27209	2026-08-31	py	CODE	docs/knowledgeos/reviews/synthesis/commission-operation-registry/exec/mintest.py	OUT_OF_SCOPE_ROOT
2174	33967	2026-08-31	md	TEXT	docs/knowledgeos/reviews/synthesis/commission-operation-registry/MINIMALITY-RESULT.md	OUT_OF_SCOPE_ROOT
2175	46122	2026-08-31	py	CODE	docs/knowledgeos/reviews/synthesis/commission-operation-registry/exec/rm.py	OUT_OF_SCOPE_ROOT
2176	60657	2026-08-31	pyc	BINARY_NOT_ANALYZABLE	docs/knowledgeos/reviews/synthesis/commission-operation-registry/exec/__pycache__/rm.cpython-313.pyc	OUT_OF_SCOPE_ROOT
2177	17053	2026-08-31	pyc	BINARY_NOT_ANALYZABLE	docs/knowledgeos/reviews/synthesis/commission-operation-registry/exec/__pycache__/inventory.cpython-313.pyc	OUT_OF_SCOPE_ROOT
2178	48394	2026-08-31	md	TEXT	docs/knowledgeos/reviews/synthesis/commission-operation-registry/OPERATION-REGISTRY-DERIVATION.md	OUT_OF_SCOPE_ROOT
2179	21373	2026-08-31	txt	TEXT	docs/knowledgeos/reviews/synthesis/commission-operation-registry/exec/OUT-inventory.txt	OUT_OF_SCOPE_ROOT
2180	1953	2026-08-31	txt	TEXT	docs/knowledgeos/reviews/synthesis/commission-operation-registry/exec/OUT-circularity.txt	OUT_OF_SCOPE_ROOT
2181	46492	2026-08-31	pyc	BINARY_NOT_ANALYZABLE	docs/knowledgeos/reviews/synthesis/commission-operation-registry/exec/__pycache__/mintest.cpython-313.pyc	OUT_OF_SCOPE_ROOT
2182	3396	2026-08-31	txt	TEXT	docs/knowledgeos/reviews/synthesis/commission-operation-registry/exec/OUT-consistency.txt	OUT_OF_SCOPE_ROOT
2183	17476	2026-08-31	txt	TEXT	docs/knowledgeos/reviews/synthesis/commission-operation-registry/exec/OUT-mintest.txt	OUT_OF_SCOPE_ROOT
2184	63708	2026-08-31	md	TEXT	docs/knowledgeos/reviews/synthesis/commission-operation-registry/OPERATION-CONTRACTS.md	OUT_OF_SCOPE_ROOT
2185	6408	2026-08-31	md	TEXT	docs/knowledgeos/reviews/synthesis/analysis/IMPLEMENTATION-READINESS-MATRIX.md	OUT_OF_SCOPE_ROOT
2186	13961	2026-08-31	md	TEXT	docs/knowledgeos/reviews/synthesis/prompts/20260831_1505_prompt_isntructions.md	OUT_OF_SCOPE_ROOT
2187	6923	2026-08-31	none	TEXT	docs/knowledgeos/reviews/synthesis/prompts/Confirmed first, since you flagged it: t	OUT_OF_SCOPE_ROOT
2188	64295	2026-08-31	md	TEXT	docs/knowledgeos/reviews/synthesis/commission-operation-registry/OPERATION-REGISTRY-INDEPENDENT-REVIEW.md	OUT_OF_SCOPE_ROOT
2189	11416	2026-08-31	md	TEXT	docs/knowledgeos/reviews/synthesis/commission-operation-registry/OPERATION-REGISTRY-DECISION-PACKAGE.md	OUT_OF_SCOPE_ROOT
2190	15222	2026-08-31	md	TEXT	docs/knowledgeos/reviews/synthesis/prompts/202060831_1518_prompts.md	OUT_OF_SCOPE_ROOT
2191	6184	2026-08-31	md	TEXT	docs/knowledgeos/reviews/synthesis/commission-operation-registry/06-FALSIFICATION-VERDICT.md	OUT_OF_SCOPE_ROOT
2192	15236	2026-08-31	md	TEXT	docs/knowledgeos/reviews/synthesis/prompts/20260831_1523_prompts.md	OUT_OF_SCOPE_ROOT
2193	6510	2026-08-31	md	TEXT	docs/knowledgeos/reviews/synthesis/commission-operation-registry/step-284/02-REJECT-P1-STATUS.md	OUT_OF_SCOPE_ROOT
2194	8362	2026-08-31	md	TEXT	docs/knowledgeos/reviews/synthesis/commission-operation-registry/step-284/03-A6-ARTICLE83-BOUNDARY.md	OUT_OF_SCOPE_ROOT
2195	17136	2026-08-31	md	TEXT	docs/knowledgeos/reviews/synthesis/prompts/20260831_1547_prompt.md	OUT_OF_SCOPE_ROOT
2196	10131	2026-08-31	md	TEXT	docs/knowledgeos/reviews/synthesis/commission-operation-registry/step-284/01-P11-OPERATION-UNIVERSE-STATUS.md	OUT_OF_SCOPE_ROOT
2197	9633	2026-08-31	md	TEXT	docs/knowledgeos/reviews/synthesis/commission-operation-registry/step-285/01-THEORY-CHAIN-MATRIX.md	OUT_OF_SCOPE_ROOT
2198	4776	2026-08-31	py	CODE	docs/knowledgeos/brainstorming/verification/gap-discovery/readiness/exec/verify_readiness_claims.py	EXCLUDED_VERIFICATION
2199	3696	2026-08-31	txt	TEXT	docs/knowledgeos/brainstorming/verification/gap-discovery/readiness/exec/OUT-verify_readiness_claims.txt	EXCLUDED_VERIFICATION
2200	5799	2026-08-31	md	TEXT	docs/knowledgeos/reviews/synthesis/commission-operation-registry/step-285/02-THEORY-DEPENDENCY-GRAPH.md	OUT_OF_SCOPE_ROOT
2201	3431	2026-08-31	md	TEXT	docs/knowledgeos/reviews/synthesis/commission-operation-registry/step-285/03-CANONICAL-BOUNDARY-MAP.md	OUT_OF_SCOPE_ROOT
2202	4897	2026-08-31	md	TEXT	docs/knowledgeos/brainstorming/verification/gap-discovery/readiness/00-EVIDENCE-BASE-AND-DUPLICATION-NOTICE.md	EXCLUDED_VERIFICATION
2203	5168	2026-08-31	md	TEXT	docs/knowledgeos/reviews/synthesis/commission-operation-registry/step-285/04-IMPLEMENTATION-BLOCKER-REGISTER.md	OUT_OF_SCOPE_ROOT
2204	2778	2026-08-31	md	TEXT	docs/knowledgeos/reviews/synthesis/commission-operation-registry/step-285/05-THEORY-TO-BOOK-MAP.md	OUT_OF_SCOPE_ROOT
2205	8454	2026-08-31	md	TEXT	docs/knowledgeos/brainstorming/verification/gap-discovery/readiness/01-IMPLEMENTATION-READINESS-MASTER-MATRIX.md	EXCLUDED_VERIFICATION
2206	7437	2026-08-31	md	TEXT	docs/knowledgeos/reviews/synthesis/commission-operation-registry/step-285/06-STEP-285-VERDICT.md	OUT_OF_SCOPE_ROOT
2207	7687	2026-08-31	md	TEXT	docs/knowledgeos/brainstorming/verification/gap-discovery/readiness/02-DERIVATION-DEFINITION-ARCHITECTURE-GAP-MAP.md	EXCLUDED_VERIFICATION
2208	33879	2026-08-31	md	TEXT	docs/knowledgeos/reviews/synthesis/analysis/architecture-findings.md	OUT_OF_SCOPE_ROOT
2209	172546	2026-08-31	md	TEXT	docs/knowledgeos/reviews/synthesis/analysis/governance-notes.md	OUT_OF_SCOPE_ROOT
2210	9367	2026-08-31	md	TEXT	docs/knowledgeos/brainstorming/verification/gap-discovery/readiness/03-OPERATION-TRANSFORMATION-READINESS.md	EXCLUDED_VERIFICATION
2211	8557	2026-08-31	py	CODE	docs/knowledgeos/brainstorming/verification/gap-discovery/readiness/exec/minimum_implementable.py	EXCLUDED_VERIFICATION
2212	6123	2026-08-31	txt	TEXT	docs/knowledgeos/brainstorming/verification/gap-discovery/readiness/exec/OUT-minimum_implementable.txt	EXCLUDED_VERIFICATION
2213	4509	2026-08-31	md	TEXT	docs/knowledgeos/brainstorming/verification/gap-discovery/readiness/04-KNOWLEDGEOS-DEPENDENCY-GRAPH.md	EXCLUDED_VERIFICATION
2214	5001	2026-08-31	md	TEXT	docs/knowledgeos/brainstorming/verification/gap-discovery/readiness/05-BOOK-READINESS-MATRIX.md	EXCLUDED_VERIFICATION
2215	6013	2026-08-31	md	TEXT	docs/knowledgeos/brainstorming/verification/gap-discovery/readiness/06-CRITICAL-PATH-TO-IMPLEMENTATION.md	EXCLUDED_VERIFICATION
2216	5216	2026-08-31	md	TEXT	docs/knowledgeos/brainstorming/verification/gap-discovery/readiness/07-MINIMUM-IMPLEMENTABLE-KNOWLEDGEOS.md	EXCLUDED_VERIFICATION
2217	7901	2026-08-31	md	TEXT	docs/knowledgeos/brainstorming/verification/gap-discovery/readiness/08-GAP-ANALYSIS-VERDICT.md	EXCLUDED_VERIFICATION
2218	4027	2026-08-31	md	TEXT	docs/knowledgeos/reviews/synthesis/analysis/editorial-sync/06-EDITORIAL-BLOCKER-REGISTER.md	OUT_OF_SCOPE_ROOT
2219	2316	2026-08-31	md	TEXT	docs/knowledgeos/reviews/synthesis/analysis/editorial-sync/07-CHAPTERS-WRITABLE-NOW.md	OUT_OF_SCOPE_ROOT
2220	2132	2026-08-31	md	TEXT	docs/knowledgeos/reviews/synthesis/analysis/editorial-sync/08-CHAPTERS-AWAITING-DECISIONS.md	OUT_OF_SCOPE_ROOT
2221	7627	2026-08-31	md	TEXT	docs/knowledgeos/reviews/synthesis/prompts/20260831_1624_prompt_BOOK SESSION — BOUNDED CONTINUATION.md	OUT_OF_SCOPE_ROOT
2222	10386	2026-08-31	md	TEXT	docs/knowledgeos/brainstorming/verification/gap-discovery/readiness/09-GAP-UPDATE-STEPS-282-285-AND-EXTERNAL-RESEARCH.md	EXCLUDED_VERIFICATION
2223	6023	2026-08-31	json	TEXT	docs/knowledgeos/brainstorming/verification/gap-discovery/readiness/readiness-summary.json	EXCLUDED_VERIFICATION
2224	3115	2026-08-31	md	TEXT	docs/knowledgeos/brainstorming/verification/gap-discovery/readiness/README.md	EXCLUDED_VERIFICATION
2225	29919	2026-08-31	md	TEXT	docs/knowledgeos/brainstorming/phase_measure_theory/20260831-181552_step_286_gita-mapping-terms-to-knowledgeos-invalid-date-corrected.md	PRIMARY
2226	7494	2026-08-31	md	TEXT	docs/knowledgeos/brainstorming/phase_measure_theory/20260831-195114_step_288_short-confirmation-of-equality-gap-position.md	PRIMARY
2227	27771	2026-08-31	md	TEXT	docs/knowledgeos/brainstorming/phase_measure_theory/knowledgeos_kernel/20260831-201143_step_286_gita-kos-translation-register-working-notes.md	PRIMARY
2228	22488	2026-08-31	md	TEXT	docs/knowledgeos/brainstorming/phase_measure_theory/knowledgeos_kernel/prompts/20260831-201424_step_287_reviewer-drafts-step-287-invariants-research-and-falsification-mandate.md	PRIMARY
2229	6119	2026-08-31	md	TEXT	docs/knowledgeos/brainstorming/phase_measure_theory/20260831-202101_step_287_reviewer-step-287-invariants-research-only-derivability-audit-triplicate.md	PRIMARY
2230	22119	2026-08-31	md	TEXT	docs/knowledgeos/brainstorming/phase_measure_theory/knowledgeos_kernel/20260831-202404_step_286_cavell-must-we-mean-what-we-say-lenses-for-knowledgeos-kernel.md	PRIMARY
2231	6119	2026-08-31	md	TEXT	docs/knowledgeos/brainstorming/phase_measure_theory/knowledgeos_kernel/prompts/20260831-202424_step_287_reviewer-step-287-invariants-as-research-only-derivability-audit-not-normative.md	PRIMARY
2232	43669	2026-08-31	md	TEXT	docs/knowledgeos/brainstorming/phase_measure_theory/knowledgeos_kernel/prompts/20260831-215513_step_288_refined-step-288-equality-decision-procedure-closure-programme-mandate.md	PRIMARY
2233	6119	2026-08-31	md	TEXT	docs/knowledgeos/brainstorming/phase_measure_theory/knowledgeos_kernel/prompts/20260831-221900_step_287_reviewer-step-287-invariants-research-only-derivability-audit-duplicate.md	PRIMARY
2234	28248	2026-08-31	md	TEXT	docs/knowledgeos/brainstorming/phase_measure_theory/knowledgeos_kernel/prompts/20260831-222300_step_288_reviewer-b-step-288-equality-reconciliation-execution-mandate-post-287-baseline.md	PRIMARY
2235	21919	2026-08-31	md	TEXT	docs/knowledgeos/brainstorming/phase_measure_theory/knowledgeos_kernel/prompts/20260831-224400_step_289_reviewer-b-dependency-graph-bootstrap-boundary-and-derivation-governance-separation-mandate.md	PRIMARY
2236	29552	2026-08-31	md	TEXT	docs/knowledgeos/brainstorming/phase_measure_theory/knowledgeos_kernel/prompts/20260831-225400_step_289_reviewer-b-step-289-operations-mandate-superseded-by-2303-tightening.md	PRIMARY
2237	14905	2026-08-31	md	TEXT	docs/knowledgeos/brainstorming/phase_measure_theory/knowledgeos_kernel/prompts/20260831-230100_step_290_reviewer-accepts-289-and-drafts-step-290-n1-equality-observational-adjudication-mandate.md	PRIMARY
2238	28589	2026-08-31	md	TEXT	docs/knowledgeos/brainstorming/phase_measure_theory/knowledgeos_kernel/prompts/20260831-230300_step_289_reviewer-b-step-289-operations-and-transformation-semantics-tightened-mandate.md	PRIMARY
2239	20408	2026-08-31	md	TEXT	docs/knowledgeos/brainstorming/phase_measure_theory/knowledgeos_kernel/prompts/20260831-231700_step_291_reviewer-b-omega-tau-closure-audit-and-n4-earliest-act-verification-mandate.md	PRIMARY
2240	7951	2026-08-31	md	TEXT	docs/knowledgeos/brainstorming/phase_measure_theory/knowledgeos_kernel/prompts/20260831-233128_step_290_reviewer-approves-290-with-one-architectural-caution.md	PRIMARY
2241	13334	2026-08-31	md	TEXT	docs/knowledgeos/brainstorming/phase_measure_theory/knowledgeos_kernel/prompts/20260831-233234_step_290_reviewer-b-accepts-290-as-correction-of-the-288-289-equality-thread.md	PRIMARY
2242	18060	2026-08-31	md	TEXT	docs/knowledgeos/brainstorming/phase_measure_theory/knowledgeos_kernel/prompts/20260831-233945_step_286_hpa-gita-chapter-05-karma-yoga-action-attribution-decomposition-hypothesis.md	PRIMARY
2243	18060	2026-08-31	md	TEXT	docs/knowledgeos/brainstorming/phase_measure_theory/knowledgeos_kernel/prompts/20260831-234034_step_286_hpa-gita-chapter-05-karma-yoga-duplicate.md	PRIMARY
2244	17928	2026-08-31	md	TEXT	docs/knowledgeos/brainstorming/phase_measure_theory/knowledgeos_kernel/prompts/20260831-234046_step_291_reviewer-do-not-freeze-291-status-logic-and-overstatement-corrections.md	PRIMARY
2245	15401	2026-08-31	md	TEXT	docs/knowledgeos/brainstorming/phase_measure_theory/knowledgeos_kernel/prompts/20260831-234334_step_286_hpa-gita-chapter-05-atma-as-bounded-knower-locus-not-knowledge.md	PRIMARY
2246	17779	2026-08-31	md	TEXT	docs/knowledgeos/brainstorming/phase_measure_theory/knowledgeos_kernel/prompts/20260831-234601_step_286_hpa-gita-chapter-06-dhyana-yoga-epistemic-regulation-and-recovery-hypotheses.md	PRIMARY
2247	17779	2026-09-01	md	TEXT	docs/knowledgeos/brainstorming/phase_measure_theory/knowledgeos_kernel/prompts/20260901-000039_step_286_hpa-gita-chapter-06-dhyana-yoga-duplicate.md	PRIMARY
2248	19979	2026-09-01	md	TEXT	docs/knowledgeos/brainstorming/phase_measure_theory/knowledgeos_kernel/prompts/20260901-000332_step_286_hpa-gita-chapter-06-theory-of-epistemic-regulation-stabilization-progression.md	PRIMARY
2249	10499	2026-09-01	md	TEXT	docs/knowledgeos/brainstorming/phase_measure_theory/knowledgeos_kernel/prompts/20260901-001017_step_286_hpa-gita-chapter-06-kernel-as-mind-like-functional-analogy-not-identity.md	PRIMARY
2250	10499	2026-09-01	md	TEXT	docs/knowledgeos/brainstorming/phase_measure_theory/knowledgeos_kernel/prompts/20260901-001122_step_286_hpa-gita-chapter-06-kernel-as-mind-like-analogy-duplicate.md	PRIMARY
2251	46909	2026-09-01	md	TEXT	docs/knowledgeos/brainstorming/phase_measure_theory/knowledgeos_kernel/prompts/20260901-002536_step_286_hpa-gita-chapter-07-knowledge-of-the-absolute-vocabulary-too-simplistic.md	PRIMARY
2252	42638	2026-09-01	md	TEXT	docs/knowledgeos/brainstorming/phase_measure_theory/knowledgeos_kernel/prompts/20260901-002927_step_286_hpa-gita-chapters-06-07-combined-lens-not-architectural-specification.md	PRIMARY
2253	4197	2026-09-01	md	TEXT	docs/knowledgeos/brainstorming/phase_measure_theory/knowledgeos_kernel/prompts/20260901-002955_step_286_hpa-gita-chapter-06-stronger-interpretation-for-knowledgeos.md	PRIMARY
2254	14931	2026-09-01	md	TEXT	docs/knowledgeos/brainstorming/phase_measure_theory/knowledgeos_kernel/prompts/20260901-004205_step_286_hpa-gita-chapter-09-new-lens-with-chapters-06-07.md	PRIMARY
2255	16384	2026-09-01	md	TEXT	docs/knowledgeos/brainstorming/phase_measure_theory/knowledgeos_kernel/prompts/20260901-004408_step_286_hpa-gita-chapter-08-attaining-the-supreme-structural-not-term-mapping.md	PRIMARY
2256	7218	2026-09-01	md	TEXT	docs/knowledgeos/brainstorming/phase_measure_theory/knowledgeos_kernel/prompts/20260901-004546_step_286_hpa-knowledge-state-is-time-indexed-evolving-not-constant.md	PRIMARY
2257	7218	2026-09-01	md	TEXT	docs/knowledgeos/brainstorming/phase_measure_theory/knowledgeos_kernel/prompts/20260901-004810_step_286_hpa-knowledge-state-time-indexed-duplicate.md	PRIMARY
2258	4461	2026-09-01	md	TEXT	docs/knowledgeos/brainstorming/phase_measure_theory/knowledgeos_kernel/prompts/20260901-004958_step_286_hpa-gita-chapter-03-locus-with-ch02-foundation-and-ch04-continuation.md	PRIMARY
2259	4461	2026-09-01	md	TEXT	docs/knowledgeos/brainstorming/phase_measure_theory/knowledgeos_kernel/prompts/20260901-005211_step_286_hpa-gita-chapter-03-locus-duplicate.md	PRIMARY
2260	12133	2026-09-01	md	TEXT	docs/knowledgeos/brainstorming/phase_measure_theory/knowledgeos_kernel/prompts/20260901-005349_step_286_define-kernel-from-evidence-maths-and-ddd-with-gita-as-lens-only.md	PRIMARY
2261	9169	2026-09-01	md	TEXT	docs/knowledgeos/brainstorming/phase_measure_theory/knowledgeos_kernel/prompts/20260901-005458_step_286_hpa-gita-as-philosophical-lens-only-stronger-knowledgeos-hypothesis.md	PRIMARY
2262	17294	2026-09-01	md	TEXT	docs/knowledgeos/brainstorming/phase_measure_theory/knowledgeos_kernel/prompts/20260901-005729_step_286_hpa-gita-chapter-11-hypotheses-for-knowledgeos-and-especially-the-kernel.md	PRIMARY
2263	19968	2026-09-01	md	TEXT	docs/knowledgeos/brainstorming/phase_measure_theory/knowledgeos_kernel/prompts/20260901-010022_step_286_hpa-gita-chapter-12-bhakti-yoga-distinguished-from-chapter-11.md	PRIMARY
2264	10444	2026-09-01	md	TEXT	docs/knowledgeos/brainstorming/phase_measure_theory/knowledgeos_kernel/prompts/20260901-010224_step_286_hpa-yoga-as-a-family-of-mathematical-simulations-analytical-lens.md	PRIMARY
2265	10478	2026-09-01	md	TEXT	docs/knowledgeos/brainstorming/phase_measure_theory/knowledgeos_kernel/prompts/20260901-010553_step_286_purification-as-multi-dimensional-qualification-not-more-knowledge.md	PRIMARY
2266	5284	2026-09-01	md	TEXT	docs/knowledgeos/brainstorming/phase_measure_theory/knowledgeos_kernel/prompts/20260901-010705_step_286_sentence-as-candidate-representation-not-equal-to-dimension.md	PRIMARY
2267	5284	2026-09-01	md	TEXT	docs/knowledgeos/brainstorming/phase_measure_theory/knowledgeos_kernel/prompts/20260901-010904_step_286_sentence-vs-dimension-chapter-13-duplicate.md	PRIMARY
2268	18166	2026-09-01	md	TEXT	docs/knowledgeos/brainstorming/phase_measure_theory/knowledgeos_kernel/prompts/20260901-011315_step_286_hpa-gita-chapter-14-three-modes-read.md	PRIMARY
2269	16417	2026-09-01	md	TEXT	docs/knowledgeos/brainstorming/phase_measure_theory/knowledgeos_kernel/prompts/20260901-011421_step_286_hpa-gita-chapters-13-plus-14-composed.md	PRIMARY
2270	15014	2026-09-01	md	TEXT	docs/knowledgeos/brainstorming/phase_measure_theory/knowledgeos_kernel/prompts/20260901-011622_step_286_hpa-gita-chapters-13-plus-14-composed-variant.md	PRIMARY
2271	16293	2026-09-01	md	TEXT	docs/knowledgeos/brainstorming/phase_measure_theory/knowledgeos_kernel/prompts/20260901-011731_step_286_hpa-gita-adding-chapter-11-changes-the-model.md	PRIMARY
2272	16934	2026-09-01	md	TEXT	docs/knowledgeos/brainstorming/phase_measure_theory/knowledgeos_kernel/prompts/20260901-011919_step_286_hpa-gita-adding-chapter-10-to-the-composition.md	PRIMARY
2273	22608	2026-09-01	md	TEXT	docs/knowledgeos/brainstorming/phase_measure_theory/knowledgeos_kernel/prompts/20260901-012249_step_286_hpa-gita-chapter-15-highly-useful-for-knowledgeos.md	PRIMARY
2274	14574	2026-09-01	md	TEXT	docs/knowledgeos/brainstorming/phase_measure_theory/knowledgeos_kernel/prompts/20260901-012438_step_286_hpa-gita-adding-chapter-15-materially-strengthens.md	PRIMARY
2275	21802	2026-09-01	md	TEXT	docs/knowledgeos/brainstorming/phase_measure_theory/knowledgeos_kernel/prompts/20260901-012726_step_286_gita-chapters-10-15-as-hypothesis-generating-lens-for-formal-kernel-reconstruction.md	PRIMARY
2276	21802	2026-09-01	md	TEXT	docs/knowledgeos/brainstorming/phase_measure_theory/knowledgeos_kernel/prompts/20260901-012831_step_286_gita-chapters-10-15-kernel-reconstruction-duplicate.md	PRIMARY
2277	20595	2026-09-01	md	TEXT	docs/knowledgeos/brainstorming/phase_measure_theory/knowledgeos_kernel/prompts/20260901-013054_step_286_hpa-gita-chapter-16-divine-vs-demoniac-qualities-for-the-formal-kernel.md	PRIMARY
2278	17020	2026-09-01	md	TEXT	docs/knowledgeos/brainstorming/phase_measure_theory/knowledgeos_kernel/prompts/20260901-013244_step_286_hpa-gita-chapter-16-composed-kernel-internal-quality-control-behaviour.md	PRIMARY
2279	17550	2026-09-01	md	TEXT	docs/knowledgeos/brainstorming/phase_measure_theory/knowledgeos_kernel/prompts/20260901-013804_step_286_refine-the-model-before-adding-chapters-buddhi-zero-qualify-purification.md	PRIMARY
2280	17550	2026-09-01	md	TEXT	docs/knowledgeos/brainstorming/phase_measure_theory/knowledgeos_kernel/prompts/20260901-014043_step_286_refine-the-model-before-adding-chapters-duplicate.md	PRIMARY
2281	17492	2026-09-01	md	TEXT	docs/knowledgeos/brainstorming/phase_measure_theory/knowledgeos_kernel/prompts/20260901-014309_step_286_hpa-gita-chapter-17-reread-with-the-chapters-06-16-model.md	PRIMARY
2282	11437	2026-09-01	md	TEXT	docs/knowledgeos/brainstorming/phase_measure_theory/knowledgeos_kernel/prompts/20260901-014348_step_286_guna-as-a-mode-state-model-not-gita-metaphysics.md	PRIMARY
2283	21125	2026-09-01	md	TEXT	docs/knowledgeos/brainstorming/phase_measure_theory/knowledgeos_kernel/prompts/20260901-014632_step_286_gita-chapter-18-as-the-final-chapter-read-against-the-built-model.md	PRIMARY
2284	23223	2026-09-01	md	TEXT	docs/knowledgeos/brainstorming/phase_measure_theory/knowledgeos_kernel/prompts/20260901-014910_step_286_gita-chapter-05-reread-clarifies-implicit-kernel-mechanisms.md	PRIMARY
2285	20532	2026-09-01	md	TEXT	docs/knowledgeos/brainstorming/phase_measure_theory/knowledgeos_kernel/prompts/20260901-015335_step_286_kernel-simulation-across-epistemic-situations-coherence-test.md	PRIMARY
2286	20618	2026-09-01	md	TEXT	docs/knowledgeos/brainstorming/phase_measure_theory/knowledgeos_kernel/prompts/20260901-015547_step_286_hpa-gita-chapter-04-transformation-doubt-resolution-knowledge-to-action.md	PRIMARY
2287	22892	2026-09-01	md	TEXT	docs/knowledgeos/brainstorming/phase_measure_theory/knowledgeos_kernel/prompts/20260901-015751_step_286_hpa-gita-chapter-03-karma-yoga-mechanisms-for-constructing-and-simulating-the-kernel.md	PRIMARY
2288	20889	2026-09-01	md	TEXT	docs/knowledgeos/brainstorming/phase_measure_theory/knowledgeos_kernel/prompts/20260901-020054_step_286_hpa-gita-chapter-02-read-against-the-accumulated-model.md	PRIMARY
2289	14858	2026-09-01	md	TEXT	docs/knowledgeos/brainstorming/phase_measure_theory/knowledgeos_kernel/prompts/20260901-020435_step_286_hpa-gita-chapter-02-refinement-not-merely-another-feature.md	PRIMARY
2290	13605	2026-09-01	md	TEXT	docs/knowledgeos/brainstorming/phase_measure_theory/knowledgeos_kernel/prompts/20260901-020447_step_286_hpa-gita-chapter-02-as-a-kernel-level-refinement.md	PRIMARY
2291	16035	2026-09-01	md	TEXT	docs/knowledgeos/brainstorming/phase_measure_theory/knowledgeos_kernel/prompts/20260901-020820_step_286_hpa-gita-chapter-01-kernel-pathological-state-and-failure-modes.md	PRIMARY
2292	13326	2026-09-01	md	TEXT	docs/knowledgeos/brainstorming/phase_measure_theory/knowledgeos_kernel/prompts/20260901-021003_step_286_hpa-gita-chapter-01-as-the-opening-pathological-state-of-the-kernel.md	PRIMARY
2293	31370	2026-09-01	md	TEXT	docs/knowledgeos/brainstorming/phase_measure_theory/knowledgeos_kernel/prompts/20260901-021321_step_286_gita-lens-model-of-knowledgeos-synthesis-of-chapters-01-18.md	PRIMARY
2294	30999	2026-09-01	md	TEXT	docs/knowledgeos/brainstorming/phase_measure_theory/knowledgeos_kernel/prompts/20260901-021752_step_286_all-18-chapters-as-one-corpus-formal-kernel-model-under-285-287-discipline.md	PRIMARY
2295	7860	2026-09-01	md	TEXT	docs/knowledgeos/brainstorming/phase_measure_theory/knowledgeos_kernel/prompts/20260901-021906_step_286_kernel-state-stays-at-the-eight-ratified-primitives-gita-as-lens-only.md	PRIMARY
2296	7860	2026-09-01	md	TEXT	docs/knowledgeos/brainstorming/phase_measure_theory/knowledgeos_kernel/prompts/20260901-022150_step_286_kernel-state-at-eight-primitives-duplicate.md	PRIMARY
2297	11707	2026-09-01	md	TEXT	docs/knowledgeos/brainstorming/phase_measure_theory/knowledgeos_kernel/prompts/20260901-022227_step_286_eight-primitives-are-a-state-vocabulary-not-eight-equal-fields.md	PRIMARY
2298	12760	2026-09-01	md	TEXT	docs/knowledgeos/brainstorming/phase_measure_theory/knowledgeos_kernel/prompts/20260901-022425_step_286_operators-must-be-well-typed-and-invariant-preserving-not-analogy-driven.md	PRIMARY
2299	9116	2026-09-01	md	TEXT	docs/knowledgeos/brainstorming/phase_measure_theory/knowledgeos_kernel/prompts/20260901-022709_step_286_knowledge-space-vs-knowledge-state-vs-kernel-transformation.md	PRIMARY
2300	18879	2026-09-01	md	TEXT	docs/knowledgeos/brainstorming/phase_measure_theory/knowledgeos_kernel/prompts/20260901-023023_step_286_stop-adding-philosophy-start-systematic-operator-discovery.md	PRIMARY
2301	18097	2026-09-01	md	TEXT	docs/knowledgeos/brainstorming/phase_measure_theory/knowledgeos_kernel/prompts/20260901-023201_step_286_rewrite-the-model-it-jumps-to-a-kernel-before-steps-287-290-permit.md	PRIMARY
2302	19688	2026-09-01	md	TEXT	docs/knowledgeos/brainstorming/phase_measure_theory/knowledgeos_kernel/prompts/20260901-023405_step_286_refinement-separate-established-from-gita-derived-against-steps-287-290.md	PRIMARY
2303	1516994	2026-09-01	png	IMAGE	docs/knowledgeos/brainstorming/phase_measure_theory/ChatGPT Image 1. Sept. 2026, 02_37_26.png	PRIMARY
2304	23149	2026-09-01	md	TEXT	docs/knowledgeos/brainstorming/phase_measure_theory/knowledgeos_kernel/prompts/20260901-024047_step_286_c4-views-for-the-refined-knowledgeos-model-kernel-as-a-c2-container.md	PRIMARY
2305	14238	2026-09-01	md	TEXT	docs/knowledgeos/brainstorming/phase_measure_theory/knowledgeos_kernel/prompts/20260901-024209_step_286_continue-into-the-operations-programme-with-the-289-290-boundary.md	PRIMARY
2306	16736	2026-09-01	md	TEXT	docs/knowledgeos/brainstorming/phase_measure_theory/knowledgeos_kernel/prompts/20260901-024558_step_286_reconstruct-the-complete-gita-model-then-resolve-missing-concepts.md	PRIMARY
2307	10454	2026-09-01	md	TEXT	docs/knowledgeos/brainstorming/phase_measure_theory/knowledgeos_kernel/prompts/20260901-024659_step_286_hpa-direction-assessment-revised-gita-model-observation-first-breakthrough.md	PRIMARY
2308	16013	2026-09-01	md	TEXT	docs/knowledgeos/brainstorming/phase_measure_theory/knowledgeos_kernel/prompts/20260901-024940_step_286_reviewer-does-not-approve-the-hpa-assessment-overreach-and-sequencing-contradiction.md	PRIMARY
2309	12651	2026-09-01	md	TEXT	docs/knowledgeos/brainstorming/phase_measure_theory/knowledgeos_kernel/prompts/20260901-025223_step_286_change-the-mathematical-foundation-subset-model-cannot-express-dimension-change.md	PRIMARY
2310	21662	2026-09-01	md	TEXT	docs/knowledgeos/brainstorming/phase_measure_theory/knowledgeos_kernel/prompts/20260901-025251_step_290_proposed-as-operation-semantics-research-step-collides-with-n1-adjudication.md	PRIMARY
2311	12651	2026-09-01	md	TEXT	docs/knowledgeos/brainstorming/phase_measure_theory/knowledgeos_kernel/prompts/20260901-025500_step_286_change-the-mathematical-foundation-duplicate.md	PRIMARY
2312	18512	2026-09-01	md	TEXT	docs/knowledgeos/brainstorming/phase_measure_theory/knowledgeos_kernel/prompts/20260901-025542_step_286_controlled-mathematical-and-ddd-refinement-mandate-for-the-evolving-dimensional-model.md	PRIMARY
2313	18512	2026-09-01	md	TEXT	docs/knowledgeos/brainstorming/phase_measure_theory/knowledgeos_kernel/prompts/20260901-025719_step_286_controlled-refinement-mandate-duplicate.md	PRIMARY
2314	18512	2026-09-01	md	TEXT	docs/knowledgeos/brainstorming/phase_measure_theory/20260901_0927_mathematical_theory_gita_inspired_knowelge-os-model.md	PRIMARY
2315	17582	2026-09-01	md	TEXT	docs/knowledgeos/brainstorming/phase_measure_theory/knowledgeos_kernel/prompts/20260901-093906_step_286_topological-lens-for-knowledge-structure-connection-separation.md	PRIMARY
2316	14830	2026-09-01	md	TEXT	docs/knowledgeos/brainstorming/phase_measure_theory/knowledgeos_kernel/prompts/20260901-094230_step_286_undefined-concepts-under-the-topological-infinite-dimensional-statistical-ddd-direction.md	PRIMARY
2317	12805	2026-09-01	md	TEXT	docs/knowledgeos/brainstorming/phase_measure_theory/knowledgeos_kernel/prompts/20260901-094759_step_286_a-plausible-path-to-a-theoretical-breakthrough-carefully-defined.md	PRIMARY
2318	10454	2026-09-01	md	TEXT	docs/knowledgeos/brainstorming/phase_measure_theory/knowledgeos_kernel/prompts/20260901-095800_step_286_working-hypothesis-knowledge-space-inside-a-probability-space.md	PRIMARY
2319	7388	2026-09-01	md	TEXT	docs/knowledgeos/brainstorming/phase_measure_theory/knowledgeos_kernel/prompts/20260901-111523_step_286_independent-research-line-appears-to-have-arrived-at-the-same-result.md	PRIMARY
2320	407439	2026-09-01	log	CONTROL_SELF_REFERENCE	docs/knowledgeos/brainstorming/files_to_read_one_by_one.log	PRIMARY
2321	12981	2026-09-01	md	TEXT	docs/knowledgeos/brainstorming/phase_measure_theory/knowledgeos_kernel/prompts/20260901-115204_step_286_reviewer-two-mathematical-overstatements-in-artifact-36.md	PRIMARY
2322	7171	2026-09-01	noext	TEXT	docs/knowledgeos/brainstorming/phase_measure_theory/knowledgeos_kernel/prompts/Yes. I read the relevant material availa	PRIMARY
2323	10174	2026-09-01	md	TEXT	docs/knowledgeos/brainstorming/phase_measure_theory/knowledgeos_kernel/research/37-TWO-CORRECTIONS-AND-THE-CONVERGENCE-PROTOCOL.md	PRIMARY
2324	9406	2026-09-01	md	TEXT	docs/knowledgeos/brainstorming/phase_measure_theory/knowledgeos_kernel/research/38-THE-LAYERED-MODEL-AND-A-SECOND-IRREDUCIBLE-TRANSFORMATION.md	PRIMARY
2325	9697	2026-09-01	md	TEXT	docs/knowledgeos/brainstorming/verification/gap-discovery/theory-compatibility/01-DYNAMIC-EPISTEMIC-LOGIC.md	EXCLUDED_VERIFICATION
2326	10744	2026-09-01	md	TEXT	docs/knowledgeos/brainstorming/verification/gap-discovery/theory-compatibility/02-BELIEF-REVISION.md	EXCLUDED_VERIFICATION
2327	9204	2026-09-01	md	TEXT	docs/knowledgeos/brainstorming/verification/gap-discovery/theory-compatibility/04-INFORMATION-THEORY.md	EXCLUDED_VERIFICATION
2328	17010	2026-09-02	md	TEXT	docs/knowledgeos/brainstorming/20260902-122338-what-eleven-experiments-established-a-synthesis.md	PRIMARY
2329	15200	2026-09-02	md	TEXT	docs/knowledgeos/brainstorming/20260902-160500_gita-on-contradiction-lenses-questions-and-candidate-register.md	PRIMARY
2330	29862	2026-09-02	md	TEXT	docs/knowledgeos/brainstorming/kernel/20260902-185000_review-yes12345.md	PRIMARY
2331	14328	2026-09-02	noext	TEXT	docs/knowledgeos/brainstorming/phase_measure_theory/knowledgeos_kernel/prompts/step_290_Yes — **I agree with the direction of th	PRIMARY
2332	4893	2026-09-02	md	TEXT	docs/knowledgeos/brainstorming/phase_measure_theory/knowledgeos_kernel/research/REFINED-STEP-292.md	PRIMARY
2333	1770	2026-09-02	md	TEXT	docs/knowledgeos/brainstorming/phase_measure_theory/knowledgeos_kernel/research/step-292/00_INDEX.md	PRIMARY
2334	1907	2026-09-02	md	TEXT	docs/knowledgeos/brainstorming/phase_measure_theory/knowledgeos_kernel/research/step-292/01_source-formal-model.md	PRIMARY
2335	1703	2026-09-02	md	TEXT	docs/knowledgeos/brainstorming/phase_measure_theory/knowledgeos_kernel/research/step-292/02_knowledgeos-crosswalk.md	PRIMARY
2336	3468	2026-09-02	md	TEXT	docs/knowledgeos/brainstorming/phase_measure_theory/knowledgeos_kernel/research/step-292/03_situation-state-history.md	PRIMARY
2337	2395	2026-09-02	md	TEXT	docs/knowledgeos/brainstorming/phase_measure_theory/knowledgeos_kernel/research/step-292/04_delta-transition-audit.md	PRIMARY
2338	1683	2026-09-02	md	TEXT	docs/knowledgeos/brainstorming/phase_measure_theory/knowledgeos_kernel/research/step-292/05_frame-problem-audit.md	PRIMARY
2339	2197	2026-09-02	md	TEXT	docs/knowledgeos/brainstorming/phase_measure_theory/knowledgeos_kernel/research/step-292/06_operation-registry-audit.md	PRIMARY
2340	2067	2026-09-02	md	TEXT	docs/knowledgeos/brainstorming/phase_measure_theory/knowledgeos_kernel/research/step-292/07_observation-sensing-qualify.md	PRIMARY
2341	1363	2026-09-02	md	TEXT	docs/knowledgeos/brainstorming/phase_measure_theory/knowledgeos_kernel/research/step-292/08_regression-progression.md	PRIMARY
2342	1584	2026-09-02	md	TEXT	docs/knowledgeos/brainstorming/phase_measure_theory/knowledgeos_kernel/research/step-292/09_equality-identity-audit.md	PRIMARY
2343	1673	2026-09-02	md	TEXT	docs/knowledgeos/brainstorming/phase_measure_theory/knowledgeos_kernel/research/step-292/10_composition-reactivity.md	PRIMARY
2344	3640	2026-09-02	md	TEXT	docs/knowledgeos/brainstorming/phase_measure_theory/knowledgeos_kernel/research/step-292/11_negative-tests.md	PRIMARY
2345	3715	2026-09-02	md	TEXT	docs/knowledgeos/brainstorming/phase_measure_theory/knowledgeos_kernel/research/step-292/12_implementation-candidates.md	PRIMARY
2346	1705	2026-09-02	md	TEXT	docs/knowledgeos/brainstorming/phase_measure_theory/knowledgeos_kernel/research/step-292/13_gap-update.md	PRIMARY
2347	1215	2026-09-02	md	TEXT	docs/knowledgeos/brainstorming/phase_measure_theory/knowledgeos_kernel/research/step-292/14_governance-impact.md	PRIMARY
2348	728	2026-09-02	json	TEXT	docs/knowledgeos/brainstorming/phase_measure_theory/knowledgeos_kernel/research/step-292/exec/results/A1_history_state_collision.json	PRIMARY
2349	828	2026-09-02	json	TEXT	docs/knowledgeos/brainstorming/phase_measure_theory/knowledgeos_kernel/research/step-292/exec/results/A2_successor_state_axiom.json	PRIMARY
2350	2037	2026-09-02	json	TEXT	docs/knowledgeos/brainstorming/phase_measure_theory/knowledgeos_kernel/research/step-292/exec/results/A3_regression_progression.json	PRIMARY
2351	567	2026-09-02	json	TEXT	docs/knowledgeos/brainstorming/phase_measure_theory/knowledgeos_kernel/research/step-292/exec/results/A4_poss_executability.json	PRIMARY
2352	764	2026-09-02	json	TEXT	docs/knowledgeos/brainstorming/phase_measure_theory/knowledgeos_kernel/research/step-292/exec/results/A5_observational_equivalence.json	PRIMARY
2353	8534	2026-09-02	py	TEXT	docs/knowledgeos/brainstorming/phase_measure_theory/knowledgeos_kernel/research/step-292/exec/t292_reiter_audit.py	PRIMARY
2354	1163	2026-09-02	py	TEXT	docs/knowledgeos/brainstorming/phase_measure_theory/knowledgeos_kernel/research/step-292/exec/t292_run.py	PRIMARY
2355	4985	2026-09-02	md	TEXT	docs/knowledgeos/brainstorming/verification/gap-discovery/gap-update-2026-09-02/00-NEW-ARTIFACT-INVENTORY.md	EXCLUDED_VERIFICATION
2356	14201	2026-09-02	md	TEXT	docs/knowledgeos/brainstorming/verification/gap-discovery/gap-update-2026-09-02/01-WHAT-MOVED.md	EXCLUDED_VERIFICATION
2357	4751	2026-09-02	md	TEXT	docs/knowledgeos/brainstorming/verification/gap-discovery/gap-update-2026-09-02/02-WHAT-DID-NOT-MOVE.md	EXCLUDED_VERIFICATION
2358	5467	2026-09-02	md	TEXT	docs/knowledgeos/brainstorming/verification/gap-discovery/gap-update-2026-09-02/03-MY-OWN-CLAIMS-CORRECTED.md	EXCLUDED_VERIFICATION
2359	10151	2026-09-02	md	TEXT	docs/knowledgeos/brainstorming/verification/gap-discovery/gap-update-2026-09-02/04-CONVERGENCES.md	EXCLUDED_VERIFICATION
2360	7908	2026-09-02	md	TEXT	docs/knowledgeos/brainstorming/verification/gap-discovery/gap-update-2026-09-02/05-NEW-GAPS.md	EXCLUDED_VERIFICATION
2361	5968	2026-09-02	md	TEXT	docs/knowledgeos/brainstorming/verification/gap-discovery/gap-update-2026-09-02/06-AUTHORITY-CLAIMS-AUDIT.md	EXCLUDED_VERIFICATION
2362	7899	2026-09-02	md	TEXT	docs/knowledgeos/brainstorming/verification/gap-discovery/gap-update-2026-09-02/07-READINESS-DELTA.md	EXCLUDED_VERIFICATION
2363	12127	2026-09-02	md	TEXT	docs/knowledgeos/brainstorming/verification/gap-discovery/gap-update-2026-09-02/08-SCOPE-ERROR-AND-CORRECTIONS.md	EXCLUDED_VERIFICATION
2364	7571	2026-09-02	md	TEXT	docs/knowledgeos/brainstorming/verification/gap-discovery/gap-update-2026-09-02/README.md	EXCLUDED_VERIFICATION
2365	7447	2026-09-02	md	TEXT	docs/knowledgeos/brainstorming/verification/gap-discovery/theory-compatibility/00-METHOD-AND-PROVENANCE.md	EXCLUDED_VERIFICATION
2366	9961	2026-09-02	md	TEXT	docs/knowledgeos/brainstorming/verification/gap-discovery/theory-compatibility/03-PROBABILITY-THEORY.md	EXCLUDED_VERIFICATION
2367	11201	2026-09-02	md	TEXT	docs/knowledgeos/brainstorming/verification/gap-discovery/theory-compatibility/05-STATISTICAL-DECISION-THEORY.md	EXCLUDED_VERIFICATION
2368	10435	2026-09-02	md	TEXT	docs/knowledgeos/brainstorming/verification/gap-discovery/theory-compatibility/06-CROSS-THEORY-SYNTHESIS-AND-VERDICT.md	EXCLUDED_VERIFICATION
2369	4612	2026-09-02	md	TEXT	docs/knowledgeos/brainstorming/verification/gap-discovery/theory-compatibility/README.md	EXCLUDED_VERIFICATION
2370	10420	2026-09-03	md	TEXT	docs/knowledgeos/brainstorming/20260902-183000_gita-on-elimination-tyaga-and-the-zero-algebra.md	PRIMARY
2371	232087	2026-09-03	md	TEXT	docs/knowledgeos/brainstorming/20260902-185001_files-to-read-one-by-one.log.md	PRIMARY
2372	7152	2026-09-03	md	TEXT	docs/knowledgeos/brainstorming/20260903-091500_gita-on-representation-reduction-and-preservation.md	PRIMARY
2373	6991	2026-09-03	md	TEXT	docs/knowledgeos/brainstorming/20260903-121000_gita-on-audit-and-the-untested-assumption.md	PRIMARY
2374	11564	2026-09-03	noext	TEXT	docs/knowledgeos/brainstorming/phase_measure_theory/Yes. This is now **very close to a mathe	PRIMARY
2375	6654	2026-09-04	md	TEXT	docs/knowledgeos/brainstorming/20260904-081500_gita-on-the-bridge-that-was-not-there.md	PRIMARY
2376	4674	2026-09-04	md	TEXT	docs/knowledgeos/brainstorming/20260904-104500_gita-on-declared-reads-and-effective-reads.md	PRIMARY
